record,window_index,label,raw_annotation,heart_rate,rr_sdnn,n_r_peaks,breath_rate,breath_interval_std,n_breaths
slp37,0,0,W,84.23503629639775,0.060220020940466266,42,20.993701889433172,0.5052088676973118,11
slp37,1,1,1 OA,80.63404548587181,0.054232072482370344,40,22.634676324128563,1.0527359403003205,11
slp37,2,1,1 OA,79.09680908599243,0.08613162106492327,40,16.153846153846153,1.7098890285032882,8
slp37,3,1,W X,82.00082000820008,0.11886593288238646,41,19.932083271814555,1.482471343382602,10
slp37,4,1,1 OA,78.93671569288897,0.09886115486956101,40,21.77068214804064,0.8436966279415841,11
slp37,5,0,1,75.90262582056891,0.10456541250844195,38,19.867549668874172,1.496,3
slp37,6,1,2 OA,78.92550540016616,0.05652347341672672,39,20.995800839832036,1.488538853496054,8
slp37,7,1,2 OA,79.537729435758,0.07414866811725916,40,20.89136490250696,0.4405959600359495,6
slp37,8,0,2,78.71367061356297,0.10321913903940887,40,17.764092846991947,0.9373890547686163,6
slp37,9,1,2 OA,78.56567284448025,0.10515096689172335,40,12.789540997584199,3.3017081774270856,7
slp37,10,1,2 OA,78.49077389148995,0.09626625128119444,39,12.054647736405036,6.5302727525136515,7
slp37,11,1,2 OA OA,82.67240220459739,0.08195203251629246,42,15.613382899628254,1.1883562992122987,8
slp37,12,1,2 OA,80.10406682185403,0.11743137377918224,40,17.214173002438674,2.6920073829765028,9
slp37,13,1,2 OA,77.0374374915529,0.0848870848510846,39,14.023060143346836,3.429807121237124,7
slp37,14,1,2 OA,82.12428141253763,0.05067977900504303,41,15.154066341134873,3.249384283556228,7
slp37,15,1,2 OA,79.78723404255318,0.0851616863414107,40,19.916540212443092,1.3202985438520938,8
slp37,16,1,2 OA,80.36818244264319,0.07614554042594163,40,16.36839807944129,3.7558603594915505,6
slp37,17,1,2 OA,79.66771074492715,0.11561899841381751,40,25.70253598355038,0.5052847118209692,6
slp37,18,1,2 OA,80.76763771917715,0.06827364979077062,40,27.910685805422645,0.439916133009046,8
slp37,19,1,2 OA,81.56606851549755,0.08155881313506223,41,23.006134969325153,0.7835066474936039,7
slp37,20,1,2 OA,77.92207792207793,0.11014535850411492,39,13.357079252003562,1.062485137150947,7
slp37,21,1,2 OA OA,81.45533532446376,0.11146497207643305,41,12.805919180421172,3.024559619000572,7
slp37,22,1,2 OA,83.14181424901987,0.05730177273727252,42,10.81938834391229,4.0852300596172055,6
slp37,23,1,2 OA,79.5593635250918,0.11724301705990708,40,18.272874932322686,1.639847629175827,10
slp37,24,1,2 OA,83.44640434192674,0.0769657788399044,42,16.221226633709254,2.793383786663021,8
slp37,25,1,2 OA,85.27454242928451,0.07742592937101177,42,10.073875083948959,3.3670663789120643,5
slp37,26,1,2 OA,79.85257985257985,0.09566410665330623,40,12.472283813747229,4.695407496219636,7
slp37,27,1,2 OA,80.9800664451827,0.08142052428686472,40,19.58544148849355,1.1645624714887561,9
slp37,28,1,2 OA,80.56741495661753,0.08534874121251862,40,19.822541060977912,1.6654426634700223,8
slp37,29,1,2 OA,84.55240907260769,0.07374633239660203,43,25.34640081108483,0.6721971139479848,6
slp37,30,1,2 OA,79.33194154488518,0.11753389326692958,39,17.793594306049823,0.5363751352498415,8
slp37,31,1,2 OA,81.97841235141412,0.11127439058471632,41,25.337837837837835,0.8449757392966972,9
slp37,32,1,2 OA,84.20043811610077,0.11645683291324398,42,22.956841138659318,0.6622850141744112,6
slp37,33,1,2 OA OA,85.04319654427646,0.09188378739194161,43,13.032145960034752,5.089091601979015,7
slp37,34,1,2 OA,83.04077774777208,0.06122493416860511,42,14.092068178767953,2.904224200037186,8
slp37,35,1,2 OA,83.33333333333333,0.07500504048103018,42,12.501736352271148,3.953777883942844,7
slp37,36,1,2 OA,80.08213552361396,0.11553098408662357,40,10.392129693778578,4.717576055560737,6
slp37,37,0,2,82.88409703504043,0.0699406734234752,42,12.244897959183675,4.21689364342996,7
slp37,38,1,2 OA,84.39687114038699,0.0847332659193607,42,16.131510216623138,2.241299040234279,8
slp37,39,1,2 OA OA,83.1867983227377,0.08280185705182831,42,10.993843447669304,3.9337160853320365,6
slp37,40,1,2 OA,86.46719736480922,0.0588799462683379,43,13.049151805132666,4.787949178232089,7
slp37,41,1,2 OA,86.44346871569704,0.09824066889503202,43,12.31122783978989,4.544955251704906,6
slp37,42,1,2 OA,83.322043083593,0.07337169151656775,42,16.135972461273667,2.499646823053209,6
slp37,43,1,2 OA,82.24124097352234,0.11833603429928828,42,25.929127052722556,0.6111268280807184,5
slp37,44,1,2 OA,83.08565252634422,0.11987667666634046,42,21.810250817884405,1.0429300072392202,9
slp37,45,1,2 OA,81.60133909889805,0.08547842694338333,40,25.42372881355932,0.4519778755647227,9
slp37,46,1,2 OA,88.19909749760701,0.06330080479351555,44,20.161290322580644,1.4290008497448239,8
slp37,47,1,2 OA,82.36239453595822,0.1139317557717348,42,18.958543983822043,1.5735623788080344,6
slp37,48,1,2 OA,84.96822326609559,0.0609011838467216,42,17.8528921685313,1.7912237604498218,6
slp37,49,1,2 OA,85.28496006497903,0.07026048069428711,43,28.155795401220082,0.2900534433513934,5
slp37,50,1,2 OA,87.29192042224929,0.08831626143316777,44,11.77209229320358,4.020586544274355,6
slp37,51,1,2 OA,88.56240560208705,0.07939784195211005,44,16.611295681063122,3.0130482903531433,9
slp37,52,1,2 OA OA,87.04453441295546,0.07666403143275148,44,18.495684340320594,2.712036872905676,9
slp37,53,1,2 OA,85.91299604527478,0.059381315155267164,43,18.873200055920595,2.318594039711923,10
slp37,54,1,2 OA,81.53310104529618,0.09356522334214995,40,10.92816552528049,4.948296902975811,6
slp37,55,0,2 L,83.7874659400545,0.04168628766653387,42,9.25925925925926,5.773186988137487,5
slp37,56,1,2 L OA,88.33196384552177,0.07636512445900817,44,11.032656663724625,2.8466722747797997,6
slp37,57,1,2 OA OA,86.77685950413222,0.08120319688087084,43,20.11108982953457,1.2316686540906154,8
slp37,58,1,2 OA,84.1313269493844,0.08666951596164353,42,16.561514195583598,2.894165728721512,8
slp37,59,1,2 OA,84.79138627187078,0.06962106700217645,43,25.75107296137339,0.7042717278626672,7
slp37,60,1,2 OA,86.2541073384447,0.07805643635367827,43,22.20577350111029,0.018000000000000016,3
slp37,61,1,2 OA,86.55035032284657,0.06256418019914375,43,23.603461841070025,1.6225901104920695,7
slp37,62,1,2 OA,85.22727272727273,0.07883919740597978,43,24.941802460924507,0.7372971178568379,6
slp37,63,1,2 OA,84.40845457040899,0.11830755752595558,42,22.839741149600307,0.21995226754912078,5
slp37,64,1,2 OA,82.99595141700405,0.11546563003428661,42,20.92050209205021,0.5541504007637877,4
slp37,65,1,2 OA,87.94655031360784,0.0729054300492441,44,8.573878250928837,6.836696570713081,5
slp37,66,1,2 OA,87.03278909728783,0.0807263939244229,44,14.12619399973093,4.171706292124974,8
slp37,67,1,2 OA,87.4339162261082,0.08271802402201764,44,14.65457083042568,4.1782035002852504,8
slp37,68,1,2 OA,86.25410733844468,0.06492081344330639,43,13.12527344319673,3.4997763103121637,7
slp37,69,1,2 OA,91.68704156479218,0.059946049818890415,46,24.52316076294278,0.7825178734202959,13
slp37,70,1,2 OA,84.20043811610076,0.09065855955169431,42,23.682652457075193,1.3147637620500499,9
slp37,71,1,2 OA,79.46210268948656,0.06567963608045306,40,25.637041640770665,0.6256771274136484,12
slp37,72,1,2 OA,86.38420403126287,0.07760619233305663,43,26.80965147453083,0.5485824155645773,7
slp37,73,1,2 OA,85.60945780676722,0.07706292154824536,43,20.604395604395602,0.7321712003805302,7
slp37,74,1,2 OA,89.84481350394772,0.07185315604103867,45,16.15881809787627,3.412282831543859,8
slp37,75,1,2 OA,87.6239641353077,0.06720053052920971,44,16.87289088863892,2.6064044198857554,7
slp37,76,1,2 OA,88.50164654226124,0.06892326487710543,44,15.693659761456372,2.132919726572006,6
slp37,77,1,2 OA,86.80077156241387,0.09427513168123787,43,8.44475721323012,8.911530676600963,5
slp37,78,0,2,85.20421963754394,0.06939165521919013,43,6.298992161254199,6.217012644528095,4
slp37,79,1,2 OA,87.1503850830969,0.0624772884640786,44,12.300123001230013,2.4346824570499264,7
slp37,80,1,2 OA,86.95066055540576,0.0909622854349658,44,19.9203187250996,0.5356217570885884,4
slp37,81,1,2 OA,89.24865089248651,0.064965939405627,44,23.303987571206626,1.260507128985085,7
slp37,82,1,2 OA,85.66766385640469,0.0815320423079325,43,22.6928895612708,0.6631367883023834,6
slp37,83,1,2 OA,88.52594015920944,0.07186189507119448,44,29.013539651837522,0.6382368570634931,8
slp37,84,1,2 OA,86.23049548316452,0.07352849725988594,43,22.86585365853658,0.3343291791034698,5
slp37,85,1,2 OA,88.19909749760701,0.06770329440694355,44,15.752165922814386,2.447418844415479,5
slp37,86,1,2 OA,88.62629246676514,0.06750151513451048,45,9.39261114589856,5.249641003598881,4
slp37,87,1,2 OA,84.85099337748343,0.09287394948936822,42,14.060303077644118,2.802805657828519,7
slp37,88,1,2 OA,88.68583714055362,0.07783708351581486,45,21.638776687824585,0.43853136717913344,6
slp37,89,1,2 OA,90.73800241968007,0.07912329494193943,46,17.891754882958104,3.3452311952987643,9
slp37,90,1,2 OA,90.94583670169764,0.08949994413406077,46,11.602722772277229,3.7674695167977137,6
slp37,91,1,2 OA,89.19928087401466,0.07286268822831904,44,26.690391459074732,0.9529616991254161,5
slp37,92,1,2 OA,86.99757216077691,0.04540449774372197,44,23.20185614849188,0.6609054395297409,9
slp37,93,1,2 OA,91.24844462878474,0.07492646532842433,45,16.891891891891895,3.336755310177838,7
slp37,94,1,2 OA,87.6120619396903,0.07233800835437153,44,22.86004572009144,0.9420075489199767,7
slp37,95,1,2 OA,88.91283847501009,0.0744071333112848,45,23.72479240806643,0.3781467968924238,5
slp37,96,1,2 OA,90.78681909885677,0.061053791299957506,46,25.08361204013378,1.039127106208448,8
slp37,97,1,2 OA,89.18694690265488,0.06868468331449086,44,23.071007433991284,0.7950561126249028,7
slp37,98,1,2 OA,86.34538152610442,0.06649399668734768,44,27.075812274368236,0.5529441201423522,6
slp37,99,1,2 OA,88.16293056314926,0.07575520623004912,44,28.698979591836732,0.6320703195759858,4
slp37,100,1,2 OA,86.66941807676434,0.07386160988609704,43,23.29192546583851,0.1080000000000001,3
slp37,101,1,2 OA,88.82907133243607,0.065524962122515,45,24.711696869851732,0.5526579929240661,8
slp37,102,1,2 OA,86.87258687258688,0.06667428527896133,43,25.89555459646094,0.5035662816352977,5
slp37,103,1,2 OA,88.5137916838205,0.06527992725263447,44,16.114592658907792,2.8328806697227624,7
slp37,104,1,2 OA,88.78127522195318,0.05176839713714111,45,13.639463514435098,1.6977240647407927,5
slp37,105,1,2 OA,93.00444803881923,0.06991504431486899,47,19.42061822301343,2.301350853303338,9
slp37,106,1,2 OA,91.91176470588233,0.07822292928973365,46,27.278927028870196,0.5518203965059646,9
slp37,107,1,2 OA,87.37469520455163,0.06989012469208646,44,26.187150837988828,0.3899325069803747,6
slp37,108,1,2 OA,86.47906657515443,0.0601091222358447,43,13.319126265316994,4.925561994331206,6
slp37,109,1,2 OA,88.3198685471724,0.06350348231467137,44,14.356029532403609,5.293067996571225,8
slp37,110,1,2 OA,87.17394242465197,0.08189565839683412,44,14.520813165537268,4.481232568538854,7
slp37,111,1,2 OA,89.12896691424714,0.05892108463764083,45,15.368852459016393,2.7515569410789955,6
slp37,112,1,2 OA,88.38037818580433,0.08780666110832305,44,26.159748866410883,0.5482808039681856,6
slp37,113,1,2 OA,86.38007231820008,0.06863931327747892,44,31.29346314325452,0.1731075452492532,4
slp37,114,1,2 OA,92.13759213759214,0.07086312314753156,46,23.894862604540023,1.2753285851105196,9
slp37,115,1,2 OA,87.83875800081711,0.066160268885606,44,26.954177897574123,0.7010763153894162,5
slp37,116,1,2 OA,88.45309928688974,0.0698608986454204,44,35.1493848857645,0.24087133494876475,5
slp37,117,1,2 OA,89.04479222881812,0.060653738821756495,45,29.092319627618306,0.4358392364163648,6
slp37,118,1,2 OA,88.62324814509482,0.06769613652955081,44,19.157088122605366,1.30515592938162,5
slp37,119,1,2 OA,84.80419194704908,0.07175130557194762,42,22.539444027047335,0.20599999999999996,3
slp37,120,1,2 OA,89.46726311508742,0.07669985507545007,45,26.46669607410675,0.2130422493309719,5
slp37,121,1,2 OA,91.86173108328796,0.056942058486599854,46,24.311183144246353,1.0278645825204797,6
slp37,122,1,2 OA,88.12679327777019,0.05584402290789578,44,17.572633552015,2.160203842233413,6
slp37,123,1,2 OA,92.83454820519874,0.04751225442964851,46,29.46375957572187,0.44669613833119265,11
slp37,124,0,2,88.94878706199461,0.06476862825945576,45,14.942365162942936,2.9152175541038274,8
slp37,125,1,2 OA,91.0685375067458,0.07160693807339423,46,28.632025450689287,0.44106313760959975,10
slp37,126,1,2 OA,88.19909749760701,0.06629824284086142,44,26.703967446592063,0.5536320151176821,8
slp37,127,1,2 OA OA,88.45309928688974,0.06840771101993957,44,23.668639053254438,1.3144652905269123,5
slp37,128,0,2,90.26258205689278,0.0719963268117212,45,22.471910112359552,0.5282562509489751,7
slp37,129,1,2 OA OA,83.36722244814965,0.05537202071595146,42,17.11212516297262,1.1500317653110674,8
slp37,130,1,2 OA,89.74707642099537,0.06415657499978066,45,16.581914658412558,2.4849429450190605,6
slp37,131,1,2 OA,86.97411003236246,0.06210178494058704,44,13.617793917385384,2.7326858582720406,5
slp37,132,1,2 OA,87.92257360959651,0.08434321702732306,44,11.220825852782765,4.207160676751008,6
slp37,133,1,2 OA,87.56448547379853,0.07543996785972301,44,12.603276851981516,4.988529464904684,7
slp37,134,1,2 OA,90.10238907849829,0.0672011289751682,45,18.976665729547374,1.8013033415821615,10
slp37,135,1,2 OA,87.94655031360784,0.07880645623690177,44,8.811866647084742,8.080181866765129,5
slp37,136,1,2 OA,89.82035928143712,0.06749545439239865,45,12.323702587977545,5.482847638063839,7
slp37,137,1,2 OA,85.48168249660787,0.07950436032481235,43,17.364460737024885,2.358714244856483,7
slp37,138,1,2 OA,90.26258205689278,0.06871428448701176,45,26.210683974038943,1.2617787250625239,8
slp37,139,1,2 OA,88.04258804258804,0.07125204920530055,44,30.953363598844405,0.2761634298744133,6
slp37,140,1,2 OA,87.93456032719835,0.07365151159036522,44,13.146362839614373,3.448216930530909,5
slp37,141,1,2 OA OA,87.63586956521739,0.07520480060163473,44,26.08695652173913,0.8509853112715872,9
slp37,142,1,2 OA,89.64955175224124,0.07871593451841527,45,26.7189169932312,0.6040323170162338,6
slp37,143,1,2 OA,90.67179557631543,0.06894739880265895,45,27.726432532347502,0.8289125406217474,5
slp37,144,1,2 OA,88.90086206896554,0.06619180743793622,45,14.58198314970836,3.8941149900273304,7
slp37,145,1,2 OA,89.46726311508743,0.09245713771283204,45,12.09352324643913,7.191897910534851,7
slp37,146,1,2 OA,91.41386782231852,0.056862077015082176,46,29.747149231531978,0.5447816076190531,5
slp37,147,1,2 OA,87.36286062576188,0.08631595776349546,44,10.738831615120274,5.566005044913273,6
slp37,148,1,2 OA,87.87465940054496,0.07583352579431457,44,29.55665024630542,0.46189609221122446,7
slp37,149,0,1,89.16509051607673,0.0431560688778732,45,20.04008016032064,1.722836033985823,7
slp37,150,1,2 OA,83.55382258738338,0.04166521330798632,41,22.245291413317513,1.360194162610618,11
slp37,151,1,2 OA,89.50366151342554,0.05854799542764075,45,26.694349695981014,0.4328647466459805,13
slp37,152,1,2 OA,87.24469092384689,0.04376168313447934,44,18.741215055442762,1.4792902859141608,9
slp37,153,0,2,92.89843104872006,0.03696581002914872,46,14.285714285714285,2.6203582452278034,7
slp37,154,1,2 OA,89.57654723127035,0.02602732194451256,45,23.351259552787997,0.6885500395939232,12
slp37,155,0,W,87.80288592431256,0.0360044465735348,44,22.510231923601637,0.9107571638863171,12
slp37,156,1,1 OA,84.61750137589432,0.05195137982341005,42,25.22164475695506,0.8092790792422435,12
slp37,157,1,2 OA,91.69949735090341,0.05492614120484271,46,28.576871785101922,0.6319960759371849,11
slp37,158,0,1,91.64969450101832,0.014990367277392204,46,30.311194934662534,0.30608361965682224,16
slp37,159,1,2 OA,93.02646085997795,0.030018134436732208,46,33.65550569554711,0.3606707754781688,14
slp37,160,0,W,90.17625358655552,0.025908133953619218,45,18.485553881966315,1.531039572590959,10
slp37,161,1,2 OA,87.80288592431255,0.041827377103902934,44,24.154589371980677,0.5864946717575531,13
slp37,162,1,2 OA,88.55494431772439,0.0551639929274747,45,18.37270341207349,2.066943479376922,8
slp37,163,1,2 OA,90.92133620689656,0.05212967686334285,46,24.90512333965845,1.879647035906432,8
slp37,164,0,2,90.0900900900901,0.05986955517091835,45,14.359563469270535,4.203053061763556,6
slp37,165,1,2 OA,89.39455505891914,0.031317489106998046,45,26.77835759406756,0.4111936729649309,14
slp37,166,0,2,88.42884562654237,0.059947407994482095,44,31.860662701784197,0.4335630980607091,11
slp37,167,1,2 OA,92.08731241473397,0.07049398888654125,46,22.343594836146966,1.4868268971949028,7
slp37,168,1,2 OA,84.8370589819553,0.05186236800821479,43,29.884730325885872,0.44664965954016683,15
slp37,169,1,2 OA,92.4404272801972,0.02708209740769722,46,18.763402430307362,1.1945760412662507,8
slp37,170,1,2 OA,88.9967637540453,0.031012660704411367,45,25.143176421287887,0.4186755572304433,13
slp37,171,1,2 OA,90.0163666121113,0.057138370544055184,45,30.843043180260455,0.5328464444221556,10
slp37,172,0,2,92.9368029739777,0.032653330611133694,46,19.33345608543546,1.5453383223787098,8
slp37,173,1,2 OA,86.848635235732,0.05391552980117599,43,24.11223147742218,1.2089044832354525,12
slp37,174,1,2 OA,89.34614863950182,0.04347802712836918,45,27.57775394515091,0.5850184232616572,13
slp37,175,0,2,95.82710343890173,0.04007525740684066,48,32.41296518607443,0.3922392819708241,10
slp37,176,1,2 OA,90.22556390977442,0.03048844788678908,45,22.923034176160044,0.9764846378381404,12
slp37,177,1,2 OA,90.92133620689654,0.03937727614428415,46,24.084778420038536,1.0381626847464709,11
slp37,178,0,2,93.15512353179422,0.05231668870278582,47,23.13030069390902,0.7295450637212206,5
slp37,179,1,2 OA,88.80627839735645,0.05914626067160295,44,17.799627055433124,1.4433464516850543,8
slp37,180,1,2 OA,91.56266956049919,0.04841515934416603,46,21.496130696474637,0.5903674787791076,11
slp37,181,1,2 OA,90.43573581803233,0.043120051518698424,45,14.883061658398297,2.1156337015617033,8
slp37,182,1,2 OA,91.05625252934034,0.03213748244305669,46,21.60449373469682,0.8753624163739269,11
slp37,183,0,2,94.98787388843976,0.05072297586567636,48,26.70940170940171,0.595723962922426,11
slp37,184,1,2 OA,94.32672590567327,0.026183155958643182,47,14.55301455301455,2.6095636979919745,8
slp37,185,1,2 OA,91.1546252532073,0.034784983279116215,46,28.74349849438817,0.5290289911426289,15
slp37,186,0,2,91.16693679092381,0.07388447438775995,46,23.761031907671416,0.572176653184119,8
slp37,187,1,2 OA,94.32672590567329,0.03296890899472499,47,31.80492976411343,0.2876243209466126,9
slp37,188,1,2 OA,91.0344827586207,0.03675831271588792,45,14.84938481120068,2.798493005537233,8
slp37,189,1,2 OA,91.86173108328798,0.03852961663480045,46,16.42635517430188,3.631212408487771,7
slp37,190,0,2,90.95809190136102,0.042681849150588355,46,26.690391459074736,0.7973656626667592,7
slp37,191,1,2 OA,91.26106194690264,0.051818500796466396,45,31.326139923424996,0.5002741470656087,7
slp37,192,1,2 OA,90.13930620049166,0.04549779760358582,45,19.77587343441002,1.7903977211781745,7
slp37,193,1,2 OA,91.47580973031575,0.03603937490037634,46,14.054343461384017,3.0981304698419767,8
slp37,194,1,2 OA,89.62520369364476,0.0639550461956232,45,8.086253369272239,7.228601708952201,4
slp37,195,0,2,90.42334566378956,0.038302299091601266,45,25.47410133031418,0.6308741730505556,7
slp37,196,1,2 OA,94.58009122618728,0.03425719566685216,48,16.131510216623134,1.6263324960644123,8
slp37,197,1,2 OA,91.16693679092383,0.0529694251431899,46,19.797624285085792,0.9347703223549383,7
slp37,198,1,2 OA,92.73251820304988,0.04636593044653412,46,15.644011819920042,3.943861672129094,7
slp37,199,1,2 OA,86.86868686868685,0.04273201233633399,44,21.198417184850197,1.0456970115669262,11
slp37,200,0,2,91.76182707993475,0.05900267413902148,46,27.92429413589823,0.383704168453887,7
slp37,201,1,2 OA,90.8112471411274,0.06515234189437083,46,17.59737212576255,2.574780580942772,6
slp37,202,1,2 OA,98.36723768736617,0.01345280364326424,50,22.75025278058645,0.8859636310569162,10
slp37,203,1,W OA,102.291325695581,0.03351188445909899,51,25.502318392581145,0.718994890727717,12
slp37,204,0,W,89.84481350394772,0.06302642761978818,45,22.052337547780066,1.0875437278564941,11
slp37,205,1,1 OA,81.53281695882593,0.04135202534338555,41,22.54960914010824,1.150693425722073,11
slp37,206,1,2 OA,85.67931456548348,0.036393540579591405,43,19.717384160368056,1.0313946868197452,9
slp37,207,1,2 OA,89.28571428571429,0.03545034940204782,45,21.246458923512748,0.9507470746733854,9
slp37,208,1,2 OA,95.11602806260119,0.042763395710296664,48,22.81947261663286,0.7719712142013816,7
slp37,209,1,2 OA,95.3961012028204,0.031231921046415444,47,13.073794305636259,4.819558854869973,7
slp37,210,1,2 OA,93.59739555073251,0.04011665409437568,47,11.084835944428024,3.755607988062652,6
slp37,211,1,2 OA,93.4199837530463,0.034857744933551746,47,15.263846489315307,3.3095461677901845,8
slp37,212,0,2,94.52054794520546,0.029238087907711333,47,27.00877785280216,0.6957842697273343,9
slp37,213,1,2 OA,95.86619526788142,0.04161710829734626,48,18.164693218514532,2.9724882373169543,10
slp37,214,1,2 OA,94.87283003633426,0.05290688113587474,48,16.46994235520176,3.3833437602466585,9
slp37,215,1,2 OA,95.59322033898302,0.06145376279383591,48,19.42725572024752,0.5443771386968803,10
slp37,216,1,2 OA,93.0546190155091,0.09510678507397752,47,24.71848393298544,0.4938929258677656,13
slp37,217,1,2 OA,93.2684509326845,0.06870379698551488,47,21.753142120528523,0.6367168876837872,10
slp37,218,1,2 OA,88.70856828496768,0.07747078166572431,44,21.283304430080406,0.5899115648306852,10
slp37,219,1,2 OA,93.94145677331518,0.055507488552845145,47,23.881125066336455,0.9966404802703833,10
slp37,220,1,2 OA,95.02823302575403,0.0329211695212443,47,25.655644241733185,0.5899679840654255,13
slp37,221,1,2 X,93.53395689304593,0.07129294712675933,47,23.906114169805853,0.3762836981422439,12
slp37,222,0,2,95.3604761260652,0.0527824270796645,48,22.815265486725664,0.5672219091456853,12
slp37,223,1,2 X,93.29367225527312,0.05118364578127606,47,25.40937323546019,0.565676782467004,13
slp37,224,1,2 X,99.25725860904792,0.057771584869429515,50,24.350649350649352,0.6976348615142451,11
slp37,225,1,2 X,93.00082667401489,0.07085319895720403,46,24.779735682819382,0.3153720906414446,13
slp37,226,1,2 X,92.1720545017366,0.0712054457253459,47,24.17582417582417,0.48000413221361826,12
slp37,227,1,2 X,97.9458577064345,0.06496660466903147,49,26.587887740029537,0.33568172756678644,13
slp37,228,1,2 X,94.65020576131687,0.06339792414889793,47,23.298503247670148,0.5268218762126325,12
slp37,229,1,2 X X,93.95424836601305,0.05690704787896379,47,23.487544483985765,0.5108546072534397,12
slp37,230,1,2 X,96.1669622152503,0.05750849328105168,48,22.48201438848921,0.5738956002619291,11
slp37,231,1,2 X,93.89032521431487,0.05167244515117997,47,24.406779661016948,0.41228293952360223,13
slp37,232,1,2 X,94.08235614944098,0.057445034137599264,47,22.993311036789297,0.45849801499250364,12
slp37,233,1,2 X,92.2635319846911,0.04649866054090984,46,24.701523260601068,0.45926644408955763,13
slp37,234,1,2 X,95.50257382823084,0.06755753043529023,48,25.56455048998722,0.36466285799351705,13
slp37,235,1,2 X,92.54181519056759,0.09970560121467723,46,25.12562814070352,1.5241863403140707,13
slp37,236,1,2 X,94.75806451612902,0.06866466101459968,48,22.08835341365462,2.3719349704686747,12
slp37,237,1,2 X,96.10141766630318,0.024902598852452273,48,26.994601079784044,0.6311858328222802,13
slp37,238,1,W OA,96.6442953020134,0.026178341344622214,49,31.42458100558659,0.5044134106949267,13
slp37,239,0,W,96.54062751407884,0.04389096338275873,49,20.065398335315102,1.6321526193464586,10
slp37,240,0,W,91.4262494920764,0.04693181815736053,46,26.903973509933774,0.49269023598915906,14
slp37,241,0,W,93.53395689304597,0.036521428570108164,47,18.697413524462448,1.219984835971333,9
slp37,242,1,W X,96.11451942740284,0.03646885473007997,48,23.799221116399828,0.7506469276013559,12
slp37,243,1,1 OA OA,93.24324324324326,0.05432660455239971,47,20.327957717847948,1.2406546014100783,11
slp37,244,1,2 OA,94.33962264150942,0.05821698541924298,47,24.43358507330076,0.9361607547198751,12
slp37,245,1,2 OA,96.36413340623292,0.023747273556307083,48,24.448066380204473,0.9016483711092519,12
slp37,246,1,2 OA,92.42776940983158,0.07614079226612751,46,16.26457034426674,3.536761088906063,9
slp37,247,1,2 OA,91.56266956049919,0.042225122707392114,46,16.780869808418405,3.676254309756059,9
slp37,248,1,2 OA,88.65010073875085,0.07992987629145278,45,19.71090670170828,1.1789441603966375,10
slp37,249,1,2 OA,94.28805684613283,0.041617940002560326,47,24.271844660194176,0.5282423686150137,12
slp37,250,1,2 OA,93.53395689304597,0.01810805625469647,47,26.635705504712472,0.5483240954120723,14
slp37,251,0,2,94.65628356605801,0.04188617657580398,48,23.826714801444044,0.700128536014744,12
slp37,252,1,2 X,94.8583997800385,0.05806508309850504,47,24.4299674267101,0.44637693000015544,12
slp37,253,1,2 X,95.01347708894879,0.04408592786550817,48,22.9453483521068,0.4240174641655168,12
slp37,254,0,2,88.22322527697989,0.07373863773837355,44,23.157894736842106,0.4319599001897061,12
slp37,255,1,2 X,90.4977375565611,0.07392932743198369,45,26.408450704225356,0.4743135390575872,13
slp37,256,1,2 X,94.73259876377317,0.05793776027072386,48,25.217790004585055,0.4852615210395863,12
slp37,257,1,2 X,94.6944257891202,0.0822892028261637,48,25.557290927161723,0.43585764750533956,13
slp37,258,1,2 X,92.60501946047509,0.07258932311206433,47,23.601773709054495,0.4044960541850065,12
slp37,259,1,2 X,91.26554894537588,0.05405613908557941,46,26.96349557522124,0.5530166437676389,14
slp37,260,0,2,95.93141924071303,0.06027695248146422,48,22.282241728561782,0.5385578538870927,12
slp37,261,1,2 X,90.311986863711,0.043037558073834505,45,24.834437086092716,0.46467192727773,13
slp37,262,0,2,93.39469409853817,0.054088354518490936,47,22.565645514223196,0.44640655227869963,12
slp37,263,1,2 X,92.75440247345072,0.054314146085788335,47,23.717119448037952,0.24787306802321157,12
slp37,264,1,2 X,98.60477595921652,0.044311569617868064,50,26.3119426984359,0.2621524153787047,13
slp37,265,1,2 X,94.78354396343103,0.07594160392618095,48,23.27549724925942,0.4997231630307139,12
slp37,266,1,2 X X,95.19308668647042,0.04355867399932473,48,26.25054688639346,0.2461514890378597,13
slp37,267,0,2,95.40929203539824,0.07192707922540663,47,27.50740584003385,0.45033562763209495,14
slp37,268,1,2 X,92.51810136765889,0.05211097653312875,47,22.6866492506531,0.26406510592141713,12
slp37,269,1,2 X,97.03504043126684,0.045817269912361895,49,26.69434969598102,0.43254736413741124,13
slp37,270,1,2 X,91.62481335686168,0.052727372421439093,46,23.625429553264606,0.6079436685518087,12
slp37,271,1,2 X,94.04388714733543,0.05712381670356603,47,19.197952218430036,0.9148182576033582,10
slp37,272,1,2 X,91.22854439789161,0.029520480440401002,46,21.78649237472767,1.0374773250534202,11
slp37,273,0,2,87.93456032719837,0.06006652162403626,44,24.617067833698027,0.4937727772524075,13
slp37,274,0,2,88.6739218057235,0.04374257906365942,45,28.44757518287727,0.5326728903964094,15
slp37,275,0,2 A,92.57989301879027,0.04699305963991904,46,24.28613482484545,0.418771442031518,12
slp37,276,0,2,89.95502248875563,0.07301867756079448,45,29.110063764901582,0.5765799234826557,15
slp37,277,1,2 X,92.58016905943917,0.07666749951603737,47,22.958118825657433,0.39083415772290836,12
slp37,278,0,2,91.17925165473457,0.04265518363995195,46,24.09638554216867,0.28113816294958377,13
slp37,279,0,2,91.6994973509034,0.02177033886555254,46,22.764900662251655,0.1787345785984818,12
slp37,280,0,2,96.51474530831099,0.07299238925318782,49,24.40016266775112,0.4821925618118415,13
slp37,281,0,2 L,92.09987720016372,0.05183632360077675,46,20.305942872614054,1.018507221378425,11
slp37,282,0,2 A,92.77934651068978,0.016661423245769535,47,27.09619147975312,0.36892079848601045,13
slp37,283,0,2,91.17925165473457,0.04781908292050386,46,21.99413489736071,0.2762954939914873,11
slp37,284,0,2 A,90.99682889838687,0.019687433589026117,45,22.7147577092511,0.20120562238500903,12
slp37,285,0,2,91.35200974421437,0.018848636850210442,46,23.758099352051836,0.27540791684546223,12
slp37,286,0,2,96.69455493073653,0.07159991451927192,48,23.645743766122102,0.2936777342091973,12
slp37,287,0,2,89.37034529451591,0.04315673912880124,45,19.70227670753065,0.9021278549444456,10
slp37,288,0,2 A,88.6963696369637,0.03581044984372207,44,22.562559824969235,0.6150330502441004,12
slp37,289,0,2,89.0928725701944,0.022125113811165446,45,26.25908968489092,0.4927415396047618,14
slp37,290,0,2 L A,93.07972480777012,0.01612920421885282,47,22.381378692927484,0.13451899494123493,11
slp37,291,0,2,95.78804347826087,0.03416764252011729,48,22.643062988884314,0.6648239436370038,12
slp37,292,0,2,92.3140043763676,0.038979171392798176,46,25.018953752843064,0.6262183496893102,12
slp37,293,0,2 LA,93.5720097640358,0.04132475468428635,47,28.00114876507754,0.4645073740983193,14
slp37,294,0,2,92.17533797623926,0.06791576482018818,46,27.293404094010622,0.364082255663317,13
slp37,295,0,2,95.67105441715294,0.022551103877688775,48,21.376656690893544,1.1362704607618734,11
slp37,296,1,2 X,91.42624949207641,0.036077940320613885,46,25.384289945000706,0.7367070124698301,13
slp37,297,0,2 A,99.4856524093124,0.12140474470403285,50,22.03525641025641,0.796032143543035,12
slp37,298,0,2 A,92.07475105715454,0.03194241732698635,46,27.117229870671668,0.4418056548827669,14
slp37,299,0,2,93.36941813261163,0.07011651119227866,47,26.24289254993439,0.572888490216222,13
slp37,300,1,2 X,92.01199563794982,0.04076154081823384,46,27.15877437325905,0.5959481332421412,14
slp37,301,0,2,91.88674108358289,0.017202698611153228,46,23.547880690737834,0.45358531321421375,12
slp37,302,0,2,91.79926560587518,0.017555499296674975,46,22.202486678507995,0.24672705567083636,11
slp37,303,0,2,101.14632501685772,0.09040796425094419,51,23.968622893666478,0.9685465296852234,12
slp37,304,0,2 A,90.5349794238683,0.032178736370158556,45,27.3109243697479,0.7219957874944724,14
slp37,305,0,2,88.16293056314926,0.02931251207216005,44,23.6796785304248,0.23092140267821867,12
slp37,306,0,2,97.48172217709178,0.01910715398308534,49,21.223078132369125,0.9627548949002134,10
slp37,307,0,2,106.682769726248,0.1240969544823061,54,24.024461269656378,0.7164950502444474,12
slp37,308,0,W,98.19639278557112,0.01414861325276298,50,32.15434083601286,0.3460000000000001,3
slp37,309,0,W,100.28653295128939,0.07108259065254692,50,26.9485903814262,0.4503524458063784,14
slp37,310,0,W,101.90217391304348,0.05330665999666458,51,33.91267486222976,0.30423582547096584,17
slp37,311,0,W,102.06859009254218,0.11911932840643454,51,30.458914308921084,0.3812145269471713,16
slp37,312,0,W,93.5720097640358,0.012082889525343836,47,35.07082932196396,0.22473310583474673,18
slp37,313,0,W,96.76091133681034,0.009425700012909582,48,31.26737076153418,0.422660693964109,16
slp37,314,0,W,98.5518905872888,0.011793587793213529,50,30.456852791878173,0.4518375182044347,15
slp37,315,0,W,99.66101694915254,0.06908910519377472,50,28.77500685119211,0.34270329881751677,15
slp37,316,0,W,94.98787388843978,0.08842385270660004,48,30.970406056434957,0.45644812288899694,16
slp37,317,0,W,100.71169598496037,0.08651625512006399,51,30.741904631780297,0.5195145768460742,16
slp37,318,0,W,94.96228448275859,0.03976918466464835,48,30.068154483495924,0.35716473634569373,16
slp37,319,0,W,92.5553319919517,0.016245982490140257,47,28.834271591377178,0.44069083058677916,15
slp37,320,0,W,94.52936444086885,0.03497944814696718,48,31.03876396744379,0.41953235340740475,16
slp37,321,0,W,98.17289337332969,0.0702042654607887,49,32.33194126364004,0.4893474609109564,17
slp37,322,0,W,94.36487752643555,0.0219237742799486,48,30.83881578947369,0.416268631214668,16
slp37,323,0,W,113.11607864260705,0.13488763275181218,57,29.897494305239174,0.4822528763363614,15
slp37,324,0,W,105.50520762883808,0.09452300055085054,53,28.552005438477227,0.5130293383821399,15
slp37,325,0,W,109.44466963923796,0.11363989040542949,55,27.215631542219125,0.48721461681710315,14
slp37,326,0,W,102.12418300653596,0.10211096708973037,51,31.86968838526912,0.27883057380583093,16
slp37,327,0,W,104.42260442260441,0.13261253844108323,52,27.360740844675174,0.41262582445348367,14
slp37,328,0,W,96.70920080591,0.048140347480627475,49,33.080634045485866,0.32165810653549526,17
slp37,329,0,W,107.51961049499594,0.1333812753490592,54,31.78415030371521,0.44466488755266276,16
slp37,330,0,W,99.44527127587607,0.10125529485180942,50,33.31482509716824,0.33315611955958424,17
slp37,331,0,W,89.74707642099536,0.07414771943573627,45,29.884730325885872,0.4917966229726948,15
slp37,332,0,W,86.56224237427865,0.015498957612524433,43,24.254005585770983,0.9375346605163041,12
slp37,333,0,W,86.24229979466119,0.020699995070491355,43,22.974421810384438,0.9699112536722109,11
slp37,334,0,W,89.00876601483479,0.012805925797738697,45,26.01908065915005,0.9646920061173238,13
slp37,335,0,W,88.55024711696872,0.08058917711343405,44,18.302248561966184,1.4758580762473368,8
slp37,336,0,W,86.99757216077693,0.015292072623653565,44,30.98746729100675,0.5495393788336637,16
slp37,337,0,W,89.63737606953686,0.03791802815949336,45,28.548123980424148,0.531148005815359,15
slp37,338,0,W,88.92481810832659,0.015719651332536867,45,30.228875773715274,0.6391694227827299,15
slp37,339,0,W,88.72077028885832,0.04243206640737384,44,26.529108327192336,0.4190829936367683,13
slp37,340,0,W,91.6248133568617,0.0681729681050115,46,21.92341420637241,0.9613170964879382,11
slp37,341,0,W,85.26187576126677,0.023067484551580697,43,28.826355525051476,0.5308809005909375,15
slp37,342,0,W,84.5942228335626,0.016348378587827048,42,28.44757518287727,0.3630046944094047,15
slp37,343,0,W,86.32502055357632,0.027280685982291542,43,18.97133220910624,2.646831564972228,10
slp37,344,0,W,85.0546780072904,0.02821443640707195,43,26.124818577648764,0.6261135857192545,13
slp37,345,1,W X,83.31075589271201,0.027400569258992334,42,30.103211009174316,0.6723526771337938,15
slp37,346,0,W,85.63273073263558,0.055897298114559485,43,28.517110266159687,0.4481453845732272,15
slp37,347,0,W,85.29650690495532,0.02550176731237309,43,28.074866310160424,0.445768494871955,15
slp37,348,1,W OA,86.17152236356176,0.05247688185526747,43,21.243449936269652,1.1407666895557567,11
slp37,349,1,W OA,84.62055070517125,0.03073771716045008,43,24.88312471723722,0.8822513650170116,12
slp37,350,1,1 OA,87.47570119411273,0.036527751696359974,43,30.125135176888612,0.5330953709761631,14
slp37,351,0,W,85.77263444520081,0.029083818193724537,43,25.430912687199775,0.5392212491691657,13
slp37,352,1,W OA,84.8370589819553,0.04125865538273065,43,22.012065873145282,1.216935475124825,10
slp37,353,1,1 OA,88.21115973741793,0.04269047920324257,44,17.654847726938357,2.7259177812252515,9
slp37,354,1,1 OA,84.84848484848486,0.05515371223035776,43,27.72643253234751,0.6282165231828911,14
slp37,355,1,2 OA,87.22109533468559,0.03975261521511911,44,15.597147950089125,3.6867792924204736,8
slp37,356,1,2 OA,85.86615783017582,0.06547984405390915,43,25.164266741227454,0.7616498904060549,13
slp37,357,1,2 OA,86.27773212818406,0.052369176165420986,43,15.248329944815566,3.8395480176176777,8
slp37,358,1,2 OA,86.3222698072805,0.03273387787004515,44,25.67394094993582,0.5226907945111208,13
slp37,359,1,2 OA,89.95502248875563,0.04905006718557162,45,15.274949083503055,0.8350425138877661,5
slp37,360,1,2 OA,86.27773212818406,0.04374446515037664,43,25.440976933514246,0.8186842126241352,11
slp37,361,1,W OA,86.9155100390783,0.04857969761135629,44,18.238665971860343,1.9414761478455154,8
slp37,362,0,1,89.97955010224948,0.031166176835030562,45,25.929127052722556,0.49776219221632334,11
slp37,363,1,2 OA OA,89.31044032124063,0.052124741174508125,44,25.571814178150305,0.9547571535328878,13
slp37,364,1,2 X,84.9743728082007,0.05622565484757424,43,24.373730534867974,0.7501385797896872,13
slp37,365,1,2 X,86.32502055357634,0.06362275438303065,43,26.628430970913563,0.7570897877699594,14
slp37,366,0,1,85.1236319416295,0.08705788206665707,43,24.373730534867974,0.722952203737487,13
slp37,367,1,2 X,86.18385889898451,0.045410405432887636,44,22.176227084565348,0.9977337520601375,11
slp37,368,1,2 X X,90.68923821039903,0.04018977205431474,46,31.739314430808285,0.5124410600254434,16
slp37,369,0,2,92.12501706018834,0.03551063829472466,46,32.13281563797028,0.4466076997768847,17
slp37,370,0,2,91.83673469387753,0.011313708498984769,46,22.80675079823628,0.4347543674306216,11
slp37,371,0,2,88.03057185751331,0.041435987368660485,44,15.017162471395881,1.4965811378073746,8
slp37,372,0,2 A,84.21196768451321,0.03310524381955479,42,25.079799361605104,0.8974897591441336,12
slp37,373,0,2,86.85698895771614,0.02315625199573526,44,25.164266741227454,0.6419562982702863,13
slp37,374,0,2 L,92.60501946047509,0.05008854164158424,47,21.408182683158895,0.9069724974392064,10
slp37,375,0,2,93.9158840342997,0.04919995081989951,47,24.51314176766989,0.8933270522167244,13
slp37,376,0,W,91.32728994723311,0.021960053520364738,46,28.33890422903648,0.5285064811255543,14
slp37,377,0,W,88.80627839735646,0.039783731193947555,44,32.11561621838619,0.38325048923647836,17
slp37,378,0,W,83.48038550291842,0.045968719157569615,42,25.451180009254976,0.7492255836572932,12
slp37,379,0,W,84.24657534246576,0.04647119197440187,42,22.754854368932037,0.8276246492220976,11
slp37,380,1,1 OA,84.65244322092224,0.03702307269740274,42,16.523463317911435,2.3267548560172813,6
slp37,381,1,2 OA,85.76095834467738,0.05532800564467131,43,12.30113170411678,3.476002853853834,6
slp37,382,1,2 OA,84.9743728082007,0.06668897585908623,43,26.536930561698362,0.9290505906569351,9
slp37,383,1,2 OA,87.69487750556792,0.04287703242176459,43,11.788745677459918,4.813986024076098,6
slp37,384,1,2 OA,83.95904436860069,0.08753138979749506,42,22.06964198136341,0.13695092389449415,4
slp37,385,1,2 OA,82.20304151253596,0.09760322740565498,41,25.929127052722556,0.476029410856094,5
slp37,386,1,2 OA,83.16430020283977,0.08338570315575265,42,27.110766847405106,0.9648323953000378,8
slp37,387,1,2 OA,82.48390557939913,0.10394955990938083,42,17.653981953707337,0.6837725417775189,4
slp37,388,1,2 OA,86.56224237427864,0.08518119942037607,43,24.650780608052585,0.7417735503507792,9
slp37,389,1,2 OA,87.16216216216215,0.06455465441970208,44,13.515542874305453,4.27675978074783,7
slp37,390,1,2 OA,82.81573498964802,0.09444231043340691,41,8.317161075686165,6.968597276353398,5
slp37,391,1,2 OA,79.279035099607,0.09603494871189337,40,16.06855918585967,3.6993749021512636,7
slp37,392,1,2 OA,84.15435139573071,0.09767154709757124,42,17.591868647380767,0.6494086198654555,4
slp37,393,0,2,84.81588746379809,0.09986746720205714,42,23.520188161505292,0.7131752940196401,5
slp37,394,1,2 OA,84.54770415177343,0.09160669103161001,42,27.239709443099276,0.4425903548680454,4
slp37,395,1,2 OA,84.31587606251713,0.0956612106440836,42,20.64693737095664,1.348410916597756,5
slp37,396,1,2 OA,83.26394671107408,0.09541718922709891,41,29.277813923227068,0.6303381808380499,4
slp37,397,1,2 OA,83.89032874096303,0.10708089310448773,42,31.84713375796178,0.34333656956403574,5
slp37,398,1,2 OA,85.80768183056388,0.09110637673668166,43,30.150753768844222,0.28140362471013053,5
slp37,399,1,2 OA,86.18331053351572,0.12132899745560732,43,12.890289315382413,6.125848911692884,7
slp37,400,1,2 OA,83.83315158124317,0.05325238751200488,42,14.42704039571311,1.8010482208640477,8
slp37,401,1,2 OA,83.44640434192674,0.10217834427735822,42,33.8855421686747,0.31217658820325117,4
slp37,402,1,2 OA,84.30431802604524,0.12738998005978008,42,19.132653061224488,2.808326904048031,9
slp37,403,1,2 OA,82.95117345562448,0.09719942763667432,42,35.06721215663355,0.11580587204455563,5
slp37,404,1,2 OA,82.83943965517241,0.09149336745318677,42,22.963870177587264,1.0283420442634834,6
slp37,405,1,2 OA,88.84297520661157,0.10199108116979054,44,23.470097357440892,0.9928337794315053,10
slp37,406,1,2 OA,85.9598853868195,0.07400514782609319,43,15.742522301906593,1.6895702280626146,7
slp37,407,1,2 OA,82.99595141700405,0.11474688799518969,42,20.611473720371006,0.19743100060527474,5
slp37,408,1,2 OA,85.90128170166349,0.08289501050388925,43,13.032145960034752,5.1835755999117055,7
slp37,409,1,2 OA,82.51959840462109,0.10034535365426742,41,8.793785724754507,5.87951111913227,5
slp37,410,1,2 OA,84.4617240917013,0.09638833963784516,43,14.116698037106747,5.569580997686983,8
slp37,411,1,2 OA,86.65860540104798,0.08663127510230825,44,10.084711577248891,6.580827230675486,6
slp37,412,1,2 OA,81.5771583956492,0.11863620863800393,41,10.202693511086927,7.417971431597723,6
slp37,413,1,2 OA,84.80279983847086,0.07685336628474418,43,29.428251121076237,0.5722205939699001,8
slp37,414,1,2 OA,84.48962769611211,0.10035292866425553,42,25.430912687199775,0.6715808878228213,7
slp37,415,1,2 OA,85.86615783017582,0.07858020153042597,43,19.18158567774936,0.7801333219392697,5
slp37,416,1,2 OA,86.80077156241389,0.08072168809994756,43,19.639934533551557,1.135124222277016,9
slp37,417,1,2 OA,84.85991379310344,0.07642392805951125,43,22.30151650312221,1.0963929222682898,6
slp37,418,1,2 OA,86.65749656121045,0.0748169042462847,43,15.26199762591148,2.049911109183897,7
slp37,419,1,2 OA,86.84529419684932,0.08847788037915034,44,28.65720524017467,0.6739931568719404,8
slp37,420,1,2 OA,88.1870385561936,0.07292335041092214,44,29.53724975385625,0.477546041991997,7
slp37,421,1,2 OA,87.64777823073787,0.07593672467705073,44,27.359781121751027,0.31476181471074294,5
slp37,422,1,2 OA,86.6469639978506,0.07637464233911895,44,22.24052718286655,1.3553897166315736,10
slp37,423,1,2 OA,86.48431214802896,0.09644587280867968,44,16.400164001640015,2.0585790609058474,9
slp37,424,1,2 OA,84.33734939759034,0.10098400223541842,43,24.96532593619972,0.7475200480403333,7
slp37,425,1,2 OA,90.958091901361,0.06870909871999181,46,21.94265652428321,1.2744921498385153,6
slp37,426,1,2 OA,84.03935501503143,0.09925034895054764,42,26.47058823529412,0.4053157890939962,4
slp37,427,1,2 OA,84.48437709534666,0.09888984687043943,43,26.89376961004034,0.7150181815870138,5
slp37,428,1,2 OA,86.77519171263286,0.08874350348330949,44,23.91390992427262,0.8084522249335455,5
slp37,429,1,2 OA,87.75510204081635,0.09822004853398511,44,20.006668889629875,1.256752561167074,5
slp37,430,1,2 OA,89.11693221712127,0.07235655515832803,45,33.66247755834829,0.24407998688954408,6
slp37,431,1,2 OA,90.0532132623823,0.07078981810336454,45,27.40226525392766,0.5388972443796682,6
slp37,432,1,2 OA,89.2012434112718,0.050904139369590345,45,23.249806251614572,0.852977269463977,7
slp37,433,1,2 OA,87.02104695089047,0.09343082806137191,44,25.157232704402517,0.4547295899762847,5
slp37,434,1,2 OA,85.35428803685139,0.11610523805520094,43,24.69813391877058,0.7823474647211145,7
slp37,435,1,2 OA,87.33920108327692,0.12492555706501503,44,23.251307886068588,1.4641631568920181,9
slp37,436,1,2 OA,87.28010825439785,0.10843695034991455,44,26.242127361791457,0.7345577172693785,6
slp37,437,1,2 OA,88.38037818580433,0.1073289248389497,44,20.441537203597708,2.2104991653470494,6
slp37,438,1,2 OA,93.39469409853817,0.052740402866473815,47,17.197890392111898,3.0841212946315846,6
slp37,439,1,2 OA,93.34415584415585,0.06476107024502965,47,27.292576419213976,0.5244157129606245,11
slp37,440,1,2 OA,88.69636963696368,0.12077335083327823,44,25.269541778975736,0.7066885028072836,6
slp37,441,1,2 OA,86.1244019138756,0.08286267086102296,43,27.497708524289642,0.4976893274590753,13
slp37,442,1,2 OA,86.7518493611298,0.08666133583194639,44,18.14516129032258,3.310421255503427,7
slp37,443,1,2 OA,87.38653299010974,0.09520165611586752,44,34.64203233256351,0.38149180856212367,6
slp37,444,1,2 OA,85.63273073263558,0.08117197107923947,43,32.25806451612903,0.39824950303379747,4
slp37,445,1,2 OA,87.70737013870003,0.09828478174884486,44,17.802041300735816,2.8596532377195665,6
slp37,446,1,2 OA,87.69544527532291,0.07762020110289365,44,14.90312965722802,3.3403203439191276,5
slp37,447,1,2 OA,86.45533141210375,0.09193061565788677,43,13.049151805132666,3.460454498087402,7
slp37,448,1,2 OA,89.93050824362992,0.07998899717724613,45,10.129659643435982,7.252574009274225,6
slp37,449,1,2 OA,88.96077638495754,0.08643743258603948,45,12.254901960784315,6.35700474542322,7
slp37,450,1,2 OA,89.4915254237288,0.08807111138822438,45,14.139509830325881,4.916027399003701,8
slp37,451,1,2 OA,87.64777823073787,0.08060968327936252,44,8.158825129181398,8.768836866996672,5
slp37,452,1,2 OA,91.16693679092381,0.100941699345051,46,14.097744360902258,5.291640847331086,8
slp37,453,1,2 OA,91.5502509155025,0.07265849767199029,46,24.09915079182924,0.6048937838959154,8
slp37,454,1,2 OA,90.11469142545059,0.06545757568743311,45,8.853474988933156,4.1630060052803195,5
slp37,455,1,2 OA,86.96238371309153,0.09637281134687849,44,20.709650697224905,1.2120502299822395,11
slp37,456,1,2 OA,88.21170809943865,0.0767425663344881,45,21.93623866627669,1.3342872854074566,11
slp37,457,1,2 OA,87.88663305627472,0.0831908802257267,44,25.32072923700203,0.4497935526438769,6
slp37,458,1,2 OA,89.74707642099537,0.07514635857186676,45,20.10338885697875,1.349928131117977,8
slp37,459,1,2 OA,91.0931174089069,0.07354877444405326,46,22.34729349445456,1.8613101983068239,10
slp37,460,1,2 OA,90.68425391591094,0.06570079939637201,45,32.09700427960057,0.3629925006877629,7
slp37,461,1,2 OA,95.78804347826086,0.042617823257556385,48,30.74558032282859,0.3588115800806881,9
slp37,462,1,2 OA,89.95502248875563,0.048400788874112005,45,15.023608527686362,4.247293380639545,8
slp37,463,1,2 OA,84.64079273327827,0.08316900076877003,42,8.522727272727272,8.715311583644043,5
slp37,464,0,2,87.17394242465197,0.0652915912465515,44,14.243081931633206,3.0410678038733536,8
slp37,465,1,2 OA,91.06853750674581,0.09487347259623807,46,27.68549280177187,0.4796225182369985,6
slp37,466,1,2 OA,87.6120619396903,0.08512669906990163,44,21.043771043771045,0.4041338392166635,6
slp37,467,1,2 OA,88.45309928688974,0.07961410443295826,44,30.354131534569984,0.5244497645681191,7
slp37,468,1,2 OA,90.15161863133453,0.059928538711252734,45,30.518819938962356,0.3041731962769457,7
slp37,469,1,2 OA,88.56682769726248,0.07123886022818986,45,24.219590958019378,0.4049998628257655,4
slp37,470,1,2 OA,88.19909749760701,0.07584265400535856,44,24.63863337713535,0.6027743856535379,6
slp37,471,1,2 OA,86.44346871569704,0.07535181279577803,43,28.4629981024668,0.2867193749993187,4
slp37,472,1,2 OA,90.9826122118884,0.09585025357875226,46,31.065088757396456,0.4717356575586001,8
slp37,473,1,2 OA,92.58016905943916,0.09598727861521354,47,19.751693002257337,1.2897412491643114,8
slp37,474,1,2 OA,88.74546187979024,0.07179510561370214,45,13.08710193398284,5.48919880816459,7
slp37,475,1,2 OA,87.33019129470473,0.06384988062820343,43,9.63855421686747,6.5414869104814395,5
slp37,476,1,2 OA,83.91322144903806,0.07477983548631212,42,22.573363431151243,0.1459999999999999,3
slp37,477,0,2,84.5360824742268,0.09113291833516123,42,28.05486284289277,0.31260340511403406,4
slp37,478,1,2 OA,85.42372881355932,0.08180841509310245,43,24.293683642253015,0.9574300993084188,10
slp37,479,1,2 OA,87.94655031360784,0.05046612366372087,44,16.95736434108527,2.25602315808059,8
slp37,480,1,2 OA,85.73761567773545,0.08937434331300223,43,16.826923076923077,2.191214517390867,8
slp37,481,1,2 OA,86.03031544448997,0.09404283291016231,43,27.442371020856196,0.48243117643867095,6
slp37,482,1,2 OA,83.52573679206844,0.08669081864236147,42,29.702970297029704,0.384,3
slp37,483,1,2 OA,86.32502055357634,0.0987804087914083,43,30.120481927710845,0.6013518105069611,5
slp37,484,1,2 OA,89.56439136924956,0.0484560804805464,45,31.8278266141255,0.5057326873165389,8
slp37,485,1,2 OA,86.13617719442165,0.08303101625214489,43,31.632222690847744,0.1132897170973606,6
slp37,486,1,2 OA,86.63532572196104,0.0902320786369422,44,29.228371005455962,0.524798780486388,6
slp37,487,1,2 OA,86.50751072961374,0.07857872146974934,44,24.324324324324323,0.5908983744171995,7
slp37,488,1,2 OA,91.35200974421437,0.05581939129410535,46,24.030759371996155,0.8220497308557433,6
slp37,489,1,2 OA,89.91825613079018,0.05820510897458918,45,16.984794564865737,2.1670028582710965,8
slp37,490,1,2 OA,91.75587376616153,0.04642482593192911,45,25.873221216041397,0.8634043085368522,5
slp37,491,1,2 OA,87.03278909728782,0.08352638896052725,44,14.9402390438247,3.2317831610428325,6
slp37,492,1,2 OA,90.09009009009007,0.08069471087770476,45,28.203062046736505,0.5349773979585779,8
slp37,493,1,2 OA,84.6774193548387,0.08550832397718808,43,25.157232704402514,0.2683486538069458,5
slp37,494,1,2 OA,87.16216216216215,0.09098863288468459,44,24.968789013732835,0.7533571530157527,5
slp37,495,1,2 OA,83.87888707037644,0.06971385382995202,42,8.22143052891203,8.651132873791731,5
slp37,496,1,2 OA,86.75296061690992,0.09440262112506966,43,9.239297813366184,7.194330267648268,5
slp37,497,0,2,84.37371381533818,0.09217380060594206,42,24.96532593619972,0.8254369886443316,7
slp37,498,1,2 OA,86.08909538125172,0.07586358445731405,43,16.56086116478057,4.392613686633506,9
slp37,499,1,2 OA,83.49171870757533,0.09655776890787394,42,13.148283418553689,3.2539874342446717,7
slp37,500,1,2 OA,87.02104695089045,0.07785985384995252,44,21.076296192215825,0.9016944937172455,11
slp37,501,1,2 OA,85.87786259541984,0.058219071767422734,43,27.44739249771272,0.43513829219379596,13
slp37,502,1,2 OA,87.94655031360784,0.08347032259384793,44,28.549676437000375,0.636965807559558,6
slp37,503,1,2 OA,85.8193706579485,0.06176166611548416,43,21.310181531176006,1.0535872174107648,10
slp37,504,1,2 OA,89.10490076954234,0.049285389181550135,45,21.593090211132434,1.0431115845286054,10
slp37,505,1,2 OA,88.94878706199461,0.09404096170998491,45,19.788918205804748,1.630493176925313,9
slp37,506,1,2 OA OA,78.7619179217908,0.13644724407444977,39,18.94238358326756,1.6727336159711743,9
slp37,507,1,2 OA,87.32737611697807,0.05528336952879722,44,23.30179353198701,0.9350517199643369,12
slp37,508,1,2 OA,90.00409109504977,0.068532371551065,45,25.270251298610134,0.9546859285766298,13
slp37,509,1,2 OA,86.86868686868686,0.06750694533905588,44,24.361435109995572,0.9264612492063505,12
slp37,510,1,2 OA,83.71703641691083,0.11218872492367493,41,24.395202276885545,1.0237840348432867,9
slp37,511,1,2 OA,86.86868686868685,0.08841643930162375,44,23.368530379089496,1.2916145891532738,10
slp37,512,1,2 OA,85.98334925617579,0.10457424751166218,43,21.103642332343284,1.0282079820352434,10
slp37,513,1,2 OA,87.56448547379853,0.1065746944394498,44,16.131923283742605,2.5644517716051687,7
slp37,514,1,2 OA,86.28954937679768,0.07627477479377616,43,19.233509046872776,1.1823809417264912,10
slp37,515,1,2 OA OA,85.5397148676171,0.08747819942219696,43,14.516798009124843,4.20885907270338,8
slp37,516,1,2 OA,86.78686759956943,0.07040576209272377,44,21.272285251215557,0.7344811301948098,8
slp37,517,1,2 OA,85.04319654427646,0.06487469170318089,43,26.4783759929391,0.3271717184191405,13
slp37,518,1,2 OA,82.49690636601127,0.0956154276254622,41,28.69166029074216,0.49803068178577115,6
slp37,519,1,2 OA,85.93643432001092,0.08219930427675631,43,27.580772261623327,0.366976393613251,8
slp37,520,1,2 OA,85.28496006497902,0.06578002233101232,43,18.88871399338895,0.6440976245880743,9
slp37,521,1,2 OA,84.35056919489783,0.08205603053725688,42,23.500447627573866,0.6631275310594332,8
slp37,522,1,2 OA,84.79249965531504,0.06709471937666328,42,20.03052270125906,1.3259871640342802,8
slp37,523,1,2 OA,84.20043811610076,0.08014893928660934,42,12.567024128686327,2.970897345920926,6
slp37,524,0,2,82.69463493344091,0.06731000316355255,42,6.662718389102753,9.911029456564483,4
slp37,525,1,2 OA,83.58249524327262,0.09810337031469875,42,10.596213619666573,7.6547541724081505,6
slp37,526,1,2 OA,84.1543513957307,0.0893195108297851,42,6.99953336444237,8.460964168856094,4
slp37,527,1,2 OA,81.74386920980926,0.11345131114271002,41,27.967681789931635,0.32753354365961085,4
slp37,528,1,2 OA,83.74183006535947,0.09298180308499905,42,20.988805970149254,0.5130024907888415,4
slp37,529,1,2 OA,84.7457627118644,0.08896148796790336,42,28.235294117647058,0.29098969053902923,5
slp37,530,1,2 OA,89.29779461507238,0.09801850896220343,45,8.653014133256418,7.543642886563493,5
slp37,531,1,2 OA,86.28954937679768,0.12120322694640694,43,22.413149047441166,0.8958096896104664,5
slp37,532,1,2 OA,86.07733296898482,0.10024753942615118,43,24.65753424657534,0.33329599790909903,4
slp37,533,1,2 OA,95.54140127388536,0.06668311853739552,48,19.501625135427954,1.185043271596255,7
slp37,534,1,2 OA,99.6880509968805,0.06581657649058689,50,30.554046713742526,0.43264511502564723,16
slp37,535,1,2 OA,85.70262549313018,0.04016620797434764,43,27.66742338251986,0.46843200614251185,14
slp37,536,0,W,81.65487207403375,0.06931781877699268,41,31.380753138075317,0.4074008672875731,16
slp37,537,0,W,84.66409691629957,0.054005618056620484,42,29.391182645206438,0.39860788363749056,15
slp37,538,0,W,89.23742563547863,0.013206559852607169,45,28.625954198473288,0.4698516950960328,14
slp37,539,0,W,87.1268404700797,0.02140949987025452,44,31.26737076153418,0.4903994924775333,16
slp37,540,0,W,88.40075006697026,0.040968038338310205,45,28.949545078577337,0.41225749829197667,15
slp37,541,0,W,92.86675639300134,0.1018293171432848,47,10.392609699769054,4.6829350720343,4
slp37,542,0,W,86.61205854706593,0.06098878776988279,44,12.554052169061237,2.361030754188141,7
slp37,543,0,W,87.11507293354943,0.057243703024571935,44,8.180330848936556,5.370791458331713,4
slp37,544,0,W,84.32743726861375,0.045873166581942106,42,12.835139760410724,1.7772558122628892,4
slp37,545,0,W,83.99344441409451,0.06919735288751228,42,9.885764499121267,2.9680329438123754,4
slp37,546,1,W X,83.3217608665463,0.07164070072242454,41,19.44264419961115,0.6347818522925808,5
slp37,547,1,W X,82.11304228821677,0.0989843927091539,41,10.330578512396695,3.4195781416231252,4
slp37,548,1,1 X,84.54106280193237,0.05541285982525722,43,16.081479496113644,0.5627814851254436,5
slp37,549,1,2 X,82.46178600160901,0.09077145732990173,42,13.385686239514545,1.8489964413162077,6
slp37,550,1,2 OA,84.71157724889068,0.08475575151555194,43,11.47227533460803,3.3454141746576016,5
slp37,551,1,2 OA OA,83.02956662616444,0.09817300709376403,42,6.693440428380187,7.348452535511586,4
slp37,552,0,2,87.11283185840709,0.05318960224374754,43,10.447501305937664,3.710406311982557,5
slp37,553,1,2 OA,85.87786259541984,0.0620148471726027,43,13.386880856760374,2.0560982466798614,7
slp37,554,1,2 OA,85.3196099674973,0.07141688793336046,43,11.787819253438114,3.903621395576164,5
slp37,555,1,2 X,81.23476848090984,0.07247923840659475,41,15.421521590130226,0.7570633321518676,4
slp37,556,0,2,83.16430020283975,0.07723391696530539,42,17.28964268071793,1.937475066330677,8
slp37,557,1,2 X,84.8158874637981,0.07015834898416029,42,16.10676484123332,1.378954824554911,8
slp37,558,1,2 X,82.04567209079723,0.09429268264292834,41,18.166089965397926,1.8131225967982443,8
slp37,559,1,2 X,82.60577568838147,0.07356550416286471,42,14.218009478672986,1.4788341353917955,6
slp37,560,1,2 X,83.48406845693614,0.06876270791642808,41,14.06469760900141,1.9635977184749422,7
slp37,561,1,2 X,82.04567209079721,0.07797890740450267,41,11.457378551787352,4.42498969038347,6
slp37,562,1,2 X,82.25224020329009,0.09989167243812977,42,19.255455712451862,0.8350099400605957,6
slp37,563,1,2 X,80.22490400438836,0.09324019020973978,40,13.450502152080341,3.4709412210522954,6
slp37,564,1,2 X,82.42862887012465,0.08632773764401618,42,10.857763300760045,3.412825808622526,5
slp37,565,1,2 X,83.26563769293257,0.09673523725770859,42,17.54385964912281,1.0582967447743565,9
slp37,566,1,2 X,83.32204308359302,0.07743441123190417,42,17.634092578986042,1.378478781120696,9
slp37,567,1,2 X OA,88.60249697946034,0.07735434192646223,45,14.720314033366046,1.709244778925978,8
slp37,568,0,2,86.27773212818406,0.08839983377950944,43,15.969581749049432,1.1703805765124229,8
slp37,569,1,2 OA,80.47874535699546,0.11419323392634176,40,20.288548241659154,0.8756681258711354,10
slp37,570,1,2 X X,81.36696501220504,0.08968188222824051,41,19.59247648902821,0.3255380776499117,6
slp37,571,1,2 X,78.36128677481442,0.11125553925018933,39,19.26534806062163,1.6396440589347434,6
slp37,572,1,2 X,84.02787266019948,0.10252279965808729,42,18.062962325821434,0.9196293840899347,8
slp37,573,1,2 OA,82.04567209079721,0.09194297145513625,41,20.396270396270396,0.540420395693605,8
slp37,574,1,2 OA,84.61750137589432,0.07202722731934302,42,21.18270079435128,1.0760547151516042,9
slp37,575,1,2 OA,85.4353132628153,0.0767836433829267,43,19.56238226344008,1.2659615971395415,10
slp37,576,1,2 OA,82.24124097352232,0.09951248206558343,42,18.78522229179712,1.3564453545941317,9
slp37,577,1,2 OA,84.47802197802197,0.09487984197941765,42,18.88276947285602,0.793052173567414,9
slp37,578,1,2 X,81.0591731964334,0.09376971792641801,41,19.32678370107908,0.6695056011714913,9
slp37,579,1,2 X,80.81226688769166,0.08495725807838456,40,19.032513877874703,1.418504053571931,9
slp37,580,1,2 X,83.06320907617504,0.1038384321342648,42,13.975155279503106,3.4008082699394997,7
slp37,581,1,2 X,81.94482381862879,0.1101560710991455,41,17.62040610840745,2.1086236153046394,8
slp37,582,0,2,81.57715839564922,0.14730156143096382,41,21.17314930991217,0.8221794583473824,10
slp37,583,1,2 X,81.59934720522236,0.09129244218444373,41,16.311946558956038,1.5190235316794531,8
slp37,584,1,2 OA,80.61182306738323,0.09588191290790815,40,20.200508753553798,1.4536820512659703,10
slp37,585,1,2 OA,81.56606851549755,0.11079277954812759,41,10.997067448680351,4.542308135738923,6
slp37,586,1,2 OA,80.90614886731392,0.09411822352764633,41,17.006802721088437,2.258252421674778,9
slp37,587,1,2 OA,84.52971957600965,0.08376930853334169,43,9.146341463414634,5.082389201940362,5
slp37,588,1,2 OA,86.99757216077691,0.10495175434903913,44,20.050497549383635,0.9279836099020895,10
slp37,589,1,2 OA,82.34971177600877,0.08223162408708709,41,20.31832035218422,1.0571352798956244,9
slp37,590,1,2 X,85.91299604527478,0.08076330861313563,43,21.384444796451767,0.9554021582300394,10
slp37,591,1,2 OA OA,82.82716731087798,0.07234251861802989,41,16.166281755196305,1.671139120236156,8
slp37,592,1,2 X,83.2093086185902,0.08849538784837471,42,16.129032258064516,2.068495657649367,8
slp37,593,1,2 X,88.0305718575133,0.07280245094204783,44,19.67069794550488,0.9640638265843164,10
slp37,594,1,2 X,85.55133079847909,0.08921527380087492,43,17.433172837456418,1.0786909678316736,8
slp37,595,1,2 X,85.58619752750987,0.07535090999575392,43,20.53388090349076,1.463063908378578,9
slp37,596,1,2 X,80.84074373484235,0.11916694172462429,41,17.10863986313088,0.985029441184374,9
slp37,597,1,2 X,91.15462525320729,0.058463621695276406,46,17.554125219426567,1.9910730775137313,9
slp37,598,1,2 X,83.62795757410933,0.10347618968749629,42,19.563090968373,1.3237609300776332,9
slp37,599,1,2 X,92.58016905943917,0.08523109916368721,47,16.544877981524888,0.9377610303270232,9
slp37,600,1,2 X,82.37342619876775,0.10345374318017349,42,13.673655423883318,2.6096017576123245,7
slp37,601,1,2 X,85.25033829499324,0.08473129463338462,43,16.32462686567164,1.7070200314451798,8
slp37,602,1,2 X,84.11981945014362,0.0712833659624651,42,21.51694459386767,1.0488707022316908,9
slp37,603,1,2 X,88.3077765607886,0.06022334490010725,44,13.462976813762154,3.1659677123362386,7
slp37,604,1,2 X,85.08914100486223,0.07700234116062764,43,17.45635910224439,0.949730101295164,8
slp37,605,1,2 X,89.72267536704729,0.10871906323522017,45,14.518470721084046,2.335309734394039,7
slp37,606,1,2 X,89.44301395853097,0.07324965799711433,45,18.22877107701656,1.1541601925209515,9
slp37,607,1,2 X,87.11283185840709,0.07412852722638455,43,22.553307818480047,1.0140001141050026,12
slp37,608,1,2 X,89.79591836734696,0.04985035457486405,45,19.82961222091657,1.1164230358881566,10
slp37,609,1,2 X,87.3746952045516,0.06485889330772844,44,23.69252369252369,0.5566229745550116,10
slp37,610,1,2 X,86.1244019138756,0.09885021537338744,43,24.855012427506214,0.557061576488632,11
slp37,611,1,2 X,93.69907658881043,0.07755761319715375,47,20.85070892410342,0.56123920034153,11
slp37,612,1,2 X,87.99454297407912,0.05951336820524027,44,20.73414222085701,0.9672910371844059,10
slp37,613,1,2 X,85.74928542262147,0.10253322010202252,43,15.06240137713384,1.8011963371320627,8
slp37,614,1,2 X,88.78127522195318,0.06978905642501707,45,23.663971603234078,0.49334952113081043,9
slp37,615,1,2 X,86.6469639978506,0.0881403080287622,44,22.780965237934524,0.9443240707602892,10
slp37,616,1,2 X X,88.174982911825,0.06359879655041359,44,22.9630889607076,1.041212588437629,10
slp37,617,1,2 X,92.75800467225504,0.1514037949848103,46,16.971068369161145,1.3740940763325649,8
slp37,618,1,2 X,90.28892455858747,0.051409294447167395,46,20.19144481005085,0.646168727726248,10
slp37,619,1,2 X,95.14170040485828,0.16467278005402045,48,20.33438770899232,1.2108971880386874,10
slp37,620,1,2 X,86.00682593856655,0.06714339749866996,43,21.120150187734666,0.9165088887784322,10
slp37,621,1,2 X,84.0623291416074,0.0871849115632009,42,22.754854368932037,0.7631006224607605,11
slp37,622,1,2 X,86.18331053351572,0.08145324048487898,43,20.53588891061999,1.0642037552334895,8
slp37,623,1,2 X,83.82229673093042,0.0718328615607091,41,19.675356615838663,0.9936114683315608,9
slp37,624,1,2 X,84.75716399838558,0.0805764379845414,43,19.976324356318436,0.7732492930069852,10
slp37,625,1,2 X,82.95313148071341,0.12939207858288698,41,19.083969465648853,0.6441428413015238,9
slp37,626,1,2 X,82.5195984046211,0.10233860464165027,41,19.433198380566804,0.9179116242863472,9
slp37,627,1,2 X,83.26563769293257,0.09587618428301696,42,21.944083224967493,1.0300690136294297,10
slp37,628,1,2 X,93.8137321549966,0.0480740606971084,47,18.43034864076179,1.4545823283678376,9
slp37,629,1,2 X,86.49093904448105,0.06685958481498859,43,18.46153846153846,1.0800481470749348,9
slp37,630,1,2 X,85.0776502363268,0.0775259739957579,43,20.946470131885185,1.3251541722557845,10
slp37,631,1,2 X,82.79287981233614,0.1148212088422692,41,14.959395925345488,1.5609897435895717,8
slp37,632,1,2 X,84.60918614020952,0.0794086991242058,43,19.730351857941464,1.420041900790255,9
slp37,633,1,2 X,86.3486842105263,0.08570285638085078,43,12.81175264776221,2.2358610332487125,6
slp37,634,1,2 OA,84.44322394617603,0.09390708889342612,42,18.028846153846153,1.3472995212646668,9
slp37,635,1,2 X,84.39687114038699,0.09147901005252715,42,22.837370242214533,0.6245098573949582,12
slp37,636,1,2 X,88.22322527697989,0.08105117933907734,44,22.5262806607709,0.4445759805355388,10
slp37,637,1,2 X,85.79599618684462,0.08879689684267628,43,22.869727257326783,0.411650097132426,10
slp37,638,1,2 X,83.8674485203873,0.08588391927898849,42,17.449469245310457,1.8963068712631932,9
slp37,639,1,2 X,85.52810209068696,0.11228858189318613,43,13.533834586466165,2.47946625080659,7
slp37,640,1,2 X,87.79093507554103,0.1031831296661497,44,21.604493734696817,0.8957536268416668,11
slp37,641,1,2 OA,85.99508599508599,0.06966665039221241,43,17.89620202823623,1.2296111399770073,7
slp37,642,1,2 OA,85.48168249660789,0.10008087432619528,43,19.417475728155342,1.2969425584812924,9
slp37,643,1,2 OA,86.44346871569704,0.08039065615089781,43,20.74051313565832,0.7403633408963533,10
slp37,644,1,2 OA OA,84.01639344262296,0.11777812148803044,42,19.806338028169016,1.952634687344825,10
slp37,645,1,2 OA,82.87292817679558,0.10088776666878217,42,19.02748414376321,1.1615468613496018,10
slp37,646,1,2 OA,84.69907726208511,0.11774732725438089,42,18.39201261166579,1.0920614470265089,8
slp37,647,1,2 OA,91.62481335686167,0.06980670313422012,46,15.21555367709214,1.4454368044143457,7
slp37,648,1,2 OA,86.19510192912847,0.09059165564533171,43,24.674742036787794,0.43277860658083545,12
slp37,649,1,2 X,84.81588746379809,0.11151309134778446,42,19.18158567774936,0.3124483957392005,9
slp37,650,0,2,85.48168249660789,0.08792307501550095,43,22.6928895612708,0.8135925270059946,11
slp37,651,1,2 X,86.26591811584281,0.08793591771047123,43,22.37470167064439,0.4997637842020968,11
slp37,652,1,2 X X,83.03349017437034,0.09326328323622325,41,24.87937273823884,0.6408527376901487,12
slp37,653,1,2 X,82.98475239508838,0.12546197321176314,42,23.693279724296385,0.9581033605967453,12
slp37,654,1,2 X,87.83875800081711,0.10946920462125882,44,19.550342130987293,1.0541816731474702,9
slp37,655,1,2 X,87.38653299010974,0.08016672729014948,44,20.70869765301427,1.0001137713058228,10
slp37,656,1,2 X,88.70967741935483,0.09099777492511736,45,19.93797075764289,0.9295523414824769,10
slp37,657,1,2 X,84.87134581705509,0.13298065601914982,43,21.43197332909986,0.6299105952630827,10
slp37,658,1,2 X,85.70234113712374,0.08327205043887813,42,20.930232558139533,0.8586583850532306,10
slp37,659,1,2 X,84.48437709534666,0.10174553648692083,43,17.942583732057418,1.190149570432221,9
slp37,660,1,2 X,91.32728994723311,0.057726746694670206,46,10.777410547492456,1.7333424820271384,6
slp37,661,1,2 X,87.57637474541751,0.09561288453174217,44,15.498154981549815,1.6095606194720042,8
slp37,662,1,2 X,84.05084050840509,0.0850783171412712,42,16.030534351145036,1.3818723766347318,8
slp37,663,1,2 X,84.34864104967198,0.10015194805101246,43,19.32367149758454,1.4007023238361531,9
slp37,664,1,2 OA,86.3453815261044,0.0781617908504237,44,16.289592760180994,2.1549959525612934,7
slp37,665,1,2 X,83.70763576970192,0.12789086662313187,42,17.174753112924,1.347588865344323,9
slp37,666,1,2 X,85.26187576126675,0.0890859097710064,43,17.883755588673623,1.2913988539564374,9
slp37,667,1,2 OA,82.39494644328482,0.12328487336246893,41,20.63628546861565,1.0902374741312095,9
slp37,668,1,2 OA,82.54230293025175,0.10512083523260268,41,17.27257772659977,1.0741999965802742,8
slp37,669,1,2 X,84.7808105872622,0.13082668555679883,42,23.37176690557806,0.8430379350895191,11
slp37,670,1,2 X,83.32204308359302,0.10871304920395661,42,26.218683239463978,0.4285186657703258,10
slp37,671,1,2 X,79.53772943575798,0.14128993416512006,40,19.417475728155342,2.024022068390889,7
slp37,672,1,2 OA,87.52883701994843,0.08651612891516934,44,21.227666725632407,1.3376216767083284,9
slp37,673,1,2 X X,87.55259942989004,0.07525322673564606,44,20.849420849420845,1.4442161870930987,10
slp37,674,0,R,89.33518005540165,0.09128667424996517,44,13.444876008365702,2.2290825217763675,7
slp37,675,1,R OA,88.12679327777019,0.08027190137496149,44,17.3841059602649,1.7531352206948603,8
slp37,676,1,R OA,86.92722371967655,0.06412953359804228,44,20.699172033118675,0.6835307032037569,10
slp37,677,1,R OA,87.49321758003255,0.09038337910831461,44,16.34241245136187,1.3896390957102964,8
slp37,678,1,R OA,85.74928542262147,0.0762771530776592,43,20.700362256339485,0.7816237905795856,9
slp37,679,1,R X,85.39294640377672,0.07524715571889388,42,16.292541636495294,2.127690035904875,7
slp37,680,1,R X,77.20438845997562,0.13728160192519176,39,22.836843440751082,1.0158908515299376,7
slp37,681,1,R X,93.89032521431487,0.10451439603808677,47,13.767783386874715,3.0924602934664605,7
slp37,682,0,R,105.7053801328093,0.09161209062088363,53,17.403915881073242,2.0065985522769623,9
slp37,683,1,R X OA,90.17625358655553,0.03789884317561139,45,15.071049232094158,0.6190267542271333,8
slp37,684,0,R,86.00682593856656,0.052416351674859,43,15.847860538827257,1.7237258095957915,7
slp37,685,1,W OA,88.13883574747199,0.09788557463698058,44,15.525654295431023,1.4594690675665838,8
slp37,686,0,W,83.44640434192674,0.04099047349459536,42,16.638935108153078,0.09917661014573942,5
slp37,687,0,W,81.67710318540702,0.07435348007995322,41,14.222503160556258,0.902384003010298,4
slp37,688,1,1 X,82.51710720515227,0.054727794303840484,42,22.998296422487225,0.699057849210786,10
slp37,689,1,1 X,86.55394524959743,0.040384522789165135,44,18.148820326678766,2.3120960187673867,9
slp37,690,1,1 OA,84.1313269493844,0.06707982228659518,42,10.03848084323239,4.276023737071626,5
slp37,691,1,1 X,84.54106280193237,0.04110977505949378,43,16.923655509590073,0.5995049809819952,4
slp37,692,1,2 OA,85.77263444520081,0.06275092034811239,43,21.333754740834387,1.083620998844062,10
slp37,693,1,2 OA,82.81712900619445,0.0803125364424234,42,14.188869620053604,1.564537702397172,7
slp37,694,1,1 OA,82.7836855566025,0.062170305905210194,42,18.256503879507072,1.4820822345605524,9
slp37,695,1,2 OA,85.4932826706473,0.07361781555058468,43,17.037157228622426,1.527844206183126,8
slp37,696,1,2 OA,88.199097497607,0.023346057464477092,44,19.888037713612256,0.7604952252672735,10
slp37,697,1,2 OA,86.19510192912847,0.051443824898440495,43,16.271501627150162,2.0582849210754404,8
slp60,0,0,W,78.50158380388376,0.019344665065128296,39,21.983390327308257,0.7805320122981648,10
slp60,1,1,W HA,80.06021623101137,0.023785143900099826,40,17.590149516270888,0.9864375296996764,9
slp60,2,0,W,79.85257985257986,0.02303243575149931,40,17.292490118577074,0.6383187099797436,8
slp60,3,0,W,81.09203946479252,0.016504241878983732,41,15.943312666076174,1.2518986469448006,7
slp60,4,1,1 HA,80.5693567879683,0.05569120217772284,41,17.761989342806395,0.7786937780668343,9
slp60,5,1,W CAA,80.31301482701811,0.07628535653257298,40,15.279394644935973,1.4957000681545585,8
slp60,6,1,W CAA,74.2370085235084,0.06765234294666254,37,17.661900756938604,1.854603802785415,8
slp60,7,1,1 CAA CAA,75.44861337683524,0.029800603481469144,38,15.118427683520915,1.7948124012151117,7
slp60,8,1,1 CAA,75.34618517512897,0.045181946917393516,38,15.48520302821748,1.6162321065435565,7
slp60,9,1,1 X,79.52691680261012,0.056128902081861436,40,19.30005146680391,0.8675054812506949,6
slp60,10,1,1 CA,75.34618517512897,0.04535389613708763,38,19.34235976789168,1.107642541617105,9
slp60,11,1,1 X,77.29861676159479,0.07790924473714571,39,19.164081036685527,1.1607459951712615,8
slp60,12,1,1 X,73.13109425785483,0.08719723633631607,37,17.08914839077186,1.0592162196643327,5
slp60,13,1,1 CAA,74.88867899068953,0.048776289010264554,38,22.71580010095911,0.7663825560529299,7
slp60,14,1,1 X,78.2967032967033,0.04400604340264731,39,16.366612111292962,0.9904039579888603,7
slp60,15,1,1 CAA,75.79896203223163,0.03361831912171932,38,16.449945166849446,1.1974228107711589,8
slp60,16,1,1 X,76.37264345672217,0.0822413558593641,38,13.835511145272866,1.9300423714404709,7
slp60,17,1,1 X,74.25742574257426,0.04445222154178572,37,17.337699865151222,0.9807165181074953,7
slp60,18,0,1,74.14526980639845,0.06272918473313636,37,14.997500416597234,1.9505546789453392,7
slp60,19,1,W X,79.07542579075427,0.06997232476302055,40,20.66748315982854,1.0346147371466288,10
slp60,20,1,1 H,73.45739471106758,0.039305979188922376,36,23.16403568977351,0.6875324279669817,10
slp60,21,1,1 H,76.5511684125705,0.042032041596568016,39,23.235800344234075,0.9479167541717501,10
slp60,22,1,W HA,81.28979813033465,0.056213788344142035,41,13.837638376383763,1.6620244683317191,7
slp60,23,0,W,73.4094616639478,0.0362092683040007,37,25.641025641025642,0.4775269625895485,11
slp60,24,1,1 H,74.86847430190207,0.05792234291376196,38,14.04932875429285,1.7892608032990112,7
slp60,25,1,1 H X,76.69537136706134,0.05101604766260882,39,18.001800180018,0.9866321502971612,9
slp60,26,1,1 X,76.73164661965988,0.05247287378793586,38,16.143497757847534,1.6422251841801585,7
slp60,27,1,1 HA,76.03781339909577,0.03636034250305368,38,22.7806157669474,0.8010708535433644,12
slp60,28,1,1 HA,75.7472362494882,0.059783295047120114,38,24.143985952589993,0.6302024861532355,12
slp60,29,1,1 HA,72.49378624689312,0.08884462934395815,36,20.88167053364269,1.4361194626879448,10
slp60,30,1,1 X,75.80931566725857,0.0715188860313643,38,16.396002498438477,1.0172173327469487,8
slp60,31,1,2 X,78.89273356401385,0.06749765564821893,39,18.61042183622829,2.1869787378939005,9
slp60,32,1,1 X,70.54555227089492,0.0681784932275238,36,22.576760987357016,0.7244400872397937,11
slp60,33,1,1 X,76.51006711409397,0.06550819872140427,39,16.12903225806452,1.3759966777368529,8
slp60,34,1,1 X,75.96496030659732,0.0664373362604124,38,25.06075334143378,0.730567627157979,12
slp60,35,1,1 X,77.309100773091,0.0650860925696372,39,21.885030639042895,0.8828647914601646,11
slp60,36,1,1 X,77.7308059457248,0.035794581678828534,39,21.82453077258839,0.7326337147579273,11
slp60,37,1,1 X,74.96876301541025,0.05450688029964658,37,20.448348985156013,0.6659145386905936,10
slp60,38,1,1 X,74.77768795472917,0.07326492149517849,38,20.405078597339784,1.0326035176636565,10
slp60,39,1,1 X,73.67990176013099,0.09206941825480261,37,17.07132018209408,0.8209706991658647,7
slp60,40,1,1 X,83.55978260869564,0.0456337226714439,42,16.611295681063126,0.9641647754848307,8
slp60,41,0,1,72.83573806881243,0.08490636379120765,36,23.531089560752992,0.5701505093444933,12
slp60,42,1,1 X,74.97973520670091,0.08497476100175042,38,22.45882548660789,0.9871250186623454,10
slp60,43,1,1 X,79.48369565217392,0.03997895567393471,40,17.485064840448786,0.959571649226883,9
slp60,44,0,1,77.82632441288911,0.04870261387582754,39,25.769506084466713,0.6865866458228139,13
slp60,45,1,1 X,76.77801724137932,0.0666138664409751,39,18.552875695732837,0.901361192863327,9
slp60,46,1,1 X,78.5024154589372,0.08021706252609591,40,15.901862789641072,1.362264860818339,8
slp60,47,0,1,73.56948228882834,0.07745265379731617,37,23.605150214592275,0.863347166890882,12
slp60,48,1,1 X,76.04823239243629,0.05411823217108625,38,22.434938677834282,0.832548280882256,11
slp60,49,1,1 X,76.52006066455259,0.049851554658066094,38,19.2967409948542,1.1294663439971206,10
slp60,50,1,1 X,72.46376811594203,0.11417725011772026,37,15.69037656903766,1.4979826434241486,7
slp60,51,0,1,79.66771074492715,0.06227119327717312,40,22.33989740195267,0.587106232631763,10
slp60,52,1,1 X,75.91300779647108,0.06567049251040784,38,19.418872266973533,0.943391727023978,10
slp60,53,1,1 X,76.75286958926843,0.07946056259576231,38,16.504243948443886,0.8857975997681987,8
slp60,54,0,1,77.28813559322035,0.06795281074050304,39,15.918738629472406,1.9937923253776193,8
slp60,55,1,1 X,74.53416149068323,0.06664916436918854,37,23.091133004926107,0.9336126820046953,11
slp60,56,1,1 X,74.90889458766365,0.0633780960058252,38,20.949720670391063,0.8128935969731832,9
slp60,57,1,1 X,79.1117279666898,0.04878774197801145,39,21.562050790608534,1.1550238092784062,10
slp60,58,0,1,79.20389926888707,0.04271422398881279,40,21.95121951219512,1.046320962016701,10
slp60,59,1,1 X,72.56392536281963,0.06555658095204821,36,22.078304386223138,0.7914042203577132,11
slp60,60,1,1 X,73.04206681996483,0.07446492255658382,37,19.30812550281577,0.8159397955731783,9
slp60,61,0,1,78.7292817679558,0.048841197813711705,39,19.4300518134715,1.2935810759283701,9
slp60,62,1,1 X,71.26374372200354,0.057952661892342466,36,22.21235006663705,0.993041469426126,11
slp60,63,1,1 X,73.46938775510202,0.11558354361913097,37,17.97945205479452,1.0058246692670259,8
slp60,64,1,1 X,77.22530822381792,0.062045377014442155,39,15.7260178228202,1.3660637694566908,7
slp60,65,0,1,73.58953393295178,0.08960406736799892,37,17.69128704113224,1.3870074801528651,9
slp60,66,1,1 X,71.24440222553943,0.093179239169704,36,23.470839260312946,0.7333478986782929,12
slp60,67,0,1,77.9220779220779,0.05330942446549303,39,21.040819189227097,1.1640624725503355,11
slp60,68,1,1 X,73.16081831730118,0.04501344106534413,37,25.82866982350409,0.8140812817730999,13
slp60,69,1,1 X,75.08116883116884,0.08978116402771201,38,15.295717199184228,1.2066033132540104,7
slp60,70,0,1,78.3612867748144,0.049788027129314565,39,17.485064840448786,0.9381160642479162,9
slp60,71,1,1 X,75.26444263628966,0.0667119008945496,38,23.988485526947066,0.724762140291558,11
slp60,72,1,1 X,67.63219018991666,0.12005961176220835,34,18.782282047268744,1.1134970812714327,9
slp60,73,0,W,64.85355648535565,0.06120673417208671,32,20.775623268698062,0.5907588340431313,9
slp60,74,0,W,69.068255687974,0.07523122373204794,35,23.411893241766816,0.6594544411860459,11
slp60,75,0,W,68.89099013913278,0.040389967578210055,35,18.248175182481752,1.11874572624882,9
slp60,76,0,1,71.58440141805289,0.043842240371773054,36,18.89168765743073,0.910765246006529,10
slp60,77,0,1,73.49853002939942,0.034120745978399245,36,24.180548092423425,0.9975596891080418,10
slp60,78,1,1 H,73.48938486663037,0.03542475942398074,37,25.045537340619305,0.5784529952974529,12
slp60,79,0,2,74.40066133921191,0.03975790937693644,37,23.437499999999996,0.6965489533725855,10
slp60,80,1,2 H,75.86112629852379,0.033693674423080675,38,16.248839368616526,3.097982701101885,8
slp60,81,1,2 H,74.56503728251865,0.04435713646703938,37,24.578076355890552,0.6422187789219497,11
slp60,82,1,2 H,75.22363784223367,0.045440398356261666,38,19.908568057808584,1.5130039125878598,10
slp60,83,1,2 H,74.25742574257426,0.04728166193732571,37,14.893264934635113,3.1016369154940677,7
slp60,84,1,2 X,75.23383489223261,0.05637980356313229,38,17.8359096313912,1.1170921435328676,8
slp60,85,1,2 X,72.13520197856555,0.09146399313837289,36,14.016071762287424,0.5961122042032021,6
slp60,86,0,1,75.03041773692037,0.06185862436497637,38,13.011421136330778,2.020502137808542,7
slp60,87,1,1 X,70.38365995031741,0.09562556737059444,35,16.916384726921216,1.3546174397826365,8
slp60,88,1,1 X,71.82925160760705,0.05678217599039405,36,19.841269841269842,1.8157067101112054,8
slp60,89,1,2 X,72.42489270386267,0.1220374360697124,37,16.077170418006432,0.7707208746794567,7
slp60,90,0,W,63.110749185667764,0.0655173917065154,32,25.888105853588378,0.8620942846090301,13
slp60,91,1,1 X,68.06930693069306,0.059311755137752095,34,27.464788732394368,0.565787339562726,14
slp60,92,1,1 CA,71.27882599580711,0.06806357703670254,35,19.10523801942366,0.910130622493277,9
slp60,93,1,W X,68.0599477519593,0.06281431524886388,34,22.354694485842025,0.9821319214398395,10
slp60,94,1,W CA,68.89099013913278,0.04995347316222225,35,28.429800262428927,0.33185182406624597,14
slp60,95,1,2 X,66.53225806451613,0.07809918113312016,34,16.064871481028153,1.4912663294348607,8
slp60,96,1,1 OA,70.98431584640346,0.05921213334016835,36,23.393636930754834,0.6683563121569213,11
slp60,97,0,1,71.06118029236599,0.05836140743291769,36,21.126760563380284,0.7998999937492187,11
slp60,98,0,2,72.97297297297297,0.06753727822926597,37,23.40757554263016,0.8919271363339751,12
slp60,99,1,2 HA,69.56758968762787,0.05573056785796845,35,23.396880415944537,0.7329779610315884,10
slp60,100,0,2,70.160957490714,0.06613910055963393,35,15.695849319846529,0.5923272368847777,7
slp60,101,1,1 OA,70.51712558764271,0.05939559524656586,36,24.560881214647218,0.8154099308764278,12
slp60,102,1,2 X,69.7865353037767,0.11058322892297523,35,20.785219399538107,0.9184063491844021,10
slp60,103,0,1,73.80073800738006,0.05061730051189129,37,21.468441391155004,0.8610524722686765,11
slp60,104,1,2 X,72.90400972053463,0.05653219338473334,37,18.936405239072116,0.7589636025528497,9
slp60,105,0,W,69.24643584521385,0.06658750779066315,35,20.764119601328904,1.4447557025324387,11
slp60,106,1,1 X,71.47719537100068,0.07301596135260356,36,24.052478134110792,0.9667433958338839,12
slp60,107,0,W,66.61115736885928,0.06660658751204719,33,23.109243697478988,1.2083918142967967,12
slp60,108,1,1 OA,69.03086085544125,0.06474223577716177,35,15.03508185766789,1.3764857023917425,7
slp60,109,0,1,72.22147920288886,0.07445099473669878,37,22.703193582563944,1.0129577286343197,11
slp60,110,0,1,74.93923845530651,0.08081484216646138,38,21.149929500235,0.83152075466106,10
slp60,111,1,2 X,70.40364757945554,0.08371894672543562,36,23.109243697478988,0.802629233177071,12
slp60,112,0,2,94.78354396343101,0.12719017246956774,48,20.230780758279632,1.7165320191710687,10
slp60,113,1,W X,76.3306285242745,0.06268667083025595,38,19.66890673660056,1.2656523021746533,9
slp60,114,0,W,68.83604505632039,0.06161749957149776,34,23.98604448320977,0.7179633269485115,12
slp60,115,0,W,67.88261108063631,0.05707610951456522,34,20.782019704433495,1.0056777089709146,10
slp60,116,0,W,67.35610287113894,0.06108104778514169,34,28.04214819850442,0.598328470555836,12
slp60,117,0,W,73.64975450081832,0.027856776554368218,37,17.092625752889468,0.8561384591434318,8
slp60,118,0,W,72.82563462338743,0.03605057671706033,36,22.097819681791393,0.9775574458823378,11
slp60,119,0,W,72.65877287405813,0.0354832598332659,37,22.38805970149254,1.0007421246255204,11
slp60,120,0,W,75.16251354279524,0.048094866079137766,38,19.653515795603436,0.8797651763010961,10
slp60,121,0,W,72.89641766176062,0.040680898591403815,36,24.995834027662053,0.838569162323538,11
slp60,122,0,W,70.85976515049265,0.06011624114147184,36,18.575851393188856,0.7317868542137116,9
slp60,123,0,W,67.74325988777885,0.10311996098939152,34,21.100343857455453,1.497079164470389,10
slp60,124,0,W,68.88394099638185,0.07463871968131386,34,23.786869647954326,1.4608295725374674,11
slp60,125,0,W,76.50951199338296,0.02813013689798179,38,22.812111157196185,0.450080764102262,12
slp60,126,0,W,79.89620322316306,0.10136187701383875,40,20.30075187969925,0.704379807760165,10
slp60,127,0,W,72.2443924590615,0.03794836448843267,36,23.696682464454977,0.8333677568647699,12
slp60,128,0,W,72.15503023639363,0.033762483707844244,36,20.92374457532548,1.122407641447726,10
slp60,129,0,W,75.12181916621549,0.039674939237586845,38,22.48262706090748,0.8356020247711544,12
slp60,130,0,W,73.93209200438115,0.04072430644961886,37,24.745050989802042,0.39345857836951786,12
slp60,131,0,W,71.88826509653568,0.03198489439388153,36,28.33478639930253,0.5568428331480996,14
slp60,132,0,W,73.62967002999727,0.043426680085056873,37,19.364208487978054,1.354137271475828,9
slp60,133,0,W,72.98283551831328,0.03409119940018551,37,23.490516791369412,0.6349106284925773,10
slp60,134,0,W,75.40760869565217,0.0654985265169745,38,28.287330704611687,0.5170661034837817,12
slp60,135,0,W,71.58440141805289,0.02481184707155113,36,21.76120702161613,1.084110769248235,11
slp60,136,0,W,84.68741393555494,0.08383582153966299,42,17.942583732057418,1.334713452393434,9
slp60,137,0,W,73.46938775510205,0.021468322917472794,37,23.988485526947066,0.6108880093765141,11
slp60,138,0,W,77.26718178121187,0.051619425577517905,39,27.35146634250114,0.5220943933385568,13
slp60,139,0,W,73.21041214750542,0.04580905080660882,37,24.521824423737126,0.5646494133531,11
slp60,140,0,W,73.5795067447881,0.03342856766004892,37,23.013978861234232,1.0979087641152097,10
slp60,141,0,W,75.27465075274651,0.07718086108453431,38,17.972143178073985,0.8952562482328732,9
slp60,142,0,W,75.5718954248366,0.06443515321663426,38,13.210039630118894,1.9520242484832677,7
slp60,143,0,W,75.73689956331877,0.04731900660076224,38,14.967925873129008,1.3402164918019621,8
slp60,144,0,W,75.0710131205194,0.04098081647809256,38,13.354700854700852,1.9627953943292205,6
slp60,145,0,W,72.11538461538461,0.029112589323913744,36,17.20676799541153,1.4129327655624666,9
slp60,146,0,W,74.30851795789184,0.04250127085972086,37,23.062730627306273,1.0585668802678458,11
slp60,147,0,W,69.44444444444446,0.03531372004659679,35,11.874604179860672,2.143845367558024,6
slp60,148,0,W,75.14216084484161,0.06238746479326514,38,12.185215272136473,1.8339483089771096,6
slp60,149,0,W,68.25703254274683,0.03953708259227244,34,16.574585635359114,0.5841734902121687,7
slp60,150,0,W,71.8096019696348,0.03274520061421681,36,11.950286806883366,2.704846494720172,6
slp60,151,0,W,75.58218711698217,0.031089681536287203,38,20.041567695961994,0.8294321722691143,10
slp60,152,0,W,75.54103715802368,0.05089929041540578,38,15.538674033149173,1.388792601106763,7
slp60,153,0,W,74.17582417582418,0.04085868449626629,37,15.968772178850248,1.7813682631305883,7
slp60,154,0,W,73.50939286686632,0.045917263221237334,37,16.175413371675052,1.823176227235194,7
slp60,155,0,W,75.39736448852057,0.034067607770380544,38,16.826923076923077,1.338872629628131,8
slp60,156,0,W,75.0,0.05894935985256352,38,16.900048285852247,1.133479814463371,8
slp60,157,0,W,75.34618517512897,0.029207601800247826,38,13.036676516600034,1.5780587568275144,6
slp60,158,0,W,74.20640373780402,0.033000374109364634,37,12.785543811796796,1.2710748837106332,6
slp60,159,0,W,73.87140902872775,0.05052563216994756,37,11.089753068165013,2.0321962109993215,6
slp60,160,1,1 CAA,69.28406466512702,0.0777764519027979,35,13.26259946949602,1.3914912863543198,5
slp60,161,1,W CAA,73.00792657488527,0.05220043005530877,36,11.731581417175036,3.0876658886608825,6
slp60,162,0,W,72.37386269644334,0.05373665187841574,36,16.489556614144377,1.5425825387605323,7
slp60,163,1,W CAA,71.57464212678936,0.045166720636561866,36,14.102162331557507,1.6821013313379456,7
slp60,164,1,1 CAA,73.0025686088955,0.04209498371921513,37,21.416333523700747,0.8863357377427585,11
slp60,165,1,1 CAA,72.88432986907814,0.071191881212799,37,13.354700854700855,1.7004609257492513,6
slp60,166,1,W CA,71.82925160760705,0.03159002684263447,36,14.691478942213514,1.907534534418709,7
slp60,167,0,W,75.04056246619795,0.0664906173183899,38,14.14871875491275,2.962124837942445,7
slp60,168,0,W,73.06889352818372,0.037833577571209594,36,10.190217391304346,2.209661210834517,4
slp60,169,1,W CAA,72.72727272727272,0.036495052937198055,37,17.011624610150268,1.032443218777672,9
slp60,170,1,W CAA,74.85837604531966,0.0612684044590074,38,14.324367340442466,1.7135280045048058,7
slp60,171,1,W CAA,74.14526980639846,0.02984135005055074,37,13.491635186184563,1.4818008503169378,6
slp60,172,1,1 CAA,72.34394377842084,0.053160181507959356,36,14.343086632243258,0.866050899197039,6
slp60,173,1,1 CAA,71.1767895878525,0.057485146262459194,36,13.658714259697689,1.8156517727802322,6
slp60,174,1,W CAA,72.77628032345014,0.05006464956236555,37,18.475434514848775,1.6734968785358206,10
slp60,175,1,W CAA,71.46746528723115,0.05972716197469138,36,10.077258985555927,0.816629659025436,5
slp60,176,1,W CAA,73.48938486663037,0.05946261404559845,37,19.29570670525808,1.2513096139645057,9
slp60,177,1,W CAA,69.82475355969332,0.046267463737404514,35,17.502917152858814,1.544645806217939,7
slp60,178,0,W,75.12520868113522,0.03005180711889237,37,10.682238997293833,0.9091689391966711,6
slp60,179,1,1 CAA CAA,72.65877287405814,0.05085442792428377,37,17.438480914551445,1.540018037412405,7
slp60,180,1,1 CAA,70.6975491516294,0.04666217276710269,36,15.160265665607856,1.0772894178427255,8
slp60,181,0,W,71.96710075394105,0.05763558991187472,36,17.670817906428812,1.4669095655388533,8
slp60,182,1,1 CAA,71.27341840890578,0.05572457047929613,36,14.634146341463415,1.1610588271056723,6
slp60,183,1,W CAA CAA,74.89878542510121,0.057249750797700664,38,13.36104513064133,1.7372079770584625,7
slp60,184,1,1 HA,73.50939286686632,0.044720807431037624,37,16.223733003708283,2.0973592726014654,8
slp60,185,1,1 CAA,73.03218826075195,0.04998024301019377,37,14.29479034307497,1.4933964272385578,7
slp60,186,1,1 X,73.42942616263258,0.07860229632558022,37,14.895729890764645,1.225138903689428,7
slp60,187,1,1 X,66.24344465912228,0.05818880906153692,33,14.616321559074299,1.2990531166969268,5
slp60,188,0,W,72.23445239405613,0.04934258416666984,36,9.719222462203025,2.7197575055303895,4
slp60,189,0,W,80.19191226867717,0.03305875072265344,40,21.694214876033058,1.0614854435830836,8
slp60,190,1,W CAA,72.55139056831923,0.05530019087770956,37,10.102710894089913,2.24001674100887,5
slp60,191,0,W,71.07080005414919,0.04542566028408279,36,14.161631419939578,1.9973572940262845,6
slp60,192,0,W,71.54538021259198,0.04462355925759763,36,20.036734012355982,1.0674529263625632,9
slp60,193,0,W,72.91385363219011,0.03308723971712909,37,11.467889908256879,2.222271270569819,6
slp60,194,0,W,74.9063670411985,0.03478665133511862,37,12.280989028983134,1.6503063473185817,6
slp60,195,0,W,73.35959788072272,0.02989590995602516,37,9.955201592832255,0.8615816850421091,5
slp60,196,1,W HA,70.73565076798707,0.03446164386617654,36,9.58926002876778,1.522659187080287,5
slp60,197,0,W,75.19306327055955,0.04835563409189782,38,11.829652996845425,1.1610395342106141,6
slp60,198,1,W CAA,73.55946056395588,0.03588097607987335,37,14.485755673587638,1.647667846786279,7
slp60,199,1,W CAA,72.82535401213755,0.049625137994645956,37,12.64115961570875,0.4018963050340226,6
slp60,200,1,1 CAA,73.12119160460394,0.0701626857320599,37,13.091289928434282,1.7424642779695658,6
slp60,201,1,1 HA,70.40309221424629,0.035881388608064016,35,15.303519809556194,1.5000274071570232,7
slp60,202,0,W,71.61369526667576,0.04764001062389573,36,13.204225352112678,1.2173019346078442,6
slp60,203,1,1 CAA,70.67627494456762,0.04571068942848797,35,13.686131386861316,1.3094792858231856,7
slp60,204,1,1 HA,70.95553453169347,0.03042104534693046,36,12.562814070351758,0.162303419557322,6
slp60,205,0,1,72.80543613923172,0.05228043689213636,36,13.25088339222615,0.5018153710944562,7
slp60,206,0,2,70.65948855989232,0.04409414788326248,36,10.247651579846286,0.3716597906688318,5
slp60,207,1,1 HA,71.78014766201804,0.06766968995625375,36,11.240164855751216,0.7364265068559118,5
slp60,208,1,1 HA,73.07171853856563,0.04970679462708056,37,10.920209668025624,0.8203359311891684,6
slp60,209,0,1,71.13821138211382,0.043557702756088446,36,13.814274750575596,0.3734481966157497,7
slp60,210,0,2,74.95948136142624,0.04578477295590547,38,14.073494917904615,0.4157397690329321,7
slp60,211,0,2,75.06086015688396,0.05407912931902267,38,12.987012987012987,0.19191664857432245,6
slp60,212,0,2,73.97260273972603,0.03747723588895721,37,13.276294438707776,0.2699769537489367,7
slp60,213,0,2,73.56948228882834,0.03842195874210795,37,12.906926717338306,0.14038835026058571,7
slp60,214,0,2,75.20325203252034,0.04846258713772728,38,12.966804979253112,0.08628881735196045,6
slp60,215,0,2,71.60392798690671,0.0531208556606767,36,12.822704735852282,0.4801293159139525,6
slp60,216,0,2,72.26428079834824,0.03543410095097773,36,13.820638820638822,0.3714308669037738,7
slp60,217,0,2,72.32401157184187,0.03282089926512416,36,14.060303077644118,0.29567925565081876,7
slp60,218,0,2,73.52941176470588,0.05075431016179807,37,13.321492007104794,0.7650394325349074,7
slp60,219,0,2,72.51242110917148,0.04258484631652988,37,15.182186234817813,0.4087770378417393,7
slp60,220,0,2,73.7503414367659,0.0576755505895043,37,14.263074484944534,0.3131063007279725,7
slp60,221,0,2,75.62338193214333,0.03519479342594733,38,14.404609475032013,0.38627566437570054,7
slp60,222,0,2,69.02151847340642,0.07055224572728093,35,15.709547914121138,0.2894354658449597,7
slp60,223,0,R,73.68995633187772,0.038820892936601306,37,13.50621285791464,0.8928465937662527,6
slp60,224,0,R,72.75666936135812,0.0494368283772331,37,14.565463667260074,0.23904718269738195,7
slp60,225,0,R,70.37394784048573,0.033915220986053915,35,14.497422680412372,0.39074401964571237,7
slp60,226,0,R,74.05375754251233,0.048317877477706085,37,14.914772727272727,0.46360926546005105,8
slp60,227,0,R,71.2734184089058,0.08106910128818172,36,18.601767167880947,1.150225956062547,9
slp60,228,0,R,71.061180292366,0.03885647058241973,36,17.657445556209534,0.8956606500232105,9
slp60,229,0,R L,71.03233662562576,0.04222915135886342,36,12.964563526361276,0.387789633693321,6
slp60,230,1,R HA,69.65310024583448,0.06494799623185363,35,16.449945166849446,0.3652783115625114,8
slp60,231,0,R,75.04056246619795,0.06736288999246787,38,17.931858936043035,0.9939114648699853,9
slp60,232,0,R LA,67.02038536721587,0.04200520801043606,33,19.31745009658725,0.727453091271183,9
slp60,233,0,R L,70.03570447679209,0.04189028345273957,35,13.771996939556237,0.4751556470135748,7
slp60,234,0,R,73.92197125256673,0.060599779977598384,37,15.239477503628446,0.854473175800894,8
slp60,235,0,R,71.46746528723115,0.04285546663388654,36,17.224409448818896,1.0076925349023675,8
slp60,236,0,R L,71.33152173913044,0.08979250457332737,36,16.28001628001628,1.194160688517253,9
slp60,237,0,R LL,65.59169171904892,0.05827038269996174,33,16.519823788546255,0.6521489750925671,8
slp60,238,0,R,72.33397630201158,0.06363528734843873,36,14.950875694147802,0.48378845098464507,8
slp60,239,0,R L,72.75666936135812,0.06461166045433801,37,12.827090815802975,0.5456304976813522,6
slp60,240,0,R,68.98417421885569,0.07185731729227654,35,15.436636283446047,0.7441404300209986,8
slp60,241,0,R,71.5161422149571,0.051787194067527485,36,14.55839534131349,0.24422576076700478,7
slp60,242,0,R L,67.53069577080491,0.06729947598162474,34,14.005602240896359,0.9153797026371079,7
slp60,243,0,R L,75.55132044650149,0.03945131348720338,38,14.955134596211368,0.4398753070067536,8
slp60,244,0,R L,70.45171985080812,0.03721312414990899,35,12.581781580271764,0.7302882718488637,6
slp60,245,0,R L,73.33967132962108,0.0342343052262053,37,13.111888111888113,0.21935177227458202,6
slp60,246,0,R LL,70.26729126481125,0.055104053820067035,35,14.686684073107049,0.19333793097981467,7
slp60,247,0,R,68.92230576441102,0.049185542904943064,34,14.774166314900802,0.5062837794222945,8
slp60,248,0,R L LA,75.46913244492794,0.0660378623937799,38,14.720314033366046,0.2701209605590306,7
slp60,249,0,R,75.87149692412851,0.05879411527724929,38,12.201073694485114,0.4949834744716233,6
slp60,250,0,R L,73.78057111627272,0.057238832540656204,37,11.87460417986067,1.569098390796447,6
slp60,251,0,W,72.22451506397029,0.06508910062681895,36,14.947683109118087,1.4786800420194584,7
slp60,252,0,W,91.64969450101833,0.07855132787617988,46,14.805066622799801,1.37681064622393,7
slp60,253,0,W,77.75201200381937,0.05367647003020082,39,12.274959083469723,0.3956887665830305,6
slp60,254,0,W,71.58440141805289,0.05935533949469595,36,11.131725417439704,1.5074256200555964,5
slp60,255,0,W,69.69117245148946,0.04429907791927807,35,13.930163447251115,1.748905760754421,6
slp60,256,0,W,73.66984993178718,0.03082967946318074,37,9.000900090009,0.38027884505978,5
slp60,257,0,W,81.20178643930167,0.05370279322344416,41,23.852116875372687,0.8236830397671182,9
slp60,258,0,W,78.36570663094439,0.047602783359415514,40,16.27906976744186,1.3854209998909268,8
slp60,259,0,W,82.11304228821677,0.0590957697301592,41,9.827473247433936,2.5284858886078223,4
slp60,260,0,W,74.23700852350838,0.02823621700258876,37,13.26259946949602,1.854901974049662,7
slp60,261,0,W,82.47284430736221,0.03036294432139885,42,23.73759171342252,1.0373511085037936,12
slp60,262,0,W,83.07442928542483,0.09547028154322003,42,21.875455738661223,0.8502537033144871,11
slp60,263,0,W,82.50825082508251,0.07466833331473254,41,17.99177518848526,1.1450439079006571,8
slp60,264,0,W,78.28594973217963,0.044679343854996584,39,15.584415584415584,1.3279091334374753,7
slp60,265,0,W,77.01661937576003,0.049370216553591056,39,15.933232169954477,2.1753379845299383,8
slp60,266,0,W,78.01806734191076,0.06252702462826987,39,18.154311649016645,1.246927022724265,9
slp60,267,0,W,79.3220338983051,0.031881767113716084,40,17.81472684085511,0.3946340076577283,9
slp60,268,0,W,86.08909538125171,0.09005737652052516,43,23.68171771392485,0.8237751149433927,11
slp60,269,0,W,91.8867410835829,0.12805319882140806,46,20.00889284126278,1.2287967013844614,10
slp60,270,0,W,103.16925151719488,0.012847911101993844,52,16.074709124311084,0.8225574851197517,8
slp60,271,0,W,104.50819672131148,0.01829351868384582,52,21.48381552563735,0.30308177114435636,11
slp60,272,0,W,98.93659981154933,0.02067934118921567,50,19.14180890094114,0.2731881219965465,9
slp60,273,0,W,99.83700081499593,0.013750680570791167,50,21.698249674526252,0.38226713172858584,11
slp60,274,0,W,102.09637898175879,0.05887391272881394,51,19.627798778714737,0.873519120752939,10
slp60,275,0,W,96.74818597151304,0.0290282429521473,49,17.067620286085827,1.028179925491484,8
slp60,276,0,W,100.20040080160321,0.023078994778802674,51,19.559547957113878,1.6793114403172054,10
slp60,277,0,W,91.78678270329071,0.050452099272355895,46,20.535442652874963,0.7245905783080812,10
slp60,278,0,W,89.62520369364475,0.0219601442136498,45,19.994075829383885,1.2414210893116222,10
slp60,279,0,W,84.05084050840509,0.04103155298393721,42,19.970414201183434,0.5725869387867101,10
slp60,280,0,W,77.04053303720156,0.057755232751270244,38,17.693895606015925,1.3282947715021693,9
slp60,281,0,W,77.20438845997563,0.04189116620594589,39,19.090041361756285,1.4118438298905442,9
slp60,282,0,W,77.03743749155291,0.03645222274342524,39,25.380710659898472,0.7230440700764561,12
slp60,283,0,W,74.89878542510121,0.05343669069417358,38,19.023462270133166,0.9042521772160685,9
slp60,284,0,W,76.67864050842775,0.043245135093751816,38,15.737410071942445,1.8325120040256104,8
slp60,285,0,W,71.78014766201804,0.0370264549659691,36,11.72241325414192,2.7675266647315255,6
slp60,286,0,W,76.28865979381443,0.04598802524607466,38,18.315018315018317,1.0146940425566713,9
slp60,287,0,W,77.02702702702702,0.1023993594162789,39,28.744809964867457,0.5939513635157531,13
slp60,288,0,W,74.17582417582419,0.07098739237740184,37,39.0625,0.0,2
slp60,289,0,W,71.86858316221765,0.039523694778949896,36,32.2104415514696,0.39693505451144023,17
slp60,290,0,W,73.3695652173913,0.047827880706126896,37,27.548209366391184,0.5824809009744439,5
slp60,291,0,W,73.28308207705192,0.044406140410110505,36,33.78854005349852,0.3659357013192346,17
slp60,292,0,W,72.93354943273906,0.02904402788105594,37,31.31524008350731,0.42295153386647033,5
slp60,293,0,W,70.56870070568701,0.034109735390983414,35,32.62642740619902,0.5204027286630999,17
slp60,294,0,W,72.94340132378765,0.03187688508102909,37,32.06412825651303,0.5006639966085039,17
slp60,295,0,W,74.63690155997848,0.05291491578597626,38,34.33476394849786,0.39580771846946083,17
slp60,296,0,W,72.70461154964686,0.02556374984470096,36,32.74662300450266,0.37894186559418325,17
slp60,297,0,W,73.97260273972601,0.03403411505613624,37,29.38706968933669,0.7473101697393916,15
slp60,298,0,W,73.80073800738008,0.045717733004941426,37,31.7976257772753,0.4781931920143667,16
slp60,299,0,W,72.72475412106941,0.031370127477573034,36,32.948929159802304,0.38944447614518807,13
slp60,300,0,W,72.5026852846402,0.028359247408565803,37,18.703241895261844,0.9302236290269131,9
slp60,301,0,W,75.9233926128591,0.03850773783150507,38,22.858884486437066,0.9998652709240382,11
slp60,302,0,W,76.2991476491614,0.026880467490456313,38,33.10344827586207,0.43496637801099064,17
slp60,303,0,W,74.05375754251234,0.03193666571957613,37,32.555615843733044,0.5064770478511341,17
slp60,304,0,W,72.9631130928253,0.04352649257125543,37,34.22359414843645,0.37299112673472196,18
slp60,305,0,W,74.92715415568198,0.030923841136205627,37,26.996073298429323,1.0548289274170017,12
slp60,306,0,W,77.1103896103896,0.0242397992367101,39,16.741071428571427,1.0071175275436897,8
slp60,307,0,W,72.7247541210694,0.061362382946038914,36,15.466195315952275,2.790107773501788,8
slp60,308,0,W,73.53942530300966,0.030265287943797698,37,16.087023134671362,1.4638264645672134,8
slp60,309,0,W,73.21041214750542,0.0362678649039526,37,13.621503814021068,1.9818397917087043,6
slp60,310,0,W,75.5718954248366,0.030698134414612523,38,14.929617517417888,1.2010694554165857,8
slp60,311,0,W,73.76041524381915,0.034229977476251575,37,14.146494812951902,0.5567317327243186,7
slp60,312,1,W HA,71.88826509653568,0.038933706083389426,36,12.879221522610187,1.3121984944698302,7
slp60,313,0,W,77.19393282773565,0.04586575618070305,39,14.819693726329655,1.065185847112554,7
slp60,314,1,W HA,76.46900992755566,0.03152978629522748,39,16.613595458950574,1.2356106789761896,9
slp60,315,0,W,72.30851633636851,0.056627001368169026,37,20.700362256339485,1.1553768865612641,9
slp60,316,0,W,73.61963190184049,0.04636449791237543,37,16.245487364620942,1.6176223979106565,7
slp60,317,0,W,75.09132728994724,0.050838635279749377,38,14.819693726329655,1.952048382824793,7
slp60,318,0,W,72.18286325357572,0.03776911665421241,37,11.612154054577125,0.6266250872730837,5
slp60,319,0,W,72.5319006044325,0.038653094680698726,37,12.337217272104182,0.8351204836562341,7
slp60,320,0,W,76.58202337767028,0.058867709333862026,39,19.27470017133067,1.227489257200734,10
slp60,321,0,W,71.81942544459643,0.04438937177445309,36,16.304347826086957,1.8665167558851434,6
slp60,322,0,W,68.77022653721683,0.053187921723837246,35,13.539942831352489,1.8873874948074536,7
slp60,323,0,W,72.80543613923172,0.03348668940559723,36,13.125656282814143,1.5361070796008982,6
slp60,324,1,W CAA,73.29985068548933,0.04993464865003525,37,19.083969465648853,1.5409918883628166,9
slp60,325,1,W HA,73.43941248470011,0.035868587309170044,37,12.05787781350482,0.6387738253873588,6
slp60,326,0,W,72.77628032345015,0.06012415138899603,37,11.399908800729593,0.9641291199834181,6
slp60,327,1,W HA,72.40547063555913,0.038291281282065,37,9.510223490252022,4.859528680849615,5
slp60,328,1,1 H,71.98683669271905,0.06871945926469922,36,13.580805794477138,1.5602098149501136,7
slp60,329,1,1 CAA,71.24440222553942,0.048259705590414335,36,13.521634615384617,2.61967801244521,7
slp60,330,1,1 X,70.40309221424629,0.05221621273103133,35,9.305210918114145,3.881666652354372,5
slp60,331,1,1 OA X,69.54861584617483,0.05321406791649604,35,10.995455211845771,2.3720147048448075,6
slp60,332,1,1 X,71.49666348903719,0.05339919742575056,36,17.39274474076528,2.308189501646302,8
slp60,333,1,1 X,71.26374372200354,0.0518932656556529,36,21.09704641350211,1.1842995116664252,7
slp60,334,1,1 X,70.18026696023118,0.055292240268504544,35,15.845070422535212,1.622984356739837,7
slp60,335,1,1 X,75.11165245635404,0.03213303245911068,38,15.450264861683344,1.1190841736684074,8
slp60,336,1,W X,73.59956385443643,0.05091884125804247,37,16.89902830587241,1.5708621040689728,9
slp60,337,1,W HA,73.01243915630072,0.04787432106342554,37,14.890800794176041,1.3057956280453011,7
slp60,338,0,1,71.13821138211381,0.0470587995198018,36,11.842728564661298,2.6153462179986806,6
slp60,339,1,1 HA,70.17061089708311,0.06427191371612927,35,22.71580010095911,1.563177390943061,4
slp60,340,1,1 HA,82.45155970867116,0.06469242614093244,41,22.278330610426263,0.9859704660891216,11
slp60,341,1,1 X,91.46341463414635,0.06467972376770534,46,20.542317173377157,0.8549017253462529,11
slp60,342,0,W,81.14687584527995,0.11018729509339995,41,29.648454044896233,0.43692029815376576,15
slp60,343,0,W,75.09132728994724,0.0726362602049888,38,26.712328767123292,0.43140019723861367,14
slp60,344,0,W,76.41470466749279,0.06092522569814258,38,29.43237561317449,0.49270009920346275,15
slp60,345,0,W,69.67213114754097,0.037617635560868425,35,28.097404335028095,0.48070628310044466,15
slp60,346,0,W,70.3448275862069,0.03559324223407534,35,28.668941979522177,0.48605979308000735,15
slp60,347,0,W,70.61197041022193,0.04526781980838134,36,28.704209950792787,0.37931581801438014,15
slp60,348,0,W,70.65948855989232,0.057407387706333635,36,28.02989855846236,0.494770035223539,15
slp60,349,0,W,70.87889833940868,0.0483046116867125,36,30.974669603524227,0.3742269305589264,16
slp60,350,0,W,70.95553453169347,0.04286003799744999,36,29.58163121566418,0.4529458227728201,15
slp60,351,0,W,71.40914036996736,0.04288928318641963,36,28.73170064304282,0.43779046334510113,15
slp60,352,0,W,77.08953205301594,0.07538047536651647,39,30.315278900565882,0.44751449883402283,16
slp60,353,1,W HA,70.04532344458178,0.06578490692581966,35,30.71672354948805,0.38130069790418986,16
slp60,354,1,W CAA,71.97696737044146,0.042139360629768856,36,27.643889991494188,0.4411747631014643,14
slp60,355,0,W,73.09149972929075,0.05077279333668649,37,31.574515857423517,0.3616951693837721,16
slp60,356,1,W CA,71.88826509653566,0.05962122618870647,36,30.463038180341186,0.41963234702137386,16
slp60,357,1,1 HA,70.96512570965125,0.05006131750367824,36,30.35208417644678,0.36188307503943873,16
slp60,358,1,1 CA,69.81519507186859,0.07114612868102928,35,31.574515857423517,0.4045460775843573,16
slp60,359,1,W CAA,69.89173632999862,0.07200663175917228,35,29.05368013281682,0.4324162771389322,15
slp60,360,1,1 HA,73.02231237322515,0.06659579566308972,37,31.81561085972851,0.44691503542495514,16
slp60,361,1,1 X,70.58349018553375,0.056861708359413725,36,32.53325621746674,0.38164686411509907,16
slp60,362,0,W,80.63404548587181,0.05056795117199303,40,30.463038180341186,0.4079131933798333,16
slp60,363,1,1 H,74.49303352186507,0.03596483193068568,37,31.01309441764301,0.40412187380651515,16
slp60,364,0,W,73.17073170731707,0.04279148409568323,37,29.791459781529298,0.396578941880248,15
slp60,365,0,W,71.6821409066084,0.03234588577440123,36,13.684050478941769,0.8719125848131539,7
slp60,366,0,W,71.62346521145975,0.07073999532637469,36,10.615711252653929,1.856412023231912,6
slp60,367,0,W,74.10456978180322,0.053718401564702825,37,15.59900166389351,1.4740433643553366,6
slp60,368,0,W,67.96649732253192,0.07235927097131688,34,14.825064241945048,1.5108977993233028,6
slp60,369,0,W,71.28309572301427,0.04589962429262446,36,15.285326086956523,1.2033058168599073,7
slp60,370,1,W CAA,70.0164744645799,0.03989467101113263,35,12.558606831882114,1.8371954278192615,6
slp60,371,0,W,69.5012264922322,0.05767634310211786,35,11.082379017362392,2.7714148011439934,5
slp60,372,1,W HA,71.12857336404282,0.05868479620926061,36,9.279307145066502,0.22199999999999998,3
slp60,373,1,W X,72.7664735210888,0.06281650722737547,37,9.44386149003148,4.356416060121999,4
slp60,374,0,1,69.77698727596113,0.05312347697796497,35,11.042402826855124,1.6166426444950657,6
slp60,375,1,1 X H,80.34279592929833,0.0624768757221422,41,19.852524106636416,1.0735295210906226,8
slp60,376,1,1 X,72.90400972053463,0.057591473134291124,37,13.711151736745888,1.410391151418641,6
slp60,377,1,W X,72.85483000539665,0.06437237349310494,37,12.958963282937365,2.0895348764737096,5
slp60,378,0,W,73.97260273972604,0.07595385213615559,37,19.13962814436748,2.4228103769071527,8
slp60,379,0,W,69.15254237288136,0.06575081406471718,35,9.188361408882082,2.203358345798522,5
slp60,380,1,W CA,69.92048258842885,0.052622833729834284,35,15.706806282722514,1.5897924392825626,7
slp60,381,0,W,71.5356315574329,0.04647846988945856,36,10.743061772605193,1.3682496117302576,5
slp60,382,0,W,70.32819825853986,0.056532742905400966,36,14.687882496940025,1.228701346951325,5
slp60,383,0,W,71.996708721887,0.07120797937401828,36,19.925611052072263,1.342407151351631,6
slp60,384,1,1 H,73.38950801848328,0.07849856489999055,37,19.656019656019655,1.652938519727821,9
slp60,385,1,1 HA X,68.9607132906102,0.054295454016937895,34,9.807126511932003,2.1639787429639874,5
slp60,386,1,W HA,69.76744186046511,0.05597478423887166,35,6.746626686656672,5.705178310583777,4
slp60,387,0,1,69.13379422529484,0.06973891002112274,35,6.694436179708421,9.160760570073982,4
slp60,388,1,1 X,68.28528072837634,0.04403488057291298,34,4.948861761794788,7.108,3
slp60,389,1,1 X,68.55955678670361,0.05643774860322908,34,15.015015015015015,2.070628338037929,8
slp60,390,1,1 OA,69.21824104234528,0.05531113630461734,35,12.842465753424658,0.9119999999999999,3
slp60,391,1,1 X,67.84539473684211,0.09142303210295571,34,10.34126163391934,0.13800000000000034,3
slp60,392,1,1 OA,71.66257166257166,0.05480997972587675,36,21.495103893002145,1.0047604468506688,7
slp60,393,1,1 X,71.48864592094196,0.06236492670600184,35,9.196811771919068,0.0,2
slp60,394,0,1,67.1368506713685,0.08240053134886229,34,6.9252077562326875,9.349261075971015,4
slp60,395,1,1 X,69.26524514464214,0.058040076835158834,35,13.043478260869566,1.6,3
slp60,396,1,1 X,82.9623634156212,0.0701953761923564,42,27.243007628042136,0.6985612643140184,11
slp60,397,1,1 X,92.15017064846415,0.06072679153286911,46,22.907758094074524,0.90345080662978,11
slp60,398,1,2 X,75.53075666848123,0.0779990822369262,38,15.107913669064748,1.3803874049538059,8
slp60,399,0,W,65.47537852953212,0.06626733263833696,33,11.229225932025754,1.613561328242593,6
slp60,400,0,W,70.40364757945554,0.06604547598404589,36,14.111006585136407,1.9826541133877422,7
slp60,401,0,W,66.74757281553399,0.05782542359831936,34,11.957908163265307,1.1096106704605901,6
slp60,402,0,W,71.62346521145975,0.039066662023170766,36,16.052591346888853,1.371735679899814,8
slp60,403,0,W,71.5064015254699,0.03737789371775127,36,13.544018058690746,1.4696389579303708,7
slp60,404,0,1,66.39004149377594,0.0683588874982617,33,12.91100017214667,1.7703177567883117,6
slp60,405,0,W,65.68144499178982,0.0712583328460609,33,11.27141568981064,3.1612700232659665,6
slp60,406,0,1,69.23703502579419,0.06416069790541046,35,9.185548071034905,4.7936190920848105,5
slp60,407,1,1 HA,66.09749380335995,0.0874639211332307,33,11.547344110854503,0.0,2
slp60,408,1,1 X,67.83609702617514,0.08543795239719598,34,15.527950310559007,1.5937603332998347,5
slp60,409,1,1 X,70.26729126481123,0.07485349011702101,35,26.288117770767613,0.7944874070745237,6
slp60,410,0,1,67.08226046889823,0.07264985778752282,34,13.66950182260024,1.892784427474214,7
slp60,411,1,1 X,68.64064602960968,0.09960503315474468,35,5.277044854881266,8.930000000000001,3
slp60,412,1,1 X,71.39942880456957,0.07747661134899002,36,10.476689366160294,4.451367767327252,5
slp60,413,1,1 X,67.93851221520725,0.04960701392986328,34,12.697516930022573,1.4647205270024115,7
slp60,414,1,1 X,66.3441603317208,0.0881042528769185,33,17.723513194170934,1.6489457911715055,4
slp60,415,0,1,68.90960680989055,0.0576702234370587,35,8.775778850372971,4.2353610235728425,5
slp60,416,1,1 H,69.35001359804188,0.0801676444151421,35,4.74158368895211,7.774000000000001,3
slp60,417,1,1 X,67.53990994678674,0.04628620985931444,34,10.229597635826325,0.7470213443328704,4
slp60,418,1,1 X,68.0973999174577,0.06462027247176438,34,13.540961408259987,1.580069302277593,5
slp60,419,1,1 X,66.85236768802228,0.06415411132577553,33,14.609203798392986,1.6865761174640175,5
slp60,420,1,1 CA,68.4931506849315,0.0736511021539043,34,4.730368968779565,7.9399999999999995,3
slp60,421,0,1,64.53347674105943,0.08045456792500971,33,9.58926002876778,3.5741341608842836,5
slp60,422,1,1 X,70.31877846236272,0.08615081223633118,36,21.17314930991217,0.7455351214288637,10
slp60,423,1,1 X,64.5682001614205,0.09083191894923283,33,19.907100199071003,1.3326424876912788,9
slp60,424,1,1 CA,68.22880771881461,0.10165715983189398,34,12.239902080783354,1.494,3
slp60,425,1,1 X,67.65992345544014,0.06107310948004093,34,8.72346612387322,7.090408450858103,5
slp60,426,1,1 OA,72.82535401213755,0.07869765554102817,37,9.474182851729038,2.7962036764155793,5
slp60,427,1,1 X,70.2341137123746,0.05799141386130065,36,9.91571641051066,2.1139619201868327,5
slp60,428,1,1 CA,65.68144499178982,0.10374367450596687,33,30.434194508318672,0.5299073965221556,16
slp60,429,1,1 CA,66.81965442764579,0.07592737335029519,34,17.678255745433116,0.9474112095600304,5
slp60,430,1,1 X,71.87842278203725,0.07519131517370221,36,13.75641966250917,1.63080466028277,6
slp60,431,1,1 X,69.05890318212593,0.07540185306984691,35,12.76595744680851,0.0,2
slp60,432,0,1,64.62035541195476,0.11616690578645883,33,15.544041450777202,2.1239999999999997,3
slp60,433,1,1 CA,72.30409034568241,0.08914241758133386,36,13.847858197932052,1.7769428128108118,6
slp60,434,1,1 X,77.70961145194273,0.08414267002934712,39,16.203703703703702,1.531876480340503,8
slp60,435,0,1,69.64358869315855,0.07034713727781246,35,7.158765510658608,3.853400691452796,4
slp60,436,1,W X,73.24020073240202,0.08600681856403115,37,12.52261026854042,1.8706411259838758,7
slp60,437,0,W,69.39719689753709,0.051610599485364964,35,18.603827072997877,1.832882774567463,8
slp60,438,1,1 X,70.93635995135793,0.0677632372790041,36,10.91901728844404,1.9758307113718017,5
slp60,439,0,W,72.27948065854638,0.0534455994331192,37,16.01423487544484,0.9369586733445372,4
slp60,440,1,1 HA,74.30851795789184,0.06280235507104122,37,14.5748987854251,2.3337711017911666,7
slp60,441,0,1,68.92823354507365,0.11510001668475314,35,20.026702269692922,1.496,3
slp60,442,1,W X,70.76425394257986,0.07387084150386942,36,20.594965675057207,1.8039876816529417,4
slp60,443,1,1 CAA,66.28918657643972,0.07020850642906457,33,31.663383056571906,0.3741784719741221,16
slp60,444,1,1 X,69.86301369863014,0.07715853450116056,35,10.615711252653927,0.2975275897570957,4
slp60,445,1,1 CAA,72.7852488562318,0.07121073067498539,36,11.476664116296863,0.5840000000000001,3
slp60,446,0,1,88.15088150881509,0.08324547161953945,44,16.44376233282175,0.9388994408348531,6
slp60,447,1,1 CAA,95.78804347826087,0.038953629384064305,48,21.05427323767935,1.4617324407685086,10
slp60,448,1,1 CAA,75.2746507527465,0.05722708599784054,38,21.65543792107796,1.4489892262462747,10
slp60,449,0,W,73.3650083845724,0.06024971165990789,36,14.660368138133245,1.5883700940132168,7
slp60,450,0,W,68.71463217461601,0.0627190141861655,35,12.851267991775188,2.363150981211315,6
slp60,451,0,W,70.75471698113206,0.05893965009177758,35,16.849199663016005,1.2924577362529113,9
slp60,452,0,W,70.69754915162942,0.04523953481418749,36,12.550200803212853,2.357646826816943,6
slp60,453,0,W,70.49818718947226,0.0680912712797301,36,15.557860423766483,1.9811297539638375,8
slp60,454,0,W,74.69717362045762,0.06583082552635484,38,31.24566032495487,0.38622540338799866,16
slp60,455,0,W,88.09068560502595,0.06666166197187369,44,32.19747786423397,0.3457914834116074,17
slp60,456,0,W,79.8852929127407,0.039102353929657954,40,30.176749532978874,0.44339589349400493,15
slp60,457,0,W,73.56948228882834,0.038410389540999935,37,28.81053642474963,0.40900047402796735,15
slp60,458,0,W,76.26769273052082,0.03867037756220523,38,27.573529411764703,0.5095687467774174,14
slp60,459,0,W,81.56606851549753,0.08939709167528885,41,23.98464982411257,0.8157199519442931,11
slp60,460,0,W,75.7782632441289,0.06821236122229474,38,22.813688212927758,1.3893350927691994,9
slp60,461,0,W,68.59448554135845,0.0867923585047076,35,11.184014315538324,2.5106243366939625,6
slp60,462,0,W,68.08803301237964,0.03618785798023186,34,14.390789894467542,1.969726433346068,7
slp60,463,0,W,74.76761417216758,0.08940089534034447,38,22.796352583586625,1.2367283003509253,10
slp60,464,0,W,66.90827989963759,0.04225443763677374,33,21.65543792107796,1.874937865637152,10
slp60,465,0,W,69.19945725915875,0.03563288399982985,35,16.74340728338217,1.5866284221581308,9
slp60,466,0,W,69.56758968762789,0.05888385142360773,35,18.034265103697024,1.6486694635371881,9
slp60,467,0,W,70.37394784048571,0.03300099610533957,35,15.909090909090908,1.900112993417787,8
slp60,468,0,W,69.03086085544125,0.0424489108765122,35,12.966431349949575,2.768659282436577,7
slp60,469,0,W,69.91089787525702,0.041605329709156404,35,15.756302521008406,1.8226632528619575,7
slp60,470,0,W,72.88432986907816,0.06744755621596807,37,19.795447047179152,1.6503305729459175,9
slp60,471,0,W,73.66984993178718,0.057047954703060726,37,12.807741568236803,2.2632052982931583,7
slp60,472,0,W,73.75034143676592,0.07309827648235871,37,20.588683849321335,1.9193944518332848,10
slp60,473,0,W,74.93923845530651,0.028520467961946957,38,11.32930513595166,2.3259836628832975,5
slp60,474,0,W,75.88187038556194,0.03483464015685478,38,13.498920086393092,2.36399580371878,6
slp60,475,0,W,72.24439245906152,0.03836767346799826,36,15.053763440860216,1.4791192083983837,8
slp60,476,0,W,70.07419620774938,0.04720858522590083,35,14.333492594362157,1.3551890397038096,7
slp60,477,0,W,73.48938486663037,0.03519820421906368,37,12.95336787564767,1.5782944380987132,7
slp60,478,0,W,76.04823239243628,0.05349134129804686,38,15.107913669064748,1.3282623296346736,8
slp60,479,0,W,73.97260273972601,0.030581201358730308,37,17.2885751332661,1.6855051913298873,9
slp60,480,0,W,76.95423248278657,0.03298971551317,39,13.048016701461378,1.4611679711792207,6
slp60,481,0,W,74.2370085235084,0.031211742013322035,37,13.14252336448598,1.4055369871412928,7
slp60,482,0,W,75.88187038556194,0.02923240044776755,38,11.083197872026009,0.4192,6
slp60,483,0,W,75.89224668398741,0.035170211181699995,38,12.873694750393362,1.5977040471320783,7
slp60,484,0,W,77.8688524590164,0.03399592610431066,39,12.90322580645161,1.413132218395245,7
slp60,485,0,W,76.71601615074024,0.05649955261755069,39,17.576163374623366,1.3092651935107629,8
slp60,486,0,W,72.15503023639361,0.04085678321520035,36,15.058081170228022,2.402451537025274,8
slp60,487,0,W,74.36992149841619,0.05092756899706305,37,19.596458121643202,1.2130799898310067,10
slp60,488,0,W,72.81553398058253,0.03742573598856425,36,13.636363636363638,2.225637287010921,7
slp60,489,0,W,72.49295207410391,0.03696695220809466,37,9.48316737790422,1.684575614212672,5
slp60,490,0,W,72.75666936135812,0.049364854794569056,37,10.1010101010101,0.706535207898375,5
slp60,491,0,W,72.3763570566948,0.0632411609985494,37,19.82815598149372,1.0230431727612153,7
slp60,492,0,W,73.84110488171748,0.04335028158593951,37,10.638297872340425,0.3312883940013595,5
slp60,493,0,W,73.86130488305292,0.03549491356362046,37,12.538311507383673,1.5482474680173781,7
slp60,494,1,W HA,71.54538021259198,0.04965658391926101,36,8.364312267657994,3.39063075089118,4
slp60,495,1,W CAA,70.68607068607069,0.046443178811656376,35,14.2122360584732,2.4329028936223325,8
slp60,496,0,W,73.68995633187774,0.05550931408887416,37,11.846469752013899,1.5387691704735964,6
slp60,497,1,W X,70.07419620774938,0.061464030047007,35,10.477787091366304,3.19128874281222,6
slp60,498,0,W,71.51614221495709,0.04471975320292601,36,14.475969889982625,2.4703546627964177,6
slp60,499,1,W HA,70.30603804797353,0.06021047282709449,35,10.233668770254138,2.6466951089991455,5
slp60,500,0,W,71.03233662562576,0.05273316735011761,36,10.49501486793773,2.904372393478494,5
slp60,501,0,W,69.93006993006993,0.054026137465228476,35,9.705596894208993,1.7753974202977765,5
slp60,502,1,W HA,69.73882127717764,0.03791467382623094,35,14.596172559195589,3.0104791792817447,7
slp60,503,1,W HA,70.18026696023118,0.04070333212004566,35,19.542155220547183,1.5094670501571752,8
slp60,504,1,W HA X,68.77865777407253,0.08673114787098855,34,14.792899408284024,1.4183737166205526,5
slp60,505,1,W CAA,73.70001364815066,0.061827617785158544,37,17.89976133651551,2.018242800061479,9
slp60,506,1,1 CAA,71.13821138211382,0.040376998907996196,36,15.350503155381205,1.6524864766634417,7
slp60,507,1,1 CAA,74.88867899068953,0.07086105087969707,38,11.169024571854058,4.317850576386357,6
slp60,508,0,W,70.92677654687922,0.055733007843335576,36,13.406822583047818,2.9515432498195846,7
slp60,509,1,W HA,66.54651323998337,0.06639924227730312,33,9.666505558240695,5.190345942227744,5
slp60,510,0,W,68.7980574666127,0.05623886279594668,35,11.124295461287453,3.1393406696311246,6
slp60,511,1,W X,66.47864625302175,0.06877503551174563,34,20.21563342318059,1.3840971064199215,6
slp60,512,1,W X,68.9935064935065,0.07942805933041887,35,8.85478158205431,4.172001917545101,5
slp60,513,1,W X,65.58272988113131,0.08231788611838863,33,11.687704534829361,1.3095381781376212,6
slp60,514,1,1 X,67.49386419416416,0.09791538859725063,34,8.836524300441827,6.794224900604925,5
slp60,515,0,1,69.71022416621105,0.05509752285013776,35,8.243267997801794,5.438048996550958,4
slp60,516,1,1 X,66.61115736885928,0.07003882851675919,33,11.325883418906674,4.6867292475670075,6
slp60,517,1,1 X,63.36876533115291,0.07214461139387875,32,11.27141568981064,3.0192485422700797,6
slp60,518,1,1 X,64.47587354409318,0.09291021479087751,32,15.174506828528072,1.515172597429085,5
slp60,519,1,1 X,66.47864625302175,0.08465154633862669,34,11.133102424542306,0.8572597169016062,4
slp60,520,1,1 X,68.78877798759106,0.056509790314458644,35,15.7260178228202,1.2990671866980383,7
slp60,521,1,1 X,65.65449322938039,0.10178892068884512,33,7.087730351236415,4.873295211889202,4
slp60,522,1,1 X,68.34184730084219,0.1080701061443771,34,8.780916142250842,4.950559867328139,5
slp60,523,0,1,67.62295081967214,0.04404355470149749,34,10.700527892709374,2.0266597543741773,6
slp60,524,1,1 OA,69.51069919585662,0.0615010619651187,35,11.453879047037264,3.418014956081965,6
slp60,525,1,1 X,68.48367459878251,0.06318791482830355,34,13.486782952706347,1.6221455421755473,6
slp60,526,1,1 X,65.18196632265074,0.08488668918034206,33,19.75633849193283,0.8836532125217449,5
slp60,527,1,1 OA,68.95110739657333,0.0875032309517611,34,11.992324912056285,5.637797811202526,6
slp60,528,1,1 X,64.05841024934564,0.06990571917490786,32,13.321492007104798,1.0244087725773012,7
slp60,529,1,1 X,83.03349017437031,0.07587120665970722,41,18.287107589149652,1.3400712667615853,9
slp60,530,0,1,62.30738308991023,0.059015298110152555,32,8.034279592929835,0.7499617768037689,4
slp60,531,1,1 X,61.703002879473466,0.06320632879704374,31,11.238059561715676,2.428962535734135,5
slp60,532,1,1 X,62.47480854494155,0.07356264717445408,32,7.72399588053553,2.1559999999999997,3
slp60,533,0,W,64.18219461697721,0.057878123770888544,32,12.35788433020267,2.3998018584874874,6
slp60,534,0,W,70.6880301602262,0.0773255825344091,36,16.765128532652085,1.3793525840119374,8
slp60,535,0,W,68.12551610239473,0.11213176035557798,34,12.63051532502526,2.4343167912167885,6
slp60,536,1,W CAA,67.66917293233084,0.056368197925547855,34,11.540236959532237,0.3917092799513437,6
slp60,537,1,1 CAA,65.47537852953212,0.05978594630011304,33,19.505851755526656,1.3371372405254442,10
slp60,538,1,W HA,65.01677852348995,0.06763235376470661,32,12.577561630051987,0.7953931354996722,6
slp60,539,0,1,67.72737045796603,0.13022248535337502,22,11.239322643488686,3.487951008830256,6
slp60,540,1,1 HA,151.12842557764642,0.08308991007069122,76,7.526342197691921,4.943211371837812,4
slp60,541,1,1 HA H,151.1081262592344,0.08224667504255449,76,4.407875404055245,8.364,3
slp60,542,1,1 X,150.6225733029857,0.08771369993082925,76,9.313877677739832,2.6477469667624964,5
slp60,543,1,1 X,148.31640833778727,0.08302477474422583,75,13.178124313639362,1.8206512571055447,5
slp60,544,1,1 X,147.4350343341861,0.08381330171282184,74,13.566475731082301,0.36418798564599697,4
slp60,545,1,1 X,147.5940153659523,0.07710517804850421,74,12.295081967213115,0.44200754141379384,4
slp60,546,1,1 X,69.04487917146145,0.11721348045340178,9,12.91100017214667,1.950468907724499,6
slp60,547,1,1 X,147.55423797331898,0.08482754574087117,74,9.787928221859707,2.563395404536725,5
slp60,548,0,1,65.26315789473684,0.0755545299284955,32,14.847285067873305,1.2534090004659213,8
slp60,549,1,1 X,65.77144423129624,0.09066387097405448,33,7.024664377146426,5.919028148456655,4
slp60,550,1,1 H,66.30750103605472,0.07092767002376435,33,11.834319526627219,0.8860000000000001,3
slp60,551,1,1 OA,64.62905614649253,0.09961605982470899,33,12.34906695938529,0.10654993612803763,4
slp60,552,1,1 X,69.59606986899563,0.07486606264282994,35,25.996533795493935,0.7817382341082382,4
slp60,553,1,1 X,67.2645739910314,0.061622506710887155,34,29.635901778154107,0.5473402851564116,15
slp60,554,1,1 X,65.54835071891739,0.12042546842063281,32,16.344320348678835,1.6648804761904081,5
slp60,555,0,1,63.17076484173345,0.08995963946443006,32,12.686777558500141,0.24989242129808992,4
slp60,556,1,1 X,64.50270495214315,0.09090137134947635,32,12.78772378516624,0.06400000000000006,3
slp60,557,1,1 X,64.17333701352469,0.10049666464404958,32,29.366522164732206,0.49199809191599475,15
slp60,558,0,1,63.446582071223894,0.09914615705036882,32,17.7430801987225,1.4266415947952729,6
slp60,559,1,1 CAA,71.49866816206365,0.06236725695815416,35,16.222062004325885,1.551949598265213,4
slp60,560,1,1 X,65.19081895966319,0.08795089183743393,33,32.019353920592,0.44594018532633817,16
slp60,561,1,1 X,68.5785536159601,0.10065613941635083,34,16.906170752324602,0.5938577270693715,5
slp60,562,0,1,71.82925160760705,0.05874485822050248,36,26.05674580196873,0.8976076846571421,4
slp60,563,1,1 X,63.95268876358135,0.06256321672843357,32,23.076923076923077,0.6177723421023853,4
slp60,564,1,1 X,67.55834584413812,0.09765485218926152,34,20.799630228795934,1.5055796964034225,7
slp60,566,1,1 X,62.46641590542719,0.07434005170997271,32,17.904034375746,1.1864229262788208,6
slp60,567,0,1,66.12481057996969,0.09376091603114807,33,27.777777777777775,0.6593613071248065,7
slp60,568,1,1 X,66.74082313681869,0.05923681287847954,33,28.981507038365994,0.4795681731027,15
slp60,569,1,1 X,66.47278770253428,0.09560130425365546,33,14.015416958654518,1.0113688743480294,5
slp60,570,0,2,68.80733944954129,0.07724064763490028,35,8.571428571428571,3.484,3
slp60,571,1,1 X,64.47280053727333,0.11202950225275483,33,7.792207792207793,0.9679999999999995,3
slp60,572,0,2,69.2276367585177,0.10390366845467537,35,18.891687657430733,1.2533909206628233,6
slp60,573,1,1 X,62.34413965087282,0.07479465221524868,31,30.33367037411527,0.4199693866394141,15
slp60,574,1,1 X,63.53326957234594,0.08543689518769522,32,16.823687752355315,1.485491649252866,6
slp60,575,0,1,66.69445602334306,0.07377912560474,33,23.198267862666253,0.8728201647533128,6
slp60,576,1,1 X,63.19652079369394,0.09319309617014189,32,25.4416961130742,1.0094849621905664,13
slp60,577,1,2 X,64.9532057549937,0.09874534459975758,32,17.15462031107045,1.6919945153575409,6
slp60,578,0,1,68.52996506315507,0.08707948880328946,35,17.928286852589643,0.272476706445809,4
slp60,579,1,1 X,64.28867689755289,0.11629722586999758,32,16.61392405063291,1.368274706873363,8
slp60,580,1,2 X,66.61283811061769,0.09495111109735678,34,16.544117647058822,1.2643895321019107,4
slp60,581,0,1,65.53795740032768,0.08727972273099863,33,29.089901648427766,0.5129602761403257,15
slp60,582,1,2 X,64.83857895447791,0.1130336647862043,33,13.917884481558803,1.3546582594883478,5
slp60,583,0,1,68.64988558352402,0.06490717353629402,35,28.248587570621467,0.7677707991321369,4
slp60,584,1,1 X,66.22073578595318,0.11879443395642166,34,11.971268954509178,1.052,3
slp60,585,0,1,62.81237336215048,0.07894412465724111,32,13.91723881981815,1.2740446459995032,6
slp60,586,1,1 X,70.41281237056468,0.07470402962037917,35,19.828155981493722,0.8381956812105392,5
slp60,587,1,2 X,67.17329352693717,0.06948108858716905,34,31.128942999446593,0.42816536784544157,16
slp60,588,0,1,64.98043599776412,0.0920650360543223,32,17.44693224774644,1.2616667547335945,5
slp60,589,1,1 CA,68.81662393739037,0.09649131771544871,35,18.856065367693276,1.174,3
slp60,590,1,1 X,63.394683026584865,0.11770571250140353,32,18.072289156626503,1.7654551820989397,4
slp60,591,0,2,68.35128417564209,0.08226544417788749,34,23.540489642184557,0.8677747173085881,6
slp60,593,1,1 X,67.50306832128733,0.10239676877362913,34,12.92360712234348,0.928771709780659,4
slp60,594,0,1,69.00284129346502,0.06944495716842633,35,17.942583732057418,0.06400000000000006,3
slp60,595,1,1 X,63.9614855570839,0.08811061064728151,32,21.808665309683043,1.3537382908080868,11
slp60,596,0,1,69.36887921653971,0.06602002422459352,35,20.0133422281521,0.8553572353116562,5
slp60,597,1,1 X,64.02313093762908,0.07260813816210498,32,31.315240083507305,0.42512555008295294,16
slp60,598,1,1 X,68.56905388557973,0.10542625883252865,34,27.347310847766636,1.0408477314189621,5
slp60,599,0,1,66.90997566909977,0.06347859230040291,34,29.15451895043732,0.3805282043235617,15
slp60,600,1,2 X,68.3921147914711,0.11908956822289503,35,19.64207769532955,0.3444235119087481,4
slp60,601,0,1,70.92677654687922,0.06073358348776488,36,18.337408312958434,0.42400000000000015,3
slp60,602,1,1 X,66.56497018444044,0.07718555159484192,33,32.7242977911099,0.30814241837176526,17
slp60,603,0,1,67.06408345752607,0.09488578993354661,34,20.242914979757085,0.8421448806470297,5
slp60,604,1,1 X,65.24484355268697,0.07522082648264755,32,30.11241970021413,0.47349563414624585,16
slp60,605,1,1 X,65.52901023890786,0.0847429016201357,33,13.77410468319559,0.8670132640277195,4
slp60,606,0,1,70.81197734016726,0.06692245893722136,36,20.804438280166437,0.0,2
slp60,607,1,1 X,62.14611241541224,0.10450892572194759,31,13.979496738117428,0.0,2
slp60,608,0,1,63.351498637602184,0.08003682815155731,32,15.08674880563239,1.8695076892059042,5
slp60,609,1,1 X,69.17130069171301,0.07337980073364428,35,19.88862370723946,0.8202766362636449,6
slp60,610,1,1 X,65.59169171904892,0.09062801719115342,33,30.97466960352423,0.42465475650488393,16
slp60,611,0,1,65.96124776693694,0.11655410492556666,33,14.82213438735178,0.6212846905136701,4
slp60,612,1,1 CA,66.68462885625758,0.06867006330361906,34,29.515108924806746,0.36152432384930044,15
slp60,613,1,1 X,69.06825568797399,0.0907094681522097,35,17.0261066969353,0.809439312116727,5
slp60,614,0,1,67.46310611384399,0.08518573457451664,33,28.0373831775701,0.36643767741400646,15
slp60,615,1,1 X,69.82475355969332,0.06711865236139421,35,20.3942895989123,0.9402744280262013,7
slp60,616,0,1,66.17951192609955,0.077114261813234,33,33.08063404548587,0.281911222728007,17
slp60,617,1,1 X,66.31666206134291,0.14660981379157403,33,21.45155523775474,1.2226344506842592,5
slp60,618,0,1,64.04076573474727,0.08691833573169915,32,21.306818181818183,0.7,3
slp60,619,1,1 X,65.76243321002877,0.06975929597551857,33,21.07481559536354,1.6342665021348262,5
slp60,620,0,1,69.39719689753709,0.066290855392358,35,15.581717451523545,0.4375731050032921,4
slp60,621,1,1 X,60.5933974091099,0.07743178502235322,30,30.41274438812455,0.4176291685801886,15
slp60,623,1,1 X,70.8502024291498,0.14204569543578832,36,7.5936550793115085,8.753785517642575,4
slp60,624,1,1 X,62.92826178156902,0.06541342030161361,31,9.621552277100704,1.5231257334836155,5
slp60,625,0,1,61.38316737143637,0.0787738253200615,31,10.901162790697676,0.7319999999999998,3
slp60,626,1,R X,62.12037548315847,0.06929537422432244,31,14.431402732345582,1.4581886846358394,6
slp60,627,0,1,61.29120130754562,0.06570993498365035,31,17.25129384703853,1.4772654918237729,7
slp60,628,1,1 CAA,66.47864625302175,0.07763671847197316,34,13.550135501355014,0.6253255152318671,5
slp60,629,1,1 CA,63.62889983579639,0.06900560233028664,32,9.816753926701573,2.4432159135041664,5
slp60,630,1,1 CAA,59.975182683027704,0.0705786512810131,30,10.83815028901734,2.329688734573784,6
slp60,631,1,1 OA,61.59321105940324,0.07652264733760558,31,12.668918918918918,0.1080000000000001,3
slp60,632,1,1 X,69.12442396313365,0.061049642288300204,35,20.332090816672313,1.0702013829181871,5
slp60,633,1,1 OA,63.20511077885007,0.08702917328759219,32,26.985884306670357,0.5159077941560933,14
slp60,634,0,1,65.31500884474077,0.09444368361621651,33,17.75147928994083,0.3440000000000001,3
slp60,635,1,1 X,60.90958310774228,0.07205133972075438,31,22.45508982035928,0.7853865290415923,4
slp60,636,1,1 X,68.04123711340208,0.08198797197278004,34,18.478595626732368,0.8134389958687746,5
slp60,637,0,1,67.57679180887372,0.06033028164511786,34,31.43336127409891,0.39701607020371354,16
slp60,638,1,1 X,64.38631790744466,0.16474976289816018,33,17.657445556209534,0.29800000000000004,3
slp60,639,0,1,63.01666892532863,0.08395687907625418,32,12.357884330202669,2.441956461528338,6
slp60,640,1,1 X,64.59230448673428,0.06363370725701585,32,9.350163627863488,1.090630551561802,5
slp60,641,0,1,63.786008230452666,0.10627825571525537,32,10.907504363001745,1.2511841431220265,6
slp60,642,1,1 X,63.67246337121732,0.09548666081364597,32,30.77373974208675,0.41060989977826684,15
slp60,643,1,1 CAA,61.99200991872159,0.10435571644886328,31,16.220600162206,1.3680274120060605,5
slp60,644,0,1,65.96124776693694,0.08968756533098667,33,18.49568434032059,0.0,2
slp60,645,1,1 X,63.698630136986296,0.061657710442603465,32,16.778523489932887,1.2314847407364278,4
slp60,646,0,1,67.07317073170731,0.07858023921120601,34,18.45585973546601,0.7363552131953707,5
slp60,647,1,1 X,60.898782024359505,0.05270193032675814,30,33.0169211721007,0.44492857572873423,17
slp60,648,0,1,66.14303431169905,0.09104797842346639,33,16.5929203539823,1.4053649585309387,4
slp60,649,1,1 X,64.40443213296399,0.07243848443372593,32,37.974683544303794,0.0,2
slp60,650,1,1 X,64.13793103448276,0.09452491426747592,32,19.565217391304348,0.8140128309117056,4
slp60,651,0,1,63.53326957234595,0.07421228374947922,32,28.88980602558811,0.426556118756934,15
slp60,652,1,1 X,68.17242804021485,0.09094512417195313,34,18.875838926174495,0.6154051962370447,4
slp60,653,0,1,70.10309278350516,0.05747212352696706,35,16.330974414806754,0.4019999999999999,3
slp60,654,1,1 X,63.85608349354573,0.06428448737742047,32,30.193236714975843,0.4812211134187693,16
slp60,655,0,1,64.00550584996559,0.07422058413446495,32,28.425655976676385,0.4785475064989173,14
slp60,656,1,1 X,70.73509015256587,0.1008385602084515,35,16.05308219178082,2.0682755715813115,6
slp60,657,0,1,64.82982171799027,0.06617212404026336,33,28.24040550325851,0.9600010848120103,14
slp60,658,1,1 X,60.81364462463303,0.07252129950768255,30,20.42483660130719,1.058405139821231,6
slp60,659,0,R,62.120375483158476,0.09386931814436968,31,12.644889357218126,2.976937184422943,5
slp60,660,1,R X,63.76851343938563,0.09087224454311588,32,8.408071748878925,5.427840331721877,4
slp60,661,1,1 X,61.00867678958785,0.07926148006580641,31,9.412256850031374,4.573964970958518,4
slp60,662,1,1 CAA,65.0258705076213,0.07676280750483905,32,19.35483870967742,0.7308460850274838,5
slp60,663,1,1 CAA,63.119315868060276,0.06410916807947076,32,28.87391722810394,0.4773189010853575,13
slp60,664,0,1,61.35805835833106,0.06370543322372296,31,30.258203335126417,0.3984890574267867,16
slp60,665,1,1 X,69.28406466512702,0.0744943740473459,35,15.142337976983647,0.7262951466174064,6
slp60,666,0,1,64.22651933701657,0.07132905093132663,32,27.053274139844618,0.9345058625287439,14
slp60,667,1,1 X,60.016556291390735,0.07347103419468214,30,12.188515709642468,0.3877639602759505,4
slp60,668,0,2,65.59169171904892,0.0898578738898267,33,13.092813500145473,0.0705281661623369,4
slp60,669,1,2 X,59.80203464393731,0.07187781944012564,30,24.579174735587664,1.197759230210195,12
slp60,670,1,1 H,62.99959355100935,0.09006581013951638,32,11.961722488038278,0.45999999999999996,3
slp60,671,1,2 OA,60.00827700372464,0.07540955950464705,30,31.44214645053102,0.4889814538632546,16
slp60,672,0,2,68.06930693069307,0.08414600979361604,34,16.37107776261937,1.1064226136517636,5
slp60,673,1,2 X,61.08692599354022,0.08817904173165775,30,30.65812781032838,0.4111420624985426,16
slp60,674,1,2 CAA,65.79849211788897,0.0778041411172953,33,22.761760242792107,0.0,2
slp60,675,0,1,64.08489525909592,0.06772952267228223,32,10.317787866281469,6.42297047790195,6
slp60,676,0,2,61.5090213231274,0.08833713199379349,31,31.293463143254524,0.5533561441081343,16
slp60,677,1,1 X,61.6860863605209,0.09117943237862854,31,14.653207424291761,0.49864171060547635,4
slp60,678,0,2,66.3716814159292,0.08395236744726144,33,12.612107623318387,1.0092390973181504,4
slp60,680,1,1 CAA,60.53437239075981,0.06499552714876632,30,14.720314033366046,0.0,2
slp60,681,1,1 X,66.86478454680535,0.06569473327290386,34,20.20882452004042,0.8085017006784834,5
slp60,682,0,1,62.39935587761674,0.08317367709747282,32,32.71091726863841,0.4349803874889073,17
slp60,683,1,1 CAA,64.06833956219968,0.07413332583932818,33,13.204225352112678,0.7899873416707384,5
slp60,684,1,1 X,63.56801093643198,0.07397634405476279,32,29.1060291060291,0.47126724512375207,15
slp60,685,0,1,60.745705906996236,0.07092633213253087,30,9.787928221859707,1.807301856359363,5
slp60,686,1,1 X,66.74757281553399,0.08505982338165893,34,20.332090816672316,1.0534528940583912,5
slp60,687,1,1 X,62.94842290510357,0.07047264249530133,32,29.309141660851367,0.532515708305245,15
slp60,688,0,1,61.332969878697014,0.09928106007133934,31,9.9304865938431,0.746,3
slp60,689,1,1 X,67.6137139735009,0.07627142099265459,34,18.115942028985504,0.20399999999999996,3
slp60,690,0,1,64.85610052695581,0.07181388706232242,33,29.235382308845576,0.3920391237570722,14
slp60,691,1,1 X,67.28285986135654,0.06797460769355529,34,16.01993592025632,0.5522543697327245,4
slp60,692,1,1 X,62.40773050597235,0.06706798389768323,32,29.346003353828955,0.4829288197011638,15
slp60,693,0,1,66.44295302013424,0.11185284836689213,34,16.84762261325346,0.4914884422739653,4
slp60,694,1,1 X,64.882400648824,0.07393536028180292,33,15.739769150052467,0.0,2
slp60,695,0,1,64.05841024934563,0.07030328234758997,32,19.582245430809397,1.3639999999999999,3
slp60,696,1,1 X,59.68715697036223,0.09132951147938448,30,12.224938875305625,0.895452213502578,4
slp60,697,1,1 X,62.91066685306864,0.06746996039390832,31,15.957446808510639,1.2101404877120674,5
slp60,698,0,1,63.248095756256795,0.08321350246634208,32,20.728968733805495,1.0861379976780114,9
slp60,699,1,2 X,62.275117630777736,0.08427088597031733,31,30.69577080491132,0.41869044518461235,16
slp60,700,1,1 CAA,66.82444661005151,0.11540790430035545,33,15.011258443832874,0.7767283952579562,5
slp60,701,0,1,57.589469354175236,0.06333116716667932,29,26.308097047646886,0.8630702301795737,13
slp60,702,1,1 X,65.38618716796077,0.07994910490430772,33,15.38236155874597,1.373832892431438,8
slp60,703,1,1 CAA,65.04406210658833,0.08143029423979253,32,14.416146083613647,0.04999999999999982,3
slp60,704,0,1,63.74228923920493,0.0897272546606002,32,31.030202730657834,0.40757311000604546,16
slp60,705,1,W X,89.57654723127034,0.08697943140538059,45,15.030060120240483,1.580465754137052,7
slp60,706,1,1 CAA,75.91300779647108,0.1438481465373649,38,14.96259351620948,1.0557493389373571,7
slp60,707,1,1 CAA,61.358058358331064,0.06993889396386599,31,31.20820329915292,0.5430045664482698,15
slp60,708,1,1 CAA,60.27323868202517,0.05711960161703591,31,29.382957884427036,0.6310911186191738,15
slp60,709,1,1 X,60.909583107742286,0.06021236491692459,31,32.43243243243243,0.434980459331221,17
slp16,0,0,W,102.93713972001098,0.14253934755007122,51,17.40139211136891,1.1314112552787465,8
slp16,1,0,W,86.98583951449764,0.05060601913335694,44,10.454783063251437,3.1260855714455418,5
slp16,2,0,W,86.79854662898668,0.04721257864676545,44,11.88212927756654,0.5777783658116665,6
slp16,3,0,W,117.15593859412873,0.16211697014659657,59,14.448547118317547,2.306257478157102,7
slp16,4,0,W,88.72077028885832,0.08594382307482057,44,12.160518848804218,1.643699485915841,5
slp16,5,0,W,90.73800241968007,0.09049718364078288,46,15.06780512305374,0.5700748488868224,7
slp16,6,0,W,82.90644378538688,0.03152563331983257,42,13.646288209606984,0.8548306031021586,6
slp16,7,0,W,84.15435139573071,0.046704304812756094,42,13.966480446927374,2.016687184468627,6
slp16,8,0,W,94.14654113794515,0.08209031864890658,47,16.381507098653074,1.4213602248863197,7
slp16,9,0,W,97.75967413441956,0.15839803502569091,49,13.609556933313172,0.48034108251903224,7
slp16,10,0,W,86.2541073384447,0.10264616810999035,43,11.695906432748538,1.13,3
slp16,11,0,W,80.20290649849191,0.030791103336961317,40,19.135704034444267,0.36396943552996325,9
slp16,12,0,W,87.17394242465198,0.07810497574638871,44,19.670288497564627,0.7977850971436417,8
slp16,13,0,W,85.29650690495532,0.04202105076605049,43,15.397249024840896,1.5546254082575648,6
slp16,14,1,1 HA,80.71025020177562,0.042280491955510646,41,16.651248843663275,1.464588982919402,7
slp16,15,1,W HA X,95.56786703601108,0.07473992715259394,47,15.638963360142986,1.4242366233121775,8
slp16,16,0,1,80.13698630136984,0.029999956169154938,40,19.34374552228113,1.3941734132355412,10
slp16,17,1,1 HA HA,114.59754433833561,0.18347857573870047,57,15.228426395939087,2.5660470247704605,7
slp16,18,0,W,85.12363194162951,0.06766041658746358,43,11.740763932373198,3.670783763721312,6
slp16,19,1,1 HA HA,84.41645450891062,0.052622559675941954,43,16.73406777297448,1.7426186473236192,9
slp16,20,1,W X CAA,80.65600215082672,0.06879236876282137,41,18.570923240183937,1.0650107214177207,8
slp16,21,1,1 CAA,85.20421963754394,0.050843943355759876,43,11.307100859339664,2.8792072242198894,6
slp16,22,1,W X CAA,84.50123660346249,0.03458037736220919,42,20.157903578027888,1.2111588458992488,9
slp16,23,1,1 CAA,82.86176232821342,0.03423292159428446,42,15.353121801432959,1.234413220927255,6
slp16,24,1,1 X,87.94655031360786,0.03838897444022438,44,16.682554814108673,1.8838191342621629,8
slp16,25,1,1 X,83.95904436860069,0.03870700201202712,42,13.814274750575596,2.486252780569363,7
slp16,26,1,1 X,85.73761567773543,0.03380563357900579,43,12.222946544980443,3.1104843609958888,6
slp16,27,1,1 X,80.90614886731392,0.0739177921748208,41,22.218564845292953,0.42540415061212633,10
slp16,28,1,1 X,90.26258205689278,0.05680763538483651,45,16.184139543247618,3.1133419700094334,7
slp16,29,0,W,111.9402985074627,0.08521544887678952,56,16.76602086438152,1.8724197060369654,7
slp16,30,0,W,85.99508599508599,0.06739870202024373,43,18.09720785935884,0.8700224721470224,8
slp16,31,1,1 X,80.89048672566372,0.03226549951432046,40,18.376722817764165,1.5955434810747091,9
slp16,32,1,1 X X,84.26966292134831,0.03383748823060153,42,15.745276417074878,2.638422424269641,7
slp16,33,1,1 X,86.26591811584282,0.04660841845849109,43,10.423905489923557,4.54023858403939,6
slp16,34,1,1 X,84.00491736101627,0.04022423761972428,42,15.669303089091178,3.0601846549593996,8
slp16,35,1,1 X,81.74386920980925,0.0588829347094725,41,13.372956909361069,4.301389956229911,7
slp16,36,1,1 X,81.0591731964334,0.026365887051263814,41,19.419271314962085,1.5865230370022287,8
slp16,37,1,1 X X,81.9000819000819,0.05179613885223492,41,13.829133374308546,3.6350528041403862,7
slp16,38,1,1 X,83.16430020283974,0.0313688501394613,42,18.45342706502636,1.7296214992339352,8
slp16,39,1,1 X X,89.12896691424714,0.08697995399340135,45,14.073935072246199,1.2337893499297197,6
slp16,40,1,1 X,87.1503850830969,0.06228641601774272,44,18.683274021352318,0.564538460575883,8
slp16,41,1,1 X,82.4728443073622,0.05405106977629516,42,15.611990008326392,2.9029721597011573,6
slp16,42,1,1 X,86.36850562399572,0.056986140658495305,44,16.166281755196305,1.904666664285595,8
slp16,43,1,1 X,81.03727714748786,0.060898604253299606,41,19.46787800129786,0.6306346010171024,9
slp16,44,1,W X,99.93201903467029,0.10264500313242228,50,15.459363957597176,1.4618793607223965,8
slp16,45,0,W,100.56095225064988,0.1070368143840522,50,16.455101081335215,1.1603976798969413,8
slp16,46,0,W,87.91059015946573,0.08597684168805135,44,19.164081036685527,0.9983522751544779,8
slp16,47,0,W,84.92855217039633,0.08954893264505435,43,18.396443354284838,1.1535873395629825,9
slp16,48,1,W HA,92.75440247345072,0.048994502218484184,47,11.957908163265307,2.810787903773602,6
slp16,49,0,W,94.0182586183404,0.04700199086802234,47,19.108280254777068,1.1966731661847634,7
slp16,50,0,W,89.04479222881814,0.03604496732446136,45,14.087152516904583,2.728400439818173,6
slp16,51,0,W,86.70520231213874,0.032023800672684184,43,18.641259320629658,1.1910436133445699,7
slp16,52,0,W,85.84275786891948,0.020749013035566595,43,18.838304552590266,1.5172550873205206,9
slp16,53,0,W,116.99507389162562,0.12808492104489363,58,15.887426236949615,2.09564711159263,8
slp16,54,0,W,82.97355639503508,0.03444911066284636,42,22.579026593075767,0.2402443200854775,10
slp16,55,0,W,80.34279592929833,0.03881443030626625,41,23.965141612200433,0.2574586543072226,12
slp16,56,1,1 H,89.37034529451591,0.03879028164905769,45,23.39098383895662,0.4213160020147811,12
slp16,57,0,W,98.02586793737235,0.10590715929005409,49,12.038523274478331,1.6589538872434038,6
slp16,58,0,W,138.7566317507822,0.1471168238563887,69,8.500188893086513,4.748184027136643,4
slp16,59,0,W,105.29157667386609,0.12153495613250609,53,21.469465648854964,0.6774461848245462,10
slp16,60,0,W,99.47218838814455,0.14607569654531685,50,16.411378555798688,1.567816315771717,8
slp16,61,0,W,89.23742563547863,0.031227239645344372,45,17.55926251097454,1.3001380695910723,9
slp16,62,0,W,87.24469092384689,0.030686960780197246,44,13.841894801599507,1.9801786675842044,7
slp16,63,0,W,87.67160527388879,0.028842010103008478,44,21.524234693877553,0.8530217023566036,10
slp16,64,0,W,88.49557522123894,0.02644376537622292,45,22.189349112426036,0.3404608641239107,11
slp16,65,0,W,81.76614881439083,0.0688938313639182,41,23.108524477918518,0.46918347775946784,10
slp16,66,1,W HA,79.5053003533569,0.04230616935875862,40,18.963337547408347,1.911408555664295,7
slp16,67,1,W X X,82.42890506937766,0.0599965832360477,41,13.959981386691487,3.108891120640927,7
slp16,68,1,1 X,82.63907551733404,0.04233314518718894,42,18.430348640761785,2.1152620995990072,9
slp16,69,1,1 X,79.5593635250918,0.06058075282969195,40,16.778523489932887,1.8688960836356237,8
slp16,70,1,1 X X,81.07012565869478,0.098079508563206,41,19.004524886877824,0.795724903750649,8
slp16,71,1,1 X,81.16883116883118,0.08587060032397584,41,12.746069961761789,1.9229774367428811,7
slp16,72,1,1 X,78.65323582171933,0.03410087691092685,39,17.767249037607346,1.4832191341807859,9
slp16,73,1,1 X,81.04822369309738,0.0394906318004663,41,20.318320352184216,0.8212813159934907,9
slp16,74,1,1 X X,93.73726395870125,0.11507423427981202,47,20.05730659025788,1.0980240508871064,8
slp16,75,0,W,84.1313269493844,0.051127722630837216,42,17.214173002438674,1.5770452593378543,9
slp16,76,1,1 X,82.79483037156704,0.03974457411926154,42,20.352781546811396,0.768936928492838,9
slp16,77,1,1 X,84.75716399838558,0.07319894922606782,43,21.798365122615806,0.5771877943962432,9
slp16,78,1,1 X X,78.80910683012259,0.05805273170247597,40,25.87694077055779,0.5927457764974421,7
slp16,79,1,1 X,81.00249238438106,0.03878008259466004,40,15.498536249354226,3.1347322409134435,7
slp16,80,1,1 X,83.00715346200566,0.041898776068639176,42,14.600908500973397,4.013588696194744,7
slp16,81,1,1 X,84.37371381533818,0.05146450120226193,42,25.747915644923985,0.15147061410971938,8
slp16,82,1,1 X,87.32737611697807,0.054223223098610905,44,11.319046181708423,3.411024385723444,6
slp16,83,1,1 X,81.19079837618402,0.05268586148104632,41,18.42105263157895,1.0644718916736435,8
slp16,84,1,1 X,77.6566757493188,0.07530164639726349,39,21.04155707522357,0.659931625246131,9
slp16,85,1,1 X,81.58825129181398,0.05030745471597624,41,11.742602160638798,5.845997796783712,6
slp16,86,1,1 X,89.66173074310555,0.05199006580250462,45,14.370110170844642,2.4134726479125925,7
slp16,87,1,1 X,84.14283759748255,0.07457730977883892,42,15.521064301552107,1.9713361469017994,8
slp16,88,1,1 X,77.26718178121187,0.055654354746201715,39,19.681349578256796,0.9797292420638991,8
slp16,89,1,1 X,80.13698630136984,0.05455176263008054,40,22.288261515601782,0.6423492596933318,8
slp16,90,1,1 X,84.9743728082007,0.06401332060922556,43,17.933390264731,1.3858366956242625,8
slp16,91,1,1 X X,80.76763771917712,0.05184551979119758,40,22.78865631330182,0.723553644551121,10
slp16,92,1,1 X,79.24681658087239,0.07871766474516555,40,13.295907815039149,3.0755287169670336,7
slp16,93,1,1 X,78.30277071342525,0.08361472019487709,40,14.040561622464898,3.3566560079274663,7
slp16,94,1,1 X,79.6243364638628,0.10959174733898817,40,21.09280835676979,1.4873369161157861,8
slp16,95,1,1 X,79.02201810076998,0.05193188276073085,40,18.744142455482663,1.2299947154358022,9
slp16,96,1,2 X,82.96236341562121,0.07331705694302272,42,11.052166224580018,6.046392590627902,6
slp16,97,1,2 X,82.56501995321317,0.06126263135060393,41,14.766201804757998,2.3435647111943716,7
slp16,98,1,2 X,79.66771074492715,0.07001215260340915,40,23.41137123745819,0.8101716623339645,8
slp16,99,1,2 X,85.72594910872228,0.06690711739625796,43,23.748268355432415,0.6263734908183775,9
slp16,100,1,1 X,82.83860278889962,0.07918781471918518,41,19.62494548626254,0.7896654706618211,7
slp16,101,1,1 X,88.03057185751332,0.09528860264166875,44,20.389669234254647,1.9467849279146259,7
slp16,102,1,1 X,84.32743726861375,0.03868265001592587,42,12.278978388998036,3.607618250314187,6
slp16,103,1,1 X,83.85601308971911,0.054682731010723996,42,23.22700526478786,0.5826032612335773,11
slp16,104,1,1 X,81.12605741228678,0.04737884302725132,40,15.146415348367555,2.1196536404694886,7
slp16,105,1,1 X,78.8091068301226,0.08927897312769141,40,18.29268292682927,1.051989860534153,7
slp16,106,1,1 X,83.04077774777208,0.06217367396802071,42,13.66867140513942,2.477797215270047,6
slp16,107,1,1 X,84.82563619227145,0.1664118051368018,43,17.90281329923274,1.4032068228722028,8
slp16,108,1,1 X,85.16966337704474,0.12434729363000459,43,21.916092673763305,0.8034265393187061,8
slp16,109,1,1 X,83.5030549898167,0.09533000386615309,42,14.65457083042568,2.796784159110792,8
slp16,110,1,1 X,80.75648812810604,0.04195937423422266,40,15.702108568864961,3.591507261326819,8
slp16,111,1,1 X,77.95404814004375,0.05408478006706736,39,19.305019305019304,1.2522647927300006,10
slp16,112,0,2,82.20304151253596,0.056850593664446475,41,18.28989483310471,1.904598054708657,9
slp16,113,1,2 X X,80.98258874342015,0.06350740114348878,41,13.477088948787062,3.7651992421827205,7
slp16,114,1,2 X,84.82563619227145,0.1255901623889741,43,14.92113116384823,2.458781778998432,8
slp16,115,1,2 X,78.31821929101402,0.06150215634802624,39,22.4584518640515,0.5193394265795732,11
slp16,116,0,2,81.54389779831476,0.09178213333759463,41,15.282730514518594,2.364320057296248,7
slp16,117,1,2 X,82.87292817679558,0.09943449860181888,42,15.97930299802161,1.938571744394121,8
slp16,118,1,2 X,81.71047255889964,0.11783679391429487,41,16.268980477223426,2.1771047615714645,8
slp16,119,1,2 X,80.87343307723413,0.03830391624886417,41,23.156089193825043,0.5091021387249527,10
slp16,120,1,2 X,81.14687584527995,0.07125475422734963,41,18.509949097639982,2.2029715726717853,9
slp16,121,1,2 X,74.48275862068964,0.09795362974513458,37,24.232633279483036,0.36467190733589555,6
slp16,122,1,2 X,78.11429354529257,0.049447361418447175,39,19.72942502818489,0.8902794791639356,8
slp16,123,1,2 X,81.44427853943259,0.10969370993817285,41,22.325581395348838,1.0679727290525727,9
slp16,124,1,2 X,79.7872340425532,0.06530088152701408,40,22.986548612293547,0.966408445715691,10
slp16,125,1,2 X,82.30452674897118,0.09249324299644812,41,20.43199065966141,0.7879330749576672,8
slp16,126,1,2 X,80.35714285714285,0.10899384441177457,40,24.76609796367639,0.43152236970469515,7
slp16,127,1,2 X,77.29861676159479,0.07618231522049308,39,21.989528795811516,1.0800030234273628,8
slp16,128,1,2 X,76.17348339280811,0.06646195987954275,38,19.38819474364498,1.3487607480778627,7
slp16,129,1,2 X,81.9336337566571,0.06467387416878627,41,13.032145960034752,3.7452143329854963,6
slp16,130,1,2 X,77.01661937576004,0.09555349765512211,39,18.722696068233827,1.306291272606875,7
slp16,131,1,2 X,87.3510292524377,0.10533428720304365,44,10.561520859003698,3.4819481615900028,5
slp16,132,0,2,73.7503414367659,0.07851554851126427,37,21.884118382659445,0.8886711932970024,8
slp16,133,1,2 X,79.80900409276946,0.11130166434749314,40,20.94322060192367,0.9314242910062756,10
slp16,134,1,2 X,91.4262494920764,0.16927642088213785,46,21.76278563656148,0.993609078058368,5
slp16,135,0,W,72.07578253706755,0.07416288746772891,36,19.559902200489,1.5193517532158247,9
slp16,136,1,2 X,76.49896623018608,0.05208208389054052,38,20.979020979020977,0.8845599031282292,10
slp16,137,1,2 X,75.47939616483069,0.05406421526115251,38,22.443890274314214,0.6637214944705514,10
slp16,138,1,2 X,78.52321256371401,0.11273998717908953,39,18.110473890733473,1.7437382257667005,9
slp16,139,1,2 X,76.65411511565358,0.06351861899040906,39,16.98204754973314,2.6665347994606585,8
slp16,140,1,2 X,81.40008140008139,0.09928539671069457,41,24.615384615384617,0.3618338707196992,9
slp16,141,1,2 X,75.56160653505785,0.08614567986405541,38,17.048683462777042,1.0951077065242891,7
slp16,142,1,2 X,74.33699437449773,0.06403468745886648,38,25.174825174825177,0.4070670160496372,7
slp16,143,1,2 X,79.3435507934355,0.09272157923457082,40,23.74920835972134,0.6515586236095721,11
slp16,144,1,2 X,82.9511734556245,0.04944888418894032,42,18.668326073428748,1.3247596008332982,9
slp16,145,1,2 X,78.00739017380593,0.07823262420694266,39,12.19313932693871,5.923205294433074,6
slp16,146,1,2 X,77.97537619699041,0.07744021015973862,39,16.163793103448278,2.403016199933503,8
slp16,147,1,2 X,76.81940700808627,0.07025777625753422,39,12.804097311139568,3.2332734702362145,7
slp16,148,1,2 X,70.79400333148251,0.0569314527429143,35,13.331358317286329,1.5939944235229375,7
slp16,149,0,2,77.15213860314023,0.08333891024736786,39,15.981735159817351,1.775259636084312,8
slp16,150,1,2 X,78.07149705519791,0.09084015366568653,39,17.870439314966493,2.3086826871616632,9
slp16,151,1,2 X,78.0287474332649,0.08248475054228,39,27.92140641158221,0.41740266848011526,10
slp16,152,1,2 X,78.53403141361254,0.06277677179437531,40,22.23045572434235,0.8198188824368465,9
slp16,153,1,2 X,73.9017380593951,0.10578168760281131,37,21.994134897360702,0.7519118489367146,8
slp16,154,1,2 X,78.5551228682691,0.07598622664909857,40,20.847810979847115,1.3283709321320356,7
slp16,155,1,2 X,80.98258874342015,0.09478602217626815,41,19.02173913043478,2.0648490580798056,8
slp16,156,1,2 X,76.22358919497191,0.08568317599272011,39,17.14565643370346,2.479982883416903,8
slp16,157,1,2 X,76.65411511565358,0.07751457730834155,39,19.9203187250996,0.8170357572171666,8
slp16,158,1,2 X,75.33595764897515,0.10428975761181884,38,19.886363636363637,1.224197396381042,8
slp16,159,1,2 X,82.22557215293956,0.08622244487371024,41,18.717244821562268,0.9551564479183503,6
slp16,160,1,2 X,76.23626373626372,0.09541898685965805,38,15.889830508474576,2.2059379605315934,8
slp16,161,0,2,84.85991379310344,0.1499150477502179,43,13.210039630118889,2.1183285864095778,7
slp16,162,1,2 X,79.67856169980932,0.0512707679894705,40,18.41903300076746,2.4591225569296054,9
slp16,163,1,2 X,73.9017380593951,0.0997618769809662,37,22.46069378587472,0.32925302664600603,7
slp16,164,1,2 X,78.0608052588332,0.06193732870394564,39,20.184544405997695,1.208091630529366,8
slp16,165,1,2 X,76.12124537100534,0.06432314330053654,38,21.029441217704786,1.0582307915399483,8
slp16,166,1,2 X,79.26829268292681,0.07049982164566804,40,20.576131687242796,0.6610375682717788,7
slp16,167,1,2 X,77.60381211708645,0.10038204030911353,39,22.35469448584203,0.5164339260738009,7
slp16,168,1,2 X,77.10475131981106,0.06829883205582597,38,14.467127471467611,4.005948521331191,7
slp16,169,1,2 X,72.81553398058252,0.10446051885760475,37,15.057721264848585,2.593303598801258,7
slp16,170,1,2 X,86.08909538125172,0.07678198957374376,43,15.613382899628254,1.8822827651984877,8
slp16,171,1,W X,70.07419620774938,0.09043133853714308,35,14.546965918536987,1.7485385617826152,8
slp16,172,0,1,82.97355639503508,0.03601097063325066,42,19.815059445178335,1.558365444028729,8
slp16,173,1,W X,74.56670697299475,0.07086500917378673,38,18.80288310874334,1.5428645436330435,9
slp16,174,1,1 X,74.00301493764562,0.0951528335279358,37,24.291497975708506,0.8512954833663808,9
slp16,175,1,2 X,74.3801652892562,0.06692616163437967,37,21.618282890673257,1.3154092092406462,8
slp16,176,1,2 X,72.82535401213755,0.07192271229041544,37,19.796380090497735,0.486469329108491,8
slp16,177,1,2 X,78.75103619784471,0.0824709803741784,39,24.449877750611247,0.3830613527882968,9
slp16,178,1,2 X,76.43575265114998,0.07784339319514795,38,15.627713144643165,3.59166918793415,7
slp16,179,1,2 X,83.98197460057354,0.19583741997499565,42,22.226338210779772,1.0970914957285924,9
slp16,180,1,2 X,76.86084142394822,0.08395751464835044,39,16.881028938906752,1.4352952622355857,8
slp16,181,1,2 X,75.07298762685946,0.08983352229760927,37,15.423031727379554,2.4836966524164117,8
slp16,182,1,2 X,71.40914036996736,0.05938305949597107,36,22.93577981651376,0.9314294000474362,12
slp16,183,0,2,79.85257985257984,0.04837917298485192,40,19.452449567723345,1.815072151067347,10
slp16,184,1,2 X,81.55498165012914,0.04873920393276854,41,20.52919708029197,1.591811267428118,10
slp16,185,1,2 X,84.81421647819063,0.14346613054043417,43,16.974726518294982,0.8966208166716236,7
slp16,186,1,2 X,85.45227177990829,0.12219487853536927,42,18.311824206487618,1.387421746276458,8
slp16,187,1,2 X,77.05826686494527,0.12486380391885342,39,15.339663988312635,2.4618603219715696,8
slp16,188,1,2 X,70.4322607374672,0.06786481575892679,35,14.677103718199609,3.2103005644776803,8
slp16,189,0,2,72.1947194719472,0.0547124281669016,36,13.769889840881271,1.3451179213073559,7
slp16,190,1,2 X,72.49378624689312,0.0717479488436102,36,11.476664116296863,5.620232023680161,6
slp16,191,1,2 X,70.30603804797353,0.08066711468128422,35,21.241444418220436,0.8464495784681383,7
slp16,192,1,2 X,71.63323782234956,0.07628038504659729,36,18.25134712324005,1.8499537335637697,8
slp16,193,1,2 X,72.64899771290192,0.0821190794509811,37,26.296018031555224,0.4644621203332838,8
slp16,194,1,2 X,77.77322963569381,0.1237626626891175,39,15.892636411795866,1.8090917303688303,7
slp16,195,1,2 X,76.15257958287594,0.0745638793010446,38,21.712158808933,0.9761883391381951,8
slp16,196,1,2 X,72.6196880043034,0.0895789878360344,37,21.57497303128371,0.788085655243134,9
slp16,197,1,2 X,78.16675574559059,0.1072004396156117,40,21.119324181626187,1.4104350392697993,9
slp16,198,1,2 X,78.05011639052445,0.08827638541312534,39,20.370056017654047,0.9560186975159011,9
slp16,199,1,2 X,78.77280265339965,0.0919067334063689,39,14.763779527559056,1.994456316894406,7
slp16,200,1,2 X,73.29985068548935,0.0798896615632546,37,9.089531889107713,5.603418510159668,5
slp16,201,0,2,72.13520197856553,0.062802677701915,36,13.438853217858743,1.8359918905654842,7
slp16,202,1,2 X,75.95456411660051,0.0720637652870597,38,13.333333333333334,4.257004267478872,7
slp16,203,1,2 X,78.62068965517241,0.10085594894538015,39,17.060964513193813,2.0615278217865503,6
slp16,204,1,2 X,111.4864864864865,0.15309427765674222,56,14.589074404279462,1.8077218320920456,7
slp16,205,1,2 X L,91.83673469387756,0.12484158851209087,46,19.63350785340314,1.0869243048365624,10
slp16,206,0,W,80.55632057284495,0.17254458684936794,40,23.128679562657695,0.5744787072851063,12
slp16,207,0,W,72.14511474508727,0.04682730757468207,36,19.923258559622198,0.4823440706271156,10
slp16,208,1,1 CAA X,75.52047897673152,0.04301453030529281,38,22.58695979521156,0.4626720652903091,11
slp16,209,1,2 X,69.04955320877335,0.06740960883525286,35,22.401433691756274,0.566042259906449,11
slp16,210,1,2 X,70.82152974504248,0.08084581445124858,36,19.699401721873635,0.6660319941894313,10
slp16,211,1,2 X,74.51359183110253,0.06708415573454946,37,19.211612352355203,1.0508304064928253,10
slp16,212,1,2 X,69.13379422529484,0.06583033660853542,35,22.785963846270697,0.5975524746831863,11
slp16,213,1,2 X,68.40128755364809,0.09108769872014272,35,23.259420065126374,0.5894253472663014,11
slp16,214,1,2 X,69.14316702819956,0.06474522867886251,35,19.374282433983925,1.1346435998873974,10
slp16,215,1,2 H,66.75010429703796,0.08500726071930562,33,18.45018450184502,0.9828529900244493,9
slp16,216,1,2 X,67.84539473684211,0.0645533925976611,34,22.716946842344385,0.7698603509728242,11
slp16,217,1,2 HA,75.11165245635405,0.0829137741100984,38,21.64502164502165,0.9468161384344904,11
slp16,218,1,2 HA,72.32401157184187,0.12941786143010886,36,18.999366687777073,0.6271778057297627,9
slp16,219,1,2 H,70.13201320132013,0.0375078307856135,35,19.316068107025327,0.9614417157787081,10
slp16,220,1,2 HA,67.28285986135653,0.10045201788492529,34,19.610691458454387,0.6128387700078148,10
slp16,221,1,2 HA,65.12605042016806,0.05199887936037326,32,20.463847203274213,0.9328608327791091,10
slp16,222,0,2,66.8828536684232,0.040937767726712725,34,19.193857965451052,0.5038928457519516,9
slp16,223,0,2,65.90690649457642,0.06272845745752083,33,21.133375078271758,0.6317039469112171,10
slp16,224,0,2,68.36461126005361,0.04660843293612484,35,20.417422867513615,0.8803776967239055,10
slp16,225,0,2,67.67842493847417,0.052374577981428964,34,18.295471870712,0.4282916646398806,9
slp16,226,1,2 H,70.81197734016726,0.0346935740683005,36,19.21537229783827,0.4479595405837451,9
slp16,227,1,2 HA,92.4404272801972,0.2130304516573472,46,20.368135184067594,0.6165801340688776,10
slp16,228,1,2 HA,113.40623734305387,0.0908577886320267,57,16.211208893006024,0.7785898294024779,8
slp16,229,0,W,80.34610630407911,0.08092366188732711,40,13.51554287430545,2.8986621435107303,7
slp16,230,0,W,77.06192724243267,0.06822675208824852,38,15.8999364002544,1.6815509031843192,6
slp16,231,0,W,76.04823239243629,0.10380607868637808,38,17.495261699956263,2.067474727777827,9
slp16,232,1,1 HA X,69.48228882833787,0.06321403199314571,35,11.380880121396055,4.2736092474628515,5
slp16,233,0,1,72.15503023639363,0.05063953444671063,36,12.515644555694617,1.675514249417175,5
slp16,234,1,1 X X,71.78996307944755,0.0791378853518287,36,25.38787023977433,0.407603838167514,7
slp16,235,1,2 X,71.17934403349615,0.06229575624129415,35,21.87784867821331,0.4099118807743928,9
slp16,236,1,2 X,71.09004739336493,0.0672802242224903,36,16.05750114696437,2.8652506675254608,8
slp16,237,1,2 X,71.55513152514652,0.07485199546097482,36,22.82112584220822,0.8044780790001903,8
slp16,238,1,2 X,72.73706896551724,0.07751192660121473,37,15.355367066393685,2.330456660162973,8
slp16,239,0,2,72.43460764587525,0.07935503904744942,37,21.496130696474633,1.047517140671216,11
slp16,240,1,2 X,72.85483000539665,0.09599434139701629,37,15.019310542125591,3.7857590078220937,8
slp16,241,1,2 X,73.75034143676592,0.06089902592016305,37,16.95633743111488,2.871944245628734,9
slp16,242,1,2 X,84.62914545204349,0.09108893745712057,42,14.124293785310734,1.7621229620356615,7
slp16,243,1,W X,69.52965235173825,0.09165309955173065,35,19.250513347022583,1.3608265723449113,6
slp16,244,1,1 X,70.8024275118004,0.07249444735949909,36,19.342359767891683,1.8600039426481512,7
slp16,245,0,2,71.87842278203723,0.0853779305231051,36,19.292604501607716,2.1070633592751786,9
slp16,246,1,2 X,78.17857632697847,0.14259894751994145,39,20.875212617906293,1.3059223881803304,10
slp16,247,1,2 X,76.41470466749277,0.09159187909175574,38,12.335526315789476,4.537127902098419,6
slp16,248,1,2 X,71.3121434392828,0.05408938935518062,36,13.5196034249662,3.0695091898651596,7
slp16,249,1,2 X,74.4666577217228,0.09686788122716668,38,13.630168105406632,2.021868113074309,7
slp16,250,1,2 X,94.12085663620243,0.11446467826752699,47,20.13422818791946,1.5581776902156295,8
slp16,251,1,2 X,73.55946056395587,0.07698989832727696,37,22.27998514667657,0.6128319508641826,5
slp16,252,1,W X,78.45836200963522,0.08864289213958335,39,19.986675549633578,1.1370552610434845,7
slp16,253,1,2 X,71.78014766201805,0.07267924499512378,36,27.808676307007794,0.1695282867252542,6
slp16,254,0,2,70.22858716606997,0.07269027054926919,35,13.726835964310228,1.4531961326675762,5
slp16,255,1,2 X,69.70069700697007,0.07841236044078888,35,19.220912352639672,1.2311233244480426,6
slp16,256,1,2 X,69.05890318212593,0.06878289398673416,35,20.073603211776515,1.145257612941298,9
slp16,257,1,2 X,69.40664126292869,0.060939813748107065,35,16.853932584269664,2.624467438040208,7
slp16,258,1,2 X X,71.74091281770977,0.07287325312079984,36,23.80952380952381,0.8818304195756058,10
slp16,259,1,2 X,78.93643539675946,0.16271767436651294,39,20.98489087856743,0.6200149675612678,6
slp16,260,1,2 X,117.51992435499122,0.15920959644592916,59,17.46894409937888,0.8716135739088866,7
slp16,261,1,W X,68.742418115649,0.0861832761817837,35,17.537022603273577,0.6140083242287697,4
slp16,262,1,W X,67.88261108063632,0.06219800132020104,34,25.27379949452401,0.37913410116562535,7
slp16,263,0,2,71.17934403349616,0.08945486577252589,35,30.0,0.2318160190035768,7
slp16,264,1,2 X,115.08951406649615,0.1195789885511831,58,12.774655084312725,0.8393955920780141,6
slp16,265,1,W X,101.37875101378752,0.12107772049390425,51,16.784781797836633,1.4534843958188504,7
slp16,266,0,W,89.47939262472885,0.08793423538114217,45,15.315052508751458,0.8598069076062061,8
slp16,267,0,W,97.40259740259738,0.1327051870375332,49,21.100343857455453,1.7466681368385104,10
slp16,268,0,W,87.55259942989004,0.06508796726710524,44,16.486104569006123,1.0542375521325973,8
slp16,269,0,W,86.62369057211924,0.1436298349069305,44,14.41845562319769,1.0226988260914787,7
slp16,270,0,W,78.68190988567586,0.05062471012733466,40,15.429453111606376,0.5639783289768814,7
slp16,271,0,W,77.49830047586674,0.07858590937537449,39,17.398508699254354,0.6172618932819028,8
slp16,272,0,W,75.2134435560374,0.03087958185601983,38,18.162554866051156,0.3991312440789369,9
slp16,273,0,W,84.7107438016529,0.10545470508473874,42,18.110473890733477,0.8543740398677854,9
slp16,274,0,W,93.47060417231104,0.1833309938557268,47,17.611539751761157,0.8130751904382045,8
slp16,275,0,W,78.73485868102289,0.05028633332098459,40,17.485428809325562,0.5066254906290267,8
slp16,276,0,W,72.7247541210694,0.05241018751256324,36,14.19647927314026,2.3196780466262985,6
slp16,277,1,W HA,80.40131940626719,0.07233990917127703,40,14.617033716624439,1.6122737236586102,6
slp16,278,0,W,69.02151847340642,0.07644280038109415,35,14.62843768285547,1.969207109473252,6
slp16,279,0,W,71.47719537100068,0.03951873748293204,36,20.957038071952496,0.21933308004038057,5
slp16,280,1,1 X,67.69693654266959,0.0662851895558399,34,18.210197710718003,1.578245991017644,8
slp16,281,1,1 CAA,68.77865777407254,0.04551511116489355,34,17.126080574131464,2.6420376799055716,8
slp16,282,1,1 X,66.68462885625758,0.06037410156331599,34,13.74255611543747,1.376450991983853,7
slp16,283,1,W X,91.68704156479217,0.08967060710053089,46,20.65167508031207,1.452105903698334,10
slp16,284,0,W,85.6793145654835,0.11777102192577842,43,16.286644951140065,1.1834998943810684,8
slp16,285,0,W,74.80260423881425,0.0521236658650356,37,18.028846153846153,0.7050868234277453,8
slp16,286,0,W,74.12491420727522,0.05207817011444561,37,25.878293601003765,0.5267430568444963,12
slp16,287,1,W X,68.4471882968729,0.05773067165577575,35,23.84737678855326,0.20565991344936432,5
slp16,288,0,1,67.72472294431523,0.08172753676882327,34,28.563656147986944,0.841160908191404,15
slp16,289,1,1 X,61.450225317492844,0.15628811001907128,31,22.117369507519903,0.42617855412960426,6
slp16,290,0,1,72.50379781798094,0.0452828209981558,36,19.33301111648139,1.4087688774245406,9
slp16,291,1,W X,82.95313148071341,0.21555674426934546,41,15.55371215263376,2.972061479848626,6
slp16,292,0,1,77.28813559322033,0.06494941564631498,39,19.617459538989703,1.4321004678443479,9
slp16,293,1,W X,71.4085690282834,0.06896165124589575,35,22.581859239744073,0.8716323766359301,9
slp16,294,0,1,72.2543352601156,0.03077958507099887,36,22.123893805309734,0.5048881064156692,11
slp16,295,1,W X,62.60939814191463,0.11976654363379381,32,23.948908994145825,0.5358042760395089,7
slp16,296,0,R,67.54912663755458,0.0520600063464241,34,20.197486535008977,1.7185482245197543,10
slp16,297,1,W X,64.82106684672519,0.11431473822303055,33,8.92857142857143,6.324667474790012,4
slp16,298,0,R,78.86222701536802,0.0755108658490649,40,17.039922103213243,1.8047793239516197,8
slp16,299,1,R X,61.87267977450845,0.035533020636522805,31,27.12100139082058,0.595185735020252,14
slp16,300,0,R,76.76348547717842,0.0857877176842842,38,20.939972080037226,0.821621161687875,10
slp16,301,1,R X,77.95404814004377,0.03657588021976254,39,9.487666034155597,4.969623996507851,4
slp16,302,0,W,74.8544496811755,0.09666564494990061,37,20.118796704349496,0.7960785521696272,8
slp16,303,1,R X,78.94736842105264,0.05136096492423716,40,19.828155981493722,0.7525715912788629,9
slp16,304,0,W,60.50013444474322,0.11553900736211223,31,25.862068965517242,0.621900313555155,13
slp16,305,0,R,69.17130069171301,0.13236716263463771,35,18.32780589980799,0.8829815908590158,8
slp16,306,1,R X,69.87258528565557,0.08340811408256206,35,21.29471890971039,0.7937419227935488,11
slp16,307,0,W,75.83003142505807,0.07337331623572238,38,19.34547799451878,0.7277195544988468,9
slp16,308,1,R HA,75.96496030659733,0.06492969732968924,38,13.341239252890604,1.1284199375921873,7
slp16,309,0,R,74.16563658838072,0.04608566901856681,37,18.49283402681461,0.6199530224137954,9
slp16,310,1,R X,73.23026851098454,0.038360859682175466,37,17.748853719863924,1.4226333856619562,9
slp16,311,0,W,68.48395326977307,0.10800211455061813,35,20.080321285140563,0.483012767257071,7
slp16,312,1,R HA,78.65017477816617,0.07788458900495492,40,15.739769150052467,2.605002367241407,7
slp16,313,1,W X,71.14785201246782,0.11217735229246116,36,14.290250873293108,0.8979849045996756,7
slp16,314,1,W X,66.86167989970748,0.13338144314333986,33,17.24137931034483,1.8408023095534032,8
slp16,315,0,R,67.9198682766191,0.07450927922441461,34,18.84760366182014,1.2327964560465023,8
slp16,316,1,1 X X,71.99670872188699,0.1260600958079203,36,22.222222222222225,0.7180083564973322,7
slp16,317,0,1,72.76647352108881,0.1007798603239436,37,13.816395455941052,1.4441249561201028,7
slp16,318,1,W X,72.50268528464017,0.09402022372413182,37,12.32741617357002,1.5601505568373841,6
slp16,319,1,W X,62.15469613259668,0.13961216120222322,31,26.121027427078797,0.15158825812047577,5
slp16,320,0,1,64.98781478472786,0.07936899583590562,33,18.402085569697896,0.975264963996964,9
slp16,321,1,W X,75.65430752453653,0.08753018888588572,38,11.98849104859335,2.2510291335298174,6
slp16,322,1,R X,60.32980292264379,0.13382768356692457,31,19.005384859043396,0.44830235332864354,9
slp16,323,0,R,68.46556584776481,0.16213681266375396,35,10.795250089960417,3.5779999999999994,3
slp16,324,1,R X,72.48322147651005,0.11141092882535535,37,18.97133220910624,0.817654096927437,10
slp16,325,1,R X,81.12493239588967,0.10817319446147461,41,13.765677577240744,3.235308262833011,7
slp16,326,1,R X,111.59204653050179,0.17212712580536665,56,14.307516215185045,3.8138632172640907,6
slp16,327,1,W HA,81.38903960933261,0.1401718944724655,41,12.776831345826233,1.907588215522417,6
slp16,328,0,W,83.74183006535947,0.1353245641269797,42,19.51219512195122,0.9368900682577438,5
slp16,329,0,1,110.12916383412646,0.211790783739089,55,12.772479564032698,2.377201850916325,6
slp16,330,1,W HA,142.18986124467645,0.13066008239265295,70,6.920947400799753,5.059840665036356,4
slp16,331,0,W,108.79978103188722,0.1765292860169233,54,9.181799632728014,4.466673432830697,4
slp16,332,0,W,102.64130286027098,0.21482794604054659,51,12.594458438287154,3.186840943630542,6
slp16,333,0,W,82.27067050596463,0.1747670163388962,41,9.129640900791236,2.469673662652619,5
slp16,334,0,W,73.8209159261791,0.06102691169162409,37,8.291873963515753,4.448749337360632,4
slp16,335,0,W,72.39382239382239,0.05509306412140926,36,18.84422110552764,1.1098420308013808,7
slp16,336,0,W,79.93987428259088,0.055095160042348955,40,11.916110581506196,3.3608964518413837,6
slp16,337,0,W,112.81279912484618,0.17261364300676268,56,15.050167224080267,1.7766645403364387,7
slp16,338,0,W,99.66101694915255,0.24266159851787836,50,10.055304172951232,5.414983194803102,5
slp16,339,0,W,90.46052631578948,0.19006079931962963,45,24.377031419284943,0.6005034924498311,10
slp16,340,0,W,104.09579534630561,0.17729161514643124,52,20.89427496865859,0.743811696600692,11
slp16,341,0,W,109.06153224720613,0.10305471531386858,55,20.55146429183079,1.1934294072126763,9
slp16,342,0,W,107.53415392939267,0.061520961994144245,54,21.213073538654935,1.0003509507624602,10
slp16,343,0,W,109.63724959393612,0.12907436633156774,55,21.472880547160806,1.1393567169219048,10
slp16,344,0,W,102.79494759473258,0.09074797900760027,52,23.518344308560675,0.7152326614466092,11
slp16,345,0,W,102.86654779865587,0.12921842593066982,51,18.32340815391663,1.334242762768455,9
slp16,346,0,W,97.75967413441956,0.07669379049179928,49,15.514566454059645,2.4873111765295652,7
slp16,347,0,W,117.07517458578666,0.14156631609559459,58,16.357688113413307,1.5572958247276867,8
slp16,348,0,W,117.15538503699644,0.1093289641718718,58,20.73613271124935,0.9982523478559918,9
slp16,349,0,W,122.7035000670511,0.14940082425686976,62,18.107741059302853,1.0796313028066573,9
slp16,350,0,W,111.56186612576066,0.13305652809772806,56,19.3631669535284,1.4419665584040275,10
slp16,351,0,W,96.02288204848814,0.1022002578843822,48,21.82347235693501,0.8421644072797716,10
slp16,352,0,W,103.54825348612452,0.13250330712853925,51,18.031555221637866,1.5496624632480456,9
slp16,353,0,W,105.66242210782987,0.11804291667658333,53,17.21029339452549,1.5208476691151753,8
slp16,354,0,W,79.11820394914795,0.058555030955760846,40,18.273184102329832,1.964789492541122,9
slp16,355,0,W,81.113965120995,0.021097630198673993,41,20.54169202678028,0.9641351270490442,10
slp16,356,0,W,82.70158511371469,0.11357706634704033,41,21.54011847065159,1.078500695410068,9
slp16,357,0,W,75.42810546344117,0.056124665577572064,38,15.668523676880223,2.4513916229131754,7
slp16,358,0,W,99.90485252140819,0.17814646576709323,50,15.580946728001186,1.471588008005679,8
slp16,359,0,W,98.1996726677578,0.20036050841753555,49,17.558528428093645,1.3688096422566194,8
slp16,360,0,W,78.95802402483467,0.04192777359404606,40,17.891754882958104,0.8726922424314313,9
slp16,361,0,W,78.64238410596028,0.1489038805772688,39,15.189873417721516,1.0387498896911294,7
slp16,362,0,W,66.6851903306474,0.021164534013296887,33,13.276294438707776,0.31674525340651216,7
slp16,363,0,W,67.07317073170732,0.023874788159099422,34,13.940520446096656,0.3569724545862514,7
slp16,364,0,W,66.94560669456067,0.019822651184944983,33,13.095861707700367,0.2947606486626055,6
slp16,365,0,W,81.14687584527996,0.12962885481249922,41,15.202702702702705,0.11925695879998882,7
slp16,366,0,W,70.96145818839571,0.020117647058823542,35,15.725625280814738,0.21983296070481537,8
slp16,367,0,W,71.87842278203725,0.028312887380780045,36,17.17650907901194,0.4386405715621938,8
slp16,368,0,W,69.76744186046511,0.030323743366621258,35,19.020446980504044,0.3063066274176907,9
slp16,369,0,W,94.65020576131688,0.2059543877412367,47,13.31360946745562,0.5505956370654925,7
slp16,370,0,W,91.8992511912866,0.1540167699703469,46,16.38747268754552,0.9230172744260471,7
slp16,371,0,W,73.67990176013099,0.0680351216488791,37,16.28917157927397,0.4258419750976905,8
slp16,372,0,W,75.28486163863269,0.03887505035122244,38,12.81832165441805,1.918349957645893,6
slp16,373,0,W,68.84449244060475,0.026207582304406025,35,15.889830508474578,1.0599622634792243,8
slp16,374,0,W,79.75460122699384,0.07353567208527798,40,16.951888924765903,0.9574524019714068,8
slp16,375,0,W,112.94876966518757,0.191905363049986,57,14.66275659824047,0.4005130043664833,7
slp16,376,0,W,74.79784366576818,0.0509846365378103,38,16.091954022988507,0.3915941255734992,8
slp16,377,0,W,77.52992383025027,0.05668555439935582,39,15.506547208821502,0.5474677057954094,7
slp16,378,0,W,71.1960943856794,0.05808188449183143,36,17.130620985010708,0.5173275074843788,9
slp16,379,0,W,70.17778371875417,0.04585036888107458,36,18.03194229778465,0.3091845760073039,8
slp16,380,0,W,81.14687584527995,0.19173012282893892,41,10.729613733905579,0.7672652735527655,5
slp16,381,0,W,66.5188470066519,0.030446674695276673,33,13.262599469496019,0.9706465199374419,7
slp16,382,0,W,74.26763856415899,0.027624242350372214,37,13.169446883230904,0.5241557020580813,6
slp16,383,0,W,75.1523358158429,0.048058158095504504,38,13.863216266173751,0.287354832915683,6
slp16,384,1,W HA,70.58349018553375,0.0631252464129359,36,12.309207287050715,0.7195491922030071,6
slp16,385,0,W,79.9887735054729,0.20126073550623255,39,16.10305958132045,0.7810719130357546,7
slp16,386,0,W,72.44432519452643,0.12450415234287285,37,17.084282460136674,0.9108347819445631,9
slp16,387,0,W,80.6343233436366,0.1755687614582959,41,15.676321289937293,0.4387172396048855,8
slp16,388,0,W,68.54838709677419,0.05608791912061168,35,14.31297709923664,0.7685969901927363,7
slp16,389,0,W,66.94617257235596,0.03900507372049476,34,16.045640934212873,0.9280902733869995,7
slp16,390,1,W HA,95.84013050570962,0.1691508149233278,48,14.792899408284024,0.5021341122316494,7
slp16,391,1,W HA HA,87.8267973856209,0.17797320548689843,44,16.218721037998147,0.3904542618697418,8
slp16,392,0,W,108.63623940967477,0.1981039925979092,54,16.41907740422205,0.3830873508318266,8
slp16,393,0,W,100.8200026885334,0.1804710104144153,51,14.193344898281028,0.565588385862212,7
slp16,394,0,W,80.3350727822027,0.10751438293458264,40,16.522423288749017,0.3814044936220625,8
slp16,395,0,W,72.57089100927296,0.046664947058264385,37,18.01956409816372,0.6055622450690442,8
slp16,396,0,W,69.68165049870201,0.04742110548769126,35,14.095536413469068,1.2075615466256322,7
slp16,397,1,W HA,80.324042290265,0.09405167351650767,40,15.197568389057752,0.374514797215455,7
slp16,398,1,W HA,66.90997566909975,0.02720881399893517,34,14.139827179890023,0.5284867285204258,7
slp16,399,0,W,73.01808066759386,0.035175130361071394,36,15.895443306252208,0.702383244548318,7
slp16,400,1,W HA,66.62180349932707,0.05194049007011389,34,13.899613899613897,0.7607484618599122,7
slp16,401,0,W,92.74193548387098,0.1879656486333675,47,14.099953000156665,1.1362638582457667,7
slp16,402,0,W,74.83818770226537,0.08859035657623991,38,14.499758337361047,0.7916287008440257,7
slp16,403,0,W,73.54944156905475,0.07162212224628456,37,18.256503879507072,0.9776214758279402,9
slp16,404,0,W,115.05853855470328,0.19628926964471252,58,13.681970203709334,2.459473837135812,7
slp16,405,0,W,100.88781275221955,0.2066687242908322,51,16.91729323308271,1.3929626301121252,7
slp16,406,0,W,117.26786449046772,0.18408736400673953,58,14.555031882450791,2.471555075209921,8
slp16,407,0,W,105.36269080102662,0.1809462799093083,53,18.987341772151897,1.3052585950684252,9
slp16,408,0,W,106.92669804976464,0.19332307866560844,54,20.79866888519135,1.1646167438260537,11
slp16,409,0,W,148.9732921755469,0.11044465543341468,75,19.505851755526656,0.9277536618859864,8
slp16,410,0,W,79.57018498367792,0.1223056173559411,40,16.332244517032198,1.1007464628651793,8
slp16,411,0,W,101.32396649554177,0.17577978950948825,51,19.486143187066972,1.4267885029319398,10
slp16,412,0,W,119.91869918699187,0.17003814229829126,60,15.666965085049238,2.3196540206483816,8
slp16,413,0,W,124.41471571906355,0.17572944155295084,63,22.518765638031695,0.9215223046810594,10
slp16,414,0,W,114.70351489133351,0.19968679692640728,58,18.001800180018,1.9259779334146068,9
slp16,415,0,W,88.79321942688014,0.15279076061374136,45,18.805829807240244,1.1164209555539522,9
slp16,416,0,W,127.10154673839948,0.17268669428029562,64,27.568922305764413,0.893350717317802,12
slp16,417,0,W,108.34838171968329,0.16600354669341524,53,19.38610662358643,1.1879861110299228,9
slp16,418,0,W,115.6030286641428,0.17456075112282218,58,23.557966876070818,0.9483966809636198,12
slp16,419,0,W,112.47991430101767,0.1697484333130792,57,17.014036580178647,1.2874609702822062,9
slp16,420,0,W,87.76704313512042,0.08939200923026568,44,18.564356435643564,1.1520432090662032,10
slp16,421,0,W,97.34991887506759,0.14969487484732252,49,28.045448008054077,0.9776201510624223,14
slp16,422,0,W,79.63517560577186,0.03661006928308875,40,21.06741573033708,1.0632194296360256,10
slp16,423,0,W,100.5901287553648,0.18293892314103086,51,23.573785950023574,0.71406677558895,11
slp16,424,0,W,127.94476035743297,0.134066014131564,64,20.463847203274216,1.4339740583427585,11
slp16,425,0,W,96.91748552968099,0.18227861381839494,49,18.441678192715536,1.8316123361672358,9
slp16,426,0,W,78.48135229407029,0.10978087073449634,40,16.990291262135923,1.4460103592933469,8
slp16,427,0,W,91.26554894537588,0.18615005761647588,46,18.65091700341933,1.3090206262698845,9
slp16,428,0,W,92.63071222725402,0.18599574666582508,46,16.632785067455185,1.7428611215151046,7
slp16,429,0,W,83.65070729053319,0.08948825359359411,42,19.04157410345922,1.3569609426951095,9
slp16,430,0,W,80.52610387867402,0.08825865396662244,41,19.008729935229514,1.084465573564654,10
slp16,431,0,W,100.87424344317418,0.1927306929370618,51,13.213918660989574,2.295155961778826,7
slp16,432,0,W,113.26860841423948,0.17401290123412796,57,25.38071065989848,0.6271892856227695,11
slp16,433,0,W,69.21824104234528,0.06931957986203563,35,8.614501076812635,1.4782621553702844,5
slp16,434,0,W,81.02633355840648,0.14893270292316593,41,13.871763255240442,1.0030291897824088,7
slp16,435,0,W,71.80960196963481,0.032605295676046975,36,12.116316639741518,1.098644983604804,6
slp16,436,0,W,72.77515941225396,0.03591445618779861,36,12.926577042399174,0.3727399093201585,6
slp16,437,0,W,73.50939286686632,0.15003686789717738,37,12.906556530717605,0.5798946111148129,6
slp16,438,0,W,97.2710078357201,0.18768228176599114,49,17.759360663016132,0.8730886266582563,9
slp16,439,0,W,97.88947514579283,0.20133885951621502,48,16.10429447852761,0.7082400146612353,8
slp16,440,0,W,72.22147920288886,0.03416065891173574,37,12.761613067891782,0.5776232682293884,6
slp16,441,0,W,123.06657700067252,0.1650706330457192,62,17.35357917570499,0.9082046850793051,9
slp16,442,0,W,93.36941813261163,0.20723138488391996,47,13.744654856444717,0.4901954258819185,7
slp16,443,0,W,88.34406245719765,0.16166242897175961,44,15.898251192368837,0.5114411012032567,7
slp16,444,0,W,79.53772943575798,0.0341185618925348,40,14.945200929923613,0.481462586523836,7
slp16,445,0,W,78.46030042918454,0.04735352515399663,40,15.989036089538601,0.4812527868989012,8
slp16,446,0,W,76.97501688048615,0.050414459518394676,39,15.709156193895872,1.0344785929073996,8
slp16,447,0,W,80.06021623101137,0.19751167377012593,40,17.979452054794518,0.4981415256649828,8
slp16,448,0,W,120.49012933968689,0.17051129154932868,60,15.37147736976943,0.32994881757966976,7
slp16,449,0,W,94.8983712478126,0.15682684150485054,48,15.005001667222407,1.1756273029985123,7
slp16,450,0,W,74.85837604531966,0.18055135102769376,38,14.913007456503728,0.6198125164560292,7
slp16,451,0,W,68.62609177873284,0.06556444197446755,34,17.759360663016132,0.44192731302783267,9
slp16,452,0,W,70.98431584640346,0.04993958799369086,36,18.001800180018,0.49518380425858033,9
slp16,453,0,W,66.56497018444044,0.042480694144517,33,18.918492826738138,0.5193127670296581,9
slp16,454,0,W,65.12890094979647,0.02811472034362069,33,15.321756894790603,0.6893010953132165,7
slp16,455,0,W,67.37443854634544,0.06885958083867662,34,13.824884792626728,0.49082461225981744,6
slp16,456,1,W HA,67.65992345544014,0.05667544900345196,34,15.042979942693409,0.8293568691019149,8
slp16,457,0,W,63.37740220798691,0.07326760211205754,32,16.18372379778052,1.162828922086485,8
slp16,458,1,W HA,67.73399014778325,0.05764754695059876,34,15.723270440251575,0.5522318353735141,8
slp16,459,1,W HA,95.67105441715294,0.23247484226492618,48,14.935988620199147,0.5239398625718764,8
slp16,460,1,W HA,89.24949290060853,0.07124042635405432,45,16.87831538337888,0.4716885863034842,8
slp16,461,1,W HA,69.805639200657,0.06277327798566636,35,14.460154241645244,0.7134205554151694,7
slp16,462,0,W,91.72441907867915,0.2156105130399103,46,13.945704722945331,0.5364332577310994,6
slp16,463,0,W,93.09060819197353,0.22465396601093973,46,18.596001859600186,0.3783381424070271,9
slp16,464,0,W,83.65070729053319,0.18783166106140112,42,18.012608826178322,0.18907934842282487,9
slp16,465,0,W,83.84458077709613,0.2017035832963179,42,16.25638643752903,0.7628359547619337,8
slp16,466,1,W HA,65.14657980456026,0.057166423711825815,33,15.913913307062748,0.8799009220662638,8
slp16,467,0,W,71.56488549618321,0.13416987100580477,36,14.853936293117679,0.9313915515089357,7
slp16,468,1,W HA,67.01868399675061,0.06465914017146762,34,17.151257758902318,0.6547474353379575,8
slp16,469,1,1 HA,80.93889113719142,0.23665736836194218,41,13.931888544891638,1.2969166854076977,7
slp16,470,0,W,84.45482010436693,0.21502921512005235,42,15.851449275362318,0.40497316615563855,8
slp16,471,1,W HA,68.1442731277533,0.0709468948696397,34,16.853932584269664,0.7704128763202237,8
slp16,472,0,W,75.46913244492794,0.11538665586028954,38,17.028867985728187,0.28266024893240754,8
slp16,473,1,W HA,115.93220338983049,0.1960361647780648,58,19.733957023826928,0.5403091936024762,10
slp16,474,0,W,67.88261108063632,0.06025790911284571,34,14.031805425631429,0.7692039174800572,7
slp16,475,0,W,87.50508750508752,0.16017718690892696,44,19.9468085106383,1.2416118556135005,9
slp16,476,0,W,82.48390557939915,0.22415423431523998,42,16.687857596948508,1.066584248516578,8
slp16,477,0,W,74.52665502887068,0.12167710446169654,38,16.398563173512414,0.7721723398626626,8
slp16,478,0,W,80.99352051835854,0.10437700896270213,41,15.673981191222571,0.9184309601551052,8
slp16,479,1,W HA,93.39469409853817,0.217336410460625,47,16.383211109377438,0.6890187047607663,8
slp16,480,0,W,67.91055014405268,0.06254991762323922,34,18.687707641196013,0.893685502723289,10
slp16,481,0,W,67.98516687268231,0.05190030706342919,34,13.171374213376264,0.5702089285711179,7
slp16,482,0,W,65.09357200976405,0.04950694395738844,33,12.935494998275267,0.8505230390765439,6
slp16,483,1,W HA,82.98475239508838,0.2281578922486792,42,15.182186234817813,1.2475457048598604,8
slp16,484,1,W HA,66.53225806451613,0.08576834711238863,34,14.77832512315271,0.6769736577839149,7
slp16,485,1,W HA,67.00054141851652,0.08391486349798905,34,12.406947890818858,1.2406914201363688,6
slp16,486,0,W,80.2359072829516,0.19109819995223284,40,17.230062356416145,0.8394034810993057,8
slp16,487,0,W,87.37864077669903,0.19045742764731377,43,14.997857448935864,0.7845171139247481,8
slp16,488,0,W,86.78686759956943,0.24121387631426783,44,17.915795759928336,0.6096318561230211,9
slp16,489,0,W,77.74140752864157,0.14734120049355132,39,17.634092578986042,0.769934899845435,9
slp16,490,0,W,127.92744009746852,0.16621419457497036,64,20.02967359050445,1.147857435119024,10
slp16,491,0,W,80.85694540428473,0.18368506335125984,40,14.705882352941176,0.7653530775618097,7
slp16,492,0,W,68.41741534208708,0.07050316341429883,34,8.886255924170616,1.1889592087199625,5
slp16,493,0,W,66.48757555406314,0.05071072464600608,34,14.922898358481183,0.6440679743284521,7
slp16,494,0,W,70.48872180451129,0.04349108282986624,36,15.243902439024392,0.45702224599392693,7
slp16,495,0,W,83.68485508232413,0.10245676965929797,42,20.107238605898125,1.3597659929397983,10
slp16,496,0,W,145.4719300641989,0.10483639685308661,72,16.949152542372882,0.6689932735087849,8
slp16,497,0,W,90.44620125954711,0.2318374228145317,46,15.742128935532234,0.722991969357269,8
slp16,498,0,W,99.32432432432434,0.19997630846766534,50,17.738359201773836,1.0710741104144006,9
slp16,499,0,W,74.08423652078473,0.07461597154682464,37,16.263940520446095,0.4757368506016832,8
slp16,500,0,W,111.24595469255665,0.228684476412515,56,18.99335232668566,1.013524050035321,9
slp16,501,0,W,86.3222698072805,0.021338245333189988,44,17.696504940274295,0.414159087791153,9
slp16,502,0,W,76.94384449244059,0.049773781882441755,39,12.2689350564371,1.562280589394876,6
slp16,503,0,W,96.34684865515857,0.15688457806085762,49,22.202486678507995,0.8295544828400363,11
slp16,504,0,W,103.70069133794226,0.19038837257199112,52,18.610421836228287,1.2630249403713292,9
slp16,505,0,W,129.1866028708134,0.17177040580497457,64,19.534429431873676,0.6782372372555197,9
slp16,506,0,W,120.03255120032551,0.1894376564526578,60,15.036086607858861,1.0250794310686366,6
slp16,507,0,W,99.01657011989762,0.24763913501538956,50,13.077593722755013,0.968731128848454,5
slp16,508,0,W,88.94878706199461,0.21949378273918607,45,18.485915492957744,1.1586294507225479,8
slp16,509,0,W,62.34079635339858,0.07740752597805789,32,7.43801652892562,4.502730825719975,4
slp16,510,0,W,66.54120177443205,0.044444370982492085,34,10.270455323519341,0.8246089982531112,5
slp16,511,0,W,84.34864104967198,0.26035128893630166,43,15.886464732048298,1.5678028447480252,6
slp16,512,1,W CAA,110.53493449781661,0.1614978584967608,55,17.277788443079288,1.0135466880656703,7
slp16,513,0,W,66.69361358124495,0.1359192759941608,34,9.930486593843098,1.143232259866734,5
slp16,514,0,W,68.93190363459128,0.12242376237529644,34,17.573221757322177,1.4109755201162586,8
slp16,515,0,W,68.43633347158855,0.19554171417748972,34,16.319552377991915,2.077018113762603,8
slp16,516,0,W,66.80161943319838,0.14387904316946537,34,16.61392405063291,1.729400792772114,8
slp16,517,0,W,66.8918918918919,0.1484302682618064,34,12.073406310367032,1.4626192395835629,6
slp16,518,0,W,61.71992867919353,0.06841039557130352,31,14.962593516209473,1.4950759178048452,7
slp16,519,0,W,61.61007667031764,0.03710501613289263,31,14.374700527072351,1.368202226768153,7
slp16,520,1,W HA,62.382613361953304,0.07516923673900833,32,14.910536779324056,0.4675211225174752,7
slp16,521,1,W HA,67.24629805732917,0.06919057139437877,34,18.527095877721166,1.0138322099834862,9
slp16,522,1,W CAA HA,64.05841024934564,0.1247701236951758,32,14.84938481120068,0.452898871443838,8
slp16,523,1,W HA,63.14502987506789,0.1408979084427373,32,15.062761506276148,0.6212907710743999,7
slp16,524,1,1 X,64.0407657347473,0.04969802672704334,32,13.83551114527287,0.3424804941728637,7
slp16,525,1,1 HA,61.483809263560595,0.02864929706331767,31,15.144958892254433,0.36370699128584827,8
slp16,526,1,1 HA,65.81653640477171,0.043212953787030106,33,14.88341326277493,0.3606617374894222,7
slp16,527,0,1,64.0055058499656,0.050499935607463506,32,14.413837283792441,0.2387262495458392,7
slp16,528,0,2,67.73399014778326,0.11521822629003402,34,13.99471310838128,0.27398702321257645,7
slp16,529,0,2,71.3024582371316,0.14102023591944352,36,17.001295336787567,0.6977112437046121,8
slp16,530,0,2,71.2057507120575,0.046164355893936616,36,13.99471310838128,0.42176402038211946,7
slp16,531,0,2,66.80161943319838,0.05754653165730429,34,15.576323987538942,0.298537386986239,8
slp16,532,1,2 HA,67.0913526701003,0.07046877015086073,34,16.067329762815607,0.24524606552004297,8
slp16,533,0,2,75.61307901907357,0.03580549680103232,38,14.643670680117147,0.21127759517332212,7
slp16,534,0,2,77.73080594572481,0.0580053488793487,39,16.314481044126786,0.5707893567647512,8
slp16,535,0,2,78.71367061356297,0.14706648033592087,40,15.224010439321443,0.5310935964246466,8
slp16,536,0,2,77.6566757493188,0.1698334200966272,39,16.203703703703706,0.2385931555547035,8
slp16,537,0,2,82.9176216799245,0.16703043070909965,42,15.295717199184228,0.15173075568988034,7
slp16,538,0,2,79.24681658087239,0.0512886149645666,40,13.979496738117428,0.30035534510531564,7
slp16,539,0,2,98.23986901350798,0.17909989065695525,49,19.078575466365177,0.9672408001279199,10
slp16,540,0,2,80.85163724565423,0.16273165027123643,41,17.706079087153256,0.9620378832919673,7
slp16,541,0,2,67.24572709442421,0.07395226500926119,33,18.656716417910445,2.1818249242320062,9
slp16,542,0,W,75.17269402681838,0.04411870566913369,38,21.18976612776644,0.8953716932848628,10
slp16,543,1,1 CAA,81.35593220338983,0.19321632953764545,41,11.121408711770158,1.6536804407139851,5
slp16,544,1,1 HA,74.7978436657682,0.22243584116136253,38,21.632535333141043,1.0241549882708183,6
slp16,545,0,W,63.07650569723276,0.07314091996096803,32,11.748120300751879,2.233733233848662,6
slp16,546,0,W,60.190950601909506,0.07623831463451654,30,17.826825127334466,1.4813196543512634,8
slp16,547,1,1 CAA,63.515913126622046,0.06889428478899311,32,16.39702667249672,0.9790163226422733,6
slp16,548,1,1 CAA,61.24172884696607,0.0679466812017026,30,21.81421559716415,0.756584264969871,9
slp16,549,0,W,63.67246337121732,0.07200554956066803,32,10.353753235547886,0.42827444471973813,5
slp16,550,1,W HA,63.19652079369394,0.08044744796110523,32,15.797788309636651,1.0148201811158466,7
slp16,551,1,1 HA,64.07606448945846,0.08266749465307656,32,18.796992481203006,1.150283443330382,9
slp16,552,1,1 HA,62.28234663809269,0.046737115448622364,32,18.3182135380321,1.1003821228675656,8
slp16,553,1,1 HA,64.62905614649253,0.0885175653472236,33,13.47305389221557,1.8443292065740928,7
slp16,554,1,1 HA,64.14677886605048,0.051886693170790824,32,18.69857890800299,0.6234017645146668,6
slp16,555,1,2 HA,59.50752393980849,0.04711753209956341,30,14.220255964607366,2.377137120338011,7
slp16,556,0,W,63.559322033898304,0.06302482869677684,32,14.064697609001403,1.7502849291853406,7
slp16,557,1,2 CAA,63.342868818962,0.06087889070956414,32,8.744656043528954,4.584607677386971,4
slp16,558,1,2 HA,62.08609271523179,0.06402166300037306,31,14.729950900163667,0.7867627060019785,7
slp16,559,1,2 HA,65.35947712418302,0.06423394741100688,33,8.604206500956023,3.4132328110198142,4
slp16,560,1,2 CA,60.402684563758385,0.14720265698085147,31,12.771392081736911,1.8993539252423002,7
slp16,561,1,2 HA,62.45802552048354,0.07216537834325819,32,13.632232656770675,0.16412461390324384,7
slp16,562,1,2 HA,68.67761917586856,0.03394275661527212,35,13.929732239591395,0.2153374612607436,7
slp16,563,1,2 H,67.43869209809264,0.017970489021330194,34,13.809611489596756,0.24507174459737288,6
slp16,564,0,2,69.66261439694031,0.05618222945535709,35,13.835085777531823,0.4958606255794061,6
slp16,565,0,2,69.59606986899564,0.027116052013827715,35,14.282993715482766,0.35475647985625286,6
slp16,566,0,2,69.63407973784817,0.030185585138820994,35,13.196480938416425,0.5503195031575343,7
slp16,567,0,2,71.89811010682006,0.04803889580542086,36,15.567086730911786,1.1448026298120082,8
slp16,568,0,2,72.85483000539665,0.04424957278164416,37,14.13316582914573,0.5453643022991347,7
slp16,569,0,2,72.0955781378742,0.034315415706385376,36,14.612761811982462,0.38411630183231393,7
slp16,570,0,2,73.23026851098454,0.016852299546352693,37,14.962593516209477,0.6654392033336579,7
slp16,571,0,2,71.67235494880545,0.029058702023065403,36,13.3195204972621,0.43527411542102473,7
slp16,572,0,2,72.41379310344827,0.020842656417323857,36,13.71324089593174,0.5149882415054631,7
slp16,573,0,2,73.65980084572364,0.019024026394191963,37,14.29479034307497,0.3950808637341083,7
slp16,574,0,2,72.87617990005553,0.02470369715368984,36,13.784230839919132,0.31148059329595484,6
slp16,575,0,2,73.03218826075195,0.017442675069502558,37,14.218009478672986,0.40913567431843445,6
slp16,576,0,2,74.71980074719801,0.016448573055300418,37,14.315253698107208,0.621771304866633,7
slp16,577,0,2,71.63323782234957,0.022244357229900532,36,15.787099684258008,0.24751499645352343,8
slp16,578,0,2,73.1013943414106,0.034225649179064434,37,14.139827179890023,0.517117222902334,7
slp16,579,0,3,74.39678284182305,0.01904421827792845,38,13.994713108381276,0.323162841648328,7
slp16,580,0,3,74.7072284291291,0.04992652014882399,38,15.080428954423592,0.5272098464769244,7
slp16,581,0,3,75.30529172320216,0.016475051417555658,38,15.000000000000002,0.13631336447074188,7
slp16,582,0,3,74.96960691611508,0.02982294967380262,38,14.615134784020785,0.11667999923818229,7
slp16,583,0,3,75.04056246619795,0.01836056370291166,38,13.850415512465375,0.949950174131956,7
slp16,584,0,3,73.58953393295175,0.02435843454192679,37,15.30612244897959,0.3106947054585901,6
slp16,585,0,3,75.03041773692037,0.04475884575357266,38,14.504431909750204,0.3007317002837506,7
slp16,586,0,3,74.31874483897604,0.014313940369055898,37,15.189873417721516,0.24472842090774843,7
slp16,587,0,3,75.22363784223367,0.02823008875090293,38,15.568240788790865,0.49207452010171515,7
slp16,588,0,3,74.6469401479489,0.02071053411964108,38,15.02755050926699,0.42842606000206024,7
slp16,589,0,3,72.12529193570546,0.028931220337277193,36,16.246325235958533,0.9216127833580542,8
slp16,590,0,3,74.2370085235084,0.03192970674527884,37,14.567821301392035,0.11448823326244299,7
slp16,591,0,3,75.2950752950753,0.012755840553447724,38,15.789473684210526,0.34006385954909785,8
slp16,592,0,3,76.87120701281187,0.04615006234933648,39,14.9402390438247,0.6570317090267916,7
slp16,593,0,3,77.7308059457248,0.017495547514310185,39,14.910536779324056,0.3929783709060843,7
slp16,594,0,3,76.97501688048615,0.04634126093854118,39,15.208574739281575,0.22153453685691568,8
slp16,595,0,3,75.6852584208373,0.01829104847585938,38,14.420765902900175,0.12984948551645842,7
slp16,596,0,3,76.48953301127214,0.050777446080626315,39,14.972550324405253,0.17264092472206274,7
slp16,597,0,3,75.85075850758507,0.03423802729105538,38,15.277171540811873,0.1737575134185217,8
slp16,598,0,3,73.02231237322515,0.02857154761879959,37,15.502731433633546,0.0838735686030115,8
slp16,599,0,3,90.0900900900901,0.208039331945581,45,19.111323459149546,0.9185258570122018,9
slp16,600,0,4,89.66173074310555,0.16153486433799427,45,10.371650821089023,3.0226245218352874,5
slp16,601,0,4,63.0252100840336,0.14137755445340613,32,15.093580197222781,1.5126250559871075,6
slp16,602,0,3,62.09465985925212,0.058630443362547496,31,15.507310589277802,1.8425345454076045,8
slp16,603,0,W,60.190950601909506,0.064398580497055,30,15.159171298635675,1.67731173806978,7
slp16,604,1,W CAA,65.08474576271186,0.1625207198328878,33,8.952551477170994,3.5281456886018754,5
slp16,605,1,1 CAA,60.46761623219564,0.09339198157348536,31,10.764262648008613,2.2282019657113667,5
slp16,606,1,1 CAA,64.42953020134229,0.06000364572257256,33,12.140833670578713,0.24865236777477104,5
slp16,607,1,W CAA,74.56670697299475,0.07365376129043177,38,11.88212927756654,1.0871013936151492,6
slp16,608,0,1,86.91551003907828,0.14292423117589304,44,14.307516215185045,0.5908020311407198,6
slp16,609,1,1 CA,62.30738308991023,0.07298231507876402,32,16.846834199073424,1.8999062476869746,9
slp16,610,0,W,64.19687040256787,0.06252686922435825,33,10.839716722069662,2.438543040423933,6
slp16,611,0,W,61.35805835833106,0.0761383535998047,31,17.057569296375267,1.361568121689106,9
slp16,612,0,1,63.07821698906645,0.062245963724566124,31,14.256296530967843,0.45509510605537784,7
slp16,613,1,W CAA,61.18286879673691,0.07853378607679344,31,15.786704087002281,0.8246386413993033,7
slp16,614,1,1 CAA HA,63.698630136986296,0.02926843007336432,32,14.193792581377744,0.3792995649878866,6
slp16,615,0,1,70.19655034095467,0.048273235919321256,36,13.086721340080267,0.311993846093156,6
slp16,616,1,1 HA,70.3351261894911,0.05924472732879253,35,15.906680805938493,1.257086578826879,7
slp16,617,0,2,66.417600664176,0.16658664224660993,33,15.806111696522654,2.185104901045126,8
slp16,618,0,2,60.54897739504844,0.06545784054556712,31,13.617793917385384,0.48991291743193155,7
slp16,619,1,1 HA,64.81231433972455,0.03488463128657088,33,13.51554287430545,0.5899216520484356,7
slp16,620,1,1 HA CA,69.35944512443902,0.03028195072633842,35,13.822336896424623,0.570021192588486,6
slp16,621,0,2,67.68767947490771,0.053628932887089024,34,12.683916793505835,0.5226798637789675,6
slp16,622,0,2,67.6137139735009,0.015195572309541655,34,15.31058617672791,0.7097740945583478,8
slp16,623,0,2,72.69454444752147,0.01893007541194805,36,14.660368138133249,0.6144761092905799,7
slp16,624,0,2,77.81569965870307,0.036745889400198704,39,14.705882352941176,0.5674846756898878,8
slp16,625,0,R,81.59934720522236,0.025890345691010022,41,15.767344078486337,0.1694173020155326,7
slp16,626,0,R,83.25436577771762,0.028144608307800707,42,16.360661697873116,0.5591823395717078,7
slp16,627,0,R,81.48852369957898,0.009225508116087706,41,16.31955237799192,0.3457657576794924,8
slp16,628,0,R,78.88349514563106,0.047961852033601635,40,15.96027664479518,0.5321875191655245,7
slp16,629,0,R,79.18245804006496,0.04544295829838341,40,14.674710582096857,0.3939165168182495,7
slp16,630,0,R,78.67494824016562,0.014747740331160794,39,16.564126833885474,0.3738654128677532,8
slp16,631,0,R,80.8298531591001,0.014391316826475622,41,15.67398119122257,0.21619039228024367,8
slp16,632,0,R,78.88349514563107,0.042943382753201566,40,18.835347669125724,0.5906570493949936,9
slp16,633,0,R,80.03830893419072,0.0328067278743226,40,16.56412683388547,0.28992103076809145,8
slp16,634,0,R,77.95404814004375,0.07478041724491848,39,15.45064377682403,0.25084833842162263,7
slp16,635,0,R,81.62154808869542,0.014013921649559781,41,15.75078753937697,0.4386686930044385,7
slp16,636,0,R,81.41112618724559,0.009241212041718346,41,15.599465161194475,0.3080545936243464,8
slp16,637,0,R,80.00547045951859,0.019925436285734323,40,17.738359201773836,0.3092567703381771,9
slp16,638,0,R,79.90711651413741,0.012840599648869131,40,17.76950414621763,0.3575371537708083,8
slp16,639,0,R,83.32204308359302,0.038957015009384435,42,16.824226886716872,0.43368379339452057,8
slp16,640,0,R,82.06811653672548,0.011982904489313108,41,18.475750577367204,0.394808497882201,9
slp16,641,0,R,84.03935501503143,0.008570941319257529,42,17.408965617292907,0.35695903126269257,9
slp16,642,0,R,84.33900164563904,0.008499571322780302,42,14.14871875491275,0.19706400539475055,7
slp16,643,0,R,78.94736842105263,0.02800732504917699,40,16.365336658354114,0.4703742322527319,8
slp16,644,0,R,79.07542579075427,0.039088631397587836,40,16.138948662772822,0.26298382040710866,8
slp16,645,0,R,81.66598611678236,0.008069076774947682,41,15.977276761938576,0.5457932046317746,7
slp16,646,0,R,83.11934045141237,0.03789688253837385,42,16.780869808418405,0.4110982242724967,9
slp16,647,0,R,80.03830893419071,0.013966052577198988,40,16.509433962264154,0.28725981981758714,8
slp16,648,0,R,79.6135002721829,0.03363414563794084,40,17.378711078928312,0.25205902086614557,9
slp16,649,0,R,84.8370589819553,0.018685122072067725,43,17.514595496246876,0.2623398636914196,8
slp16,650,0,R,87.44577006507592,0.008812204526727433,44,18.20940819423369,0.37493332740635354,9
slp16,651,0,R,83.605220228385,0.039587882942981406,42,18.97833306974537,0.40488486017632214,9
slp16,652,0,R,85.33116619260463,0.02982534191603111,43,17.623733294169483,0.3583598052237444,9
slp16,653,0,R,83.37852494577005,0.01151219512195123,42,16.40625,0.27712577266929,8
slp16,654,0,R,80.91706001348616,0.03301741964478751,41,17.632241813602015,0.6789057221675456,8
slp16,655,0,R,77.3405698778833,0.019138220088191195,39,14.746845813534327,0.2469808809514526,7
slp16,656,0,R,77.33007733007733,0.014725183358136778,39,16.101824873485658,0.21391434486442343,8
slp16,657,0,R,81.68822328114365,0.037166517189534995,41,15.126050420168067,0.2974618556311979,7
slp16,658,0,R,77.0478507704785,0.026279554000187173,39,15.090543259557347,0.28365236940076255,7
slp16,659,0,R,76.51006711409394,0.055773582642462766,39,13.42882721575649,0.5283130385166229,7
slp16,660,0,R,72.4929520741039,0.023895606290697022,37,16.7490827883235,0.22333428774290934,8
slp16,661,0,R,76.65411511565358,0.04012722150631882,39,16.10923596195152,0.2588010030577035,8
slp16,662,0,R,78.4708249496982,0.039799893946911524,40,16.365336658354114,0.5245378140490415,8
slp16,663,0,R L,81.47745790331342,0.03969685126052191,41,19.46787800129786,0.9204281612380186,9
slp16,664,0,R,85.33116619260463,0.028825064678877927,43,21.25984251968504,0.6436510058128944,10
slp16,665,0,R,86.20689655172414,0.060348196012016485,43,15.2527600232423,1.148570007106441,8
slp16,666,0,R L,76.9438444924406,0.03456736968719796,39,16.943682426980793,0.34431689248275293,8
slp16,667,0,R LLLL LLL,80.4234259004674,0.01379325126312237,40,18.228771077016557,0.6896591549453976,9
slp16,668,0,R,79.83078602620088,0.02835373438861993,40,16.401124648547327,0.41522376558935553,8
slp16,669,0,R,69.88215949575228,0.07113786021317581,35,19.826699955940665,0.38244179739544915,10
slp16,670,0,R,83.87888707037644,0.08938992113873782,42,17.691659646166805,0.6677807290127624,8
slp16,671,0,R,71.01312051941024,0.2507097777372499,36,9.504197687311896,7.3245867460219225,5
slp16,672,0,W,77.06192724243265,0.1976143472550813,38,10.656436487638533,3.2284025523469033,6
slp16,673,0,W,91.48877183254781,0.1806794339465332,45,18.135106543750947,1.2647852584529913,9
slp16,674,0,W,66.48757555406313,0.08874035339909221,34,16.533480297602647,0.8142843483697816,5
slp16,675,1,W CAA,67.07317073170732,0.06604915107801707,34,18.764073054791094,0.24783994835377127,6
slp16,676,0,W,70.33512618949112,0.06539875029228301,35,13.659128851115497,0.73894850219003,7
slp16,677,0,W,101.18726389638424,0.1819002979656713,51,5.176876617773943,0.4939999999999998,3
slp16,678,1,1 CAA,71.24440222553942,0.14459667763705178,36,12.651110486364917,3.183172142515841,7
slp16,679,0,W,98.14612868047983,0.270144817130039,49,11.1540749553837,3.8023558171218013,6
slp16,680,0,W,77.17303005686433,0.11858968110832394,39,13.266509433962266,1.9254072007990646,7
slp16,681,0,W,67.80821917808218,0.07674440902037186,34,12.520868113522537,1.870787641609811,6
slp16,682,1,W CAA HA,91.5395284327323,0.21296622166495777,45,11.137924633376649,0.8851231552727563,5
slp16,683,0,W,58.26859045504994,0.029363311830116416,29,13.683634373289545,2.054211517833546,6
slp16,684,0,W,63.36013080801199,0.07638927634205234,32,12.701100762066048,1.6059867994476167,6
slp16,685,0,W,62.18046151720326,0.05624407129249764,31,15.12350865400773,1.4438364019360213,7
slp16,686,0,W,64.59426725878079,0.03994664410185165,33,13.181019332161686,0.5404768265152541,6
slp16,687,1,W CAA,83.82172550088592,0.16191283706202217,42,15.432098765432102,0.45892047241324935,7
slp16,688,0,1,84.396871140387,0.16283350620681541,42,15.377855887521969,1.4811823186983057,8
slp16,689,1,W CAA,68.83520043190714,0.06498048682350778,35,10.4675505931612,0.844222719428943,5
slp16,690,0,W,63.856083493545725,0.1339170849442235,32,11.276499774470004,0.7895371808851056,6
slp16,691,0,W,83.41245083412451,0.2640264619982931,42,13.650841801911119,0.47147664016600255,7
slp16,692,0,W,76.38702760653979,0.18098774847196955,39,10.053619302949063,1.3677134202748762,5
slp16,693,0,W,59.93386607880959,0.06043425885440981,30,13.513513513513516,0.32469554970772235,6
slp01a,0,0,4 LA LA,65.31500884474079,0.03871187640763489,33,12.06175619170151,0.16331760468485923,6
slp01a,1,0,4 LA,65.4485955822198,0.05334264241673823,33,12.063696316551393,0.3194655536986736,6
slp01a,2,0,4 LA,65.10781293755251,0.04288532248328461,32,11.761016151795515,0.4709180820482475,6
slp01a,3,0,4 L L L,63.99669694467382,0.06502944182330153,32,10.901162790697676,0.5336740578293083,5
slp01a,4,0,4 L,63.56801093643198,0.03712901824500169,32,11.790135586559245,0.12844843323295144,5
slp01a,5,0,4 L,65.323897659227,0.03343276835680826,33,11.914217633042098,0.32827305707291904,6
slp01a,6,0,4 L L,64.57436467157338,0.055109917598286304,32,13.301803133313628,0.6961557935468818,7
slp01a,7,0,4 L,65.14657980456026,0.0477283982551269,33,12.266928361138369,0.38426157757444335,6
slp01a,8,0,4 L,64.21764949592598,0.033662832089828856,32,12.09677419354839,0.35972433890411154,6
slp01a,9,0,4 L L,66.4819944598338,0.04737879272417144,33,12.268935056437103,0.18805275855461392,6
slp01a,10,0,4 L L L,63.908741066520065,0.06994333963734783,32,11.545566502463053,0.6280198722970477,6
slp01a,11,0,4 LA,68.43633347158857,0.10072442835935859,34,12.260912211868563,0.6773104458075337,6
slp01a,12,1,3 HA,73.29985068548935,0.0821551528256291,37,15.585572213151256,0.8544387822735231,8
slp01a,13,1,3 H LA,66.09749380335995,0.031223989174991723,33,12.586004363148179,0.6435272799190412,6
slp01a,14,0,3 LA,65.852654685142,0.036259266057106006,33,12.118274357731458,0.5425356762462725,6
slp01a,15,0,2 LA,67.23630760610729,0.030681580386283887,33,12.600806451612902,0.39387795063953523,6
slp01a,16,0,2 LA,65.56481355006147,0.03961987348541133,33,11.11934766493699,0.31418465907806487,5
slp01a,17,0,2 LA,64.37768240343348,0.039349550147037164,32,11.431184270690444,0.47996933235364114,6
slp01a,18,0,3 LA,64.97901719236496,0.049031718050665946,33,12.425447316103382,0.13558524993523444,6
slp01a,19,0,3 LA LA,64.59230448673428,0.05597888705615525,32,11.288805268109124,0.43606765530133057,5
slp01a,20,0,3 LA,64.38659651066187,0.041401061179701784,32,11.266336187471834,0.2981500293476423,6
slp01a,21,0,3 L LA,64.35986159169552,0.03900617630327649,32,11.534025374855824,0.3993043951673962,5
slp01a,22,0,3 LA,64.39495572846793,0.030918238953730838,33,11.037527593818984,0.44993332839433003,5
slp01a,23,0,3,65.78947368421053,0.04197618372363071,33,11.242692250037475,0.465249352498206,6
slp01a,24,0,3 LA LA,64.4208831029392,0.06483139189466781,33,11.066027296200664,0.24677925358506136,5
slp01a,25,0,3 LA,65.05828137706696,0.05142895585173784,33,10.796027062041167,0.6166469330175898,6
slp01a,26,0,3 LA,63.70735717221537,0.04519593141468828,32,10.265183917878527,0.3989924811321637,5
slp01a,27,0,3 L,64.67315716272601,0.024947645492285238,32,11.956001912960305,0.3746580307427026,6
slp01a,28,0,3 L,64.98781478472786,0.027702662326931676,33,12.38850346878097,0.15738665763018142,6
slp01a,29,0,4 LA,64.62035541195478,0.07132145539737675,33,11.431184270690443,0.5068074190459328,6
slp01a,30,0,4 LA LA,64.3064583045222,0.024467864205363555,32,11.179429849077698,0.32454737712697634,5
slp01a,31,0,4 LA,65.46644844517186,0.06040488390850529,33,11.488970588235293,0.3837549217925419,6
slp01a,32,0,4 L,62.06040546131567,0.05797608702445059,31,11.162790697674419,0.48703490634655755,5
slp01a,33,0,4 L LA,63.794759226231314,0.035541770943353417,32,12.01923076923077,0.6259265132585455,5
slp01a,34,0,4 LA LA,64.24426637192595,0.048148919181163936,32,12.287528158918697,0.3040707154594143,5
slp01a,35,0,4 L LA,61.74533479692645,0.03723701861797686,31,11.192359349350843,0.7328296937215357,6
slp01a,36,1,4 LA HA LA,62.22400642312324,0.055480870136404785,32,11.318619128466327,0.24860209170479636,5
slp01a,37,0,4,64.27978988111694,0.04581644597919409,32,12.66891891891892,0.17922499825638155,6
slp01a,38,0,4 LA LA,62.15746557946797,0.058385920501428844,32,11.742602160638796,0.4237327459614137,6
slp01a,39,0,3,64.21764949592598,0.047846789825087284,32,11.076241462063873,0.5919687491751572,5
slp01a,40,0,3,64.4208831029392,0.03401631042602944,33,12.581253931641854,0.4441474980228979,5
slp01a,41,0,3,65.71741511500548,0.04746577714522327,33,12.062726176115802,0.2960067566796407,5
slp01a,42,0,3,63.15360586717372,0.04869254131388685,32,12.24889759921607,0.35305840876546174,6
slp01a,43,0,2,65.60065600656006,0.030538653784998444,33,11.653200745804849,0.34634918795920383,6
slp01a,44,0,3,64.47280053727334,0.05332550398261604,33,11.94838298550263,0.31414238809813605,6
slp01a,45,0,2,65.70841889117044,0.04769941692515748,33,14.686684073107049,0.9653701650432105,7
slp01a,46,1,2 H,66.50963004018291,0.06330074545374645,33,13.789299503585216,0.5819217816854769,6
slp01a,47,0,2,67.1368506713685,0.05506606767328755,34,11.432926829268293,0.39706926347930777,6
slp01a,48,0,2,64.03194712200495,0.034959408601117,32,12.274959083469723,0.2059436816219425,6
slp01a,49,1,2 H,65.76243321002877,0.015727662731633084,33,12.822704735852282,0.4051381986433766,6
slp01a,50,0,2,67.78964667214463,0.02790933767534775,34,12.851267991775188,0.3394715893856214,6
slp01a,51,0,2,67.48207507380852,0.04437605632545552,33,11.11111111111111,0.13413426109685755,5
slp01a,52,0,2,65.51112324280061,0.02890474658252515,33,11.759172154280336,0.3001823445840877,6
slp01a,53,0,2,64.00550584996559,0.027498708701117713,32,11.82592242194891,0.4242836786867956,6
slp01a,54,0,2 LA,65.27947776417788,0.04595361112034614,33,11.063578698923147,0.46203307240932456,6
slp01a,55,0,2 LA LA,63.61149110807115,0.030419337734747004,32,10.291595197255575,0.6077269123545542,5
slp01a,56,0,2,64.64646464646465,0.05908032138538177,33,11.086474501108647,0.5745885484414044,5
slp01a,57,0,2 L LA,65.60065600656006,0.07033924491349051,33,12.371134020618555,0.4791701159296142,5
slp01a,58,0,2 LA,62.63048016701461,0.053234074300833545,31,11.40467591712602,0.4574483577410676,5
slp01a,59,0,2,63.97908640616402,0.03378625350817437,32,12.586004363148179,0.32465021176644865,6
slp01a,60,0,2,63.48989623156746,0.03862097363581818,32,11.813349084465445,0.14060938802227949,5
slp01a,61,0,2,64.70746832030197,0.038476453838679044,33,11.448633796366966,0.626938721088433,6
slp01a,62,0,2 LA LA,60.91782861784215,0.0709154112697343,31,10.15744032503809,0.8605829419643409,5
slp01a,63,0,W,78.03712035995501,0.13653989856689294,38,8.976660682226212,0.7645756993261033,4
slp01a,64,0,1 LA,63.09362279511534,0.03529733963379853,32,11.365358387634489,0.5129828067294263,6
slp01a,65,0,2,62.87550649713567,0.025501546794045416,31,11.365788975184694,0.4044885659694226,5
slp01a,66,0,2 L,62.49160059131837,0.03789947819496427,32,10.997067448680353,0.3435927822291963,5
slp01a,67,0,2 L,63.23777403035412,0.04154868630093294,31,11.711430356027483,0.5619930248677469,6
slp01a,68,0,2 LA,62.38261336195332,0.04843713541704288,32,10.822510822510823,0.2929436805940692,5
slp01a,69,0,2 LA,61.408296943231456,0.047181163849805814,31,11.33615477629988,0.23720236086514832,6
slp01a,70,0,2 LA,62.35277816267147,0.026626970453950544,31,11.75548589341693,0.1304453908729628,5
slp01a,71,0,2 LA,62.01764057331863,0.030141591788682223,31,11.106997408367269,0.493846129882578,5
slp01a,72,0,W LA,75.61307901907358,0.11795134627317837,38,10.31636863823934,1.6598530055399483,5
slp01a,73,0,W,70.72528082096797,0.08702869112875809,35,13.433637829124127,1.301299289172172,6
slp01a,74,0,2,64.02313093762908,0.03214794106103996,32,10.615711252653929,0.30129055743584127,5
slp01a,75,0,2 LA LA,61.02522375915378,0.03163795189325632,31,10.530010530010529,0.46574241808106753,5
slp01a,76,0,2 L,64.37768240343348,0.030732981128296963,32,11.254924029262803,0.3513104040588607,5
slp01a,77,0,2 LA,60.08287292817679,0.029323891392871587,30,10.190217391304348,0.23380333616097101,5
slp01a,78,0,2 L,61.77924217462933,0.055120716008895745,31,12.81832165441805,0.5434726856061859,6
slp01a,79,0,2 LA,60.416666666666664,0.03159915409996814,30,11.088523378303456,0.41205218116156117,5
slp01a,80,0,2 LA,61.09979633401222,0.04631198548971963,31,11.406844106463877,0.3849883115108822,5
slp01a,81,0,2 LA,60.24930747922438,0.04145602084962931,30,11.106175033318525,0.5436740199788841,6
slp01a,82,0,2 LA L,61.770761839396016,0.05075518583247321,31,12.173348482389223,0.4255473651663231,6
slp01a,83,0,2,61.17283082548164,0.02842785055675246,30,10.995052226498075,0.5523721571549385,5
slp01a,84,0,2 L LA,61.86417376959032,0.052273468945111694,31,11.097957975732466,0.29077111273302236,6
slp01a,85,0,2 LA,61.01694915254238,0.05476819839610901,31,10.176390773405698,0.7490206939731372,5
slp01a,86,0,2 LA,60.42505903597722,0.05037410579928234,30,11.376564277588168,0.6450953417906535,5
slp01a,87,0,2 LA LA,61.33296987869701,0.046368763432101834,31,11.018069634200087,0.6970594235787937,6
slp01a,88,0,2,59.4563986409966,0.04673153897202487,29,11.352885525070954,0.5233536089490547,5
slp01a,89,0,2 LA,62.33243967828418,0.0337206495494286,32,11.406844106463879,0.33266920506713576,6
slp01a,90,0,2 LA,62.3873561624844,0.051211283478893165,31,11.312217194570135,0.39451235722091127,5
slp01a,91,0,2 L,62.35751642751778,0.026098349168949986,32,11.383039271485487,0.4503720684056684,5
slp01a,92,0,2 LA,62.91946308724832,0.045096636977347504,31,11.608110199659496,0.33381575756695464,6
slp01a,93,0,3 LA,61.966400440649956,0.03518989754018743,31,10.73729420186113,0.492576897550017,5
slp01a,94,0,3 LA LA,62.99959355100935,0.0419444159222077,32,11.531808571977704,0.5289565199522547,5
slp01a,95,0,3 LA,64.51612903225806,0.05353503525729669,33,11.777638190954773,0.3693072433624878,6
slp01a,96,0,3 L,62.93990254466703,0.06315888492569538,32,10.756543564001435,0.37772476752259715,5
slp01a,97,0,3 LA LA,62.10322936792713,0.05217134164355838,31,10.911074740861975,0.2746834541795336,5
slp01a,98,0,3 LA,62.95467263570229,0.021588474291209678,31,10.932944606413995,0.42906409777561205,5
slp01a,99,0,3 LA,62.206248272048676,0.05025517109932293,31,11.263375258119016,0.4430112865379393,5
slp01a,100,0,3 LA,62.55885914166555,0.03595997312309239,32,10.841283607979186,0.5781216480983912,6
slp01a,101,0,3 LA L,64.51165371809101,0.03760399385435177,32,11.848341232227488,0.21265935201631744,5
slp01a,102,0,3 LA,63.86485372888339,0.030979567634524193,32,11.435105774728417,0.2906458325866724,5
slp01a,103,0,3 LA LA,65.1169304019045,0.030097448389917812,32,11.900983814662013,0.6261429868648215,6
slp01a,104,0,3 L,63.29113924050633,0.025481175847684973,32,11.436413540713634,0.3632616687733514,6
slp01a,105,0,3 L LA,63.67246337121731,0.0336781609113759,32,10.899182561307903,0.11870551798463291,5
slp01a,106,0,3 LA,62.56952169076752,0.04266999986980184,31,10.330578512396695,0.06675327707311468,5
slp01a,107,0,3 L,63.19652079369394,0.027982453250320043,32,11.200298674631323,0.2247020249129945,5
slp01a,108,0,3 L,64.89881367759945,0.03380004864258947,32,11.279891713039554,0.15882367581692605,6
slp01a,109,0,4 LA LA,62.37006237006238,0.05502726596879043,31,11.177347242921012,0.5959664420082729,5
slp01a,110,0,3 LA,65.80809510331163,0.04239215367291565,32,11.529592621060724,0.4811735653586967,5
slp01a,111,0,3 LA LA,65.17311608961305,0.034381817505768936,33,11.242692250037475,0.34203531981361246,6
slp01a,112,0,3 LA,65.49324600900533,0.03561578828272652,33,12.128072445019404,0.3850020259686953,6
slp01a,113,0,3 LA LA,64.39551308683009,0.044471787172525666,32,11.499540018399266,0.42297687880072116,6
slp01a,114,0,4 LA,64.26202321724709,0.027727227909291937,32,11.973180076628351,0.34191367331535577,6
slp01a,115,0,4 LA,63.48989623156746,0.060934382407777585,32,11.22334455667789,0.5075233984753803,5
slp01a,116,0,4 LA,64.60127813281468,0.03143730030005895,32,11.003117549972494,0.18333303030277973,5
slp01a,117,0,4 L L,64.59230448673428,0.025004973490719624,32,10.839716722069664,0.6334131037482568,6
slp01a,118,0,4 LA LA,64.1644818545605,0.0412790307140435,32,12.067578439259856,0.22256684389189668,5
slp01a,119,0,4 LA,64.1025641025641,0.03649657518178931,33,11.87648456057007,0.5842739083683267,6
slp01a,120,0,4 L,64.85610052695581,0.062395788119070976,33,11.666342601594401,0.43752371364304377,5
slp01a,121,0,4 L L,63.658226057433865,0.04029866278454188,31,11.097957975732465,0.3105154424501299,6
slp01a,122,0,4 L,65.18196632265074,0.049484846165265585,33,11.956001912960307,0.35097669438297463,6
slp01a,123,0,4 L,63.472563472563465,0.0610563956906617,32,11.483253588516748,0.37376329407794984,5
slp01a,124,0,4 LA,62.416107382550344,0.06622259313732305,32,11.03549751701306,0.35082046690579527,5
slp01a,125,0,4 LA L,63.81226842321946,0.04452977817866375,32,11.029411764705882,0.6265205503413274,5
slp01a,126,0,4 LA,62.991059333513945,0.047096243921009466,32,11.173184357541901,0.288201318525783,5
slp01a,127,0,4 LA LA,62.77901785714284,0.038351821628473164,31,11.55624036979969,0.20497804760510338,6
slp01a,128,0,4 L,64.56539850041655,0.03294393433658706,32,11.764705882352942,0.34305917856836304,6
slp01a,129,0,4 L LA,63.429272950484254,0.03667286549310738,32,11.494252873563218,0.5534040115503318,5
slp01a,130,0,4 LA,63.14502987506789,0.040191011155873264,32,11.689070718877849,0.3458019664490066,5
slp01a,131,0,4 L,64.3064583045222,0.025642057024535505,32,11.456940996753866,0.48290268170719475,5
slp01a,132,0,4 LA,62.97229219143577,0.04600753561465049,31,11.492491572172847,0.29601513474820823,6
slp01a,133,0,4 LA LA,62.29235880398672,0.05718181529122699,31,12.460541618209005,1.2699868345774297,6
slp01a,134,0,3 LA,66.06110652353426,0.11891987848967892,33,10.886921178690665,0.7952032193093788,6
slp01a,135,0,3 LA,63.394683026584886,0.028314864111568798,32,11.113169105389886,0.3633441894402607,5
slp01a,136,0,4 LA LA,63.29975496869044,0.03533411212565891,32,10.913059294288834,0.34068754013024904,5
slp01a,137,0,4 LA,62.03473945409429,0.034415500383790244,31,11.305822498586771,0.0919728220726102,5
slp01a,138,0,4 L,62.96348118091505,0.04069638258562491,31,10.799136069114471,0.5588345014402744,5
slp01a,139,0,4 LA LA,62.78692951660816,0.037182789479902695,32,11.595547309833023,0.22605627617918503,6
slp01a,140,0,4 L L,64.75421250522211,0.030302532837338192,32,11.71875,0.319429491437469,6
slp01a,141,0,4 L,62.90187307799832,0.028579402062013502,31,12.028869286287089,0.5032216211571201,5
slp01a,142,0,4 LA LA,63.273914818342625,0.027298786150416275,32,11.940298507462686,0.3838788871506219,5
slp01a,143,0,4 L,63.62889983579639,0.04387628051322648,32,12.249897917517355,0.4062560768776267,5
slp01a,144,0,4 L L,63.62889983579638,0.036646069956930455,32,11.37397634212921,0.10243124523308306,6
slp01a,145,0,4 L,60.53437239075981,0.050371084319805096,30,11.522507297587957,0.5626360813172223,6
slp01a,146,0,4 L LA,62.00055111600993,0.03674682148008027,31,11.23385133870062,0.8860806960994014,5
slp01a,147,0,4 LA,61.618512939887715,0.045964430692535384,31,12.234910277324634,0.40958906235396453,6
slp01a,148,0,4 LA,60.873215785054576,0.035178633662346574,30,11.590171534538712,0.19987836301110742,6
slp01a,149,0,4 LA LA,62.44125151067545,0.0336004558712447,32,11.834319526627219,0.6145795310616845,5
slp01a,150,0,4 LA,62.651576394502825,0.06816885444189975,32,11.261261261261263,0.1822745182410312,5
slp01a,151,0,4 LA LA,62.249273758472825,0.057098589202263905,31,11.853959222380274,0.5459881317391433,6
slp01a,152,0,4 LA,62.60096930533118,0.05171312849450193,32,13.910355486862445,1.2069458240626303,7
slp01a,153,0,4 LA,61.19864940911649,0.05298634647905604,30,12.319316688567676,0.5064865644812307,6
slp01a,154,0,4 LA,62.50840166689071,0.052464268599768334,32,11.545122185876467,0.8233705119810886,5
slp01a,155,0,4 LA,62.59254273791896,0.043564393713028615,32,10.548523206751055,0.23496382700322166,5
slp01a,156,0,4 LA,64.13793103448278,0.04463173394949146,32,11.481056257175661,0.38034195140688876,5
slp01a,157,0,4 LA LA,61.79620983246362,0.04586279053389094,31,10.771219302024988,0.2955845733457685,6
slp01a,158,0,4 L,60.95083299471761,0.03931886739637009,31,11.22754491017964,0.48990611345440466,5
slp01a,159,0,3 LA,61.207260447446174,0.06634439744645136,30,10.762331838565022,0.3441089943607982,5
slp01a,160,0,3 L L,105.15463917525774,0.19090672976465453,52,20.332090816672316,0.6308462570230563,9
slp01a,161,0,MT,72.6196880043034,0.11177932404497094,37,14.785608674223756,0.46754821498251203,7
slp01a,162,0,2,67.71545827633379,0.05044405205285831,34,13.922405791720811,0.41339646829647686,6
slp01a,163,1,2 HA,65.76243321002877,0.04688666521517605,33,13.105014852350166,0.5182654146284509,6
slp01a,164,0,2,67.0391061452514,0.024556058315617354,33,11.83431952662722,0.9954034357987721,5
slp01a,165,0,2 LA,66.11570247933885,0.043985793160974146,33,11.786892975011785,0.4033983639034746,6
slp01a,166,0,2,67.94783802333562,0.04560733915453366,34,12.341615928912292,0.19386758367504345,6
slp01a,167,1,2 H LA,65.45752079639985,0.05997590662090904,33,11.923688394276628,0.5525504501853202,6
slp01a,168,0,2 LA,65.69942513003012,0.04228992196729618,33,10.487676979549029,0.2925115382339644,5
slp01a,169,0,2 L,65.94312405550212,0.04326643473872096,33,11.470082202255783,0.32468292224876855,5
slp01a,170,0,2 LA,67.24629805732917,0.0390919896491482,34,10.371650821089023,0.41607090741843494,5
slp01a,171,0,2 LA,65.48431105047749,0.05024875620351214,33,10.853835021707669,0.4518849411078001,5
slp01a,172,0,2,64.7812761214823,0.07166112877796114,32,10.53740779768177,0.20979037156170918,5
slp01a,173,0,3 LA,65.97938144329896,0.037062236508338245,33,12.816131237183868,0.8382595302172233,6
slp01a,174,1,2 H,65.37728139471533,0.04064403400254457,33,12.321340561853129,0.4872820948896027,6
slp01a,175,0,2 LA,66.24344465912228,0.029982286437161523,33,10.871534698314912,0.4874699990768663,5
slp01a,176,0,2,68.01319043693321,0.025490883153922762,34,11.49425287356322,0.8625654757756076,6
slp01a,177,0,2 LA,67.4111398610922,0.03160546499918186,34,10.474860335195531,0.6243268374817793,5
slp01a,178,0,2 LA,65.04406210658833,0.04636658885355566,32,11.969358442387486,0.707298635655407,6
slp01a,179,1,2 HA,64.95263870094722,0.056470678232158684,33,12.9960145555363,1.9905623727982,6
slp01a,180,1,2 LA HA,65.00768908150425,0.048693567085871886,32,12.34567901234568,0.435568593909157,5
slp01a,181,1,2 H LA,66.79260558629065,0.04021795532111501,34,11.450381679389313,0.8710931063898967,6
slp01a,182,0,2 LA,65.82556226001097,0.06100614723124218,33,12.274959083469723,0.4242791533884266,6
slp01a,183,0,2 LA,66.8828536684232,0.05421638108506904,34,10.085728693898133,0.32404166398782724,5
slp01a,184,0,2 L,65.40084388185653,0.0471817174772167,32,10.270455323519343,0.45453712719644807,5
slp01a,185,1,2 LA H,64.97022198159178,0.039884207400924986,33,10.962908825141605,0.9108869304145274,5
slp01a,186,0,2 L,64.42227763923525,0.029588084335613954,32,11.463507833397019,0.9420934136273322,5
slp01a,187,1,2 H,66.26173384870238,0.03377499074759312,33,12.0,1.1007524699041107,5
slp01a,188,1,3 H,64.12908564335955,0.051938970029259464,32,11.437285550895922,0.7940856376991087,5
slp01a,189,1,3 HA,66.56497018444044,0.03856953947093483,33,11.005135730007337,0.37022155528818135,5
slp01a,190,0,2 L LA,65.50218340611355,0.051836280730777735,33,10.567101091933779,0.7907945371586731,5
slp01a,191,1,3 L HA LA,63.49856616140926,0.07682546404075959,32,11.400342010260308,0.7973675438591669,5
slp01a,192,1,2 H LA,64.85355648535565,0.05156836788261777,32,10.615711252653927,0.6875347263956926,4
slp01a,193,0,2 LA,65.164268259571,0.034618456060315564,33,10.901162790697676,0.48867985430136157,5
slp01a,194,0,2 LA,65.04946469711344,0.048268616874735486,33,10.418475429762113,0.6034393092929895,5
slp01a,195,0,2 LA,65.2439853201033,0.05489407413373505,33,9.445843828715365,0.885371485121735,4
slp01a,196,0,2 LA,64.88070322310591,0.041024547865582156,32,11.384335154826958,1.117140922175891,6
slp01a,197,0,2,65.62756357670222,0.051864607392710496,33,12.389015073301673,1.1583967368738572,5
slp01a,198,1,2 L HA,64.1467788660505,0.035979876442880566,32,10.723860589812332,0.47992811961792775,5
slp01a,199,0,2 LA,62.81237336215048,0.04073415755961538,32,11.29305477131564,0.697420246336454,5
slp01a,200,0,2,65.49324600900533,0.053436732450628,33,11.340011340011339,0.6480825564694671,5
slp01a,201,0,2 LA,64.35986159169549,0.03872730781305937,32,10.402219140083218,0.5700385951845715,5
slp01a,202,0,2,65.67245861266932,0.03123874797427066,33,10.58014459530947,0.2804335928522113,5
slp01a,203,1,2 LA HA,63.54195135282863,0.041068760391870476,32,10.948905109489052,0.8168505371241425,6
slp01a,204,1,2 H LA,66.32582561835014,0.027912530788160358,33,11.406844106463879,0.09719259231031961,6
slp01a,205,0,2,66.39922534237101,0.04040246743702666,33,12.16298398540442,0.8906508855887363,5
slp01a,206,0,2 L,64.97901719236496,0.02747925353789654,33,11.348161597821152,0.6217878737962008,6
slp01a,207,1,2 HA,66.88963210702342,0.022934689882359447,33,11.235955056179776,0.3582959670440067,5
slp01a,208,1,2 H H,66.4543818358023,0.027004339928981776,33,10.623229461756374,0.7278901015950142,5
slp01a,209,0,2 LA,66.69361358124495,0.027402519439375363,34,10.913059294288832,0.49508383128516725,5
slp01a,210,0,2,66.25258799171843,0.049717797366737794,33,11.152416356877321,0.6419320836350212,6
slp01a,211,1,2 H,67.24629805732917,0.024219989619183424,34,11.04158998895841,0.27603622950620066,5
slp01a,212,0,2,69.71022416621105,0.043521143888895254,35,11.89767995240928,0.6336836750303737,5
slp01a,213,1,R HA,69.60556844547564,0.06151996328309162,35,10.969723562966212,0.2279592946119985,6
slp01a,214,1,2 HA,67.79661016949153,0.026944387170614974,33,10.107816711590296,0.8632404068392535,5
slp01a,215,0,2,66.66666666666667,0.033408400322691476,34,13.098148794970308,0.7920420190873716,6
slp01a,216,1,2 H,70.26729126481125,0.01531582170383516,35,11.641443538998836,0.5741393559058635,5
slp01a,217,1,2 H,70.5199115044248,0.02272142107744467,35,11.485451761102603,0.488352331826111,5
slp01a,218,1,2 H,66.59267480577137,0.028071337695236412,33,13.404825737265416,1.0980734644518704,7
slp01a,219,1,R H,66.91902122482087,0.024816831280085015,34,15.791848398255375,0.5851785703387244,8
slp01a,220,0,R,77.858216090698,0.11687969997363949,39,13.92111368909513,1.3716486430569603,5
slp01a,221,1,W HA,66.04292790313703,0.016209565077447342,33,10.044642857142856,0.7429622392079483,4
slp01a,222,0,2,67.93851221520725,0.02584349307017054,34,11.378721790252229,0.37932967192140404,5
slp01a,223,0,2,70.74490220557637,0.013667834085227813,35,10.290418477018065,0.49734584434665674,4
slp01a,224,0,2,69.70069700697006,0.032158130056328275,35,10.783608914450038,0.3149476146917133,5
slp01a,225,1,R H,69.53913280610854,0.03942563408288282,35,12.495834721759415,0.5904877983498052,6
slp01a,226,0,R,71.50869321368481,0.05646911762791004,35,10.668563300142248,0.7535568989797652,5
slp01a,227,1,R HA,64.93506493506494,0.02475883680627988,33,14.126510751844293,1.3969880298540698,7
slp01a,228,0,R,68.29470198675497,0.028160891546117235,34,15.164644714038129,0.5564845928153054,8
slp01a,229,0,R,73.59956385443643,0.015050122020751368,37,14.985014985014987,0.4357687460110005,6
slp01a,230,1,R H,71.33152173913044,0.02431359743863837,36,14.23960508828555,0.4925336942788787,6
slp01a,231,1,R H,70.99391480730223,0.04973595586818906,36,15.470752909974951,1.3283060871743717,8
slp01a,232,1,R H,73.42657342657344,0.03851615086624077,36,14.819693726329655,1.6210439708889934,7
slp01a,233,1,R H,84.84848484848486,0.10425074429986017,43,14.54192922927775,0.42325563591443577,7
slp01a,234,1,R HA,104.81053480247247,0.12053382250166923,53,22.42152466367713,0.8943138897128533,10
slp01a,235,0,W,78.29670329670328,0.071274896024646,39,11.278195488721805,0.24856387509048866,5
slp01a,236,0,W,66.99147381242388,0.018537134200102712,34,9.511731135066583,0.5023385312714924,5
slp01a,237,0,W,64.02313093762908,0.031727770246058565,32,9.232663110381617,0.607388581460739,4
slp01a,238,0,2,65.61859193438141,0.02073305030621398,33,9.640102827763496,0.28567580693273037,4
slp01a,239,0,2,60.720550532991496,0.06844157281133223,31,10.474860335195531,1.1617607326812176,5
slp41,0,0,W ,72.82535401213755,0.10555035074887187,37,33.69366839814685,0.25020479112119337,17
slp41,1,0,W ,65.01677852348992,0.024807772941863752,32,10.671599317017645,5.862784921860942,6
slp41,2,0,W ,89.15304606240713,0.2280384736279066,45,30.991735537190078,0.3830703031335856,15
slp41,3,0,W ,72.48322147651007,0.1499272251444219,37,24.235896054934702,0.7654200734818031,13
slp41,4,0,W ,72.29883518543312,0.10932717914025512,37,29.00953170327393,0.641978129197052,15
slp41,5,0,W ,70.64047362755652,0.13256137892943584,36,17.569546120058565,1.827096877562873,9
slp41,6,0,W ,74.30851795789184,0.1740067758010916,37,22.531749283080703,1.2266579470285368,12
slp41,7,0,W ,77.51396648044692,0.21228969828297878,38,23.09666381522669,1.362932930425964,10
slp41,8,0,W ,77.78384279475983,0.17418327024817576,39,19.234291994870855,1.6248589263724542,8
slp41,9,0,W ,75.81967213114756,0.21469578933372982,38,17.23006235641614,1.1913437448391404,8
slp41,10,0,W ,65.66347469220247,0.061603064047172196,33,21.865889212827987,1.2239189515650128,11
slp41,11,0,W ,71.4188545776085,0.03044035988952958,36,22.718667171525937,1.2129249770698929,9
slp41,12,0,W ,73.10139434141058,0.15237619949598266,37,17.870439314966493,1.915805770426637,9
slp41,13,0,W ,80.23535704733885,0.1366336708136029,41,13.912505796877415,4.619401067478577,7
slp41,14,0,W ,72.92370020256584,0.02642926735343803,37,19.047619047619047,0.766678550632532,5
slp41,15,0,W ,67.7710843373494,0.03275868301887783,34,20.361990950226243,0.9858699486015158,10
slp41,16,0,W ,74.12491420727522,0.05851611575001485,37,19.344141488577744,1.5622604240820612,8
slp41,17,0,W ,78.49077389148995,0.10677192405924424,39,10.78877966914409,2.880009876526275,4
slp41,18,0,W ,73.82091592617908,0.06761209257025251,37,20.709650697224905,1.4224306520881782,11
slp41,19,0,W ,76.0899369344667,0.05338417347947044,38,23.161551823972207,0.806582760787757,9
slp41,20,0,W ,73.9017380593951,0.03352592510760869,37,19.382627422828428,0.944712432567135,10
slp41,21,0,W ,72.11538461538461,0.03464761381187949,36,17.303889255108768,1.6694860506962579,8
slp41,22,0,W ,74.24721572941014,0.03263925531709203,37,25.015160703456637,1.1105055657538363,12
slp41,23,0,W ,72.96311309282528,0.023914198478913903,37,20.320614134116056,1.1850207686881364,7
slp41,24,0,W ,71.41885457760849,0.049891179540259095,36,27.403035413153454,0.7247221871315312,14
slp41,25,0,W ,71.78996307944756,0.020506564404440573,36,23.30837688939116,0.6865192599008976,12
slp41,26,0,W ,70.61755746330657,0.03631389488801382,35,25.01516070345664,0.5726474980516316,12
slp41,27,0,W ,68.04123711340206,0.02783659521309768,34,20.97250271865776,0.9577952047911849,10
slp41,28,0,W ,65.63653767263777,0.030838034551507968,33,19.890968027110652,1.0488079064782827,10
slp41,29,0,W ,69.52965235173825,0.03732602086895996,35,23.474178403755868,0.9954099099812542,10
slp41,30,0,W ,72.51381215469614,0.15062276164820046,36,15.832805573147562,2.374995882101693,6
slp41,31,0,W ,70.46145344017684,0.020205175944497417,35,16.910935738444195,1.1835697416431923,7
slp41,32,0,W ,71.20575071205751,0.013143354027874359,36,15.570934256055363,2.5699054889669037,7
slp41,33,0,W ,67.31030731574654,0.05432223686313469,34,24.989587671803417,0.6219584659230336,13
slp41,34,0,W ,69.47282386595832,0.06171179806780263,35,21.83406113537118,0.8417942741549148,11
slp41,35,0,W ,71.73111080748735,0.015907487647812472,36,26.19463406889982,0.5707341944032766,12
slp41,36,0,W ,71.69192953707498,0.026859817495998865,36,24.901901599758524,0.42642624080018243,12
slp41,37,0,W ,68.71463217461601,0.06894519161164744,35,27.596943107840364,0.46210385881461863,14
slp41,38,0,W ,66.06165754704391,0.022987520070062665,34,21.94265652428321,1.8075107302586062,11
slp41,39,0,W ,95.93141924071303,0.22264090049880947,48,27.45318879346755,0.8593271621435186,14
slp41,40,0,W ,65.5827298811313,0.035724422668533075,33,21.880064829821716,0.950551860503241,10
slp41,41,0,W ,67.60447965036876,0.038046320422667895,34,18.58160421183029,1.4601174610283927,9
slp41,42,0,W ,62.702265372168284,0.03743670343109446,32,9.74025974025974,4.907497393444715,4
slp41,43,0,W ,65.07592190889372,0.05994997914928744,33,9.148200853832078,2.8776033237555327,4
slp41,44,0,W ,66.006600660066,0.030413812651491092,33,16.47748077627243,2.8846061930337887,7
slp41,45,0,W ,67.56756756756756,0.04260601750073256,34,9.04704463208685,2.519252799277331,4
slp41,46,0,W ,67.42032143830019,0.034199007068644205,34,5.092514004413512,5.8180000000000005,3
slp41,47,0,W ,68.0599477519593,0.03327664601309191,34,6.957328385899816,1.4319999999999993,3
slp41,48,0,W ,68.90960680989056,0.02824632137607087,35,12.926577042399174,2.2433069874629283,6
slp41,49,0,W ,71.79978118161927,0.12553472891301953,36,8.114687584527996,2.3740000000000006,3
slp41,50,0,W ,74.6871215179653,0.05266118947149055,38,12.016823552974163,2.6570545722660652,5
slp41,51,0,W ,69.2088478762383,0.03985041233565595,35,16.416510318949342,1.0542923731884175,8
slp41,52,0,W ,68.54057047909167,0.031079506444678502,34,16.7170832669957,1.5883399625819072,8
slp41,53,0,W ,68.59448554135844,0.025255784907230225,35,20.542317173377157,0.8698998563053105,11
slp41,54,0,W ,69.65310024583448,0.05335679991234308,35,18.55451493196678,1.2819072525271213,8
slp41,55,0,W ,69.93965990126166,0.02843751116962405,35,12.580374615599663,1.8730448176402212,7
slp41,56,0,W ,75.28486163863266,0.14941009888196377,38,24.838175523107033,0.5895365317892094,12
slp41,57,0,W ,77.53562447611064,0.1171465964285114,38,24.860629802621666,1.0294531967493814,12
slp41,58,0,W ,71.09004739336493,0.03737684539161339,36,10.608203677510607,2.866805888092182,5
slp41,59,0,W ,68.49315068493149,0.053840723708098184,35,16.598166297818526,1.853523858459219,8
slp41,60,0,W ,69.39719689753709,0.05229898078360094,35,20.554202192448233,0.9831573226028754,10
slp41,61,0,W ,71.86858316221766,0.0408209630019695,36,18.51280468991052,1.410423695206515,9
slp41,62,0,W ,73.09149972929073,0.027746649224904173,37,19.29880990672242,1.0163793583106653,9
slp41,63,0,W ,78.15713698066638,0.0636330372911984,39,23.252208959851185,1.1882376193337763,11
slp41,64,0,W ,72.74686784319007,0.038283381302474,37,14.329384791746271,2.1536772645872455,6
slp41,65,0,W ,91.26106194690266,0.21790588612199432,45,19.011406844106464,0.9280366372078205,9
slp41,66,0,W ,73.05194805194805,0.11178550889985696,37,16.069788797061523,1.5746925064265465,8
slp41,67,0,W ,71.26374372200354,0.04949455546227448,36,14.622258326563768,1.214936852497098,7
slp41,68,0,W ,73.48938486663037,0.02060804110110154,37,14.950166112956813,0.43703038287464124,7
slp41,69,0,W ,77.42461287693563,0.05248907022490294,39,12.149684108213187,2.0424339989336255,6
slp41,70,0,W ,70.3351261894911,0.04351939471388562,35,18.298261665141812,1.0272365842394828,9
slp41,71,0,W ,71.01312051941024,0.043870830809529554,36,19.2280301951289,1.1357221012897585,10
slp41,72,0,W ,74.78776445223015,0.07473218802466566,38,23.018973214285715,1.0899798466557546,12
slp41,73,0,W ,72.46376811594205,0.07489844976885555,37,18.54140914709518,2.6167537140510566,9
slp41,74,0,W ,67.84539473684211,0.049759310492773656,34,16.465422612513724,0.9836700956839428,8
slp41,75,0,W ,74.13509060955519,0.06629228210483229,37,17.881090746535538,1.3067033902152394,9
slp41,76,0,W ,70.7165948275862,0.06075164564832456,36,13.673655423883321,2.2462377434278853,7
slp41,77,0,W ,71.86858316221766,0.15160722614838704,36,9.354536950420954,0.5990158595563226,5
slp41,78,0,W ,73.95234182415777,0.05319565562879902,37,13.715330691862235,3.0763109220117673,7
slp41,79,0,W ,81.77729317159601,0.03714713986298273,41,17.81472684085511,1.0387222920492272,9
slp41,80,0,W ,71.11893795719317,0.035551124440439175,36,16.357688113413303,1.6898676194982172,8
slp41,81,0,W ,76.78836050114509,0.04165296542967707,39,20.685579196217493,0.5524363847391602,8
slp41,82,0,W ,78.83817427385891,0.023729780721169616,39,18.49283402681461,1.8211836123795975,9
slp41,83,0,W ,74.09440175631173,0.05376859425719684,37,22.940790911077126,0.4359471977013656,8
slp41,84,0,1 ,78.02874743326487,0.024060173872168987,39,21.688837478311164,1.1220284488371943,11
slp41,85,0,1 ,73.45939327982587,0.05349824042335469,37,20.83654885013119,0.9129360585022263,10
slp41,86,0,1 ,73.449401523395,0.12602684409322787,37,14.220255964607361,3.978776640571265,7
slp41,87,0,1 ,70.29053420805997,0.06504995882287044,36,21.64056059356966,0.48481126140352127,8
slp41,88,0,1 ,72.60016133369183,0.06241280337151471,37,21.53238830073569,1.3683390478971211,9
slp41,89,0,1 ,74.36687659118317,0.031930530876346036,38,23.393636930754834,0.7946658165543551,11
slp41,90,0,1 ,75.7782632441289,0.07783528524343072,38,20.380434782608695,1.4552916469827544,10
slp41,91,0,1 ,71.3121434392828,0.0564953023150905,36,24.6791707798618,0.6222920214818763,11
slp41,92,0,1 ,73.59956385443643,0.04357185069330318,37,18.094089264173704,2.4321266414395444,9
slp41,93,0,1 ,72.96733842946493,0.0748104543605548,36,23.826714801444044,0.7169051944652371,12
slp41,94,0,1 ,72.66435986159169,0.04444230380332391,36,22.813688212927755,0.891838998923012,11
slp41,95,0,1 ,76.53061224489795,0.03357944233260018,39,28.12229593308336,0.5986518977457236,14
slp41,96,0,W ,71.27882599580714,0.05531676632521283,35,20.759649392588035,1.1256399441875795,10
slp41,97,0,1 ,74.12491420727521,0.03681971425778167,37,26.459693067560412,0.5109096201873674,11
slp41,98,0,2 ,76.562284453028,0.06384696824652829,38,24.10025706940874,1.0418862893809477,11
slp41,99,0,1 ,73.29985068548935,0.03525340365320491,37,15.929203539823007,1.5222819128604996,7
slp41,100,0,1 ,69.96844560296337,0.07712489309521339,35,25.70093457943926,0.47985535010541813,12
slp41,101,0,W ,66.27088223111971,0.041672645404389676,33,25.15840477077898,0.43788492766541215,10
slp41,102,0,W ,73.17073170731707,0.05551376205750947,37,17.953321364452425,1.7608191275653498,9
slp41,103,0,1 ,73.86130488305294,0.07375861531599771,37,21.808665309683047,0.6254107130518313,11
slp41,104,0,1 ,73.03218826075197,0.04732185567675212,37,20.482476103777877,1.310789414394581,10
slp41,105,0,1 ,74.76117956527757,0.04310352166873275,37,24.785194976867153,0.53274774518528,11
slp41,106,0,1 ,73.52941176470588,0.044402202147591226,37,21.665864227250843,0.3570147833851639,10
slp41,107,0,2 ,74.17582417582418,0.055249825428471205,37,22.84843869002285,0.40954316011868636,11
slp41,108,0,2 ,69.24643584521385,0.08009414875232686,35,22.90394225430316,0.37289805400093723,12
slp41,109,0,2 ,71.27882599580714,0.06500817089979555,35,26.805658972449745,0.40664958980538624,13
slp41,110,0,2 ,74.6670254271492,0.06819231174091225,38,27.607361963190183,0.3116593582030797,13
slp41,111,0,2 ,72.8646606395898,0.07566682982524423,37,23.32814930015552,0.8988971020089007,11
slp41,112,0,2 ,72.09557813787421,0.09685308040363749,36,24.732069249793902,0.5309380378160902,11
slp41,113,0,1 ,69.9876492383697,0.08844657058219309,35,24.363833243096913,0.9689462776072206,13
slp41,114,0,2 ,72.81553398058252,0.07389482014623516,37,24.063001312527344,0.7764933253399675,12
slp41,115,0,2 ,70.6404736275565,0.1134032213486235,36,21.76436448055717,1.0353709287014001,11
slp41,116,0,2 ,68.76910252848013,0.09091991854711161,34,23.95122659311947,0.4765606809679415,12
slp41,117,0,2 ,75.17269402681838,0.05791770187015063,38,25.435486357330042,0.5878109551618313,12
slp41,118,0,2 ,73.7402703809914,0.07467485074195551,37,20.25506376594149,1.004040036583068,10
slp41,119,0,1 ,76.23626373626372,0.05595678182045472,38,23.85496183206107,0.747809173519555,11
slp41,120,0,1 ,67.02038536721587,0.049864190557954505,33,22.754854368932037,0.5785327648456914,11
slp41,121,0,2 ,69.3783158753911,0.11024584041459218,35,24.193548387096776,0.6097940039658699,12
slp41,122,0,2 ,72.69454444752145,0.08191392196839861,36,25.213936430317847,0.5536351395717175,12
slp41,123,0,1 ,73.5795067447881,0.09185569735080383,37,24.031459364986887,1.0516146106136974,12
slp41,124,0,1 ,72.35391400220507,0.09075062939007023,36,27.0148581719946,0.43238601580840547,13
slp41,125,0,2 ,74.03345215245406,0.12773332560117506,37,25.78427159432746,0.5643288048646818,13
slp41,126,0,2 ,69.1900691900692,0.08023952033030461,35,23.414218816517664,0.4244329615416023,12
slp41,127,0,2 ,70.47118971949703,0.105897319203712,35,24.426350851221315,0.4713044321546266,12
slp41,128,0,2 ,76.55172413793105,0.05913938420427929,38,26.14068441064639,0.5469115086987175,12
slp41,129,0,2 ,77.3510652734428,0.13601356458343603,39,27.059530968129884,0.461961999399181,13
slp41,130,0,1 ,73.86130488305294,0.06819172318625707,37,28.26086956521739,0.4108112914219415,14
slp41,131,0,2 ,71.16941110801004,0.06941136590114745,35,25.935240490411818,0.5128835351823618,12
slp41,132,0,2 ,71.65279104681316,0.07533205946788836,36,24.912805181863476,0.4035817637108991,11
slp41,133,0,2 ,69.20884787623831,0.0939602360126724,35,8.068854222700377,1.3949661883596558,4
slp41,134,0,1 ,72.5338491295938,0.06918166561411236,36,11.078286558345644,3.8704798668898923,6
slp41,135,0,W ,70.53941908713693,0.14750914580759325,35,13.550135501355014,3.095073073989261,7
slp41,136,0,W ,80.98258874342015,0.15622672626666667,41,28.536838464199235,0.636653232806506,12
slp41,137,0,W ,73.4779566130161,0.12939646400871696,36,13.535462912831617,4.848809437377386,6
slp41,138,0,W ,66.06110652353426,0.048414228280537534,33,21.47458840372226,0.5256044139845097,9
slp41,139,0,W ,67.8082191780822,0.03299597882949433,34,23.130300693909017,0.12914797714250115,11
slp41,140,0,W ,69.416088199265,0.0419228158804902,35,24.240465416936004,0.29229464586269793,11
slp41,141,0,W ,74.30851795789184,0.11214337163858208,37,21.72653534183082,1.0143659300272267,11
slp41,142,0,W ,71.2444022255394,0.03653998648391783,36,23.80265435660704,0.8181928080070004,12
slp41,143,0,W ,67.0005414185165,0.09715346223875423,34,21.60138248847926,0.2134981030360692,11
slp41,144,0,W ,70.9318497913769,0.05476138866556722,35,21.958717610891526,1.1873890011281054,11
slp41,145,0,1 ,69.13379422529484,0.036136802737800795,35,21.263191053709246,0.44425862782287273,10
slp41,146,0,1 ,75.7679180887372,0.10656092884298729,38,25.43156596794081,0.38034555840926143,12
slp41,147,0,1 ,69.91089787525702,0.03835673023506123,35,22.72727272727273,0.27842413688471757,11
slp41,148,0,1 ,70.91212458286985,0.061542794630519135,35,24.60116296406739,0.8469617845350579,12
slp41,149,0,1 ,75.62338193214333,0.11595419866049617,38,23.721665788086455,0.25416704918004007,10
slp41,150,0,1 ,66.65740869323704,0.0541431840123944,33,22.954924874791317,0.6414061000052673,12
slp41,151,0,1 ,74.02330363262509,0.07787256129388026,37,20.439061317183956,0.9214296996288021,10
slp41,152,0,2 ,79.15031795426871,0.10212459678053626,40,23.700086182131567,0.4980703259448176,12
slp41,153,0,2 ,74.63690155997848,0.10907170559446482,38,21.748586341887773,0.3798064770379778,11
slp41,154,0,2 ,72.22451506397029,0.071507978718519,36,22.052337547780066,0.3702790299220305,11
slp41,155,0,2 ,74.80260423881425,0.044276767031541854,37,21.01494396014944,1.1711278936178902,10
slp41,156,0,1 ,73.76041524381914,0.04543276133440643,37,25.7530825659435,0.47113746656012634,12
slp41,157,0,2 ,71.55513152514652,0.1414054699747344,36,21.75489485134155,0.634214474763861,11
slp41,158,0,2 ,75.11165245635404,0.13106751671249603,38,25.295109612141655,0.8651584825914844,11
slp41,159,0,1 ,73.7100737100737,0.05099455308603503,37,26.00554785020804,0.4666743618413165,11
slp41,160,0,1 ,71.84891200218969,0.06721962784296667,36,23.996509598603836,0.5501905905687712,12
slp41,161,0,1 ,72.99270072992701,0.1315835180492687,37,24.691358024691358,0.4764409722095697,13
slp41,162,0,1 ,71.68214090660841,0.08377571612493023,36,27.777777777777775,0.4366539438350084,13
slp41,163,0,2 ,74.12491420727522,0.14563013356606225,37,23.205445544554454,0.8124534694368656,11
slp41,164,0,1 ,76.21532546003846,0.14168053241415013,38,24.221961244862012,0.9560556711201453,12
slp41,165,0,1 ,67.60447965036876,0.08309619150814833,34,17.096452486109133,1.0089319848235558,9
slp41,166,0,2 ,73.25013564839935,0.13125415925214584,37,24.37583099423844,0.8196412035026903,12
slp41,167,0,1 ,68.85519543747392,0.10312979153795955,34,25.850926324859977,0.5520510242118325,13
slp41,168,0,1 ,79.46210268948656,0.1420479125769035,40,27.615833077631173,0.3329778104051713,13
slp41,169,0,1 ,68.32298136645964,0.15399989266927677,34,23.571428571428573,0.6221260269337956,12
slp41,170,0,2 ,68.82591093117408,0.0643734777426092,35,23.94080092861288,0.6846224995880201,12
slp41,171,0,1 ,75.65430752453653,0.1622507865934172,38,24.92447129909366,0.5067854290272957,12
slp41,172,0,1 ,74.38016528925618,0.13157169570660368,37,23.194680686562545,0.7122023308021396,11
slp41,173,0,2 ,73.52941176470588,0.19757192783051608,37,24.057738572574177,0.5920006756752901,11
slp41,174,0,1 ,69.49175637007767,0.1251902358641014,35,22.414823670053796,0.6102663025270197,11
slp41,175,0,W ,71.1671411142741,0.18571150767152977,36,23.1839258114374,0.6570430731694841,11
slp41,176,0,1 ,68.60706860706861,0.051956328345028564,34,20.999580008399835,1.2804437355854414,11
slp41,177,0,2 ,66.14303431169905,0.07323752026796103,33,24.96595551520654,0.47709368070148367,12
slp41,178,0,1 ,71.68214090660841,0.15806933121066766,36,24.332694292877157,0.60490687760887,12
slp41,179,0,1 ,67.7989316531982,0.14039953484522893,34,22.824102251978086,0.5575253895563859,11
slp41,180,0,1 ,69.28891377379618,0.18010400015646508,34,24.90942028985507,0.655580393920198,12
slp41,181,0,2 ,79.19966652771988,0.17575470819162586,39,24.027959807776323,0.6322073098633296,12
slp41,182,0,2 ,65.62756357670222,0.14058071524928303,33,22.665457842248415,0.46027400534898777,11
slp41,183,0,1 ,71.03233662562576,0.151123747104072,36,21.42551064133695,0.506960984692116,11
slp41,184,0,2 ,74.22680412371133,0.12014944398077292,37,22.86585365853658,0.800544259308073,10
slp41,185,0,2 ,68.92230576441104,0.1385074313527794,34,23.7444236580803,0.5336668103440665,12
slp41,186,0,1 ,70.87889833940868,0.09077235936390436,36,24.158125915080525,0.4558802220534514,12
slp41,187,0,1 ,75.24035112163857,0.12165580874939402,37,27.746158224245878,0.6720998798695845,14
slp41,188,0,2 ,73.50939286686632,0.12016264697648375,37,21.97802197802198,0.8378758857969361,11
slp41,189,0,1 ,67.9945054945055,0.0820402821615903,34,23.700086182131574,0.33143414887624706,12
slp41,190,0,1 ,73.61963190184049,0.11156014820116844,37,26.56042496679947,0.5645555774235164,13
slp41,191,0,2 ,72.63420033204206,0.060891445731443325,36,26.015320132967187,0.39615302879344777,13
slp41,192,0,2 ,68.61657887441088,0.1412152945410123,34,23.554603854389725,0.612079182475466,12
slp41,193,0,1 ,73.19056654920031,0.19404912194698293,37,20.930232558139537,0.7622423061817899,10
slp41,194,0,1 ,76.82724252491694,0.18647084932481586,38,25.936599423631126,0.7622533845265775,13
slp41,195,0,1 ,76.66442501681237,0.148625353977292,39,23.605150214592275,0.45166154226403943,12
slp41,196,0,2 ,70.95553453169346,0.12703997121266317,36,28.222013170272813,0.44958202811055514,13
slp41,197,0,1 ,69.70069700697007,0.06499795046010175,35,24.289709995583692,0.5221002721842577,12
slp41,198,0,1 ,73.73020207536865,0.14369549422904115,37,25.018953752843064,0.4849573211178332,12
slp41,199,0,2 ,74.80260423881425,0.18233177601068298,37,24.22871910838313,0.5868926988811498,11
slp41,200,0,2 ,69.93006993006993,0.05686102769549839,35,26.16555661274976,0.5010566025992117,12
slp41,201,0,1 ,67.97583081570997,0.11755351242233592,34,22.354694485842025,1.2071798540399854,11
slp41,202,0,1 ,65.77144423129624,0.06757912029613881,33,18.779342723004692,1.0134510348309878,9
slp41,203,0,1 ,79.24370916168496,0.2046365875497071,39,27.603128354546843,0.4374912062608294,13
slp41,204,0,1 ,70.88846880907373,0.0712032102005039,36,25.045537340619305,0.8679379190961521,12
slp41,205,0,2 ,69.78711405611166,0.12057212862093651,34,24.671052631578952,0.535761140808103,11
slp41,206,0,2 ,68.06930693069307,0.15731017245596907,34,19.40491591203105,1.2931063374680367,9
slp41,207,0,1 ,67.1368506713685,0.11013613747855903,34,21.792822896992593,0.6420618038787231,11
slp41,208,0,1 ,71.56488549618321,0.19544340795812407,36,23.076923076923073,0.9114577335236121,11
slp41,209,0,2 ,78.47996695580338,0.18257381158287808,39,24.652622142536977,0.7600715059880064,12
slp41,210,0,2 ,73.64975450081833,0.17323073886839163,37,24.087591240875913,0.6004945620138991,12
slp41,211,0,2 ,67.29200652528547,0.11164603649733715,34,22.238695329873977,0.4761453559576109,11
slp41,212,0,1 ,69.08696830127336,0.12258688042606827,35,18.317814074187147,0.9377962198686878,9
slp41,213,0,1 ,77.2148469249526,0.16387847669738007,39,24.299368216426373,0.8560916773336836,11
slp41,214,0,2 ,70.51991150442478,0.16813308289570453,35,23.507622168400054,0.5391426312762738,12
slp41,215,0,2 ,74.43669527896995,0.18651772554645873,38,23.94080092861288,1.1197173196986183,12
slp41,216,0,1 ,73.92197125256672,0.08800694417045864,37,21.929824561403507,1.287113566602937,10
slp41,217,0,2 ,70.58349018553375,0.10313650949996676,36,20.897832817337463,0.7839087878409843,10
slp41,218,0,2 ,72.56113947863479,0.15415896877678245,37,26.331187829139843,0.46901409597390803,13
slp41,219,0,2 ,69.10569105691057,0.20659694474472431,35,22.058823529411764,0.8192093749463564,10
slp41,220,0,1 ,68.29470198675497,0.09846737374105219,34,21.192427239333146,0.55893842236869,11
slp41,221,0,1 ,68.95619253650622,0.1596945180660439,35,24.93074792243767,0.5716906700500037,13
slp41,222,0,1 ,75.94417077175697,0.17010170978786143,38,24.254005585770983,0.701232916587481,12
slp41,223,0,2 ,76.36213538800219,0.15138864405422092,38,25.67294227477828,0.7984623238729729,12
slp41,224,0,2 ,63.46390064146307,0.12179537948584053,32,23.711666139740753,0.5226247602247716,11
slp41,225,0,2 ,70.45088566827697,0.17922849627654364,36,24.311183144246353,0.5650250731899722,10
slp41,226,0,2 ,74.95948136142626,0.13012354639539958,38,22.09854313308234,1.2028111927613987,10
slp41,227,0,1 ,75.55132044650149,0.040553943730318155,38,18.072289156626507,1.8313612423549865,9
slp41,228,0,2 ,85.71428571428572,0.17749256253741327,42,25.87694077055779,0.4377254339829427,13
slp41,229,0,1 ,65.60065600656006,0.09106376543389802,33,24.947081947384337,0.6320094151406657,12
slp41,230,0,1 ,69.63407973784817,0.12145826742813189,35,23.50092579404643,0.5254486316118921,12
slp41,231,0,2 ,78.84908009406557,0.17737604231635015,39,26.568265682656822,0.3835395097712302,13
slp41,232,0,2 ,83.59385619138236,0.22706448858202127,42,25.352112676056343,0.28051539866625663,13
slp41,233,0,1 ,67.67842493847417,0.15220980156172614,34,23.12673450508789,0.46567696958299315,11
slp41,234,0,2 ,74.8482805124747,0.2014014884068772,38,26.02113231351522,0.5668756185814916,12
slp41,235,0,2 ,84.06232914160742,0.22333708314277362,42,24.807056229327447,0.810646381325147,13
slp41,236,0,1 ,69.84387838948233,0.07502193450877848,35,23.15172094459021,0.27024403786207746,11
slp41,237,0,1 ,71.02272727272727,0.1719263629747174,36,23.434171282488286,0.3666832352880649,12
slp41,238,0,2 ,85.9598853868195,0.2358324667660337,43,21.139993736298152,1.1688932826279905,10
slp41,239,0,1 ,66.60387513455328,0.19012661191508776,34,22.358026531524818,0.49502953447243925,11
slp41,240,0,2 ,78.77280265339968,0.20228928026118254,39,21.1954217888936,1.220334445961434,11
slp41,241,0,1 ,64.74237928243862,0.1818912793401597,33,19.28020565552699,0.9058763712560342,9
slp41,242,0,1 ,72.22451506397027,0.23460365882631468,36,22.04261572373255,0.4803806823759673,11
slp41,243,0,1 ,72.61410788381743,0.24409513033459151,36,23.464163822525595,0.5389176787439895,12
slp41,244,0,1 ,97.6271186440678,0.2328568796254233,49,18.76824690671486,1.6054781526901671,10
slp41,245,0,W ,105.33707865168542,0.23058742376807975,51,21.86588921282799,0.8083079721107405,10
slp41,246,0,W ,68.14427312775331,0.22306679543351368,34,11.276499774470004,2.022629417367403,6
slp41,247,0,1 ,77.0478507704785,0.22391371507916621,39,20.212606677646352,0.6405315693687741,10
slp41,248,0,1 ,80.18092105263159,0.22390361408956058,40,18.723994452149793,2.1263347238910177,10
slp41,249,0,W ,74.87857528332435,0.2236291409798779,38,21.920210434020166,0.7383160298950578,11
slp41,250,0,1 ,74.86482739498128,0.14238961503261327,37,24.84815019326339,0.4748707426471147,13
slp41,251,0,1 ,68.28528072837634,0.14898986474918285,34,22.67230955259976,0.5542395150113352,11
slp41,252,0,1 ,73.30980179201737,0.05604187147146936,37,26.004728132387704,0.45820779147160867,12
slp41,253,0,2 ,71.06033161488088,0.10158910384859807,35,23.20385012031626,1.0361589086383505,10
slp41,254,0,2 ,72.70461154964687,0.051214028690329344,36,19.676432006996063,1.334111772762021,10
slp41,255,0,1 ,74.14829659318637,0.1639614057814493,38,25.569502556950255,0.6689721238432427,12
slp41,256,0,2 ,75.77826324412887,0.07369738531250071,38,23.70042660767894,0.9462895117246096,11
slp41,257,0,1 ,67.7710843373494,0.06803682900466557,34,22.939287352806243,0.2953530768419385,11
slp41,258,0,2 ,71.96710075394105,0.09595373034617746,36,28.13446833068822,0.4649746955003265,14
slp41,259,0,1 ,71.46860986547085,0.0478897233812885,35,25.295109612141655,0.6033626980967132,12
slp41,260,0,1 ,68.69612068965516,0.0872043299137683,35,22.016732716864816,0.5022096773261144,11
slp41,261,0,2 ,73.37953526294334,0.06821127309893708,37,23.692939504027798,0.9699590919208915,11
slp41,262,0,1 ,71.17678958785251,0.12385555774236968,36,20.035618878005344,0.8506457677683598,10
slp41,263,0,1 ,70.78333558042335,0.16752687509038966,36,20.65167508031207,1.3055750542279145,10
slp41,264,0,2 ,75.15233581584293,0.14783616778541864,38,22.033621674555246,0.9946573328923601,10
slp41,265,0,2 ,67.67842493847417,0.16003883826142362,34,22.042615723732546,0.7022096553024602,11
slp41,266,0,1 ,72.61968800430338,0.15994289104258974,37,23.892267593397044,0.6732560084340592,12
slp41,267,0,2 ,72.68448013290876,0.11772737791271867,36,19.422863485016645,2.1234222666368034,8
slp41,268,0,1 ,66.33499170812604,0.07649019545013597,33,24.582104228121924,0.4783197257065613,11
slp41,269,0,2 ,72.7247541210694,0.17640302649076642,36,22.28090443967651,0.7638866181784432,10
slp41,270,0,1 ,58.357649020425185,0.0434837525369405,29,19.127231510342874,0.27464581006753835,10
slp41,271,0,1 ,68.92823354507365,0.24184976319706725,35,23.636005515067954,0.6813602204414343,9
slp41,272,0,1 ,85.79599618684462,0.250749606339402,43,23.577491354919836,0.9616482517012133,11
slp41,273,0,1 ,67.06408345752608,0.19251865972791926,34,21.86270222999563,0.3643929746852977,11
slp41,274,0,2 ,71.88826509653569,0.18997730476699212,36,19.874130506790326,1.2734233388783167,9
slp41,275,0,1 ,70.07419620774938,0.12668419717213664,35,19.32678370107908,1.5937935092100228,9
slp41,276,0,1 ,68.6683721556483,0.10780021249120424,35,19.424460431654676,2.167235435318177,10
slp41,277,0,2 ,76.15257958287597,0.2040084502467886,38,24.685816876122082,0.7272369082088428,12
slp41,278,0,2 ,78.1035900246643,0.19457905414059684,39,18.770856507230256,1.2108141531962067,10
slp41,279,0,1 ,79.33279088689993,0.24590076733659422,40,20.42900919305414,1.1990041701345329,9
slp41,280,0,W ,80.85694540428473,0.22061893689996143,40,14.027431421446385,1.6625597399458731,7
slp41,281,0,W ,68.73315363881402,0.2550627305973815,35,27.022600720602686,0.5410171015154986,12
slp41,282,0,W ,72.83573806881243,0.2481675799839738,36,22.593764121102573,0.2790867965346982,11
slp41,283,0,W ,71.545380212592,0.19890659483633963,36,21.994134897360702,0.4515927368769343,10
slp41,284,0,W ,74.56670697299475,0.2082379377404369,38,24.256144890038808,0.40765161596637883,11
slp41,285,0,1 ,72.23445239405613,0.1711378868822758,36,22.317738469168457,0.6767200489798998,10
slp41,286,0,1 ,72.95325587679005,0.14833978346358972,37,24.092515258592996,0.308732635139209,11
slp41,287,0,W ,66.50544135429263,0.2170369965034525,34,22.67729521715228,0.5908055853404075,12
slp41,288,0,1 ,81.4111261872456,0.22694448660410327,41,29.213483146067418,0.44133675371253045,14
slp41,289,0,1 ,65.69043383057343,0.07869313423037616,33,20.32826381569041,0.9236843028643633,10
slp41,290,0,2 ,73.06889352818372,0.18294248008707045,36,21.888224135415147,0.7118405439422513,11
slp41,291,0,1 ,72.55139056831923,0.19883745455354562,37,29.101995565410203,0.371719446543728,8
slp41,292,0,2 ,80.40739748056822,0.1566498005105656,41,18.201122402548158,2.4744586781758953,9
slp41,293,0,1 ,66.43598615916956,0.13052867261640255,33,24.70799640610961,0.40935765041148703,12
slp41,294,0,1 ,73.35475757999161,0.1688126506527522,36,16.432953549517965,2.3668935252773835,6
slp41,295,0,1 ,69.30289441500203,0.1333414588066225,35,22.953328232593726,0.8972781062747491,9
slp41,296,0,1 ,64.56539850041655,0.12387459672103547,32,22.519141270079565,0.9172156998220211,11
slp41,297,0,1 ,81.57715839564922,0.21427494020533527,41,10.247651579846284,5.925773789135053,5
slp41,298,0,1 ,64.78607099473614,0.15925760382160722,33,20.519835841313267,0.31195441262395307,10
slp41,299,0,2 ,82.66740148801321,0.1977188913584132,41,17.81472684085511,2.046021505263324,9
slp41,300,0,2 ,62.621764542165316,0.08156295455386321,31,21.466051836539993,0.7953280866611582,10
slp41,301,0,2 ,68.77022653721683,0.15756310319325803,35,33.527045149754144,0.3103195772103332,6
slp41,302,0,2 ,84.99730167296276,0.2490503687365278,43,17.87842669845054,3.7663982036650645,8
slp41,303,0,2 ,66.55909640984268,0.1857174606939573,34,25.84721424468696,0.5438929633260166,13
slp41,304,0,2 ,71.49666348903719,0.2422632334583898,36,22.87166454891995,0.5146256460336538,7
slp41,305,0,2 ,80.39027071595439,0.24270225371413923,40,16.27654627189583,1.461949941910824,8
slp41,306,0,1 ,69.51069919585662,0.19121845692792364,35,15.998781045253695,2.559183670865475,8
slp41,307,0,1 ,79.88529291274067,0.2271977998059981,40,23.784355179704015,1.1819832674130561,10
slp41,308,0,2 ,69.64964119881807,0.26178838214251104,34,22.983702465524445,0.5540994928114302,12
slp41,309,0,1 ,76.24673718917434,0.3049141995734767,38,22.59716782163302,0.5156395640367406,11
slp41,310,0,1 ,95.19867549668874,0.23864931838256156,47,24.16520210896309,0.645985850470631,12
slp41,311,0,1 ,72.67833109017498,0.22586973193075066,37,20.50736746164363,0.6738786204219038,10
slp41,312,0,1 ,78.34471675371636,0.24449440646546378,40,20.157903578027888,0.7765859578951964,9
slp41,313,0,2 ,75.98142676234697,0.21299426179020775,37,23.02025782688766,0.6340781024448015,11
slp41,314,0,2 ,76.90232056125203,0.2722088166999678,39,22.08805772345752,0.5841272464112592,11
slp41,315,0,2 ,76.6850531413965,0.2689261913590641,39,23.592324630386912,0.8047176896278594,11
slp41,316,0,2 ,82.40626287597858,0.2696805332240353,41,25.337837837837842,0.6502877684673007,12
slp41,317,0,2 ,69.79608594498426,0.21265905913580535,35,21.90491643680026,0.37539325881724633,10
slp41,318,0,2 ,87.51215446589804,0.2563272603510851,43,24.597495527728086,1.0444754308358979,12
slp41,319,0,2 ,69.04020576688778,0.17934340066844334,35,18.627755355479664,1.4170924458199612,9
slp41,320,0,1 ,72.29413384742496,0.2825279700800454,36,25.160109789569997,0.5520416800649436,12
slp41,321,0,1 ,77.9114270092947,0.22757992112358016,39,26.211278792692607,0.48081473554515297,12
slp41,322,0,1 ,79.82075339588292,0.2331737668353072,39,25.10460251046025,0.38080791308304857,13
slp41,323,0,1 ,61.5090213231274,0.1256268902566467,31,19.241733181299885,0.24244760156820047,10
slp41,324,0,1 ,76.53061224489797,0.21895081516052747,38,26.94207453973956,0.5837993376723433,13
slp41,325,0,1 ,71.0996749729144,0.231239118221633,36,23.497579037311308,0.3641788680495949,12
slp41,326,0,1 ,79.5593635250918,0.2635954104948055,40,23.488881929220167,0.5680315484196279,11
slp41,327,0,1 ,77.256709135267,0.2246016849836771,39,22.138406034765495,0.4806592181063599,10
slp41,328,0,1 ,75.98576122672509,0.29065660535279114,38,16.682554814108673,1.6022533112680366,8
slp41,329,0,1 ,88.9532478278858,0.2498029336872273,44,24.63789756607436,0.521203692673218,12
slp41,330,0,1 ,85.35428803685137,0.2529476656187009,43,17.184942716857613,1.5557633732253073,8
slp41,331,0,2 ,72.52382925818483,0.22906215892866555,36,23.324521847302133,0.39824193651598266,11
slp41,332,0,2 ,78.53403141361258,0.25418435083719515,39,22.09131075110457,0.630177117959705,11
slp41,333,0,1 ,75.56160653505788,0.27495473297666173,38,21.349274124679763,0.6355575819703514,11
slp41,334,0,1 ,90.75907590759077,0.28171986554843464,45,21.72863351038146,1.309295315130327,10
slp41,335,0,1 ,76.95507487520798,0.2522896291485142,38,23.554603854389722,0.4932263155460254,12
slp41,336,0,1 ,64.39551308683008,0.2238246675185787,32,17.431725740848346,1.9029335248505133,9
slp41,337,0,2 ,89.30987821380245,0.22613263130771014,45,25.557620817843866,0.30354250046208825,12
slp41,338,0,1 ,60.72874493927125,0.1632731862043898,31,19.357960961445396,0.5951518713740215,9
slp41,339,0,1 ,95.0806118230674,0.24993242186828257,47,24.988641526578828,0.4330831233557101,12
slp41,340,0,2 ,74.41673370876912,0.2669508152540311,38,21.80232558139535,0.32644073819846003,10
slp41,341,0,1 ,74.85837604531967,0.2126900576618375,38,20.629190304280556,1.1056119346316773,9
slp41,342,0,2 ,83.75209380234507,0.19558895674347263,41,25.28735632183908,0.4762575870851805,12
slp41,343,0,2 ,89.51580089515801,0.24475649899778534,45,18.770856507230256,1.446202007644015,10
slp41,344,0,R ,70.19958706125259,0.3901670478904076,35,22.465178972592483,0.7071249960226267,11
slp41,345,0,R ,97.54775775640158,0.2808561192536531,49,24.13515687851971,0.8053426599901437,11
slp41,346,0,R ,78.21075740944018,0.19015817879857,39,22.388059701492537,0.3885563022265886,11
slp41,347,0,R ,76.55172413793102,0.24233092575004161,38,22.51914127007957,0.5718865621781999,11
slp41,348,0,R ,61.56792994937748,0.1766215791522152,31,29.545454545454547,0.4555095462727012,14
slp41,349,0,R ,88.01341156747695,0.2735880014873151,43,19.64779508077427,1.76180221981027,10
slp41,350,0,R ,61.95786864931846,0.06663212438456395,31,18.808777429467085,0.40026491227685695,9
slp41,351,0,R ,76.91269734178923,0.2663634032743201,39,23.76152073732719,0.4479223663549206,12
slp41,352,0,R ,61.0440639910188,0.10865394127056155,30,21.666907410082334,0.7053102579716248,11
slp41,353,0,R ,66.80161943319838,0.33865772964933144,34,25.056947608200453,0.43819886801985725,12
slp41,354,0,R ,86.21869440262762,0.18592059358818055,43,23.55897596984451,0.3193495890086599,11
slp41,355,0,R ,66.07929515418503,0.2776274482107272,33,25.333947489636113,0.6374847267656725,12
slp41,356,0,R ,72.9673384294649,0.19465846595344097,36,22.27502227502227,1.4127105294433109,11
slp41,357,0,R ,65.08958566629339,0.28501832644584374,32,27.908973808501504,0.3859840264040123,14
slp41,358,0,R ,71.46746528723114,0.24038021583163893,36,16.08455882352941,1.3739999702937942,8
slp41,359,0,R ,64.91693424542788,0.10295221808760183,32,28.544243577545192,0.4576754932731893,15
slp41,360,0,R ,72.43460764587526,0.1866889867608097,37,22.990107287167337,0.8139124163493289,12
slp41,361,0,R ,74.05840033855269,0.12480052328514052,36,18.87320005592059,1.5126415779059745,10
slp41,362,0,R ,67.93851221520724,0.11882151657311323,34,20.904304738309072,0.9797017434774927,10
slp41,363,0,R ,72.77628032345012,0.122113891384788,37,23.232892143058294,1.097630204629821,12
slp41,364,0,R ,63.611491108071135,0.11975208522055981,32,23.975588491717527,0.7314131233610683,12
slp41,365,0,R ,70.862859524802,0.24529208632252436,35,20.551967116852612,0.9595270944053427,8
slp41,366,0,R ,56.527590847913864,0.1507740572065719,29,25.817555938037863,0.8409359864658744,13
slp41,367,0,R ,71.05043187517414,0.34872239382993103,35,19.593613933236572,1.631565422652448,10
slp41,368,0,R ,62.26650062266502,0.2709575120444778,31,20.598736610821206,1.1077830834599345,11
slp41,369,0,R ,79.54854500951863,0.10112716491897535,40,25.19468621163536,0.807009785187534,12
slp41,370,0,R ,82.67240220459739,0.14422488883816387,42,23.470505398216247,0.6840197657962817,11
slp41,371,0,R ,84.31477516059957,0.05087283510355918,43,17.02127659574468,0.9432364496773861,9
slp41,372,0,R ,76.98709945900958,0.05913622213537249,38,25.57181417815031,0.5444421201764447,13
slp41,373,0,R ,66.84672518568534,0.14077513345823423,34,21.246458923512748,0.5721942172219344,10
slp41,374,0,R ,56.611685770198505,0.19663082605692803,28,26.599674892862424,0.3407382507960554,13
slp41,375,0,R ,83.7190307650422,0.2614345451844953,42,19.940915805022158,0.7122440974279728,10
slp41,376,0,R ,74.77768795472917,0.12668056258917895,38,24.314765694076037,0.5263512951921114,12
slp41,377,0,R ,76.41470466749277,0.14474541263100868,38,24.122807017543856,0.7394107101923176,12
slp41,378,0,R ,73.97260273972603,0.034719333213145534,37,24.80457005411906,0.5733831742062282,12
slp41,379,0,R ,72.8744939271255,0.12247993032874135,37,18.732438339057136,1.7769960607722237,9
slp41,380,0,R ,68.92230576441102,0.1874894891452449,34,22.54283137962128,0.4611262733785617,11
slp41,381,0,R ,66.98240866035184,0.1676994118822073,34,20.83622725378525,1.1614369720307685,11
slp41,382,0,R ,75.34533277521976,0.1266469282866523,37,29.730141789906995,0.5029160881459017,14
slp41,383,0,R ,68.5785536159601,0.08600083284880854,34,26.395776675731884,0.4105874847637566,12
slp41,384,0,R ,78.74545699286581,0.23268840711571487,40,27.981058975462762,0.5776908122483974,14
slp41,385,0,R ,68.3096705062952,0.06955399187298401,35,21.987686895338612,0.5752127954070563,11
slp41,386,0,R ,73.35959788072273,0.08132506029569708,37,20.411248866041728,0.9981697819410518,10
slp41,387,0,R ,80.44554455445545,0.09478221689248072,40,22.26510316164465,0.7042387095296593,11
slp41,388,0,R ,70.96512570965126,0.07917913557373611,36,21.057557323350494,0.6109198892744541,10
slp41,389,0,R ,76.63628831814415,0.0382837050781,38,25.836084397875698,0.460238947601014,13
slp41,390,0,R ,77.72020725388602,0.06023113375725392,39,22.026431718061673,0.8799018127041222,11
slp41,391,0,1 ,71.72131147540983,0.09173448820662058,36,24.268274746286224,0.17831089944112818,12
slp41,392,0,W ,69.1533948030176,0.14336345381514481,34,20.636792452830193,0.7617436496322775,8
slp41,393,0,1 ,71.76052487698196,0.09756104943750318,36,21.435376309939663,0.9619734859414375,10
slp41,394,0,1 ,64.76323119777159,0.08371180928356273,32,19.976324356318436,0.8887193171588867,10
slp41,395,0,1 ,66.94617257235596,0.1531343300787531,34,23.434171282488286,0.6421134525536848,12
slp41,396,0,1 ,78.36570663094439,0.13873484896339774,40,23.562676720075398,0.6817628913339299,11
slp41,397,0,1 ,71.41856882789526,0.12110660464475634,35,19.681810726586846,0.6505949200539457,9
slp41,398,0,1 ,67.7989316531982,0.0927742404322825,34,22.529288074496844,0.3755392922185374,11
slp41,399,0,1 ,71.87842278203725,0.08390346250547806,36,22.0978196817914,0.8384572499537469,11
slp41,400,0,1 ,77.92207792207792,0.1700693357056716,39,18.44167819271554,1.0066855268652668,9
slp41,401,0,1 ,71.33152173913044,0.11503468864580257,36,18.677042801556418,1.2924557052371273,9
slp41,402,0,1 ,102.72565401999728,0.15234590115917132,51,18.527667984189723,1.8762014390784376,6
slp41,403,0,1 ,70.91719573146023,0.11992520117786343,36,20.962732919254655,1.1705939402027956,10
slp41,404,0,1 ,71.5844014180529,0.18092926569152232,36,21.607605877268796,0.69285219202944,11
slp41,405,0,1 ,85.15815085158148,0.1754875036735614,43,19.565217391304348,1.1736681340519086,10
slp41,406,0,1 ,66.65740869323706,0.05824503734224917,33,12.386457473162677,1.2784790964266879,6
slp41,407,0,1 ,75.91300779647108,0.10577470993689941,38,13.073794305636259,2.8666353486661365,7
slp41,408,0,1 ,73.17073170731709,0.20837999477450378,37,13.508645533141209,1.855409561255951,6
slp41,409,0,W ,68.15365551425032,0.1368577713788182,34,10.53740779768177,0.5127221469763131,5
slp41,410,0,W ,83.50305498981669,0.20906809458572614,42,13.023094287202637,0.2781124952245045,6
slp41,411,0,W ,73.94221552786526,0.17051334982673877,37,9.505703422053234,1.6640312497065672,5
slp41,412,0,W ,77.64609726195343,0.027466423723028887,39,9.206690194874941,0.7149678314441847,5
slp41,413,0,W ,71.00351636461997,0.12866734200238686,36,8.853039543576628,0.6564740834353037,4
slp41,414,0,W ,67.90123456790123,0.0889227850890253,34,9.737098344693282,1.0679868913053197,5
slp41,415,0,W ,67.31030731574653,0.06402364117992447,34,14.299332697807436,1.3715486137939115,6
slp41,416,0,W ,77.9967159277504,0.03190915081629681,39,8.639308855291576,4.274865494960046,5
slp41,417,0,W ,69.7292863002461,0.050891022722790974,35,13.39764201500536,2.0414921601612877,6
slp41,418,0,W ,72.27948065854638,0.05258209337036589,37,10.43115438108484,0.8927261618211939,6
slp41,419,0,W ,74.12491420727522,0.05859960392568291,37,13.134851138353767,1.11940555653436,6
slp41,420,0,W ,78.20002743860613,0.03324999739653835,39,17.288575133266104,1.5161067739443683,9
slp41,421,0,W ,68.18181818181817,0.07851963660978911,34,10.714285714285715,1.1250742197739667,5
slp41,422,0,1 ,70.94594594594594,0.06303041054174743,36,7.738607050730868,2.6837234499023097,4
slp41,423,0,W ,65.48431105047749,0.08032395346345947,33,12.126111560226352,0.5137657053560504,6
slp41,424,0,W ,71.43829092393523,0.13007772872480547,36,14.191106906338696,0.5240966831924558,7
slp41,425,0,W ,71.60392798690673,0.06073358348776488,36,12.09677419354839,2.2436156533595497,6
slp41,426,0,W ,69.90131578947368,0.1319290991299184,35,12.052064920456374,1.0077097994958666,6
slp41,427,0,W ,70.36423841059603,0.1262508076646885,35,10.530010530010529,1.797047578668968,5
slp41,428,0,W ,63.43792633015006,0.08892672567356706,32,10.668563300142248,0.9423162950941681,5
slp41,429,0,W ,74.43142660234321,0.18579914151484747,37,10.992232155943134,1.9079095995355753,6
slp41,430,0,1 ,72.95325587679005,0.10502604027479313,37,19.956760352569432,0.9547752353302845,9
slp41,431,0,1 ,69.51069919585662,0.14557885887809788,35,12.175324675324676,2.096409120377032,6
slp41,432,0,W ,67.53990994678674,0.16442181861073582,34,8.820070560564483,0.5455011966582252,4
slp41,433,0,W ,71.1960943856794,0.16388922092283517,36,11.057054400707653,2.209125220534137,6
slp41,434,0,W ,67.52004501336334,0.1768024586226108,33,8.422234699606962,1.376,3
slp41,435,0,W ,86.98053292834462,0.24315576411753595,43,13.711151736745888,0.5515766492519422,6
slp41,436,0,W ,72.36665773251138,0.1393719599125898,37,13.04631441617743,1.7334875251930717,5
slp41,437,0,W ,82.81573498964804,0.2513295645163935,41,5.966587112171837,3.6079999999999997,3
slp41,438,0,1 ,70.93635995135793,0.04519765209722781,36,19.553527782304055,1.1203257338827846,9
slp41,439,0,W ,86.00195776814432,0.19805488396218118,42,12.612991381122557,1.6547492257136729,5
slp41,440,0,W ,66.43403569990605,0.03363630903626473,34,8.341056533827619,0.9282892269594046,4
slp41,441,0,W ,97.47139426472664,0.18650698228844956,47,12.161504783525213,0.4175248974612172,6
slp41,442,0,W ,92.44372990353699,0.2310707548821675,47,16.802688430148823,1.5668840260275831,8
slp41,443,0,W ,73.2421875,0.03901413663203194,36,13.009540329575021,2.042674325486077,6
slp41,444,0,W ,70.95553453169347,0.033659810711631426,36,13.164823591363875,1.6737648102406741,6
slp41,445,0,W ,70.09345794392523,0.05554436488599213,35,13.895321908290875,1.5029371244333545,7
slp41,446,0,W ,73.23026851098454,0.05180733538795448,37,10.942914462885282,2.0148496221802756,5
slp41,447,0,W ,74.05375754251234,0.05420491527072221,37,9.432479169941834,1.7088063085089547,5
slp41,448,0,W ,73.49938750510414,0.04216765479738126,37,14.093329157532104,2.1976322612201424,7
slp41,449,0,W ,72.98762685944669,0.034267804846234186,36,14.439274827530882,3.418657371282215,7
slp41,450,0,W ,66.26173384870238,0.08219945255292153,33,9.092746009294807,1.3124606237479617,4
slp41,451,0,W ,66.51437785541522,0.07808074274436352,34,10.445682451253482,1.9656876659327138,5
slp41,452,0,W ,66.82867557715674,0.07218891652754934,34,14.153168737222833,1.354001312981474,7
slp41,453,0,1 ,75.91300779647108,0.2035627735509337,38,18.39201261166579,0.6450616170536876,8
slp41,454,0,W ,66.57700067249496,0.15561408317815986,34,12.257405515832483,1.9021364304381536,5
slp41,455,0,1 ,76.46734637641224,0.20348639853824566,38,13.10997815003642,3.010760627408887,7
slp41,456,0,W ,68.41964046149718,0.2156119800742925,35,17.433751743375176,1.4118121121452387,6
slp41,457,0,1 ,69.79608594498426,0.04079639715417584,35,16.66296378582537,0.5433961354297616,6
slp41,458,0,W ,68.24762167379016,0.20739482492770941,34,8.615738081562318,1.1465007631920705,4
slp41,459,0,W ,81.85538881309687,0.22500088888713307,41,8.761682242990654,2.9827879575994003,4
slp41,460,0,W ,75.86112629852379,0.2576293564750535,38,9.937065253395163,0.6699999999999999,3
slp41,461,0,W ,86.20689655172414,0.2396775611802935,43,15.943312666076174,0.7129671957546311,7
slp41,462,0,W ,75.52047897673152,0.20751367543624835,38,11.733416770963705,1.6432798422666786,6
slp41,463,0,1 ,66.70260072766473,0.1426052235033191,34,8.437631837997468,2.7773388342080265,5
slp41,464,0,W ,70.69586914333242,0.13437251325453098,35,15.075376884422113,1.2160710505558465,6
slp41,465,0,2 ,74.80792559644156,0.13551462391334543,38,18.257694314032342,0.33261462655138657,8
slp41,466,0,2 ,70.69754915162942,0.15501811349066302,36,18.645121193287757,0.2803854489805061,9
slp41,467,0,2 ,70.8502024291498,0.06661494592363011,36,19.817968291250732,0.4225949232253061,10
slp41,468,0,2 ,73.07171853856563,0.02574423104500821,37,23.25909219058359,0.21121607752479146,12
slp41,469,0,2 ,69.33115823817292,0.037219632427823425,35,21.243449936269652,0.1957668000453601,11
slp41,470,0,2 ,71.09967497291441,0.057295111448694876,36,20.51983584131327,0.30289858955689375,10
slp41,471,0,2 ,65.43075245365323,0.06154673021371647,33,19.395506707612736,0.30965101323909805,9
slp41,472,0,2 ,69.79608594498426,0.06064257985400589,35,21.357380161366873,0.2099566092738635,10
slp41,473,0,2 ,65.07592190889372,0.05261178575186362,33,19.173412867490413,0.5197401059931567,10
slp41,474,0,2 ,72.9369269241456,0.10739914490595635,36,21.686746987951807,0.31425396665047145,10
slp41,475,0,2 ,71.07080005414917,0.03545547365703775,36,22.938968441540382,0.2662300006068822,12
slp41,476,0,2 ,72.55139056831922,0.04276421141302359,37,22.143489813994684,0.2106614345341833,11
slp41,477,0,2 ,68.89099013913278,0.034221545652574084,35,21.513944223107572,0.2552473503810435,10
slp41,478,0,2 ,71.45773785218456,0.04217375138782948,36,20.756457564575648,0.2097193892376721,10
slp41,479,0,2 ,71.16941110801004,0.11013172358495252,35,20.87198515769944,0.21361647876509904,10
slp41,480,0,2 ,72.82535401213757,0.041424481340398056,37,21.802325581395348,0.34998514254179414,11
slp41,481,0,2 ,73.30980179201738,0.019939414407488986,37,21.745433458973615,0.31281841378026326,11
slp41,482,0,2 ,69.07761072734661,0.03921743133372234,35,21.984464311886267,0.14095729849851688,11
slp41,483,0,2 ,69.64358869315855,0.03189710967370449,35,21.68256721595837,0.1407272539346945,11
slp41,484,0,2 ,69.2276367585177,0.04154340707356917,35,21.36752136752137,0.2580749245212845,10
slp41,485,0,2 ,69.63407973784818,0.04296228328973134,35,22.00488997555012,0.32455644946432494,10
slp41,486,0,2 ,70.44198895027624,0.059684986201344395,35,20.601565718994646,0.2860011188789302,11
slp41,487,0,2 ,68.73315363881403,0.06314173653561934,35,20.55107322271274,0.29881808331086696,10
slp41,488,0,2 ,69.66261439694031,0.05146073855335491,35,20.70107645597571,0.23059713788336578,11
slp41,489,0,2 ,70.15130674002752,0.023069625321117553,35,20.161290322580648,0.16861263956839723,10
slp41,490,0,2 ,70.15130674002751,0.04888854636208694,35,21.103642332343284,0.20217288775503467,10
slp41,491,0,2 ,72.93354943273906,0.10408116490935758,37,21.425510641336952,0.24359605908142276,11
slp41,492,0,2 ,72.54387177007047,0.10449589778101927,36,20.0,0.2025087103750794,10
slp41,493,0,2 ,69.35944512443899,0.03891842235517671,35,20.352781546811396,0.2723788211704835,10
slp41,494,0,2 ,71.29277566539923,0.031658174299855006,36,22.06206795116929,0.19064060427936125,11
slp41,495,0,2 ,75.81967213114754,0.019430007742575715,38,21.75805047867711,0.2935694807026098,11
slp41,496,0,2 ,69.1900691900692,0.047978224587848985,35,20.730958230958233,0.3505227137283776,10
slp41,497,0,2 ,69.85344473359815,0.033959267275812,35,22.358026531524818,0.3304273596420249,11
slp41,498,0,2 ,68.50235057085293,0.02400951368530494,35,21.62075592568866,0.15492825898492096,10
slp41,499,0,2 ,69.17272219116825,0.02224102051552683,34,21.19974874371859,0.25434961842916476,10
slp41,500,0,3 ,69.04955320877336,0.05100457948094154,35,21.279949558638084,0.2857594602735008,10
slp41,501,0,3 ,68.86308398595733,0.048414587867078876,35,22.174770039421816,0.13994425698015753,10
slp41,502,0,3 ,70.50041470832181,0.048264553535982094,35,19.270916974466033,0.12545816035635143,9
slp41,503,0,3 ,71.84891200218968,0.10964497810884818,36,21.714653369792504,0.2863581457795832,10
slp41,504,0,3 ,71.67235494880546,0.03274240837388796,36,20.131225767968978,0.1921151917823789,10
slp41,505,0,3 ,67.16417910447763,0.04386941135375824,34,19.5964581216432,0.1290252152598069,10
slp41,506,0,3 ,70.0164744645799,0.06626193174527828,35,19.598236158745713,0.1126399129971256,9
slp41,507,0,3 ,69.54861584617483,0.051350886017766904,35,20.642201834862384,0.16681060451235638,10
slp41,508,0,3 ,69.42553770759596,0.029900874297201164,35,19.96450754214729,0.2619380758033386,10
slp41,509,0,3 ,70.26729126481125,0.03535680707061052,35,20.881670533642694,0.14752476251651972,10
slp41,510,0,3 ,69.60556844547564,0.02901115404156702,35,20.092275636255394,0.232605425453959,10
slp41,511,0,3 ,72.0658888126287,0.037888773847585364,36,20.82176568573015,0.27926875944151003,11
slp41,512,0,2 ,73.09941520467837,0.030564965939080348,36,21.25314861460957,0.36008284369154225,10
slp41,513,0,2 ,71.47719537100068,0.033097505917503565,36,21.20307837286006,0.2784280388888773,10
slp41,514,0,2 ,67.59524784924211,0.032680100683998126,34,20.182388996860517,0.2699516188934786,10
slp41,515,0,2 ,69.64358869315855,0.048516968101599535,35,20.026702269692922,0.23626726862225803,10
slp41,516,0,2 ,73.7402703809914,0.15007664708408167,37,20.27027027027027,0.18217451950137148,10
slp41,517,0,3 ,71.65279104681316,0.15350217973590302,36,20.065398335315102,0.2566596439635693,10
slp41,518,0,2 ,67.98516687268231,0.029522555228462734,34,20.618556701030926,0.25039009565076653,11
slp41,519,0,2 ,67.53069577080491,0.03676305887306328,34,19.973368841544605,0.3697620856713138,9
slp41,520,0,2 ,71.13962895801367,0.025761482473622414,35,19.986675549633578,0.2617021207403563,9
slp41,521,0,2 ,71.52588555858311,0.1185380331628733,36,19.04157410345922,0.20074610830598935,9
slp41,522,0,2 ,75.11165245635404,0.02731778733257857,38,20.113230035756853,0.2419533676119542,10
slp41,523,0,2 ,68.93190363459128,0.017805396361148345,34,20.224719101123597,0.17890531325567482,10
slp41,524,0,2 ,68.90029721696838,0.02784037544988057,35,19.043588658484975,0.146424041741785,10
slp41,525,0,2 ,67.1915297950319,0.06264497602458073,34,19.050642959199873,0.17801053339620104,9
slp41,526,0,2 ,69.83431466520608,0.11042071166232285,35,18.97133220910624,0.2293255812643287,10
slp41,527,0,2 ,67.46626686656671,0.04614251091056179,34,18.659617477841703,0.11722521059908564,9
slp41,528,0,2 ,71.10930516050385,0.11855489041290673,36,18.74414245548266,0.18130361276047424,9
slp41,529,0,2 ,70.55893746541228,0.1101447930341056,35,19.172391755871544,0.12157199513045752,9
slp41,530,0,2 ,69.93006993006993,0.02197859921672471,35,19.644935972060537,0.3226342193664101,10
slp41,531,0,2 ,69.42553770759596,0.036012300858856414,35,18.947368421052634,0.1510143481041895,10
slp41,532,0,2 ,70.44143298000806,0.11459022289738978,36,19.38610662358643,0.28078995708536303,9
slp41,533,0,2 ,69.33115823817293,0.03696589656224397,35,19.441244239631335,0.22122978389889236,10
slp41,534,0,2 ,70.85976515049265,0.02551004604032678,36,19.263698630136986,0.16880231699305026,10
slp41,535,0,2 ,71.36859781696053,0.024398082629300172,35,18.729514593413455,0.10931491206601224,9
slp41,536,0,2 ,70.29634734665748,0.025017917454728856,35,19.427255720247516,0.3109694915765179,10
slp41,537,0,2 ,63.961485557083904,0.1331809187834041,32,20.81406105457909,0.8201658368891013,10
slp41,538,0,R ,69.68165049870201,0.051803327837953675,35,24.958402662229613,0.257269579164806,12
slp41,539,0,R ,70.6024744486283,0.04975223510516069,36,25.66295979469632,0.4189399320507257,13
slp41,540,0,R ,72.85483000539665,0.07551175200826706,37,16.32208922742111,1.2696186154004787,8
slp41,541,0,R ,70.18026696023118,0.03465879158179111,35,19.357960961445396,0.792980296098207,9
slp41,542,0,R ,65.87976942080704,0.09041259591450741,33,17.038193951441148,0.6981230192451757,9
slp41,543,0,R ,71.48692810457516,0.10653390377274846,36,20.728968733805495,0.39958947683841733,9
slp41,544,0,R ,70.50041470832181,0.049696100673446486,35,14.551333872271623,1.3099036436148865,7
slp41,545,0,R ,75.29507529507529,0.021189189189189175,38,17.456359102244388,0.942991505577774,8
slp41,546,0,R ,71.06033161488088,0.048121098682472996,35,15.459363957597171,1.8423906386285518,8
slp41,547,0,R ,73.04206681996483,0.04049859012939999,37,17.258737235725587,1.0439127118681906,9
slp41,548,0,R ,73.4294261626326,0.026240106895295646,37,16.987542468856173,1.3842873359860763,8
slp41,549,0,R ,69.2404532102392,0.03665820087593029,34,22.11664482306684,0.5831920675509235,10
slp41,550,0,R ,75.1421608448416,0.02452315135785136,38,17.470881863560734,1.537836487154759,8
slp41,551,0,R ,75.49993198204325,0.040813925064637976,38,17.757483510908166,1.90694336035233,8
slp41,552,0,R ,70.69586914333242,0.032633012346543935,35,20.849420849420852,0.4948772637461126,10
slp41,553,0,R ,72.33397630201158,0.02127556805160244,36,21.263191053709246,0.368439887386374,10
slp41,554,0,R ,72.54387177007047,0.03497703036367187,36,21.1433046202036,1.1826074560316826,10
slp41,555,0,R ,72.48322147651007,0.027259158614951064,37,13.372956909361069,4.0050399359917614,7
slp41,556,0,R ,74.85837604531966,0.05082116053304462,38,16.783887468030688,1.0353626595230745,8
slp41,557,0,1 ,77.2148469249526,0.11433168446245406,39,16.810758885686838,1.1222644746317187,8
slp41,558,0,1 ,67.36526946107784,0.0664505588214032,34,21.686746987951807,0.6675194545646009,10
slp41,559,0,1 ,68.97032186150203,0.12315891173206522,34,16.93548387096774,0.4066179071917266,8
slp41,560,0,1 ,72.23445239405613,0.028396263048190686,36,19.410496046010064,0.23676920053289804,10
slp41,561,0,1 ,73.55946056395587,0.03759875884476328,37,14.08891671884784,1.1344935238050307,7
slp41,562,0,1 ,66.11570247933885,0.09680779927257928,33,21.80232558139535,0.6486219237737806,11
slp41,563,0,1 ,65.95218466611706,0.02805240631389757,33,21.875,0.5449098034331471,8
slp41,564,0,W ,77.39307535641548,0.04631112416694988,39,13.496490912362786,0.4973182482073224,6
slp41,565,0,W ,67.33777717317372,0.12366143536639816,34,20.664319608143273,0.8760059755137531,10
slp41,566,0,1 ,67.32861806311209,0.21818370369555645,34,16.749082788323495,0.9893116964097116,8
slp41,567,0,1 ,69.64358869315855,0.02711222352297692,35,16.762117614191926,0.7962347329776566,9
slp41,568,0,1 ,72.75666936135812,0.19742903084962513,37,19.19692849144137,0.7478260158619784,9
slp41,569,0,1 ,66.6851903306474,0.039483382580523675,33,19.81505944517833,0.5912156966793085,10
slp41,570,0,2 ,69.77698727596115,0.039757917972681765,35,21.29471890971039,0.7070348223390415,11
slp41,571,0,2 ,67.0953312831982,0.12215947568649758,33,18.298261665141812,0.6083642001301522,9
slp41,572,0,2 ,65.164268259571,0.03722146558103266,33,17.491254372813593,0.34013010715889047,8
slp41,573,0,2 ,74.59593866556155,0.198560094457852,37,18.140589569160998,0.46052768646412556,9
slp41,574,0,2 ,70.14165864392793,0.108244309087485,35,18.34488381573583,0.306944801407535,10
slp41,575,0,2 ,64.94385062914355,0.03562982423476152,33,17.465069860279442,0.3463074014896744,8
slp41,576,0,2 ,69.1900691900692,0.12014414641152941,35,17.381228273464657,0.20871990801071183,9
slp41,577,0,2 ,68.63560732113145,0.02311690257307418,34,18.867924528301888,0.3632960225491053,9
slp41,578,0,2 ,65.63653767263777,0.028965226997211668,33,17.462165308498253,0.41165519552168894,9
slp41,579,0,2 ,68.77865777407253,0.024268470855947043,34,18.6075360521011,0.21385450661606364,9
slp41,580,0,2 ,66.53225806451614,0.12831057363204765,34,17.98561151079137,0.3647135862563939,9
slp41,581,0,2 ,72.34726688102893,0.14821905710430386,37,19.788918205804748,0.27668513994551036,10
slp41,582,0,2 ,69.85344473359814,0.07003400064022289,35,19.255455712451862,0.37746758506894046,10
slp41,583,0,2 ,66.55014788921753,0.07942178554002342,34,18.323408153916628,0.24526669158285644,9
slp41,584,0,2 ,64.93506493506494,0.08206095295571457,33,18.79993733354222,0.29322644832961436,9
slp41,585,0,R ,67.74325988777885,0.1418801211540787,34,18.072289156626503,0.3868229569195705,9
slp41,586,0,R ,71.27882599580714,0.19137199051670353,35,18.679950186799502,0.537602910045034,10
slp41,587,0,R ,67.74325988777885,0.1274763162432084,34,20.408163265306126,0.48878261471173917,10
slp41,588,0,R ,67.88261108063632,0.11504722550109785,34,18.278750952018278,1.1043820670402071,9
slp41,589,0,R ,68.36072365695345,0.035912760329075644,34,20.90009753378849,0.47556972149202265,11
slp41,590,0,R ,66.16126809097175,0.048085698237625714,33,20.53544265287496,0.5702213561957571,10
slp41,591,0,R ,73.5795067447881,0.2509752582365712,37,23.194680686562545,0.5232178896024103,11
slp41,592,0,R ,76.42522721013496,0.19159788668619246,38,25.765817348983678,0.5474518751046119,13
slp41,593,0,R ,70.46979865771813,0.026275774518187137,36,21.256495040151155,0.4156921938165305,10
slp41,594,0,R ,68.714632174616,0.06748266469695811,35,15.395894428152491,0.4509987103470407,8
slp41,595,0,R ,68.41964046149718,0.15659932784328565,35,16.1339889366933,0.4071235083121684,8
slp41,596,0,R ,68.51155292853305,0.20301246829625277,35,22.831050228310502,0.4284941921744946,12
slp41,597,0,R ,71.1864406779661,0.19820813632674733,36,18.140589569160998,0.8772261681003367,9
slp41,598,0,R ,73.89162561576354,0.181196026446498,37,21.03786816269285,0.41499451134255305,10
slp41,599,0,R ,78.09288943690916,0.25043016730829565,39,21.907404702789545,0.35635510379395435,11
slp41,600,0,R ,91.31493506493506,0.2959836632128349,46,22.232103156958647,0.8794762987141836,11
slp41,601,0,R ,95.81407991301982,0.26278742611927236,48,21.297742439301434,0.7169469715397366,11
slp41,602,0,R ,101.59848279599024,0.2512480973062284,51,23.31496396778296,0.43135059851931945,12
slp41,603,0,R ,100.92854259184497,0.2627082214168411,51,24.487978628673194,0.28120966561101324,12
slp41,604,0,R ,101.42127777011177,0.25379052252027895,50,25.072177480626046,0.4793543867528215,12
slp41,605,0,R ,95.7801221543587,0.23600217870898466,47,19.844186388358075,1.4205544387950244,10
slp41,606,0,R ,72.61410788381744,0.15242432716008322,36,17.177211565989122,0.3037153272391764,9
slp41,607,0,R ,76.61290322580646,0.2754031042056247,39,13.990362194932379,0.3664126392773894,7
slp41,608,0,R ,95.19308668647042,0.29287219744801013,48,4.337140378776927,12.314,3
slp41,609,0,W ,110.550020472226,0.2491417256328276,55,17.158544955387786,0.8956835155343655,6
slp41,610,0,W ,96.39844691391085,0.23659070083632244,49,17.918088737201366,1.8257791180082827,8
slp41,611,0,1 ,84.36213991769547,0.3924260696068485,42,18.386859524393234,1.2008620903334406,6
slp41,612,0,1 ,88.9956208504026,0.36350275024146184,43,16.556291390728475,1.0247315095509977,7
slp41,613,0,1 ,87.41021818674618,0.34289616250188354,44,18.96034128614315,0.7204011035527362,9
slp41,614,0,1 ,91.9476177208136,0.3191244737591683,45,18.430753027909425,0.4471493381547656,8
slp41,615,0,1 ,94.94977294619513,0.3043001826062803,47,18.99635903118569,0.5802031971645795,9
slp41,616,0,2 ,106.17626648161,0.24176226005791762,52,18.945374171139882,0.3693873305894505,9
slp41,617,0,1 ,100.91995056982014,0.2849265642618711,50,18.301052310507853,0.3945424565240096,9
slp41,618,0,W ,112.12976022566995,0.22973341927160768,54,22.780615766947395,0.7328556621106255,12
slp41,619,0,W ,117.45646010530581,0.21075235818462507,59,17.059301380991062,1.0777218602975747,8
slp41,620,0,1 ,98.05285118219749,0.2968951265365582,48,20.294266869609338,1.1946404270741888,9
slp41,621,0,W ,123.72431147770165,0.17745215862585817,60,19.36039007600746,0.5850516490864421,10
slp41,622,0,W ,107.51961049499594,0.24966770083484294,54,18.532818532818535,0.6631559017305055,9
slp41,623,0,2 ,117.5834572239492,0.20101825213950686,59,26.223776223776227,0.7442436876901722,13
slp41,624,0,W ,119.42347288949895,0.19752948575031723,59,21.024762498053267,0.33380292847985676,10
slp41,625,0,1 ,104.21008753647352,0.2669512734564119,51,17.697623461992247,0.42552747579100136,8
slp41,626,0,2 ,124.8124403219206,0.17490945021733165,62,20.47005307050796,0.52678910906747,10
slp41,627,0,W ,114.31682090364727,0.22719370500046154,57,19.255455712451862,0.5866856057549051,9
slp41,628,0,1 ,106.72433035714286,0.2572729548902384,52,16.85122773230621,0.29038243607985925,8
slp41,629,0,1 ,115.36876802637002,0.2069099059583022,57,21.3857998289136,0.70351847168358,11
slp41,630,0,W ,108.73942811115586,0.2422370026071549,55,21.166509877704613,0.3239259174564456,10
slp41,631,0,2 ,113.59026369168359,0.21731927748671295,57,19.988155167308264,0.7586259183224742,10
slp41,632,0,1 ,120.68730396836222,0.1878868045049882,60,20.996640537513997,0.834768854234512,11
slp41,633,0,W ,114.81683980317113,0.22211892383705314,57,20.463847203274216,0.6128033942464743,9
slp41,634,0,1 ,103.43400910219279,0.26873033621085657,51,18.025751072961373,0.5932050614230792,8
slp41,635,0,2 ,115.54054054054055,0.20708452083352816,58,19.940915805022158,0.6618056855543768,10
slp41,636,0,1 ,108.31828912651022,0.24847657730147446,53,18.572976319455194,0.319686956255647,9
slp41,637,0,W ,121.22844827586206,0.1861739210762047,61,22.62443438914027,0.5591622304841413,11
slp41,638,0,W ,119.25976696367375,0.20789923700372276,59,18.351429882244993,0.7077314109180121,9
slp41,639,0,1 ,105.791401057914,0.2538495454318883,53,19.797624285085792,0.6948189212545477,10
slp41,640,0,1 ,115.12050626093982,0.20410518775879344,58,18.36547291092746,1.068433900622776,9
slp41,641,0,1 ,104.35138453144184,0.2709481891140074,52,18.015313016063654,0.30014621436893063,9
slp41,642,0,2 ,121.1631663974152,0.18312516666659082,61,21.32701421800948,0.41264889568628577,10
slp41,643,0,1 ,101.61224766291828,0.28600295383090013,51,18.75586120662707,0.5608413322857009,9
slp41,644,0,W ,117.59042772658506,0.20064879684101214,58,18.936737270304388,0.6156173254206095,10
slp41,645,0,W ,121.47388311513023,0.19064031286401334,61,19.143117593436646,0.7778912362986256,8
slp41,646,0,2 ,102.27737624437475,0.2765369964398977,51,19.86426088395961,0.8799850851008783,9
slp41,647,0,W ,119.30439471555675,0.19026023998684174,60,19.392372333548803,0.3292962192312568,9
slp41,648,0,W ,107.27297260828497,0.26505761378584375,54,17.523364485981308,0.6923698433640795,9
slp41,649,0,1 ,108.7102402362099,0.24302475501493379,55,23.696682464454973,0.666704241365349,12
slp41,650,0,W ,117.47732893652102,0.201474087517241,58,20.366598778004075,0.5163990704871572,9
slp41,651,0,1 ,107.4740095532453,0.24623948795569178,52,16.445114430587914,0.5120095213958427,9
slp41,652,0,W ,117.63115197404001,0.20791940265972803,59,19.352064220183486,0.40342288568121426,10
slp41,653,0,W ,105.6910569105691,0.2606286437459022,53,19.398642095053347,0.3959583311410432,9
slp41,654,0,W ,114.45615982241954,0.21153007015200556,56,19.50585175552666,0.2115676933959646,10
slp41,655,0,W ,110.0992252276743,0.25747484328484244,55,18.74330596215637,0.41972352416167225,8
slp41,656,0,1 ,102.86654779865587,0.2678515290230765,51,24.410089503661517,0.799197097091825,13
slp41,657,0,1 ,107.62149722485448,0.2450860166785892,54,22.53944402704733,0.3888002057612624,11
slp41,658,0,1 ,100.418410041841,0.277573563822878,49,18.567228841095467,0.628917919922783,9
slp41,659,0,2 ,114.09210344350713,0.20762323155415854,56,21.607605877268796,0.3675118501490802,11
slp41,660,0,1 ,104.92387875462899,0.2816967756884961,52,16.191210485736313,1.2599988338187023,8
slp41,661,0,W ,108.04566458276705,0.23993173349737013,54,18.923465096719934,0.7114854570232307,10
slp41,662,0,W ,115.24214569899851,0.2175799055660298,57,23.685457129322597,0.3729667009265036,11
slp41,663,0,1 ,107.66522210184182,0.24629330400649063,54,22.812111157196185,0.693226162516025,12
slp41,664,0,1 ,116.81923760076513,0.19767470659540062,58,20.42205582028591,0.5463661775769068,9
slp41,665,0,1 ,105.39116335630321,0.2653389369830405,53,17.115960633290545,0.7962862236658375,9
slp41,666,0,1 ,105.22696011004126,0.2587842632127813,52,25.44333076329993,0.765903129191796,12
slp41,667,0,1 ,111.44744083654372,0.2240456547634463,55,20.27369488089204,0.8169882190093074,9
slp41,668,0,1 ,110.5241206728764,0.22992878616435392,54,19.438444924406046,0.6406801940992956,10
slp41,669,0,1 ,122.36573759347382,0.18199529908458867,61,19.97928074589315,0.7024345670506643,10
slp41,670,0,2 ,105.2124879658919,0.27704802998555567,52,19.887305270135894,0.8300668647765673,9
slp41,671,0,2 ,115.91648590021691,0.21768783011910356,58,21.330383946911045,0.4631401142549614,10
slp41,672,0,1 ,100.2941963091736,0.29231562120420457,51,20.48830459279495,1.0384766487504666,9
slp41,673,0,W ,127.04804221049709,0.17031483880168538,62,19.271948608137045,0.5132450140473306,10
slp41,674,0,2 ,102.82258064516128,0.28164073575551685,52,16.53543307086614,1.0303029869402298,8
slp41,675,0,1 ,113.15320257852144,0.2183984863568775,56,19.338203695745598,0.5643828487826326,10
slp41,676,0,W ,103.6197844708483,0.2804380116888579,51,20.66431960814327,0.8697083944392079,10
slp41,677,0,W ,112.79737489745693,0.22535885359258018,56,24.22907488986784,0.6840041563838726,12
slp41,678,0,W ,130.09892939422687,0.16929660316660225,65,19.377063298406775,1.6441675442546135,10
slp41,679,0,1 ,107.94353722668143,0.23763444652977983,53,18.107741059302853,0.2981539032110765,9
slp41,680,0,1 ,117.1875,0.20279035929886166,58,23.151396099340534,0.5593618560023674,12
slp41,681,0,2 ,100.62893081761005,0.2876565153674315,49,23.252208959851185,0.8335551811367978,11
slp41,682,0,2 ,115.99511599511601,0.20099144839238758,58,20.884900990099005,0.4712301736340849,10
slp41,683,0,W ,101.7915309446254,0.2807393210791819,51,19.590770570309097,0.5523702462016656,10
slp41,684,0,2 ,113.44884488448842,0.21491943983696474,56,23.812960023091357,0.7836761010806433,12
slp41,685,0,W ,115.86935899173328,0.22096321221217669,58,21.47629653197582,0.4378497402782471,10
slp41,686,0,1 ,95.66061278247606,0.3114059222192068,47,20.391517128874387,0.8655175561477653,11
slp41,687,0,2 ,117.52577319587628,0.19847082999803978,58,21.4081826831589,0.67672938953962,10
slp41,688,0,1 ,103.5883547731889,0.2633003439543705,52,20.92698806386607,0.7717956615645598,10
slp41,689,0,2 ,118.9995966115369,0.18857887615234623,60,22.821576763485474,0.5639654171450028,12
slp41,690,0,W ,126.63398692810458,0.1917426735539131,63,20.81085247417913,0.7041383141344453,10
slp41,691,0,W ,109.00282599919258,0.2479515086005406,55,19.452449567723345,0.5480484794272028,10
slp41,692,0,2 ,106.68855149774313,0.24432671646526546,53,19.97336884154461,0.43469120585128523,10
slp41,693,0,1 ,114.39267886855241,0.21930011588333984,56,21.95550351288056,0.5404584720401744,11
slp41,694,0,W ,113.13131313131315,0.21327618149206615,57,21.853146853146853,1.0348506365654901,11
slp41,695,0,W ,101.33765707336848,0.2824073540118954,51,21.496130696474637,0.45775731561603694,11
slp41,696,0,2 ,102.83640274230409,0.26855373827630125,52,18.49283402681461,0.7123634956958419,9
slp41,697,0,W ,110.46269278866193,0.22509350139811346,54,23.481527864746397,0.3934658307909341,11
slp41,698,0,1 ,103.69141435089173,0.2601631611124065,51,19.373587342589605,0.701643071653957,9
slp41,699,0,2 ,120.64900845929829,0.18351267990547138,59,23.14814814814815,0.5043110151483904,11
slp41,700,0,2 ,93.0546190155091,0.3185877746121549,47,24.61951656222023,0.7702487738086435,12
slp41,701,0,2 ,119.31342450460508,0.19791723151982377,58,19.80924431401321,0.3567745769606239,10
slp41,702,0,2 ,99.3103448275862,0.29567319609475745,49,22.992029429797675,1.0564623230385455,11
slp41,703,0,2 ,118.01410743353226,0.1918759508104272,59,21.624219125420467,0.40043087904017705,10
slp41,704,0,1 ,111.20097048119693,0.25396884301650174,56,23.44082966330445,0.9864676442859848,12
slp41,705,0,W ,105.53375727235829,0.25513318253101136,53,25.312895513992405,0.7870933165063015,13
slp41,706,0,W ,110.88295687885008,0.24577667269190984,55,20.815264527320032,0.6145044751667802,9
slp41,707,0,2 ,92.92400881057269,0.31621369864361754,46,19.976324356318436,0.940572770072826,10
slp41,708,0,W ,118.1904632522755,0.19223302595118658,59,24.736147757255935,0.5456803459902143,11
slp41,709,0,W ,101.5434606011373,0.2738233474340711,51,21.240441801189466,0.8205223702008374,11
slp41,710,0,W ,120.1792504073873,0.18781523495724564,60,23.85875616351201,0.4704926779451515,11
slp41,711,0,W ,100.91995056982014,0.2760735706470817,50,22.779043280182233,0.8352977912098175,11
slp41,712,0,W ,119.50549450549448,0.19998791877898658,59,20.331325301204817,0.6092115933172142,10
slp41,713,0,W ,100.30021834061135,0.2885811157915631,50,21.30009466708741,0.7754219560191362,10
slp41,714,0,2 ,112.85909712722297,0.21982773120095353,56,22.639956092206365,0.5362777126862227,12
slp41,715,0,1 ,105.7197072377338,0.25034825447905573,53,21.53007033156308,0.5314765846206209,11
slp41,716,0,1 ,103.30857528696826,0.25483191797851273,52,20.721094073767095,0.6518121201696084,11
slp41,717,0,1 ,116.26325809083492,0.19742978851023793,58,21.163191722840573,0.5015736224777296,10
slp41,718,0,1 ,102.12418300653596,0.28982603333724183,51,19.121813031161473,0.8716209392438867,10
slp41,719,0,1 ,112.96727372312748,0.21471495307588656,56,22.844958879074017,0.6619515390117316,11
slp41,720,0,W ,109.1791346542661,0.26828996658995563,55,24.648939348670453,0.5621552386989684,12
slp41,721,0,1 ,109.64004964832438,0.24191819182185093,54,18.453021682300477,0.481964469644807,9
slp41,722,0,2 ,110.77680525164112,0.2709385810061768,55,21.36413989555309,0.8685301902398238,10
slp41,723,0,2 ,98.81965413121054,0.29661979966879415,49,22.886786695148,0.6846340920520977,11
slp41,724,0,W ,117.52577319587631,0.2016780572624683,58,19.404915912031047,0.9838753308558288,10
slp41,725,0,2 ,88.611072949581,0.33717438792785964,44,17.16247139588101,0.38436887045054585,8
slp41,726,0,W ,113.929201139292,0.2105506749803806,57,19.57905041605482,1.126071822753771,9
slp41,727,0,W ,104.65116279069768,0.27909171074493766,52,25.030339805825243,0.6253158408567996,12
slp41,728,0,2 ,107.25849973016727,0.2727507909209874,54,21.89070861034539,0.7578819087788816,10
slp41,729,0,2 ,95.89227421109904,0.312512121630003,48,19.463667820069205,0.5144835598280411,10
slp41,730,0,2 ,103.42030552926862,0.2602453874107839,52,18.870891649630444,0.2698698760514038,9
slp41,731,0,1 ,108.98815931108719,0.23482229220481546,55,23.120397328309643,0.6499087875223457,10
slp41,732,0,2 ,107.29023383768912,0.2322452794406922,53,19.920318725099598,0.30217581343023175,10
slp41,733,0,1 ,110.87866108786612,0.2601751251822836,54,22.23869532987398,0.520514360993047,11
slp41,734,0,2 ,93.91588403429971,0.3075170273614166,47,20.080321285140563,0.5582958196352739,10
slp41,735,0,W ,121.10016420361248,0.18677706479477743,60,23.14021254713747,0.4643936176335388,10
slp41,736,0,2 ,89.0760944620909,0.33345117369003563,44,21.632535333141043,0.7099029792866065,11
slp41,737,0,2 ,113.39092872570194,0.21585274648070918,57,23.427516683231577,0.545842044175861,12
slp41,738,0,1 ,101.83299389002038,0.28057341285303566,51,18.75586120662707,1.4423518988097184,9
slp41,739,0,1 ,107.40842743045995,0.2427127261921412,53,23.700086182131567,1.0242818568704855,12
slp41,740,0,1 ,108.87428101889893,0.25204568799303956,54,21.03786816269285,0.9815543229434063,10
slp41,741,0,1 ,98.97656881228117,0.28717007544004,50,19.100169779286926,0.4005462936207666,10
slp41,742,0,2 ,109.93485342019544,0.25364970498604206,55,23.141005862388152,0.9255792564659172,11
slp41,743,0,1 ,107.78199566160522,0.25106052593438355,54,19.04627539503386,0.5851863478656992,10
slp41,744,0,W ,116.93548387096772,0.22018649537773674,59,21.73213135866066,0.8857705301593439,10
slp41,745,0,2 ,94.93670886075951,0.3172820746490684,48,17.98830760005996,0.2278371128679435,9
slp41,746,0,2 ,115.2895964864123,0.2094750971512619,57,21.168501270110077,0.43655450976939875,11
slp41,747,0,2 ,94.65020576131688,0.31648475655900954,47,20.093770931011388,0.3649328705392267,9
slp41,748,0,W ,116.73948661933368,0.19780993579362113,58,21.360759493670887,0.7071263354740704,10
slp41,749,0,W ,98.05256707067956,0.30924153406178945,49,25.133282559025133,0.7822221366558096,12
slp41,750,0,2 ,112.40632805995004,0.21872853686592011,55,25.11033328260539,0.6876622272911136,12
slp41,751,0,2 ,116.60635303578609,0.2290137153258996,59,20.46384720327422,0.8221143472777981,9
slp41,752,0,2 ,98.12108559498955,0.301132746040497,48,26.197060107699023,0.6820624767733688,13
slp41,753,0,1 ,122.55920232654756,0.2013554300056512,60,20.645358617525616,0.9970839458449466,10
slp41,754,0,1 ,93.89032521431488,0.33117255166937687,47,21.685701893884634,0.78422659990592,11
slp41,755,0,1 ,124.8465002046664,0.1811074653392633,62,19.46246524559777,1.1810827270615996,8
slp41,756,0,1 ,94.2622950819672,0.32458413119415186,47,19.173412867490413,0.5780365232597523,10
slp41,757,0,W ,111.51662611516626,0.22638711524822525,56,22.189349112426036,0.5424772806302584,11
slp41,758,0,W ,95.77503056649913,0.33263415793329576,48,22.67764152528137,0.847247278318015,10
slp41,759,0,W ,106.47181628392485,0.25374577001718623,52,21.51771625304834,0.6075984200111123,11
slp41,760,0,W ,113.23806956052846,0.26142025747904113,57,19.575856443719413,0.9868996909514156,9
slp41,761,0,2 ,101.53715978000282,0.28403607703169603,49,17.120495679112995,0.8045681818116309,8
slp41,762,0,W ,126.61674608577263,0.16868174690159318,63,18.38235294117647,1.3246614661867386,9
slp41,763,0,W ,88.48950473315956,0.32939394337129474,44,18.49283402681461,0.36033560745505006,9
slp41,764,0,2 ,102.47301543926767,0.26956544585684566,51,20.13422818791946,0.36922501420016374,10
slp41,765,0,W ,124.96585632340889,0.1764093112491641,62,20.86875869531612,0.9730004504331998,10
slp41,766,0,W ,109.65209151211589,0.23642821117578272,55,19.124521886952827,0.7306277361891547,10
slp41,767,0,W ,106.04380371499862,0.2536748744858379,52,19.6367206676485,0.604689796507267,9
slp41,768,0,W ,114.91108071135432,0.2364716404448827,57,17.296050735082158,0.6823100468262212,9
slp41,769,0,W ,105.10712841935049,0.25370041270814686,53,16.4576802507837,0.9948641995318778,8
slp41,770,0,W ,111.35105952220275,0.2517461032386952,56,17.386264850767894,0.7802198408141132,9
slp41,771,0,W ,104.95156081808396,0.2672237278200781,53,17.98830760005996,0.30666879528246754,9
slp41,772,0,W ,109.97371697330199,0.2343258039859681,54,19.249964351917868,0.6609535946804341,10
slp41,773,0,W ,104.88100040338847,0.26465012070757216,53,18.672199170124482,0.9487170284125821,10
slp41,774,0,W ,111.26373626373625,0.21923783679130934,55,19.782393669634025,0.4116491224331712,9
slp41,775,0,W ,113.9188069594035,0.21088910250109896,56,21.93623866627669,0.30735412800221174,11
slp41,776,0,W ,121.29934210526315,0.19436064352883933,60,23.88535031847134,0.7992778558856055,12
slp41,777,0,W ,113.8245033112583,0.2204414624046652,56,22.091310751104565,0.9962152377874974,11
slp41,778,0,W ,113.39092872570194,0.22088874288811974,57,25.884383088869715,0.6429961119633617,11
slp41,779,0,W ,112.45314452311537,0.23125220052339737,55,17.4679753784728,1.036562923260113,8
