record,window_index,label,raw_annotation,heart_rate,rr_sdnn,n_r_peaks,breath_rate,breath_interval_std,n_breaths
slp37,0,0,W,84.23503629639775,0.060220020940466266,42,20.993701889433172,0.5052088676973118,11
slp37,1,1,1 OA,80.63404548587181,0.054232072482370344,40,22.634676324128563,1.0527359403003205,11
slp37,2,1,1 OA,79.09680908599243,0.08613162106492327,40,16.153846153846153,1.7098890285032882,8
slp37,3,1,W X,82.00082000820008,0.11886593288238646,41,19.932083271814555,1.482471343382602,10
slp37,4,1,1 OA,78.93671569288897,0.09886115486956101,40,21.77068214804064,0.8436966279415841,11
slp37,5,0,1,75.90262582056891,0.10456541250844195,38,19.867549668874172,1.496,3
slp37,6,1,2 OA,78.92550540016616,0.05652347341672672,39,20.995800839832036,1.488538853496054,8
slp37,7,1,2 OA,79.537729435758,0.07414866811725916,40,20.89136490250696,0.4405959600359495,6
slp37,8,0,2,78.71367061356297,0.10321913903940887,40,17.764092846991947,0.9373890547686163,6
slp37,9,1,2 OA,78.56567284448025,0.10515096689172335,40,12.789540997584199,3.3017081774270856,7
slp37,10,1,2 OA,78.49077389148995,0.09626625128119444,39,12.054647736405036,6.5302727525136515,7
slp37,11,1,2 OA OA,82.67240220459739,0.08195203251629246,42,15.613382899628254,1.1883562992122987,8
slp37,12,1,2 OA,80.10406682185403,0.11743137377918224,40,17.214173002438674,2.6920073829765028,9
slp37,13,1,2 OA,77.0374374915529,0.0848870848510846,39,14.023060143346836,3.429807121237124,7
slp37,14,1,2 OA,82.12428141253763,0.05067977900504303,41,15.154066341134873,3.249384283556228,7
slp37,15,1,2 OA,79.78723404255318,0.0851616863414107,40,19.916540212443092,1.3202985438520938,8
slp37,16,1,2 OA,80.36818244264319,0.07614554042594163,40,16.36839807944129,3.7558603594915505,6
slp37,17,1,2 OA,79.66771074492715,0.11561899841381751,40,25.70253598355038,0.5052847118209692,6
slp37,18,1,2 OA,80.76763771917715,0.06827364979077062,40,27.910685805422645,0.439916133009046,8
slp37,19,1,2 OA,81.56606851549755,0.08155881313506223,41,23.006134969325153,0.7835066474936039,7
slp37,20,1,2 OA,77.92207792207793,0.11014535850411492,39,13.357079252003562,1.062485137150947,7
slp37,21,1,2 OA OA,81.45533532446376,0.11146497207643305,41,12.805919180421172,3.024559619000572,7
slp37,22,1,2 OA,83.14181424901987,0.05730177273727252,42,10.81938834391229,4.0852300596172055,6
slp37,23,1,2 OA,79.5593635250918,0.11724301705990708,40,18.272874932322686,1.639847629175827,10
slp37,24,1,2 OA,83.44640434192674,0.0769657788399044,42,16.221226633709254,2.793383786663021,8
slp37,25,1,2 OA,85.27454242928451,0.07742592937101177,42,10.073875083948959,3.3670663789120643,5
slp37,26,1,2 OA,79.85257985257985,0.09566410665330623,40,12.472283813747229,4.695407496219636,7
slp37,27,1,2 OA,80.9800664451827,0.08142052428686472,40,19.58544148849355,1.1645624714887561,9
slp37,28,1,2 OA,80.56741495661753,0.08534874121251862,40,19.822541060977912,1.6654426634700223,8
slp37,29,1,2 OA,84.55240907260769,0.07374633239660203,43,25.34640081108483,0.6721971139479848,6
slp37,30,1,2 OA,79.33194154488518,0.11753389326692958,39,17.793594306049823,0.5363751352498415,8
slp37,31,1,2 OA,81.97841235141412,0.11127439058471632,41,25.337837837837835,0.8449757392966972,9
slp37,32,1,2 OA,84.20043811610077,0.11645683291324398,42,22.956841138659318,0.6622850141744112,6
slp37,33,1,2 OA OA,85.04319654427646,0.09188378739194161,43,13.032145960034752,5.089091601979015,7
slp37,34,1,2 OA,83.04077774777208,0.06122493416860511,42,14.092068178767953,2.904224200037186,8
slp37,35,1,2 OA,83.33333333333333,0.07500504048103018,42,12.501736352271148,3.953777883942844,7
slp37,36,1,2 OA,80.08213552361396,0.11553098408662357,40,10.392129693778578,4.717576055560737,6
slp37,37,0,2,82.88409703504043,0.0699406734234752,42,12.244897959183675,4.21689364342996,7
slp37,38,1,2 OA,84.39687114038699,0.0847332659193607,42,16.131510216623138,2.241299040234279,8
slp37,39,1,2 OA OA,83.1867983227377,0.08280185705182831,42,10.993843447669304,3.9337160853320365,6
slp37,40,1,2 OA,86.46719736480922,0.0588799462683379,43,13.049151805132666,4.787949178232089,7
slp37,41,1,2 OA,86.44346871569704,0.09824066889503202,43,12.31122783978989,4.544955251704906,6
slp37,42,1,2 OA,83.322043083593,0.07337169151656775,42,16.135972461273667,2.499646823053209,6
slp37,43,1,2 OA,82.24124097352234,0.11833603429928828,42,25.929127052722556,0.6111268280807184,5
slp37,44,1,2 OA,83.08565252634422,0.11987667666634046,42,21.810250817884405,1.0429300072392202,9
slp37,45,1,2 OA,81.60133909889805,0.08547842694338333,40,25.42372881355932,0.4519778755647227,9
slp37,46,1,2 OA,88.19909749760701,0.06330080479351555,44,20.161290322580644,1.4290008497448239,8
slp37,47,1,2 OA,82.36239453595822,0.1139317557717348,42,18.958543983822043,1.5735623788080344,6
slp37,48,1,2 OA,84.96822326609559,0.0609011838467216,42,17.8528921685313,1.7912237604498218,6
slp37,49,1,2 OA,85.28496006497903,0.07026048069428711,43,28.155795401220082,0.2900534433513934,5
slp37,50,1,2 OA,87.29192042224929,0.08831626143316777,44,11.77209229320358,4.020586544274355,6
slp37,51,1,2 OA,88.56240560208705,0.07939784195211005,44,16.611295681063122,3.0130482903531433,9
slp37,52,1,2 OA OA,87.04453441295546,0.07666403143275148,44,18.495684340320594,2.712036872905676,9
slp37,53,1,2 OA,85.91299604527478,0.059381315155267164,43,18.873200055920595,2.318594039711923,10
slp37,54,1,2 OA,81.53310104529618,0.09356522334214995,40,10.92816552528049,4.948296902975811,6
slp37,55,0,2 L,83.7874659400545,0.04168628766653387,42,9.25925925925926,5.773186988137487,5
slp37,56,1,2 L OA,88.33196384552177,0.07636512445900817,44,11.032656663724625,2.8466722747797997,6
slp37,57,1,2 OA OA,86.77685950413222,0.08120319688087084,43,20.11108982953457,1.2316686540906154,8
slp37,58,1,2 OA,84.1313269493844,0.08666951596164353,42,16.561514195583598,2.894165728721512,8
slp37,59,1,2 OA,84.79138627187078,0.06962106700217645,43,25.75107296137339,0.7042717278626672,7
slp37,60,1,2 OA,86.2541073384447,0.07805643635367827,43,22.20577350111029,0.018000000000000016,3
slp37,61,1,2 OA,86.55035032284657,0.06256418019914375,43,23.603461841070025,1.6225901104920695,7
slp37,62,1,2 OA,85.22727272727273,0.07883919740597978,43,24.941802460924507,0.7372971178568379,6
slp37,63,1,2 OA,84.40845457040899,0.11830755752595558,42,22.839741149600307,0.21995226754912078,5
slp37,64,1,2 OA,82.99595141700405,0.11546563003428661,42,20.92050209205021,0.5541504007637877,4
slp37,65,1,2 OA,87.94655031360784,0.0729054300492441,44,8.573878250928837,6.836696570713081,5
slp37,66,1,2 OA,87.03278909728783,0.0807263939244229,44,14.12619399973093,4.171706292124974,8
slp37,67,1,2 OA,87.4339162261082,0.08271802402201764,44,14.65457083042568,4.1782035002852504,8
slp37,68,1,2 OA,86.25410733844468,0.06492081344330639,43,13.12527344319673,3.4997763103121637,7
slp37,69,1,2 OA,91.68704156479218,0.059946049818890415,46,24.52316076294278,0.7825178734202959,13
slp37,70,1,2 OA,84.20043811610076,0.09065855955169431,42,23.682652457075193,1.3147637620500499,9
slp37,71,1,2 OA,79.46210268948656,0.06567963608045306,40,25.637041640770665,0.6256771274136484,12
slp37,72,1,2 OA,86.38420403126287,0.07760619233305663,43,26.80965147453083,0.5485824155645773,7
slp37,73,1,2 OA,85.60945780676722,0.07706292154824536,43,20.604395604395602,0.7321712003805302,7
slp37,74,1,2 OA,89.84481350394772,0.07185315604103867,45,16.15881809787627,3.412282831543859,8
slp37,75,1,2 OA,87.6239641353077,0.06720053052920971,44,16.87289088863892,2.6064044198857554,7
slp37,76,1,2 OA,88.50164654226124,0.06892326487710543,44,15.693659761456372,2.132919726572006,6
slp37,77,1,2 OA,86.80077156241387,0.09427513168123787,43,8.44475721323012,8.911530676600963,5
slp37,78,0,2,85.20421963754394,0.06939165521919013,43,6.298992161254199,6.217012644528095,4
slp37,79,1,2 OA,87.1503850830969,0.0624772884640786,44,12.300123001230013,2.4346824570499264,7
slp37,80,1,2 OA,86.95066055540576,0.0909622854349658,44,19.9203187250996,0.5356217570885884,4
slp37,81,1,2 OA,89.24865089248651,0.064965939405627,44,23.303987571206626,1.260507128985085,7
slp37,82,1,2 OA,85.66766385640469,0.0815320423079325,43,22.6928895612708,0.6631367883023834,6
slp37,83,1,2 OA,88.52594015920944,0.07186189507119448,44,29.013539651837522,0.6382368570634931,8
slp37,84,1,2 OA,86.23049548316452,0.07352849725988594,43,22.86585365853658,0.3343291791034698,5
slp37,85,1,2 OA,88.19909749760701,0.06770329440694355,44,15.752165922814386,2.447418844415479,5
slp37,86,1,2 OA,88.62629246676514,0.06750151513451048,45,9.39261114589856,5.249641003598881,4
slp37,87,1,2 OA,84.85099337748343,0.09287394948936822,42,14.060303077644118,2.802805657828519,7
slp37,88,1,2 OA,88.68583714055362,0.07783708351581486,45,21.638776687824585,0.43853136717913344,6
slp37,89,1,2 OA,90.73800241968007,0.07912329494193943,46,17.891754882958104,3.3452311952987643,9
slp37,90,1,2 OA,90.94583670169764,0.08949994413406077,46,11.602722772277229,3.7674695167977137,6
slp37,91,1,2 OA,89.19928087401466,0.07286268822831904,44,26.690391459074732,0.9529616991254161,5
slp37,92,1,2 OA,86.99757216077691,0.04540449774372197,44,23.20185614849188,0.6609054395297409,9
slp37,93,1,2 OA,91.24844462878474,0.07492646532842433,45,16.891891891891895,3.336755310177838,7
slp37,94,1,2 OA,87.6120619396903,0.07233800835437153,44,22.86004572009144,0.9420075489199767,7
slp37,95,1,2 OA,88.91283847501009,0.0744071333112848,45,23.72479240806643,0.3781467968924238,5
slp37,96,1,2 OA,90.78681909885677,0.061053791299957506,46,25.08361204013378,1.039127106208448,8
slp37,97,1,2 OA,89.18694690265488,0.06868468331449086,44,23.071007433991284,0.7950561126249028,7
slp37,98,1,2 OA,86.34538152610442,0.06649399668734768,44,27.075812274368236,0.5529441201423522,6
slp37,99,1,2 OA,88.16293056314926,0.07575520623004912,44,28.698979591836732,0.6320703195759858,4
slp37,100,1,2 OA,86.66941807676434,0.07386160988609704,43,23.29192546583851,0.1080000000000001,3
slp37,101,1,2 OA,88.82907133243607,0.065524962122515,45,24.711696869851732,0.5526579929240661,8
slp37,102,1,2 OA,86.87258687258688,0.06667428527896133,43,25.89555459646094,0.5035662816352977,5
slp37,103,1,2 OA,88.5137916838205,0.06527992725263447,44,16.114592658907792,2.8328806697227624,7
slp37,104,1,2 OA,88.78127522195318,0.05176839713714111,45,13.639463514435098,1.6977240647407927,5
slp37,105,1,2 OA,93.00444803881923,0.06991504431486899,47,19.42061822301343,2.301350853303338,9
slp37,106,1,2 OA,91.91176470588233,0.07822292928973365,46,27.278927028870196,0.5518203965059646,9
slp37,107,1,2 OA,87.37469520455163,0.06989012469208646,44,26.187150837988828,0.3899325069803747,6
slp37,108,1,2 OA,86.47906657515443,0.0601091222358447,43,13.319126265316994,4.925561994331206,6
slp37,109,1,2 OA,88.3198685471724,0.06350348231467137,44,14.356029532403609,5.293067996571225,8
slp37,110,1,2 OA,87.17394242465197,0.08189565839683412,44,14.520813165537268,4.481232568538854,7
slp37,111,1,2 OA,89.12896691424714,0.05892108463764083,45,15.368852459016393,2.7515569410789955,6
slp37,112,1,2 OA,88.38037818580433,0.08780666110832305,44,26.159748866410883,0.5482808039681856,6
slp37,113,1,2 OA,86.38007231820008,0.06863931327747892,44,31.29346314325452,0.1731075452492532,4
slp37,114,1,2 OA,92.13759213759214,0.07086312314753156,46,23.894862604540023,1.2753285851105196,9
slp37,115,1,2 OA,87.83875800081711,0.066160268885606,44,26.954177897574123,0.7010763153894162,5
slp37,116,1,2 OA,88.45309928688974,0.0698608986454204,44,35.1493848857645,0.24087133494876475,5
slp37,117,1,2 OA,89.04479222881812,0.060653738821756495,45,29.092319627618306,0.4358392364163648,6
slp37,118,1,2 OA,88.62324814509482,0.06769613652955081,44,19.157088122605366,1.30515592938162,5
slp37,119,1,2 OA,84.80419194704908,0.07175130557194762,42,22.539444027047335,0.20599999999999996,3
slp37,120,1,2 OA,89.46726311508742,0.07669985507545007,45,26.46669607410675,0.2130422493309719,5
slp37,121,1,2 OA,91.86173108328796,0.056942058486599854,46,24.311183144246353,1.0278645825204797,6
slp37,122,1,2 OA,88.12679327777019,0.05584402290789578,44,17.572633552015,2.160203842233413,6
slp37,123,1,2 OA,92.83454820519874,0.04751225442964851,46,29.46375957572187,0.44669613833119265,11
slp37,124,0,2,88.94878706199461,0.06476862825945576,45,14.942365162942936,2.9152175541038274,8
slp37,125,1,2 OA,91.0685375067458,0.07160693807339423,46,28.632025450689287,0.44106313760959975,10
slp37,126,1,2 OA,88.19909749760701,0.06629824284086142,44,26.703967446592063,0.5536320151176821,8
slp37,127,1,2 OA OA,88.45309928688974,0.06840771101993957,44,23.668639053254438,1.3144652905269123,5
slp37,128,0,2,90.26258205689278,0.0719963268117212,45,22.471910112359552,0.5282562509489751,7
slp37,129,1,2 OA OA,83.36722244814965,0.05537202071595146,42,17.11212516297262,1.1500317653110674,8
slp37,130,1,2 OA,89.74707642099537,0.06415657499978066,45,16.581914658412558,2.4849429450190605,6
slp37,131,1,2 OA,86.97411003236246,0.06210178494058704,44,13.617793917385384,2.7326858582720406,5
slp37,132,1,2 OA,87.92257360959651,0.08434321702732306,44,11.220825852782765,4.207160676751008,6
slp37,133,1,2 OA,87.56448547379853,0.07543996785972301,44,12.603276851981516,4.988529464904684,7
slp37,134,1,2 OA,90.10238907849829,0.0672011289751682,45,18.976665729547374,1.8013033415821615,10
slp37,135,1,2 OA,87.94655031360784,0.07880645623690177,44,8.811866647084742,8.080181866765129,5
slp37,136,1,2 OA,89.82035928143712,0.06749545439239865,45,12.323702587977545,5.482847638063839,7
slp37,137,1,2 OA,85.48168249660787,0.07950436032481235,43,17.364460737024885,2.358714244856483,7
slp37,138,1,2 OA,90.26258205689278,0.06871428448701176,45,26.210683974038943,1.2617787250625239,8
slp37,139,1,2 OA,88.04258804258804,0.07125204920530055,44,30.953363598844405,0.2761634298744133,6
slp37,140,1,2 OA,87.93456032719835,0.07365151159036522,44,13.146362839614373,3.448216930530909,5
slp37,141,1,2 OA OA,87.63586956521739,0.07520480060163473,44,26.08695652173913,0.8509853112715872,9
slp37,142,1,2 OA,89.64955175224124,0.07871593451841527,45,26.7189169932312,0.6040323170162338,6
slp37,143,1,2 OA,90.67179557631543,0.06894739880265895,45,27.726432532347502,0.8289125406217474,5
slp37,144,1,2 OA,88.90086206896554,0.06619180743793622,45,14.58198314970836,3.8941149900273304,7
slp37,145,1,2 OA,89.46726311508743,0.09245713771283204,45,12.09352324643913,7.191897910534851,7
slp37,146,1,2 OA,91.41386782231852,0.056862077015082176,46,29.747149231531978,0.5447816076190531,5
slp37,147,1,2 OA,87.36286062576188,0.08631595776349546,44,10.738831615120274,5.566005044913273,6
slp37,148,1,2 OA,87.87465940054496,0.07583352579431457,44,29.55665024630542,0.46189609221122446,7
slp37,149,0,1,89.16509051607673,0.0431560688778732,45,20.04008016032064,1.722836033985823,7
slp37,150,1,2 OA,83.55382258738338,0.04166521330798632,41,22.245291413317513,1.360194162610618,11
slp37,151,1,2 OA,89.50366151342554,0.05854799542764075,45,26.694349695981014,0.4328647466459805,13
slp37,152,1,2 OA,87.24469092384689,0.04376168313447934,44,18.741215055442762,1.4792902859141608,9
slp37,153,0,2,92.89843104872006,0.03696581002914872,46,14.285714285714285,2.6203582452278034,7
slp37,154,1,2 OA,89.57654723127035,0.02602732194451256,45,23.351259552787997,0.6885500395939232,12
slp37,155,0,W,87.80288592431256,0.0360044465735348,44,22.510231923601637,0.9107571638863171,12
slp37,156,1,1 OA,84.61750137589432,0.05195137982341005,42,25.22164475695506,0.8092790792422435,12
slp37,157,1,2 OA,91.69949735090341,0.05492614120484271,46,28.576871785101922,0.6319960759371849,11
slp37,158,0,1,91.64969450101832,0.014990367277392204,46,30.311194934662534,0.30608361965682224,16
slp37,159,1,2 OA,93.02646085997795,0.030018134436732208,46,33.65550569554711,0.3606707754781688,14
slp37,160,0,W,90.17625358655552,0.025908133953619218,45,18.485553881966315,1.531039572590959,10
slp37,161,1,2 OA,87.80288592431255,0.041827377103902934,44,24.154589371980677,0.5864946717575531,13
slp37,162,1,2 OA,88.55494431772439,0.0551639929274747,45,18.37270341207349,2.066943479376922,8
slp37,163,1,2 OA,90.92133620689656,0.05212967686334285,46,24.90512333965845,1.879647035906432,8
slp37,164,0,2,90.0900900900901,0.05986955517091835,45,14.359563469270535,4.203053061763556,6
slp37,165,1,2 OA,89.39455505891914,0.031317489106998046,45,26.77835759406756,0.4111936729649309,14
slp37,166,0,2,88.42884562654237,0.059947407994482095,44,31.860662701784197,0.4335630980607091,11
slp37,167,1,2 OA,92.08731241473397,0.07049398888654125,46,22.343594836146966,1.4868268971949028,7
slp37,168,1,2 OA,84.8370589819553,0.05186236800821479,43,29.884730325885872,0.44664965954016683,15
slp37,169,1,2 OA,92.4404272801972,0.02708209740769722,46,18.763402430307362,1.1945760412662507,8
slp37,170,1,2 OA,88.9967637540453,0.031012660704411367,45,25.143176421287887,0.4186755572304433,13
slp37,171,1,2 OA,90.0163666121113,0.057138370544055184,45,30.843043180260455,0.5328464444221556,10
slp37,172,0,2,92.9368029739777,0.032653330611133694,46,19.33345608543546,1.5453383223787098,8
slp37,173,1,2 OA,86.848635235732,0.05391552980117599,43,24.11223147742218,1.2089044832354525,12
slp37,174,1,2 OA,89.34614863950182,0.04347802712836918,45,27.57775394515091,0.5850184232616572,13
slp37,175,0,2,95.82710343890173,0.04007525740684066,48,32.41296518607443,0.3922392819708241,10
slp37,176,1,2 OA,90.22556390977442,0.03048844788678908,45,22.923034176160044,0.9764846378381404,12
slp37,177,1,2 OA,90.92133620689654,0.03937727614428415,46,24.084778420038536,1.0381626847464709,11
slp37,178,0,2,93.15512353179422,0.05231668870278582,47,23.13030069390902,0.7295450637212206,5
slp37,179,1,2 OA,88.80627839735645,0.05914626067160295,44,17.799627055433124,1.4433464516850543,8
slp37,180,1,2 OA,91.56266956049919,0.04841515934416603,46,21.496130696474637,0.5903674787791076,11
slp37,181,1,2 OA,90.43573581803233,0.043120051518698424,45,14.883061658398297,2.1156337015617033,8
slp37,182,1,2 OA,91.05625252934034,0.03213748244305669,46,21.60449373469682,0.8753624163739269,11
slp37,183,0,2,94.98787388843976,0.05072297586567636,48,26.70940170940171,0.595723962922426,11
slp37,184,1,2 OA,94.32672590567327,0.026183155958643182,47,14.55301455301455,2.6095636979919745,8
slp37,185,1,2 OA,91.1546252532073,0.034784983279116215,46,28.74349849438817,0.5290289911426289,15
slp37,186,0,2,91.16693679092381,0.07388447438775995,46,23.761031907671416,0.572176653184119,8
slp37,187,1,2 OA,94.32672590567329,0.03296890899472499,47,31.80492976411343,0.2876243209466126,9
slp37,188,1,2 OA,91.0344827586207,0.03675831271588792,45,14.84938481120068,2.798493005537233,8
slp37,189,1,2 OA,91.86173108328798,0.03852961663480045,46,16.42635517430188,3.631212408487771,7
slp37,190,0,2,90.95809190136102,0.042681849150588355,46,26.690391459074736,0.7973656626667592,7
slp37,191,1,2 OA,91.26106194690264,0.051818500796466396,45,31.326139923424996,0.5002741470656087,7
slp37,192,1,2 OA,90.13930620049166,0.04549779760358582,45,19.77587343441002,1.7903977211781745,7
slp37,193,1,2 OA,91.47580973031575,0.03603937490037634,46,14.054343461384017,3.0981304698419767,8
slp37,194,1,2 OA,89.62520369364476,0.0639550461956232,45,8.086253369272239,7.228601708952201,4
slp37,195,0,2,90.42334566378956,0.038302299091601266,45,25.47410133031418,0.6308741730505556,7
slp37,196,1,2 OA,94.58009122618728,0.03425719566685216,48,16.131510216623134,1.6263324960644123,8
slp37,197,1,2 OA,91.16693679092383,0.0529694251431899,46,19.797624285085792,0.9347703223549383,7
slp37,198,1,2 OA,92.73251820304988,0.04636593044653412,46,15.644011819920042,3.943861672129094,7
slp37,199,1,2 OA,86.86868686868685,0.04273201233633399,44,21.198417184850197,1.0456970115669262,11
slp37,200,0,2,91.76182707993475,0.05900267413902148,46,27.92429413589823,0.383704168453887,7
slp37,201,1,2 OA,90.8112471411274,0.06515234189437083,46,17.59737212576255,2.574780580942772,6
slp37,202,1,2 OA,98.36723768736617,0.01345280364326424,50,22.75025278058645,0.8859636310569162,10
slp37,203,1,W OA,102.291325695581,0.03351188445909899,51,25.502318392581145,0.718994890727717,12
slp37,204,0,W,89.84481350394772,0.06302642761978818,45,22.052337547780066,1.0875437278564941,11
slp37,205,1,1 OA,81.53281695882593,0.04135202534338555,41,22.54960914010824,1.150693425722073,11
slp37,206,1,2 OA,85.67931456548348,0.036393540579591405,43,19.717384160368056,1.0313946868197452,9
slp37,207,1,2 OA,89.28571428571429,0.03545034940204782,45,21.246458923512748,0.9507470746733854,9
slp37,208,1,2 OA,95.11602806260119,0.042763395710296664,48,22.81947261663286,0.7719712142013816,7
slp37,209,1,2 OA,95.3961012028204,0.031231921046415444,47,13.073794305636259,4.819558854869973,7
slp37,210,1,2 OA,93.59739555073251,0.04011665409437568,47,11.084835944428024,3.755607988062652,6
slp37,211,1,2 OA,93.4199837530463,0.034857744933551746,47,15.263846489315307,3.3095461677901845,8
slp37,212,0,2,94.52054794520546,0.029238087907711333,47,27.00877785280216,0.6957842697273343,9
slp37,213,1,2 OA,95.86619526788142,0.04161710829734626,48,18.164693218514532,2.9724882373169543,10
slp37,214,1,2 OA,94.87283003633426,0.05290688113587474,48,16.46994235520176,3.3833437602466585,9
slp37,215,1,2 OA,95.59322033898302,0.06145376279383591,48,19.42725572024752,0.5443771386968803,10
slp37,216,1,2 OA,93.0546190155091,0.09510678507397752,47,24.71848393298544,0.4938929258677656,13
slp37,217,1,2 OA,93.2684509326845,0.06870379698551488,47,21.753142120528523,0.6367168876837872,10
slp37,218,1,2 OA,88.70856828496768,0.07747078166572431,44,21.283304430080406,0.5899115648306852,10
slp37,219,1,2 OA,93.94145677331518,0.055507488552845145,47,23.881125066336455,0.9966404802703833,10
slp37,220,1,2 OA,95.02823302575403,0.0329211695212443,47,25.655644241733185,0.5899679840654255,13
slp37,221,1,2 X,93.53395689304593,0.07129294712675933,47,23.906114169805853,0.3762836981422439,12
slp37,222,0,2,95.3604761260652,0.0527824270796645,48,22.815265486725664,0.5672219091456853,12
slp37,223,1,2 X,93.29367225527312,0.05118364578127606,47,25.40937323546019,0.565676782467004,13
slp37,224,1,2 X,99.25725860904792,0.057771584869429515,50,24.350649350649352,0.6976348615142451,11
slp37,225,1,2 X,93.00082667401489,0.07085319895720403,46,24.779735682819382,0.3153720906414446,13
slp37,226,1,2 X,92.1720545017366,0.0712054457253459,47,24.17582417582417,0.48000413221361826,12
slp37,227,1,2 X,97.9458577064345,0.06496660466903147,49,26.587887740029537,0.33568172756678644,13
slp37,228,1,2 X,94.65020576131687,0.06339792414889793,47,23.298503247670148,0.5268218762126325,12
slp37,229,1,2 X X,93.95424836601305,0.05690704787896379,47,23.487544483985765,0.5108546072534397,12
slp37,230,1,2 X,96.1669622152503,0.05750849328105168,48,22.48201438848921,0.5738956002619291,11
slp37,231,1,2 X,93.89032521431487,0.05167244515117997,47,24.406779661016948,0.41228293952360223,13
slp37,232,1,2 X,94.08235614944098,0.057445034137599264,47,22.993311036789297,0.45849801499250364,12
slp37,233,1,2 X,92.2635319846911,0.04649866054090984,46,24.701523260601068,0.45926644408955763,13
slp37,234,1,2 X,95.50257382823084,0.06755753043529023,48,25.56455048998722,0.36466285799351705,13
slp37,235,1,2 X,92.54181519056759,0.09970560121467723,46,25.12562814070352,1.5241863403140707,13
slp37,236,1,2 X,94.75806451612902,0.06866466101459968,48,22.08835341365462,2.3719349704686747,12
slp37,237,1,2 X,96.10141766630318,0.024902598852452273,48,26.994601079784044,0.6311858328222802,13
slp37,238,1,W OA,96.6442953020134,0.026178341344622214,49,31.42458100558659,0.5044134106949267,13
slp37,239,0,W,96.54062751407884,0.04389096338275873,49,20.065398335315102,1.6321526193464586,10
slp37,240,0,W,91.4262494920764,0.04693181815736053,46,26.903973509933774,0.49269023598915906,14
slp37,241,0,W,93.53395689304597,0.036521428570108164,47,18.697413524462448,1.219984835971333,9
slp37,242,1,W X,96.11451942740284,0.03646885473007997,48,23.799221116399828,0.7506469276013559,12
slp37,243,1,1 OA OA,93.24324324324326,0.05432660455239971,47,20.327957717847948,1.2406546014100783,11
slp37,244,1,2 OA,94.33962264150942,0.05821698541924298,47,24.43358507330076,0.9361607547198751,12
slp37,245,1,2 OA,96.36413340623292,0.023747273556307083,48,24.448066380204473,0.9016483711092519,12
slp37,246,1,2 OA,92.42776940983158,0.07614079226612751,46,16.26457034426674,3.536761088906063,9
slp37,247,1,2 OA,91.56266956049919,0.042225122707392114,46,16.780869808418405,3.676254309756059,9
slp37,248,1,2 OA,88.65010073875085,0.07992987629145278,45,19.71090670170828,1.1789441603966375,10
slp37,249,1,2 OA,94.28805684613283,0.041617940002560326,47,24.271844660194176,0.5282423686150137,12
slp37,250,1,2 OA,93.53395689304597,0.01810805625469647,47,26.635705504712472,0.5483240954120723,14
slp37,251,0,2,94.65628356605801,0.04188617657580398,48,23.826714801444044,0.700128536014744,12
slp37,252,1,2 X,94.8583997800385,0.05806508309850504,47,24.4299674267101,0.44637693000015544,12
slp37,253,1,2 X,95.01347708894879,0.04408592786550817,48,22.9453483521068,0.4240174641655168,12
slp37,254,0,2,88.22322527697989,0.07373863773837355,44,23.157894736842106,0.4319599001897061,12
slp37,255,1,2 X,90.4977375565611,0.07392932743198369,45,26.408450704225356,0.4743135390575872,13
slp37,256,1,2 X,94.73259876377317,0.05793776027072386,48,25.217790004585055,0.4852615210395863,12
slp37,257,1,2 X,94.6944257891202,0.0822892028261637,48,25.557290927161723,0.43585764750533956,13
slp37,258,1,2 X,92.60501946047509,0.07258932311206433,47,23.601773709054495,0.4044960541850065,12
slp37,259,1,2 X,91.26554894537588,0.05405613908557941,46,26.96349557522124,0.5530166437676389,14
slp37,260,0,2,95.93141924071303,0.06027695248146422,48,22.282241728561782,0.5385578538870927,12
slp37,261,1,2 X,90.311986863711,0.043037558073834505,45,24.834437086092716,0.46467192727773,13
slp37,262,0,2,93.39469409853817,0.054088354518490936,47,22.565645514223196,0.44640655227869963,12
slp37,263,1,2 X,92.75440247345072,0.054314146085788335,47,23.717119448037952,0.24787306802321157,12
slp37,264,1,2 X,98.60477595921652,0.044311569617868064,50,26.3119426984359,0.2621524153787047,13
slp37,265,1,2 X,94.78354396343103,0.07594160392618095,48,23.27549724925942,0.4997231630307139,12
slp37,266,1,2 X X,95.19308668647042,0.04355867399932473,48,26.25054688639346,0.2461514890378597,13
slp37,267,0,2,95.40929203539824,0.07192707922540663,47,27.50740584003385,0.45033562763209495,14
slp37,268,1,2 X,92.51810136765889,0.05211097653312875,47,22.6866492506531,0.26406510592141713,12
slp37,269,1,2 X,97.03504043126684,0.045817269912361895,49,26.69434969598102,0.43254736413741124,13
slp37,270,1,2 X,91.62481335686168,0.052727372421439093,46,23.625429553264606,0.6079436685518087,12
slp37,271,1,2 X,94.04388714733543,0.05712381670356603,47,19.197952218430036,0.9148182576033582,10
slp37,272,1,2 X,91.22854439789161,0.029520480440401002,46,21.78649237472767,1.0374773250534202,11
slp37,273,0,2,87.93456032719837,0.06006652162403626,44,24.617067833698027,0.4937727772524075,13
slp37,274,0,2,88.6739218057235,0.04374257906365942,45,28.44757518287727,0.5326728903964094,15
slp37,275,0,2 A,92.57989301879027,0.04699305963991904,46,24.28613482484545,0.418771442031518,12
slp37,276,0,2,89.95502248875563,0.07301867756079448,45,29.110063764901582,0.5765799234826557,15
slp37,277,1,2 X,92.58016905943917,0.07666749951603737,47,22.958118825657433,0.39083415772290836,12
slp37,278,0,2,91.17925165473457,0.04265518363995195,46,24.09638554216867,0.28113816294958377,13
slp37,279,0,2,91.6994973509034,0.02177033886555254,46,22.764900662251655,0.1787345785984818,12
slp37,280,0,2,96.51474530831099,0.07299238925318782,49,24.40016266775112,0.4821925618118415,13
slp37,281,0,2 L,92.09987720016372,0.05183632360077675,46,20.305942872614054,1.018507221378425,11
slp37,282,0,2 A,92.77934651068978,0.016661423245769535,47,27.09619147975312,0.36892079848601045,13
slp37,283,0,2,91.17925165473457,0.04781908292050386,46,21.99413489736071,0.2762954939914873,11
slp37,284,0,2 A,90.99682889838687,0.019687433589026117,45,22.7147577092511,0.20120562238500903,12
slp37,285,0,2,91.35200974421437,0.018848636850210442,46,23.758099352051836,0.27540791684546223,12
slp37,286,0,2,96.69455493073653,0.07159991451927192,48,23.645743766122102,0.2936777342091973,12
slp37,287,0,2,89.37034529451591,0.04315673912880124,45,19.70227670753065,0.9021278549444456,10
slp37,288,0,2 A,88.6963696369637,0.03581044984372207,44,22.562559824969235,0.6150330502441004,12
slp37,289,0,2,89.0928725701944,0.022125113811165446,45,26.25908968489092,0.4927415396047618,14
slp37,290,0,2 L A,93.07972480777012,0.01612920421885282,47,22.381378692927484,0.13451899494123493,11
slp37,291,0,2,95.78804347826087,0.03416764252011729,48,22.643062988884314,0.6648239436370038,12
slp37,292,0,2,92.3140043763676,0.038979171392798176,46,25.018953752843064,0.6262183496893102,12
slp37,293,0,2 LA,93.5720097640358,0.04132475468428635,47,28.00114876507754,0.4645073740983193,14
slp37,294,0,2,92.17533797623926,0.06791576482018818,46,27.293404094010622,0.364082255663317,13
slp37,295,0,2,95.67105441715294,0.022551103877688775,48,21.376656690893544,1.1362704607618734,11
slp37,296,1,2 X,91.42624949207641,0.036077940320613885,46,25.384289945000706,0.7367070124698301,13
slp37,297,0,2 A,99.4856524093124,0.12140474470403285,50,22.03525641025641,0.796032143543035,12
slp37,298,0,2 A,92.07475105715454,0.03194241732698635,46,27.117229870671668,0.4418056548827669,14
slp37,299,0,2,93.36941813261163,0.07011651119227866,47,26.24289254993439,0.572888490216222,13
slp37,300,1,2 X,92.01199563794982,0.04076154081823384,46,27.15877437325905,0.5959481332421412,14
slp37,301,0,2,91.88674108358289,0.017202698611153228,46,23.547880690737834,0.45358531321421375,12
slp37,302,0,2,91.79926560587518,0.017555499296674975,46,22.202486678507995,0.24672705567083636,11
slp37,303,0,2,101.14632501685772,0.09040796425094419,51,23.968622893666478,0.9685465296852234,12
slp37,304,0,2 A,90.5349794238683,0.032178736370158556,45,27.3109243697479,0.7219957874944724,14
slp37,305,0,2,88.16293056314926,0.02931251207216005,44,23.6796785304248,0.23092140267821867,12
slp37,306,0,2,97.48172217709178,0.01910715398308534,49,21.223078132369125,0.9627548949002134,10
slp37,307,0,2,106.682769726248,0.1240969544823061,54,24.024461269656378,0.7164950502444474,12
slp37,308,0,W,98.19639278557112,0.01414861325276298,50,32.15434083601286,0.3460000000000001,3
slp37,309,0,W,100.28653295128939,0.07108259065254692,50,26.9485903814262,0.4503524458063784,14
slp37,310,0,W,101.90217391304348,0.05330665999666458,51,33.91267486222976,0.30423582547096584,17
slp37,311,0,W,102.06859009254218,0.11911932840643454,51,30.458914308921084,0.3812145269471713,16
slp37,312,0,W,93.5720097640358,0.012082889525343836,47,35.07082932196396,0.22473310583474673,18
slp37,313,0,W,96.76091133681034,0.009425700012909582,48,31.26737076153418,0.422660693964109,16
slp37,314,0,W,98.5518905872888,0.011793587793213529,50,30.456852791878173,0.4518375182044347,15
slp37,315,0,W,99.66101694915254,0.06908910519377472,50,28.77500685119211,0.34270329881751677,15
slp37,316,0,W,94.98787388843978,0.08842385270660004,48,30.970406056434957,0.45644812288899694,16
slp37,317,0,W,100.71169598496037,0.08651625512006399,51,30.741904631780297,0.5195145768460742,16
slp37,318,0,W,94.96228448275859,0.03976918466464835,48,30.068154483495924,0.35716473634569373,16
slp37,319,0,W,92.5553319919517,0.016245982490140257,47,28.834271591377178,0.44069083058677916,15
slp37,320,0,W,94.52936444086885,0.03497944814696718,48,31.03876396744379,0.41953235340740475,16
slp37,321,0,W,98.17289337332969,0.0702042654607887,49,32.33194126364004,0.4893474609109564,17
slp37,322,0,W,94.36487752643555,0.0219237742799486,48,30.83881578947369,0.416268631214668,16
slp37,323,0,W,113.11607864260705,0.13488763275181218,57,29.897494305239174,0.4822528763363614,15
slp37,324,0,W,105.50520762883808,0.09452300055085054,53,28.552005438477227,0.5130293383821399,15
slp37,325,0,W,109.44466963923796,0.11363989040542949,55,27.215631542219125,0.48721461681710315,14
slp37,326,0,W,102.12418300653596,0.10211096708973037,51,31.86968838526912,0.27883057380583093,16
slp37,327,0,W,104.42260442260441,0.13261253844108323,52,27.360740844675174,0.41262582445348367,14
slp37,328,0,W,96.70920080591,0.048140347480627475,49,33.080634045485866,0.32165810653549526,17
slp37,329,0,W,107.51961049499594,0.1333812753490592,54,31.78415030371521,0.44466488755266276,16
slp37,330,0,W,99.44527127587607,0.10125529485180942,50,33.31482509716824,0.33315611955958424,17
slp37,331,0,W,89.74707642099536,0.07414771943573627,45,29.884730325885872,0.4917966229726948,15
slp37,332,0,W,86.56224237427865,0.015498957612524433,43,24.254005585770983,0.9375346605163041,12
slp37,333,0,W,86.24229979466119,0.020699995070491355,43,22.974421810384438,0.9699112536722109,11
slp37,334,0,W,89.00876601483479,0.012805925797738697,45,26.01908065915005,0.9646920061173238,13
slp37,335,0,W,88.55024711696872,0.08058917711343405,44,18.302248561966184,1.4758580762473368,8
slp37,336,0,W,86.99757216077693,0.015292072623653565,44,30.98746729100675,0.5495393788336637,16
slp37,337,0,W,89.63737606953686,0.03791802815949336,45,28.548123980424148,0.531148005815359,15
slp37,338,0,W,88.92481810832659,0.015719651332536867,45,30.228875773715274,0.6391694227827299,15
slp37,339,0,W,88.72077028885832,0.04243206640737384,44,26.529108327192336,0.4190829936367683,13
slp37,340,0,W,91.6248133568617,0.0681729681050115,46,21.92341420637241,0.9613170964879382,11
slp37,341,0,W,85.26187576126677,0.023067484551580697,43,28.826355525051476,0.5308809005909375,15
slp37,342,0,W,84.5942228335626,0.016348378587827048,42,28.44757518287727,0.3630046944094047,15
slp37,343,0,W,86.32502055357632,0.027280685982291542,43,18.97133220910624,2.646831564972228,10
slp37,344,0,W,85.0546780072904,0.02821443640707195,43,26.124818577648764,0.6261135857192545,13
slp37,345,1,W X,83.31075589271201,0.027400569258992334,42,30.103211009174316,0.6723526771337938,15
slp37,346,0,W,85.63273073263558,0.055897298114559485,43,28.517110266159687,0.4481453845732272,15
slp37,347,0,W,85.29650690495532,0.02550176731237309,43,28.074866310160424,0.445768494871955,15
slp37,348,1,W OA,86.17152236356176,0.05247688185526747,43,21.243449936269652,1.1407666895557567,11
slp37,349,1,W OA,84.62055070517125,0.03073771716045008,43,24.88312471723722,0.8822513650170116,12
slp37,350,1,1 OA,87.47570119411273,0.036527751696359974,43,30.125135176888612,0.5330953709761631,14
slp37,351,0,W,85.77263444520081,0.029083818193724537,43,25.430912687199775,0.5392212491691657,13
slp37,352,1,W OA,84.8370589819553,0.04125865538273065,43,22.012065873145282,1.216935475124825,10
slp37,353,1,1 OA,88.21115973741793,0.04269047920324257,44,17.654847726938357,2.7259177812252515,9
slp37,354,1,1 OA,84.84848484848486,0.05515371223035776,43,27.72643253234751,0.6282165231828911,14
slp37,355,1,2 OA,87.22109533468559,0.03975261521511911,44,15.597147950089125,3.6867792924204736,8
slp37,356,1,2 OA,85.86615783017582,0.06547984405390915,43,25.164266741227454,0.7616498904060549,13
slp37,357,1,2 OA,86.27773212818406,0.052369176165420986,43,15.248329944815566,3.8395480176176777,8
slp37,358,1,2 OA,86.3222698072805,0.03273387787004515,44,25.67394094993582,0.5226907945111208,13
slp37,359,1,2 OA,89.95502248875563,0.04905006718557162,45,15.274949083503055,0.8350425138877661,5
slp37,360,1,2 OA,86.27773212818406,0.04374446515037664,43,25.440976933514246,0.8186842126241352,11
slp37,361,1,W OA,86.9155100390783,0.04857969761135629,44,18.238665971860343,1.9414761478455154,8
slp37,362,0,1,89.97955010224948,0.031166176835030562,45,25.929127052722556,0.49776219221632334,11
slp37,363,1,2 OA OA,89.31044032124063,0.052124741174508125,44,25.571814178150305,0.9547571535328878,13
slp37,364,1,2 X,84.9743728082007,0.05622565484757424,43,24.373730534867974,0.7501385797896872,13
slp37,365,1,2 X,86.32502055357634,0.06362275438303065,43,26.628430970913563,0.7570897877699594,14
slp37,366,0,1,85.1236319416295,0.08705788206665707,43,24.373730534867974,0.722952203737487,13
slp37,367,1,2 X,86.18385889898451,0.045410405432887636,44,22.176227084565348,0.9977337520601375,11
slp37,368,1,2 X X,90.68923821039903,0.04018977205431474,46,31.739314430808285,0.5124410600254434,16
slp37,369,0,2,92.12501706018834,0.03551063829472466,46,32.13281563797028,0.4466076997768847,17
slp37,370,0,2,91.83673469387753,0.011313708498984769,46,22.80675079823628,0.4347543674306216,11
slp37,371,0,2,88.03057185751331,0.041435987368660485,44,15.017162471395881,1.4965811378073746,8
slp37,372,0,2 A,84.21196768451321,0.03310524381955479,42,25.079799361605104,0.8974897591441336,12
slp37,373,0,2,86.85698895771614,0.02315625199573526,44,25.164266741227454,0.6419562982702863,13
slp37,374,0,2 L,92.60501946047509,0.05008854164158424,47,21.408182683158895,0.9069724974392064,10
slp37,375,0,2,93.9158840342997,0.04919995081989951,47,24.51314176766989,0.8933270522167244,13
slp37,376,0,W,91.32728994723311,0.021960053520364738,46,28.33890422903648,0.5285064811255543,14
slp37,377,0,W,88.80627839735646,0.039783731193947555,44,32.11561621838619,0.38325048923647836,17
slp37,378,0,W,83.48038550291842,0.045968719157569615,42,25.451180009254976,0.7492255836572932,12
slp37,379,0,W,84.24657534246576,0.04647119197440187,42,22.754854368932037,0.8276246492220976,11
slp37,380,1,1 OA,84.65244322092224,0.03702307269740274,42,16.523463317911435,2.3267548560172813,6
slp37,381,1,2 OA,85.76095834467738,0.05532800564467131,43,12.30113170411678,3.476002853853834,6
slp37,382,1,2 OA,84.9743728082007,0.06668897585908623,43,26.536930561698362,0.9290505906569351,9
slp37,383,1,2 OA,87.69487750556792,0.04287703242176459,43,11.788745677459918,4.813986024076098,6
slp37,384,1,2 OA,83.95904436860069,0.08753138979749506,42,22.06964198136341,0.13695092389449415,4
slp37,385,1,2 OA,82.20304151253596,0.09760322740565498,41,25.929127052722556,0.476029410856094,5
slp37,386,1,2 OA,83.16430020283977,0.08338570315575265,42,27.110766847405106,0.9648323953000378,8
slp37,387,1,2 OA,82.48390557939913,0.10394955990938083,42,17.653981953707337,0.6837725417775189,4
slp37,388,1,2 OA,86.56224237427864,0.08518119942037607,43,24.650780608052585,0.7417735503507792,9
slp37,389,1,2 OA,87.16216216216215,0.06455465441970208,44,13.515542874305453,4.27675978074783,7
slp37,390,1,2 OA,82.81573498964802,0.09444231043340691,41,8.317161075686165,6.968597276353398,5
slp37,391,1,2 OA,79.279035099607,0.09603494871189337,40,16.06855918585967,3.6993749021512636,7
slp37,392,1,2 OA,84.15435139573071,0.09767154709757124,42,17.591868647380767,0.6494086198654555,4
slp37,393,0,2,84.81588746379809,0.09986746720205714,42,23.520188161505292,0.7131752940196401,5
slp37,394,1,2 OA,84.54770415177343,0.09160669103161001,42,27.239709443099276,0.4425903548680454,4
slp37,395,1,2 OA,84.31587606251713,0.0956612106440836,42,20.64693737095664,1.348410916597756,5
slp37,396,1,2 OA,83.26394671107408,0.09541718922709891,41,29.277813923227068,0.6303381808380499,4
slp37,397,1,2 OA,83.89032874096303,0.10708089310448773,42,31.84713375796178,0.34333656956403574,5
slp37,398,1,2 OA,85.80768183056388,0.09110637673668166,43,30.150753768844222,0.28140362471013053,5
slp37,399,1,2 OA,86.18331053351572,0.12132899745560732,43,12.890289315382413,6.125848911692884,7
slp37,400,1,2 OA,83.83315158124317,0.05325238751200488,42,14.42704039571311,1.8010482208640477,8
slp37,401,1,2 OA,83.44640434192674,0.10217834427735822,42,33.8855421686747,0.31217658820325117,4
slp37,402,1,2 OA,84.30431802604524,0.12738998005978008,42,19.132653061224488,2.808326904048031,9
slp37,403,1,2 OA,82.95117345562448,0.09719942763667432,42,35.06721215663355,0.11580587204455563,5
slp37,404,1,2 OA,82.83943965517241,0.09149336745318677,42,22.963870177587264,1.0283420442634834,6
slp37,405,1,2 OA,88.84297520661157,0.10199108116979054,44,23.470097357440892,0.9928337794315053,10
slp37,406,1,2 OA,85.9598853868195,0.07400514782609319,43,15.742522301906593,1.6895702280626146,7
slp37,407,1,2 OA,82.99595141700405,0.11474688799518969,42,20.611473720371006,0.19743100060527474,5
slp37,408,1,2 OA,85.90128170166349,0.08289501050388925,43,13.032145960034752,5.1835755999117055,7
slp37,409,1,2 OA,82.51959840462109,0.10034535365426742,41,8.793785724754507,5.87951111913227,5
slp37,410,1,2 OA,84.4617240917013,0.09638833963784516,43,14.116698037106747,5.569580997686983,8
slp37,411,1,2 OA,86.65860540104798,0.08663127510230825,44,10.084711577248891,6.580827230675486,6
slp37,412,1,2 OA,81.5771583956492,0.11863620863800393,41,10.202693511086927,7.417971431597723,6
slp37,413,1,2 OA,84.80279983847086,0.07685336628474418,43,29.428251121076237,0.5722205939699001,8
slp37,414,1,2 OA,84.48962769611211,0.10035292866425553,42,25.430912687199775,0.6715808878228213,7
slp37,415,1,2 OA,85.86615783017582,0.07858020153042597,43,19.18158567774936,0.7801333219392697,5
slp37,416,1,2 OA,86.80077156241389,0.08072168809994756,43,19.639934533551557,1.135124222277016,9
slp37,417,1,2 OA,84.85991379310344,0.07642392805951125,43,22.30151650312221,1.0963929222682898,6
slp37,418,1,2 OA,86.65749656121045,0.0748169042462847,43,15.26199762591148,2.049911109183897,7
slp37,419,1,2 OA,86.84529419684932,0.08847788037915034,44,28.65720524017467,0.6739931568719404,8
slp37,420,1,2 OA,88.1870385561936,0.07292335041092214,44,29.53724975385625,0.477546041991997,7
slp37,421,1,2 OA,87.64777823073787,0.07593672467705073,44,27.359781121751027,0.31476181471074294,5
slp37,422,1,2 OA,86.6469639978506,0.07637464233911895,44,22.24052718286655,1.3553897166315736,10
slp37,423,1,2 OA,86.48431214802896,0.09644587280867968,44,16.400164001640015,2.0585790609058474,9
slp37,424,1,2 OA,84.33734939759034,0.10098400223541842,43,24.96532593619972,0.7475200480403333,7
slp37,425,1,2 OA,90.958091901361,0.06870909871999181,46,21.94265652428321,1.2744921498385153,6
slp37,426,1,2 OA,84.03935501503143,0.09925034895054764,42,26.47058823529412,0.4053157890939962,4
slp37,427,1,2 OA,84.48437709534666,0.09888984687043943,43,26.89376961004034,0.7150181815870138,5
slp37,428,1,2 OA,86.77519171263286,0.08874350348330949,44,23.91390992427262,0.8084522249335455,5
slp37,429,1,2 OA,87.75510204081635,0.09822004853398511,44,20.006668889629875,1.256752561167074,5
slp37,430,1,2 OA,89.11693221712127,0.07235655515832803,45,33.66247755834829,0.24407998688954408,6
slp37,431,1,2 OA,90.0532132623823,0.07078981810336454,45,27.40226525392766,0.5388972443796682,6
slp37,432,1,2 OA,89.2012434112718,0.050904139369590345,45,23.249806251614572,0.852977269463977,7
slp37,433,1,2 OA,87.02104695089047,0.09343082806137191,44,25.157232704402517,0.4547295899762847,5
slp37,434,1,2 OA,85.35428803685139,0.11610523805520094,43,24.69813391877058,0.7823474647211145,7
slp37,435,1,2 OA,87.33920108327692,0.12492555706501503,44,23.251307886068588,1.4641631568920181,9
slp37,436,1,2 OA,87.28010825439785,0.10843695034991455,44,26.242127361791457,0.7345577172693785,6
slp37,437,1,2 OA,88.38037818580433,0.1073289248389497,44,20.441537203597708,2.2104991653470494,6
slp37,438,1,2 OA,93.39469409853817,0.052740402866473815,47,17.197890392111898,3.0841212946315846,6
slp37,439,1,2 OA,93.34415584415585,0.06476107024502965,47,27.292576419213976,0.5244157129606245,11
slp37,440,1,2 OA,88.69636963696368,0.12077335083327823,44,25.269541778975736,0.7066885028072836,6
slp37,441,1,2 OA,86.1244019138756,0.08286267086102296,43,27.497708524289642,0.4976893274590753,13
slp37,442,1,2 OA,86.7518493611298,0.08666133583194639,44,18.14516129032258,3.310421255503427,7
slp37,443,1,2 OA,87.38653299010974,0.09520165611586752,44,34.64203233256351,0.38149180856212367,6
slp37,444,1,2 OA,85.63273073263558,0.08117197107923947,43,32.25806451612903,0.39824950303379747,4
slp37,445,1,2 OA,87.70737013870003,0.09828478174884486,44,17.802041300735816,2.8596532377195665,6
slp37,446,1,2 OA,87.69544527532291,0.07762020110289365,44,14.90312965722802,3.3403203439191276,5
slp37,447,1,2 OA,86.45533141210375,0.09193061565788677,43,13.049151805132666,3.460454498087402,7
slp37,448,1,2 OA,89.93050824362992,0.07998899717724613,45,10.129659643435982,7.252574009274225,6
slp37,449,1,2 OA,88.96077638495754,0.08643743258603948,45,12.254901960784315,6.35700474542322,7
slp37,450,1,2 OA,89.4915254237288,0.08807111138822438,45,14.139509830325881,4.916027399003701,8
slp37,451,1,2 OA,87.64777823073787,0.08060968327936252,44,8.158825129181398,8.768836866996672,5
slp37,452,1,2 OA,91.16693679092381,0.100941699345051,46,14.097744360902258,5.291640847331086,8
slp37,453,1,2 OA,91.5502509155025,0.07265849767199029,46,24.09915079182924,0.6048937838959154,8
slp37,454,1,2 OA,90.11469142545059,0.06545757568743311,45,8.853474988933156,4.1630060052803195,5
slp37,455,1,2 OA,86.96238371309153,0.09637281134687849,44,20.709650697224905,1.2120502299822395,11
slp37,456,1,2 OA,88.21170809943865,0.0767425663344881,45,21.93623866627669,1.3342872854074566,11
slp37,457,1,2 OA,87.88663305627472,0.0831908802257267,44,25.32072923700203,0.4497935526438769,6
slp37,458,1,2 OA,89.74707642099537,0.07514635857186676,45,20.10338885697875,1.349928131117977,8
slp37,459,1,2 OA,91.0931174089069,0.07354877444405326,46,22.34729349445456,1.8613101983068239,10
slp37,460,1,2 OA,90.68425391591094,0.06570079939637201,45,32.09700427960057,0.3629925006877629,7
slp37,461,1,2 OA,95.78804347826086,0.042617823257556385,48,30.74558032282859,0.3588115800806881,9
slp37,462,1,2 OA,89.95502248875563,0.048400788874112005,45,15.023608527686362,4.247293380639545,8
slp37,463,1,2 OA,84.64079273327827,0.08316900076877003,42,8.522727272727272,8.715311583644043,5
slp37,464,0,2,87.17394242465197,0.0652915912465515,44,14.243081931633206,3.0410678038733536,8
slp37,465,1,2 OA,91.06853750674581,0.09487347259623807,46,27.68549280177187,0.4796225182369985,6
slp37,466,1,2 OA,87.6120619396903,0.08512669906990163,44,21.043771043771045,0.4041338392166635,6
slp37,467,1,2 OA,88.45309928688974,0.07961410443295826,44,30.354131534569984,0.5244497645681191,7
slp37,468,1,2 OA,90.15161863133453,0.059928538711252734,45,30.518819938962356,0.3041731962769457,7
slp37,469,1,2 OA,88.56682769726248,0.07123886022818986,45,24.219590958019378,0.4049998628257655,4
slp37,470,1,2 OA,88.19909749760701,0.07584265400535856,44,24.63863337713535,0.6027743856535379,6
slp37,471,1,2 OA,86.44346871569704,0.07535181279577803,43,28.4629981024668,0.2867193749993187,4
slp37,472,1,2 OA,90.9826122118884,0.09585025357875226,46,31.065088757396456,0.4717356575586001,8
slp37,473,1,2 OA,92.58016905943916,0.09598727861521354,47,19.751693002257337,1.2897412491643114,8
slp37,474,1,2 OA,88.74546187979024,0.07179510561370214,45,13.08710193398284,5.48919880816459,7
slp37,475,1,2 OA,87.33019129470473,0.06384988062820343,43,9.63855421686747,6.5414869104814395,5
slp37,476,1,2 OA,83.91322144903806,0.07477983548631212,42,22.573363431151243,0.1459999999999999,3
slp37,477,0,2,84.5360824742268,0.09113291833516123,42,28.05486284289277,0.31260340511403406,4
slp37,478,1,2 OA,85.42372881355932,0.08180841509310245,43,24.293683642253015,0.9574300993084188,10
slp37,479,1,2 OA,87.94655031360784,0.05046612366372087,44,16.95736434108527,2.25602315808059,8
slp37,480,1,2 OA,85.73761567773545,0.08937434331300223,43,16.826923076923077,2.191214517390867,8
slp37,481,1,2 OA,86.03031544448997,0.09404283291016231,43,27.442371020856196,0.48243117643867095,6
slp37,482,1,2 OA,83.52573679206844,0.08669081864236147,42,29.702970297029704,0.384,3
slp37,483,1,2 OA,86.32502055357634,0.0987804087914083,43,30.120481927710845,0.6013518105069611,5
slp37,484,1,2 OA,89.56439136924956,0.0484560804805464,45,31.8278266141255,0.5057326873165389,8
slp37,485,1,2 OA,86.13617719442165,0.08303101625214489,43,31.632222690847744,0.1132897170973606,6
slp37,486,1,2 OA,86.63532572196104,0.0902320786369422,44,29.228371005455962,0.524798780486388,6
slp37,487,1,2 OA,86.50751072961374,0.07857872146974934,44,24.324324324324323,0.5908983744171995,7
slp37,488,1,2 OA,91.35200974421437,0.05581939129410535,46,24.030759371996155,0.8220497308557433,6
slp37,489,1,2 OA,89.91825613079018,0.05820510897458918,45,16.984794564865737,2.1670028582710965,8
slp37,490,1,2 OA,91.75587376616153,0.04642482593192911,45,25.873221216041397,0.8634043085368522,5
slp37,491,1,2 OA,87.03278909728782,0.08352638896052725,44,14.9402390438247,3.2317831610428325,6
slp37,492,1,2 OA,90.09009009009007,0.08069471087770476,45,28.203062046736505,0.5349773979585779,8
slp37,493,1,2 OA,84.6774193548387,0.08550832397718808,43,25.157232704402514,0.2683486538069458,5
slp37,494,1,2 OA,87.16216216216215,0.09098863288468459,44,24.968789013732835,0.7533571530157527,5
slp37,495,1,2 OA,83.87888707037644,0.06971385382995202,42,8.22143052891203,8.651132873791731,5
slp37,496,1,2 OA,86.75296061690992,0.09440262112506966,43,9.239297813366184,7.194330267648268,5
slp37,497,0,2,84.37371381533818,0.09217380060594206,42,24.96532593619972,0.8254369886443316,7
slp37,498,1,2 OA,86.08909538125172,0.07586358445731405,43,16.56086116478057,4.392613686633506,9
slp37,499,1,2 OA,83.49171870757533,0.09655776890787394,42,13.148283418553689,3.2539874342446717,7
slp37,500,1,2 OA,87.02104695089045,0.07785985384995252,44,21.076296192215825,0.9016944937172455,11
slp37,501,1,2 OA,85.87786259541984,0.058219071767422734,43,27.44739249771272,0.43513829219379596,13
slp37,502,1,2 OA,87.94655031360784,0.08347032259384793,44,28.549676437000375,0.636965807559558,6
slp37,503,1,2 OA,85.8193706579485,0.06176166611548416,43,21.310181531176006,1.0535872174107648,10
slp37,504,1,2 OA,89.10490076954234,0.049285389181550135,45,21.593090211132434,1.0431115845286054,10
slp37,505,1,2 OA,88.94878706199461,0.09404096170998491,45,19.788918205804748,1.630493176925313,9
slp37,506,1,2 OA OA,78.7619179217908,0.13644724407444977,39,18.94238358326756,1.6727336159711743,9
slp37,507,1,2 OA,87.32737611697807,0.05528336952879722,44,23.30179353198701,0.9350517199643369,12
slp37,508,1,2 OA,90.00409109504977,0.068532371551065,45,25.270251298610134,0.9546859285766298,13
slp37,509,1,2 OA,86.86868686868686,0.06750694533905588,44,24.361435109995572,0.9264612492063505,12
slp37,510,1,2 OA,83.71703641691083,0.11218872492367493,41,24.395202276885545,1.0237840348432867,9
slp37,511,1,2 OA,86.86868686868685,0.08841643930162375,44,23.368530379089496,1.2916145891532738,10
slp37,512,1,2 OA,85.98334925617579,0.10457424751166218,43,21.103642332343284,1.0282079820352434,10
slp37,513,1,2 OA,87.56448547379853,0.1065746944394498,44,16.131923283742605,2.5644517716051687,7
slp37,514,1,2 OA,86.28954937679768,0.07627477479377616,43,19.233509046872776,1.1823809417264912,10
slp37,515,1,2 OA OA,85.5397148676171,0.08747819942219696,43,14.516798009124843,4.20885907270338,8
slp37,516,1,2 OA,86.78686759956943,0.07040576209272377,44,21.272285251215557,0.7344811301948098,8
slp37,517,1,2 OA,85.04319654427646,0.06487469170318089,43,26.4783759929391,0.3271717184191405,13
slp37,518,1,2 OA,82.49690636601127,0.0956154276254622,41,28.69166029074216,0.49803068178577115,6
slp37,519,1,2 OA,85.93643432001092,0.08219930427675631,43,27.580772261623327,0.366976393613251,8
slp37,520,1,2 OA,85.28496006497902,0.06578002233101232,43,18.88871399338895,0.6440976245880743,9
slp37,521,1,2 OA,84.35056919489783,0.08205603053725688,42,23.500447627573866,0.6631275310594332,8
slp37,522,1,2 OA,84.79249965531504,0.06709471937666328,42,20.03052270125906,1.3259871640342802,8
slp37,523,1,2 OA,84.20043811610076,0.08014893928660934,42,12.567024128686327,2.970897345920926,6
slp37,524,0,2,82.69463493344091,0.06731000316355255,42,6.662718389102753,9.911029456564483,4
slp37,525,1,2 OA,83.58249524327262,0.09810337031469875,42,10.596213619666573,7.6547541724081505,6
slp37,526,1,2 OA,84.1543513957307,0.0893195108297851,42,6.99953336444237,8.460964168856094,4
slp37,527,1,2 OA,81.74386920980926,0.11345131114271002,41,27.967681789931635,0.32753354365961085,4
slp37,528,1,2 OA,83.74183006535947,0.09298180308499905,42,20.988805970149254,0.5130024907888415,4
slp37,529,1,2 OA,84.7457627118644,0.08896148796790336,42,28.235294117647058,0.29098969053902923,5
slp37,530,1,2 OA,89.29779461507238,0.09801850896220343,45,8.653014133256418,7.543642886563493,5
slp37,531,1,2 OA,86.28954937679768,0.12120322694640694,43,22.413149047441166,0.8958096896104664,5
slp37,532,1,2 OA,86.07733296898482,0.10024753942615118,43,24.65753424657534,0.33329599790909903,4
slp37,533,1,2 OA,95.54140127388536,0.06668311853739552,48,19.501625135427954,1.185043271596255,7
slp37,534,1,2 OA,99.6880509968805,0.06581657649058689,50,30.554046713742526,0.43264511502564723,16
slp37,535,1,2 OA,85.70262549313018,0.04016620797434764,43,27.66742338251986,0.46843200614251185,14
slp37,536,0,W,81.65487207403375,0.06931781877699268,41,31.380753138075317,0.4074008672875731,16
slp37,537,0,W,84.66409691629957,0.054005618056620484,42,29.391182645206438,0.39860788363749056,15
slp37,538,0,W,89.23742563547863,0.013206559852607169,45,28.625954198473288,0.4698516950960328,14
slp37,539,0,W,87.1268404700797,0.02140949987025452,44,31.26737076153418,0.4903994924775333,16
slp37,540,0,W,88.40075006697026,0.040968038338310205,45,28.949545078577337,0.41225749829197667,15
slp37,541,0,W,92.86675639300134,0.1018293171432848,47,10.392609699769054,4.6829350720343,4
slp37,542,0,W,86.61205854706593,0.06098878776988279,44,12.554052169061237,2.361030754188141,7
slp37,543,0,W,87.11507293354943,0.057243703024571935,44,8.180330848936556,5.370791458331713,4
slp37,544,0,W,84.32743726861375,0.045873166581942106,42,12.835139760410724,1.7772558122628892,4
slp37,545,0,W,83.99344441409451,0.06919735288751228,42,9.885764499121267,2.9680329438123754,4
slp37,546,1,W X,83.3217608665463,0.07164070072242454,41,19.44264419961115,0.6347818522925808,5
slp37,547,1,W X,82.11304228821677,0.0989843927091539,41,10.330578512396695,3.4195781416231252,4
slp37,548,1,1 X,84.54106280193237,0.05541285982525722,43,16.081479496113644,0.5627814851254436,5
slp37,549,1,2 X,82.46178600160901,0.09077145732990173,42,13.385686239514545,1.8489964413162077,6
slp37,550,1,2 OA,84.71157724889068,0.08475575151555194,43,11.47227533460803,3.3454141746576016,5
slp37,551,1,2 OA OA,83.02956662616444,0.09817300709376403,42,6.693440428380187,7.348452535511586,4
slp37,552,0,2,87.11283185840709,0.05318960224374754,43,10.447501305937664,3.710406311982557,5
slp37,553,1,2 OA,85.87786259541984,0.0620148471726027,43,13.386880856760374,2.0560982466798614,7
slp37,554,1,2 OA,85.3196099674973,0.07141688793336046,43,11.787819253438114,3.903621395576164,5
slp37,555,1,2 X,81.23476848090984,0.07247923840659475,41,15.421521590130226,0.7570633321518676,4
slp37,556,0,2,83.16430020283975,0.07723391696530539,42,17.28964268071793,1.937475066330677,8
slp37,557,1,2 X,84.8158874637981,0.07015834898416029,42,16.10676484123332,1.378954824554911,8
slp37,558,1,2 X,82.04567209079723,0.09429268264292834,41,18.166089965397926,1.8131225967982443,8
slp37,559,1,2 X,82.60577568838147,0.07356550416286471,42,14.218009478672986,1.4788341353917955,6
slp37,560,1,2 X,83.48406845693614,0.06876270791642808,41,14.06469760900141,1.9635977184749422,7
slp37,561,1,2 X,82.04567209079721,0.07797890740450267,41,11.457378551787352,4.42498969038347,6
slp37,562,1,2 X,82.25224020329009,0.09989167243812977,42,19.255455712451862,0.8350099400605957,6
slp37,563,1,2 X,80.22490400438836,0.09324019020973978,40,13.450502152080341,3.4709412210522954,6
slp37,564,1,2 X,82.42862887012465,0.08632773764401618,42,10.857763300760045,3.412825808622526,5
slp37,565,1,2 X,83.26563769293257,0.09673523725770859,42,17.54385964912281,1.0582967447743565,9
slp37,566,1,2 X,83.32204308359302,0.07743441123190417,42,17.634092578986042,1.378478781120696,9
slp37,567,1,2 X OA,88.60249697946034,0.07735434192646223,45,14.720314033366046,1.709244778925978,8
slp37,568,0,2,86.27773212818406,0.08839983377950944,43,15.969581749049432,1.1703805765124229,8
slp37,569,1,2 OA,80.47874535699546,0.11419323392634176,40,20.288548241659154,0.8756681258711354,10
slp37,570,1,2 X X,81.36696501220504,0.08968188222824051,41,19.59247648902821,0.3255380776499117,6
slp37,571,1,2 X,78.36128677481442,0.11125553925018933,39,19.26534806062163,1.6396440589347434,6
slp37,572,1,2 X,84.02787266019948,0.10252279965808729,42,18.062962325821434,0.9196293840899347,8
slp37,573,1,2 OA,82.04567209079721,0.09194297145513625,41,20.396270396270396,0.540420395693605,8
slp37,574,1,2 OA,84.61750137589432,0.07202722731934302,42,21.18270079435128,1.0760547151516042,9
slp37,575,1,2 OA,85.4353132628153,0.0767836433829267,43,19.56238226344008,1.2659615971395415,10
slp37,576,1,2 OA,82.24124097352232,0.09951248206558343,42,18.78522229179712,1.3564453545941317,9
slp37,577,1,2 OA,84.47802197802197,0.09487984197941765,42,18.88276947285602,0.793052173567414,9
slp37,578,1,2 X,81.0591731964334,0.09376971792641801,41,19.32678370107908,0.6695056011714913,9
slp37,579,1,2 X,80.81226688769166,0.08495725807838456,40,19.032513877874703,1.418504053571931,9
slp37,580,1,2 X,83.06320907617504,0.1038384321342648,42,13.975155279503106,3.4008082699394997,7
slp37,581,1,2 X,81.94482381862879,0.1101560710991455,41,17.62040610840745,2.1086236153046394,8
slp37,582,0,2,81.57715839564922,0.14730156143096382,41,21.17314930991217,0.8221794583473824,10
slp37,583,1,2 X,81.59934720522236,0.09129244218444373,41,16.311946558956038,1.5190235316794531,8
slp37,584,1,2 OA,80.61182306738323,0.09588191290790815,40,20.200508753553798,1.4536820512659703,10
slp37,585,1,2 OA,81.56606851549755,0.11079277954812759,41,10.997067448680351,4.542308135738923,6
slp37,586,1,2 OA,80.90614886731392,0.09411822352764633,41,17.006802721088437,2.258252421674778,9
slp37,587,1,2 OA,84.52971957600965,0.08376930853334169,43,9.146341463414634,5.082389201940362,5
slp37,588,1,2 OA,86.99757216077691,0.10495175434903913,44,20.050497549383635,0.9279836099020895,10
slp37,589,1,2 OA,82.34971177600877,0.08223162408708709,41,20.31832035218422,1.0571352798956244,9
slp37,590,1,2 X,85.91299604527478,0.08076330861313563,43,21.384444796451767,0.9554021582300394,10
slp37,591,1,2 OA OA,82.82716731087798,0.07234251861802989,41,16.166281755196305,1.671139120236156,8
slp37,592,1,2 X,83.2093086185902,0.08849538784837471,42,16.129032258064516,2.068495657649367,8
slp37,593,1,2 X,88.0305718575133,0.07280245094204783,44,19.67069794550488,0.9640638265843164,10
slp37,594,1,2 X,85.55133079847909,0.08921527380087492,43,17.433172837456418,1.0786909678316736,8
slp37,595,1,2 X,85.58619752750987,0.07535090999575392,43,20.53388090349076,1.463063908378578,9
slp37,596,1,2 X,80.84074373484235,0.11916694172462429,41,17.10863986313088,0.985029441184374,9
slp37,597,1,2 X,91.15462525320729,0.058463621695276406,46,17.554125219426567,1.9910730775137313,9
slp37,598,1,2 X,83.62795757410933,0.10347618968749629,42,19.563090968373,1.3237609300776332,9
slp37,599,1,2 X,92.58016905943917,0.08523109916368721,47,16.544877981524888,0.9377610303270232,9
slp37,600,1,2 X,82.37342619876775,0.10345374318017349,42,13.673655423883318,2.6096017576123245,7
slp37,601,1,2 X,85.25033829499324,0.08473129463338462,43,16.32462686567164,1.7070200314451798,8
slp37,602,1,2 X,84.11981945014362,0.0712833659624651,42,21.51694459386767,1.0488707022316908,9
slp37,603,1,2 X,88.3077765607886,0.06022334490010725,44,13.462976813762154,3.1659677123362386,7
slp37,604,1,2 X,85.08914100486223,0.07700234116062764,43,17.45635910224439,0.949730101295164,8
slp37,605,1,2 X,89.72267536704729,0.10871906323522017,45,14.518470721084046,2.335309734394039,7
slp37,606,1,2 X,89.44301395853097,0.07324965799711433,45,18.22877107701656,1.1541601925209515,9
slp37,607,1,2 X,87.11283185840709,0.07412852722638455,43,22.553307818480047,1.0140001141050026,12
slp37,608,1,2 X,89.79591836734696,0.04985035457486405,45,19.82961222091657,1.1164230358881566,10
slp37,609,1,2 X,87.3746952045516,0.06485889330772844,44,23.69252369252369,0.5566229745550116,10
slp37,610,1,2 X,86.1244019138756,0.09885021537338744,43,24.855012427506214,0.557061576488632,11
slp37,611,1,2 X,93.69907658881043,0.07755761319715375,47,20.85070892410342,0.56123920034153,11
slp37,612,1,2 X,87.99454297407912,0.05951336820524027,44,20.73414222085701,0.9672910371844059,10
slp37,613,1,2 X,85.74928542262147,0.10253322010202252,43,15.06240137713384,1.8011963371320627,8
slp37,614,1,2 X,88.78127522195318,0.06978905642501707,45,23.663971603234078,0.49334952113081043,9
slp37,615,1,2 X,86.6469639978506,0.0881403080287622,44,22.780965237934524,0.9443240707602892,10
slp37,616,1,2 X X,88.174982911825,0.06359879655041359,44,22.9630889607076,1.041212588437629,10
slp37,617,1,2 X,92.75800467225504,0.1514037949848103,46,16.971068369161145,1.3740940763325649,8
slp37,618,1,2 X,90.28892455858747,0.051409294447167395,46,20.19144481005085,0.646168727726248,10
slp37,619,1,2 X,95.14170040485828,0.16467278005402045,48,20.33438770899232,1.2108971880386874,10
slp37,620,1,2 X,86.00682593856655,0.06714339749866996,43,21.120150187734666,0.9165088887784322,10
slp37,621,1,2 X,84.0623291416074,0.0871849115632009,42,22.754854368932037,0.7631006224607605,11
slp37,622,1,2 X,86.18331053351572,0.08145324048487898,43,20.53588891061999,1.0642037552334895,8
slp37,623,1,2 X,83.82229673093042,0.0718328615607091,41,19.675356615838663,0.9936114683315608,9
slp37,624,1,2 X,84.75716399838558,0.0805764379845414,43,19.976324356318436,0.7732492930069852,10
slp37,625,1,2 X,82.95313148071341,0.12939207858288698,41,19.083969465648853,0.6441428413015238,9
slp37,626,1,2 X,82.5195984046211,0.10233860464165027,41,19.433198380566804,0.9179116242863472,9
slp37,627,1,2 X,83.26563769293257,0.09587618428301696,42,21.944083224967493,1.0300690136294297,10
slp37,628,1,2 X,93.8137321549966,0.0480740606971084,47,18.43034864076179,1.4545823283678376,9
slp37,629,1,2 X,86.49093904448105,0.06685958481498859,43,18.46153846153846,1.0800481470749348,9
slp37,630,1,2 X,85.0776502363268,0.0775259739957579,43,20.946470131885185,1.3251541722557845,10
slp37,631,1,2 X,82.79287981233614,0.1148212088422692,41,14.959395925345488,1.5609897435895717,8
slp37,632,1,2 X,84.60918614020952,0.0794086991242058,43,19.730351857941464,1.420041900790255,9
slp37,633,1,2 X,86.3486842105263,0.08570285638085078,43,12.81175264776221,2.2358610332487125,6
slp37,634,1,2 OA,84.44322394617603,0.09390708889342612,42,18.028846153846153,1.3472995212646668,9
slp37,635,1,2 X,84.39687114038699,0.09147901005252715,42,22.837370242214533,0.6245098573949582,12
slp37,636,1,2 X,88.22322527697989,0.08105117933907734,44,22.5262806607709,0.4445759805355388,10
slp37,637,1,2 X,85.79599618684462,0.08879689684267628,43,22.869727257326783,0.411650097132426,10
slp37,638,1,2 X,83.8674485203873,0.08588391927898849,42,17.449469245310457,1.8963068712631932,9
slp37,639,1,2 X,85.52810209068696,0.11228858189318613,43,13.533834586466165,2.47946625080659,7
slp37,640,1,2 X,87.79093507554103,0.1031831296661497,44,21.604493734696817,0.8957536268416668,11
slp37,641,1,2 OA,85.99508599508599,0.06966665039221241,43,17.89620202823623,1.2296111399770073,7
slp37,642,1,2 OA,85.48168249660789,0.10008087432619528,43,19.417475728155342,1.2969425584812924,9
slp37,643,1,2 OA,86.44346871569704,0.08039065615089781,43,20.74051313565832,0.7403633408963533,10
slp37,644,1,2 OA OA,84.01639344262296,0.11777812148803044,42,19.806338028169016,1.952634687344825,10
slp37,645,1,2 OA,82.87292817679558,0.10088776666878217,42,19.02748414376321,1.1615468613496018,10
slp37,646,1,2 OA,84.69907726208511,0.11774732725438089,42,18.39201261166579,1.0920614470265089,8
slp37,647,1,2 OA,91.62481335686167,0.06980670313422012,46,15.21555367709214,1.4454368044143457,7
slp37,648,1,2 OA,86.19510192912847,0.09059165564533171,43,24.674742036787794,0.43277860658083545,12
slp37,649,1,2 X,84.81588746379809,0.11151309134778446,42,19.18158567774936,0.3124483957392005,9
slp37,650,0,2,85.48168249660789,0.08792307501550095,43,22.6928895612708,0.8135925270059946,11
slp37,651,1,2 X,86.26591811584281,0.08793591771047123,43,22.37470167064439,0.4997637842020968,11
slp37,652,1,2 X X,83.03349017437034,0.09326328323622325,41,24.87937273823884,0.6408527376901487,12
slp37,653,1,2 X,82.98475239508838,0.12546197321176314,42,23.693279724296385,0.9581033605967453,12
slp37,654,1,2 X,87.83875800081711,0.10946920462125882,44,19.550342130987293,1.0541816731474702,9
slp37,655,1,2 X,87.38653299010974,0.08016672729014948,44,20.70869765301427,1.0001137713058228,10
slp37,656,1,2 X,88.70967741935483,0.09099777492511736,45,19.93797075764289,0.9295523414824769,10
slp37,657,1,2 X,84.87134581705509,0.13298065601914982,43,21.43197332909986,0.6299105952630827,10
slp37,658,1,2 X,85.70234113712374,0.08327205043887813,42,20.930232558139533,0.8586583850532306,10
slp37,659,1,2 X,84.48437709534666,0.10174553648692083,43,17.942583732057418,1.190149570432221,9
slp37,660,1,2 X,91.32728994723311,0.057726746694670206,46,10.777410547492456,1.7333424820271384,6
slp37,661,1,2 X,87.57637474541751,0.09561288453174217,44,15.498154981549815,1.6095606194720042,8
slp37,662,1,2 X,84.05084050840509,0.0850783171412712,42,16.030534351145036,1.3818723766347318,8
slp37,663,1,2 X,84.34864104967198,0.10015194805101246,43,19.32367149758454,1.4007023238361531,9
slp37,664,1,2 OA,86.3453815261044,0.0781617908504237,44,16.289592760180994,2.1549959525612934,7
slp37,665,1,2 X,83.70763576970192,0.12789086662313187,42,17.174753112924,1.347588865344323,9
slp37,666,1,2 X,85.26187576126675,0.0890859097710064,43,17.883755588673623,1.2913988539564374,9
slp37,667,1,2 OA,82.39494644328482,0.12328487336246893,41,20.63628546861565,1.0902374741312095,9
slp37,668,1,2 OA,82.54230293025175,0.10512083523260268,41,17.27257772659977,1.0741999965802742,8
slp37,669,1,2 X,84.7808105872622,0.13082668555679883,42,23.37176690557806,0.8430379350895191,11
slp37,670,1,2 X,83.32204308359302,0.10871304920395661,42,26.218683239463978,0.4285186657703258,10
slp37,671,1,2 X,79.53772943575798,0.14128993416512006,40,19.417475728155342,2.024022068390889,7
slp37,672,1,2 OA,87.52883701994843,0.08651612891516934,44,21.227666725632407,1.3376216767083284,9
slp37,673,1,2 X X,87.55259942989004,0.07525322673564606,44,20.849420849420845,1.4442161870930987,10
slp37,674,0,R,89.33518005540165,0.09128667424996517,44,13.444876008365702,2.2290825217763675,7
slp37,675,1,R OA,88.12679327777019,0.08027190137496149,44,17.3841059602649,1.7531352206948603,8
slp37,676,1,R OA,86.92722371967655,0.06412953359804228,44,20.699172033118675,0.6835307032037569,10
slp37,677,1,R OA,87.49321758003255,0.09038337910831461,44,16.34241245136187,1.3896390957102964,8
slp37,678,1,R OA,85.74928542262147,0.0762771530776592,43,20.700362256339485,0.7816237905795856,9
slp37,679,1,R X,85.39294640377672,0.07524715571889388,42,16.292541636495294,2.127690035904875,7
slp37,680,1,R X,77.20438845997562,0.13728160192519176,39,22.836843440751082,1.0158908515299376,7
slp37,681,1,R X,93.89032521431487,0.10451439603808677,47,13.767783386874715,3.0924602934664605,7
slp37,682,0,R,105.7053801328093,0.09161209062088363,53,17.403915881073242,2.0065985522769623,9
slp37,683,1,R X OA,90.17625358655553,0.03789884317561139,45,15.071049232094158,0.6190267542271333,8
slp37,684,0,R,86.00682593856656,0.052416351674859,43,15.847860538827257,1.7237258095957915,7
slp37,685,1,W OA,88.13883574747199,0.09788557463698058,44,15.525654295431023,1.4594690675665838,8
slp37,686,0,W,83.44640434192674,0.04099047349459536,42,16.638935108153078,0.09917661014573942,5
slp37,687,0,W,81.67710318540702,0.07435348007995322,41,14.222503160556258,0.902384003010298,4
slp37,688,1,1 X,82.51710720515227,0.054727794303840484,42,22.998296422487225,0.699057849210786,10
slp37,689,1,1 X,86.55394524959743,0.040384522789165135,44,18.148820326678766,2.3120960187673867,9
slp37,690,1,1 OA,84.1313269493844,0.06707982228659518,42,10.03848084323239,4.276023737071626,5
slp37,691,1,1 X,84.54106280193237,0.04110977505949378,43,16.923655509590073,0.5995049809819952,4
slp37,692,1,2 OA,85.77263444520081,0.06275092034811239,43,21.333754740834387,1.083620998844062,10
slp37,693,1,2 OA,82.81712900619445,0.0803125364424234,42,14.188869620053604,1.564537702397172,7
slp37,694,1,1 OA,82.7836855566025,0.062170305905210194,42,18.256503879507072,1.4820822345605524,9
slp37,695,1,2 OA,85.4932826706473,0.07361781555058468,43,17.037157228622426,1.527844206183126,8
slp37,696,1,2 OA,88.199097497607,0.023346057464477092,44,19.888037713612256,0.7604952252672735,10
slp37,697,1,2 OA,86.19510192912847,0.051443824898440495,43,16.271501627150162,2.0582849210754404,8
slp66,0,0,W,74.52387524151254,0.04049264527031611,37,19.653515795603436,0.6624178681910426,10
slp66,1,0,W,71.78996307944756,0.026549238045871035,36,18.861993083935868,0.20721727727194952,9
slp66,2,0,1,69.92048258842885,0.02825489515722933,35,16.916384726921216,0.24662952469033295,8
slp66,3,1,W HA,74.19620774938168,0.048630123266231694,37,16.65873393622085,0.3809753326419344,8
slp66,4,1,1 H HA,68.76910252848013,0.03932469438677696,34,16.352593054041428,0.2198671212810322,8
slp66,5,1,1 HA,71.38001359619307,0.08947410981133376,36,17.538731365097924,0.6644177902494784,9
slp66,6,0,W,82.13552361396304,0.03202108680229327,41,15.125324114088158,2.2699424428556663,8
slp66,7,0,W,91.67458916202635,0.009514018247295761,46,20.97250271865776,0.5755917620529414,10
slp66,8,0,W,95.68403908794788,0.021088874000508566,48,24.860629802621663,0.7559091291750933,12
slp66,9,0,W,94.48171984116117,0.04063140599485936,47,22.631261315630656,0.3784972390916478,11
slp66,10,0,W,84.75716399838558,0.030028406807879434,43,21.22641509433962,0.45340391607385916,10
slp66,11,0,W,82.04567209079721,0.062037972242812704,41,21.90100744634253,1.0854727265113573,11
slp66,12,0,W,76.52033830044302,0.027811195657111116,39,20.221689634511684,1.5149656721042628,10
slp66,13,0,W,82.15801725318363,0.048817107657049906,41,12.104583602324082,1.0729261670776793,6
slp66,14,0,W,71.92766132346897,0.02263434269838103,36,23.43084351036637,0.27135119508559413,12
slp66,15,0,W,74.84828051247472,0.027247961839326068,38,22.946305644791188,0.27069717397859927,11
slp66,16,0,W,79.1503179542687,0.057872516269659356,40,21.79282289699259,0.5050086731928473,11
slp66,17,0,W,75.83003142505807,0.024337053726282636,38,21.641898715914007,0.20443443936871303,11
slp66,18,1,1 HA,72.70461154964687,0.045974118717347204,36,20.21563342318059,0.25574292647978447,10
slp66,19,0,W,70.21891780256092,0.06308921567865698,35,20.27635926704716,0.3124144129711348,10
slp66,20,1,1 HA HA,70.85976515049265,0.06653391953717736,36,12.220954863940035,3.649893894348163,6
slp66,21,1,1 HA,70.84317266286985,0.0551985406757603,35,17.584994138335286,0.7866921706923053,8
slp66,22,1,1 HA,67.65992345544012,0.057262689516403044,34,11.492491572172847,2.8985253078074034,6
slp66,23,1,1 HA,63.20511077885007,0.06855099046289798,32,19.943493435266745,0.775335894951343,9
slp66,24,1,1 HA HA,66.43598615916956,0.07426125756408922,33,14.611338398597312,1.3273651494596352,6
slp66,25,1,1 X,64.18219461697721,0.10704810398170071,32,19.809825673534075,0.5378082929818022,6
slp66,26,1,1 HA,61.83866978150336,0.13026612077674773,31,18.888289260658393,0.795870566853476,8
slp66,27,1,1 HA,63.10475389145981,0.11265593637265638,31,17.410048084894708,0.8682826587639558,8
slp66,28,1,1 HA,63.742289239204936,0.11689040732969662,32,17.980221756068325,1.1482434410872984,9
slp66,29,0,W,63.11074918566774,0.03999209078933475,32,17.38986419344154,0.544868454448467,8
slp66,30,1,1 HA,64.52955870108242,0.06432850136144126,32,16.38321110937744,0.8140392609495853,8
slp66,31,1,1 HA,64.24426637192595,0.06574139731964983,32,17.636684303350968,0.8046415350949764,9
slp66,32,0,1,62.965470548408945,0.06898122925545887,32,16.877637130801688,0.6527411431800512,9
slp66,33,1,1 HA,64.62821403752605,0.08682116488631354,32,16.674606955693186,0.8274404103336149,8
slp66,34,1,1 HA,65.79849211788897,0.10406480853295219,33,19.809244314013206,0.79472880691668,10
slp66,35,1,1 HA,65.50218340611355,0.09318798205777395,33,16.532829475673122,0.820961705835893,8
slp66,36,1,1 HA,64.81739615277391,0.055404895030495914,32,15.794223826714799,0.4847748898999938,8
slp66,37,1,1 HA,66.92693809258226,0.1164720996633958,33,19.745502413339185,0.9778816106484692,10
slp66,38,1,1 HA,64.36904921550222,0.10372311398622777,33,19.14486279514997,0.6392370452343952,9
slp66,39,1,2 HA,67.2834314550042,0.06198336470376548,33,19.11741277680421,0.6948954957401868,9
slp66,40,1,2 HA,65.87976942080704,0.07297559523566766,33,15.777610818933134,0.7784547750092446,8
slp66,41,1,2 HA,64.18828563787109,0.12697809850521466,33,19.630296090299357,1.3202476093521247,9
slp66,42,1,2 HA,65.96680380195774,0.08645373131732874,32,16.82557487380819,0.49098676153232484,9
slp66,43,1,2 HA,65.21739130434783,0.08153526844255805,33,16.114180478821364,0.5655740085821428,8
slp66,44,1,2 HA,73.43941248470013,0.07928780206031415,37,17.403915881073242,0.8759051033074303,9
slp66,45,1,2 H,66.56497018444044,0.08637481910256022,33,18.38235294117647,0.9787052671769985,9
slp66,46,1,2 HA L,70.16095749071398,0.09371686727090628,35,19.48051948051948,0.8862708389651552,9
slp66,47,1,2 HA,67.00961147962637,0.10680198028862616,34,16.106764841233318,0.8129458651053197,8
slp66,48,1,2 HA HA,66.43598615916956,0.10044766983360043,33,19.72062448644207,0.562959812064769,9
slp66,49,1,2 HA,66.58595641646488,0.05034930328810714,34,17.94565031618527,0.46103698554542916,8
slp66,50,1,2 HA,65.75342465753425,0.07610354788050294,33,18.03194229778465,0.4142734973568124,8
slp66,51,1,2 HA,72.28418009087154,0.07478653158238086,36,18.879798615481434,0.687197206047871,9
slp66,52,1,W HA,68.74241811564902,0.08524444801249531,35,19.69149983590417,0.7963937468363246,9
slp66,53,1,1 HA,69.56155143338954,0.06946247773202577,34,17.162471395881006,0.5854385413638956,8
slp66,54,1,1 HA,63.882401428767686,0.08639844296589079,32,17.881090746535538,0.6842000803858475,9
slp66,55,1,2 HA,72.95325587679005,0.0865603336293518,37,20.321761219305674,0.9575791090035328,9
slp66,56,0,W,70.39337474120083,0.06965033776065276,35,17.352503718393656,0.8300577801378328,8
slp66,57,1,1 HA,65.57377049180329,0.053693575034635205,33,17.106200997861723,0.6375811713029172,9
slp66,58,1,1 HA,64.18219461697723,0.11804075205928741,32,19.759591635106208,0.7782196026829445,9
slp66,59,1,1 HA,68.14427312775331,0.055728846353447284,34,17.263703064307293,0.7956366947294474,9
slp66,60,1,W HA,68.65464632454923,0.10429385623380477,34,18.179063778215422,0.9761648170263051,9
slp66,61,1,1 HA,62.66001886538202,0.12683615000862902,32,19.386106623586432,0.8414125028783443,9
slp66,62,1,2 HA,68.62609177873284,0.11529789738903488,34,20.788420080073912,0.834304737528038,10
slp66,63,1,1 HA,69.93006993006993,0.1212454971874638,35,18.28432119457565,0.827134662555016,9
slp66,64,1,1 HA,65.9761634506243,0.12057303346761983,32,18.368284096127354,0.8534915055230485,9
slp66,65,1,1 HA,64.1644818545605,0.15048724194958912,32,16.722408026755854,0.7756670861725594,8
slp66,66,1,1 HA,69.53913280610854,0.10553406770501544,35,21.536252692031585,1.0569068076230752,9
slp66,67,1,1 HA,63.777259635166644,0.14416270147065569,32,18.575851393188856,0.5714857828502823,9
slp66,68,1,1 HA,64.82643245503972,0.09480262644710595,32,16.766801732569512,0.7644395005492586,9
slp66,69,1,1 HA,65.59169171904892,0.09726992083886983,33,19.696527575138607,0.669670860743093,10
slp66,70,1,1 HA,67.94783802333563,0.04275404276364337,34,18.709073900841908,0.6651849366905416,9
slp66,71,1,2 HA,65.54690700532568,0.07769240229906654,33,16.650808753568032,0.6452053620233432,8
slp66,72,1,2 HA,70.8136628714246,0.09062642434150946,35,21.364139895553095,0.675836783568852,10
slp66,73,1,2 HA,62.94842290510356,0.10376744991976627,32,17.03577512776831,1.3605704685902897,9
slp66,74,1,2 HA,63.85608349354572,0.12537368078471162,32,19.16408103668553,0.7857348568735656,8
slp66,75,1,2 HA,61.536285188852744,0.12789933616031673,30,21.0637177461822,0.6275330668578349,9
slp66,76,1,2 HA,68.11614146140086,0.11414295162994176,34,17.936453706867102,0.8292639470503652,8
slp66,77,0,2,67.2645739910314,0.10087616170334794,34,16.64816870144284,0.9621072111330867,8
slp66,78,1,2 HA,67.10471130993989,0.086579353052561,33,17.023346303501942,0.6620502478001538,8
slp66,79,1,W HA,72.78608976951072,0.0619058424814115,37,14.619883040935672,0.7645791870913916,7
slp66,80,0,W,80.7787903893952,0.06819070601326672,40,23.305084745762713,0.6426361000012321,12
slp66,81,0,W,75.44861337683524,0.05640653853483099,38,17.673792290860128,0.520723515497271,8
slp66,82,1,1 HA,69.70069700697006,0.06743557735665652,35,18.844221105527637,0.686635274363326,9
slp66,83,1,1 HA,70.24793388429752,0.09801913519844942,35,18.472906403940886,0.9406806046687685,9
slp66,84,1,W HA,71.31214343928282,0.09017541182583633,36,18.404907975460123,1.0702597815483865,9
slp66,85,1,1 HA,74.65781833264207,0.0775993986230993,37,17.92420621372482,0.8416865478893903,8
slp66,86,1,W HA,69.40664126292869,0.06274328428751073,35,18.776404318572993,0.6026920855627689,9
slp66,87,1,1 HA,69.23703502579419,0.05836100513540892,35,17.17721156598912,0.6683464670363719,9
slp66,88,1,1 HA,65.94312405550212,0.08818721208315866,33,17.469791818314167,0.9182786886343384,9
slp66,89,1,1 HA,65.69043383057343,0.10541636198901953,33,17.427385892116185,0.9409070742900063,8
slp66,90,1,2 HA,68.68686868686869,0.09267788469434704,35,21.240441801189462,0.48845814559693845,11
slp66,91,0,1,64.61025427261359,0.1000082410756159,32,16.93548387096774,0.7688825711142536,8
slp66,92,1,2 HA,66.39922534237101,0.09671793719367676,33,18.96633475580844,0.88187853472006,9
slp66,93,1,1 HA,68.28528072837634,0.1019455192192815,34,17.587939698492463,0.7782571842893318,8
slp66,94,1,1 HA,66.2251655629139,0.08330666239863412,33,16.866566716641678,1.2064198642632213,7
slp66,95,1,1 HA,63.94389438943896,0.0815132631585782,32,21.014289717007564,0.9622320717997295,11
slp66,96,1,1 HA,81.65487207403375,0.038012629480213576,41,18.521376755672172,0.7897099150954102,9
slp66,97,0,W,71.40914036996736,0.04022727270630902,36,17.040613462084636,0.6883480224421366,9
slp66,98,1,1 HA,69.90131578947368,0.05785269445804027,35,17.485064840448786,0.6901056078601303,9
slp66,99,1,1 HA,71.58440141805289,0.053830148596852145,36,20.19446522064323,0.7206066031776354,10
slp66,100,1,1 HA,65.21739130434781,0.11296359676262256,32,18.584481957565433,0.6099129036182133,9
slp66,101,0,1,67.00054141851652,0.09769591698056788,34,19.37984496124031,0.7052715788970941,9
slp66,102,1,W HA,66.28003314001657,0.08960712862267155,33,19.82815598149372,0.9192932067626736,9
slp66,103,1,1 HA,66.0883932259397,0.0772818502301802,33,18.165304268846505,0.7852356334247701,9
slp66,104,1,2 HA,66.09749380335995,0.08987734697909147,33,15.636634400595682,0.6913497003422113,8
slp66,105,1,1 HA,64.51165371809101,0.1410774062256126,32,18.031555221637866,1.1855200335717657,9
slp66,106,0,1,65.54690700532569,0.08971125556472834,33,19.926199261992622,0.7187860822934493,10
slp66,107,0,1,67.25514922236233,0.09923449186144907,33,17.531044558071585,0.7656707843453346,9
slp66,108,0,1,71.49666348903718,0.06758393722940807,36,18.32340815391663,0.6589504913117527,9
slp66,109,1,W HA,65.54690700532568,0.08356500089750495,33,16.525023607176585,0.6077620372132098,8
slp66,110,1,1 HA,63.56801093643198,0.08842994016970904,32,16.958733747880157,0.7480320848733696,9
slp66,111,1,W HA,63.55932203389831,0.09522265927136082,32,12.042389210019268,1.7565540811486562,6
slp66,112,1,1 HA,68.2006062276109,0.09379766434484013,34,19.71666423251059,0.6080490558507492,10
slp66,113,1,1 HA,65.41924592009003,0.10587975430897362,32,18.28989483310471,0.6439081844486837,9
slp66,114,1,1 HA,65.7354149548069,0.1191697843415016,33,18.717828731867105,1.2978273190220646,9
slp66,115,0,1,64.58333333333331,0.11095813911938425,32,14.77832512315271,1.81589280153501,7
slp66,116,1,1 HA,67.78964667214463,0.0927650546914129,34,13.192612137203167,2.6143664624531886,7
slp66,117,1,1 HA,66.0883932259397,0.1230182278160436,33,9.394572025052192,5.770061890675197,4
slp66,118,1,1 X,71.95723684210526,0.043127376598222356,36,17.17089125102208,0.8605429705027126,8
slp66,119,1,1 X,71.55513152514652,0.06921658406916714,36,18.311824206487618,0.887892988587968,8
slp66,120,1,1 X,66.58343736995423,0.08566349499641024,33,18.706574024585784,0.39734794293553605,8
slp66,121,1,W X,72.24439245906153,0.07976013018637156,36,18.443702792903565,0.8298811323783372,8
slp66,122,0,W,75.49993198204326,0.10860512776328371,38,21.47629653197582,0.7210390308094405,10
slp66,123,1,1 X H,67.37443854634544,0.09204909457823134,34,17.023691303731024,0.7624236027301359,9
slp66,124,1,W HA,69.10512355158453,0.08429638559526784,34,16.80806787257884,0.391041727508793,8
slp66,125,1,1 HA,65.97938144329898,0.09264777048046002,33,14.977533699450824,2.0560165368984755,7
slp66,126,1,1 HA,62.42448650825615,0.07133885371904969,32,16.51722510618216,0.6550077114361452,8
slp66,127,1,1 HA,66.4543818358023,0.11545230346337836,33,17.145656433703465,1.381362356220725,8
slp66,128,1,2 X,64.35178978415337,0.08481367445760149,33,19.53125,0.7312482478611487,9
slp66,129,0,1,66.60191480505064,0.07106851887439333,33,21.171489061397317,0.9841402339097818,11
slp66,130,1,1 HA,66.28918657643972,0.0770729159627427,33,19.25854597977853,0.6852165716034603,9
slp66,131,1,1 HA,69.25013989927253,0.09295128417879275,34,18.26404592102974,0.9842966203003513,8
slp66,132,1,1 HA,70.2529104777198,0.10880492185746087,36,16.120365394948955,2.0107056804349392,7
slp66,133,1,1 HA,64.7542125052221,0.10240740087719481,32,17.577266735022704,0.7268615755424136,9
slp66,134,1,2 HA,78.77726905467279,0.04283988506980633,40,20.629899601155277,0.9558132872062409,11
slp66,135,1,1 H,80.10406682185403,0.03942892806276668,40,24.147519391189814,0.8913920768723176,12
slp66,136,1,2 HA,77.93273174733388,0.027678406435802713,39,22.789425706472198,0.6017037144641871,11
slp66,137,0,W,78.66075030254135,0.027789004963189715,40,18.444512757454657,1.4536185882135657,9
slp66,138,0,W,75.79896203223163,0.04624525719468096,38,29.23026956804157,0.42334488173224555,13
slp66,139,0,W,73.83100902378999,0.025586454749860633,37,19.29880990672242,1.0134885297821579,9
slp66,140,0,W,72.40380637153497,0.027770252767584047,36,21.058542748841777,0.5415121051278541,11
slp66,141,0,W,73.96247089439802,0.028609546882806532,37,22.127157397846293,0.3208461313464757,11
slp66,142,0,W,75.61307901907357,0.050539586636466995,38,22.482014388489212,0.3579175324009708,11
slp66,143,0,W,72.23445239405613,0.045846380579549526,36,20.65799540933435,1.2147046381835753,10
slp66,144,0,W,72.48377744028717,0.031027255957382,36,22.556390977443613,0.5934900167652359,11
slp66,145,0,W,72.2443924590615,0.01966777121307332,36,18.89168765743073,0.8366241689074013,9
slp66,146,0,W,77.1625829159334,0.041766664861212104,39,17.500364590928978,1.3802382946433562,9
slp66,147,0,W,80.98006644518273,0.037984736891103925,40,24.477080551846907,0.6048045651146088,12
slp66,148,0,W,77.36156351791531,0.030707989341835495,39,22.71163110805231,0.6202506558102602,12
slp66,149,0,W,74.45195091686197,0.030644718393747685,37,20.830118808825798,1.4141097797327484,10
slp66,150,0,W,76.46900992755569,0.026762523927698026,39,24.379432624113477,0.8460992263478594,12
slp66,151,0,W,74.76117956527759,0.02561514791035052,37,21.037868162692845,1.0134736744922823,10
slp66,152,0,W,77.09995942107399,0.023924396153339772,39,21.579283887468033,0.7042384556875149,10
slp66,153,0,W,75.58218711698215,0.043387327526821104,38,22.714757709251096,0.8995000999177633,12
slp66,154,0,W,75.36664856056491,0.03166700370176774,38,21.22641509433962,0.510988584347374,10
slp66,155,0,W,77.22276332266594,0.03654725669927242,38,27.924960618645283,0.5114127549417983,14
slp66,156,0,W,74.4666577217228,0.0436055096002159,38,23.484201537147737,0.5609604514572961,12
slp66,157,0,W,76.30963838856044,0.04973912954641508,38,23.5781651900543,0.5517860406994217,12
slp66,158,0,W,80.73196986006458,0.044606725950242086,41,23.01319423135931,0.6252546361283539,11
slp66,159,0,W,76.37264345672217,0.027594899010947607,38,21.263191053709246,0.35486766791072283,10
slp66,160,0,W,74.66814159292036,0.028154775048376608,37,21.249803242562567,0.3729209362470254,10
slp66,161,0,W,79.70027247956402,0.02544664785225165,40,22.990107287167334,0.8078008100765501,12
slp66,162,0,W,72.11538461538461,0.03960952266455991,36,18.990346573824972,0.38115843162653507,9
slp66,163,0,W,72.1947194719472,0.018885173971090834,36,19.86462625073572,0.28772483425473294,10
slp66,164,0,W,72.5319006044325,0.033357583771336435,37,23.00260696212237,0.4692988813112598,11
slp66,165,0,W,79.34355079343551,0.05817708575577541,40,20.34971359662345,1.3994086934695043,10
slp66,166,0,W,75.0625521267723,0.019333333333333317,37,21.300094667087414,0.3484812905688671,10
slp66,167,0,W,75.61307901907355,0.02537249161786178,38,20.026702269692922,0.4906702898416954,10
slp66,168,0,W,73.30980179201737,0.01614593936643794,37,20.253848231163925,0.4602614908940351,11
slp66,169,0,W,75.98576122672507,0.060922348161232674,38,20.926339285714285,0.5613007749861032,11
slp66,170,0,W,76.53061224489795,0.047264637372415604,38,19.172391755871544,0.4373462587012721,9
slp66,171,0,W,74.15545179895634,0.04017308232149826,37,19.03553299492386,0.19194790960049554,9
slp66,172,0,W,72.97297297297297,0.02183665510495686,37,17.355371900826448,0.5490509808677486,8
slp66,173,0,W,76.28865979381443,0.01332670884863566,38,16.61819692563357,0.3295508306771506,9
slp66,174,0,W,74.62686567164178,0.014966629547095748,37,16.794625719769673,0.3268091872912376,8
slp66,175,0,W,75.59248161263962,0.020930578495186647,38,17.20676799541153,0.4047752462787219,9
slp66,176,0,W,75.41785568691398,0.03564126104219472,38,17.378351539225424,0.7054349938954297,8
slp66,177,0,W,71.88826509653568,0.021528832115209996,36,18.597236981934113,0.17955955182908323,8
slp66,178,0,W,76.44628099173555,0.05510587458856748,38,14.411529223378704,1.2957518623906696,7
slp66,179,0,W,71.69192953707498,0.03359028042120978,36,17.561832284501683,0.6687284575969531,9
slp66,180,0,W,75.48966267682263,0.03916827027888623,38,18.841262364578427,0.908527242299316,9
slp66,181,0,W,73.70489962094621,0.032048127074442136,36,18.982002249718786,0.4355605441891184,10
slp66,182,0,W,78.4708249496982,0.051532720690597625,40,24.560881214647214,0.6852611253510265,12
slp66,183,0,W,80.6007164508129,0.06176743725509791,40,18.207040055488125,0.8656186651576937,8
slp66,184,0,W,75.98576122672507,0.10230409131639381,38,18.773466833541928,1.3938467953433364,10
slp66,185,0,W,70.48092868988392,0.020128308148658094,35,17.038193951441148,1.6951848719240037,9
slp66,186,0,W,72.1947194719472,0.038140620587183816,36,18.97833306974537,0.5876391324614112,9
slp66,187,0,W,71.07080005414919,0.024451801820007012,36,19.25854597977853,0.26322946263668884,9
slp66,188,0,W,75.07298762685946,0.035059561313658394,37,16.124078624078624,0.3506383682743839,8
slp66,189,0,W,76.16303005351998,0.05044190403801464,38,18.773466833541928,0.6693429614181358,9
slp66,190,0,W,73.26007326007327,0.015416441439796204,37,20.959478341872376,0.24311314238436393,10
slp66,191,0,W,72.37386269644334,0.02510490642345857,36,17.112125162972625,0.460473580531334,8
slp66,192,0,W,72.35391400220506,0.02061392436075721,36,15.938069216757741,0.4992860208460126,8
slp66,193,0,W,75.6852584208373,0.01701732885541279,38,19.20068269094012,0.5022820023418549,10
slp66,194,0,W,73.13109425785483,0.031180874163182888,37,17.915031564579422,0.20004244447575806,8
slp66,195,0,W,73.35959788072273,0.07559239298066446,37,19.42061822301343,0.45951686584933965,9
slp66,196,0,W,77.26718178121187,0.03749156876594865,39,19.75128017556693,0.3923586165112439,10
slp66,197,0,W,88.76933422999328,0.0637751084892054,45,20.917584716218098,0.31243789782931264,11
slp66,198,0,W,99.43377986465957,0.04140844988914972,49,21.3371266002845,0.21186998109427596,10
slp66,199,0,W,82.58359070766753,0.03914955537297007,42,20.14324082363473,0.4061745656460751,10
slp66,200,0,W,77.83695206882426,0.028401747829638828,39,20.00889284126278,0.25374002443445925,10
slp66,201,0,W,74.98986623429265,0.049424681318626325,38,20.96924510717614,0.21439734658391232,10
slp66,202,0,W,82.25939128050452,0.0478292797353253,41,19.36594462774351,0.36306894900059283,10
slp66,203,0,W,74.1860145624399,0.02395958531350367,37,19.719544259421557,0.20649885660162337,10
slp66,204,0,W,75.7162346521146,0.019436021921610563,38,20.279405137449302,0.3728711424726897,10
slp66,205,0,W,73.93209200438115,0.028437499152082456,37,17.73049645390071,0.55509278503688,9
slp66,206,0,W,74.79224376731302,0.03093282247343166,37,17.23006235641615,0.6017720769968155,8
slp66,207,0,W,77.45617611088463,0.04341502350486497,39,16.88374336710082,0.8240523066417765,8
slp66,208,0,W,79.95079950799509,0.044676527511140006,40,17.275419545903258,0.5172927959431621,8
slp66,209,0,W,74.42116868798236,0.028557068701803145,37,17.26121979286536,0.2766989080467896,8
slp66,210,0,W,76.0795065113091,0.051060227403510204,38,16.5693545841881,0.7197419038539199,8
slp66,211,0,W,75.3257328990228,0.05021176485085488,38,17.950635751682874,0.5184590147735885,9
slp66,212,0,W,74.68879668049793,0.03301851332543943,37,19.536903039073806,0.28372617646223014,10
slp66,213,0,W,73.20048800325335,0.0164755711416765,37,18.066847335140018,0.28543825952384166,9
slp66,214,0,W,75.2193898871709,0.03697897300418771,37,18.54140914709518,0.5543933621536247,9
slp66,215,0,W,75.5513204465015,0.04226653747256391,38,19.00839537462379,0.7474180557091192,9
slp66,216,0,W,75.08116883116884,0.04387830970786793,38,14.5985401459854,2.3851392691692728,7
slp66,217,0,W,75.20891364902508,0.05480019825142115,37,14.797068771138669,0.7774322990407827,8
slp66,218,0,W,72.9828355183133,0.045200650055415105,37,10.200612036722202,2.238092938195374,5
slp66,219,0,W,69.28406466512702,0.04601022904170972,35,14.75755446240337,0.6509276269372841,8
slp66,220,0,W,71.38001359619307,0.04287009328143786,36,18.896976483762597,0.7304008708228417,10
slp66,221,0,W,72.72475412106941,0.03045322944571673,36,16.5693545841881,0.6097295486106767,8
slp66,222,0,W,73.99287476020828,0.10554666629236616,37,14.730639730639728,1.1302848476090857,8
slp66,223,0,W,69.02151847340642,0.01980423218548874,35,16.239624684229522,0.24237344922430945,7
slp66,224,0,W,67.90123456790124,0.03607888510490901,34,16.18871415356152,0.5318597329279628,8
slp66,225,0,W,70.69586914333242,0.023812415708376,35,18.06140878988561,0.4426646586299836,9
slp66,226,0,W,70.18992568125516,0.02618539173822744,35,15.693112467306014,0.4706784701069533,7
slp66,227,0,W,70.73565076798707,0.030221171116842395,36,17.123287671232877,0.2721260212265108,8
slp66,228,0,W,69.51069919585662,0.06693125120258289,35,15.303891560996938,0.6891764976390004,8
slp66,229,0,W,74.65781833264205,0.046584451387894556,37,18.593120545398204,0.6847999707943919,9
slp66,230,0,W,74.17582417582418,0.016736151452233516,37,17.301038062283737,0.34009074419294955,8
slp66,231,1,1 HA,74.8482805124747,0.05179969286737254,38,16.20120351797562,0.3529430780260899,8
slp66,232,1,W HA,80.67852709971038,0.05001238505387561,40,24.139040875442547,0.6570240787064048,11
slp66,233,0,W,79.92895204262877,0.047513201044596796,40,14.684287812041118,1.184249410667646,7
slp66,234,0,W,73.27995657484055,0.03279321670297676,37,16.785564414603442,1.2250468358393487,9
slp66,235,0,W,79.24370916168498,0.035230464027143735,39,19.53125,1.1463507316698498,9
slp66,236,0,W,75.36664856056491,0.017185449193672892,38,16.87017994858612,0.8124050462568984,8
slp66,237,0,W,71.81942544459645,0.04146067721470599,36,16.68752607425949,0.7715035644765357,9
slp66,238,0,W,71.59416337106232,0.025929511986089022,36,16.987542468856173,0.7402887467545542,8
slp66,239,0,W,71.83908045977012,0.03359999999999999,36,16.5380374862183,0.3835771481350637,8
slp66,240,0,W,71.75071750717507,0.031335133831609824,36,18.064127653168747,0.4274479500477221,9
slp66,241,1,W HA,78.96924355777223,0.041740525489553267,39,18.844221105527637,0.6851919439106096,9
slp66,242,1,1 H H,70.08382575237047,0.03350132982951605,35,15.690376569037655,0.8741380516447808,7
slp66,243,1,1 HA,70.73509015256587,0.03513926814960673,35,15.416238437821171,0.5688210028939976,7
slp66,244,1,W HA,71.70172084130019,0.037678944480211446,36,15.055921995985088,0.2296503109210229,8
slp66,245,0,W,68.53917484209111,0.03829461461681681,35,16.47058823529412,0.5683327567974413,8
slp66,246,1,1 HA HA,74.94795281054823,0.07241333687950509,37,17.84651992861392,0.8236819774646037,9
slp66,247,1,1 HA,76.63628831814415,0.04331804341516074,38,16.334785314250155,0.6748467399706243,8
slp66,248,1,1 HA,84.38529088913282,0.09457800698426672,42,18.78391540281063,0.8307771164903078,10
slp66,249,1,1 H,72.03622392974754,0.055706050673447076,36,16.08455882352941,0.33218829182331183,8
slp66,250,1,1 HA,70.65669160432253,0.032242163287000546,35,16.126142268410682,0.24626724417907386,7
slp66,251,0,W,67.55834584413812,0.05727115598293501,34,16.91638472692122,0.8012239616578462,8
slp66,252,0,W,69.1437351585417,0.04412587387959813,34,16.67725540025413,0.5693258455114671,8
slp66,253,1,1 HA,67.3836101279608,0.07111877828271573,34,15.550947867298577,0.4688702879675523,8
slp66,254,1,1 HA HA,70.77379347533028,0.06179000645702494,36,16.600790513833996,0.8179608293600293,8
slp66,255,1,1 HA,67.37443854634544,0.10908242391243224,34,16.231570404436628,0.8117473436975324,9
slp66,256,1,1 HA,70.85976515049265,0.07609781031471194,36,14.672318226279753,0.6262637002271665,7
slp66,257,1,1 HA,63.917525773195884,0.11945850772397033,32,14.8326034750671,0.6630206694841914,8
slp66,258,1,1 HA,67.1915297950319,0.10326091837449702,34,16.362786348761105,1.2795583421713947,8
slp66,259,1,1 HA,68.11807132362762,0.09014904997321194,35,21.20307837286006,0.6687118259555751,10
slp66,260,1,1 HA,65.75342465753424,0.09426425621623503,33,15.002500416736124,0.9107811055474428,7
slp66,261,1,1 HA,66.88031210812318,0.08589664938168426,33,17.61855821465277,1.0156159461134904,9
slp66,262,0,1,68.31882116543872,0.07440551008356737,35,16.213712168004943,0.8575884556030787,8
slp66,263,1,1 HA,62.634698275862064,0.11058026875382922,32,17.61855821465277,1.0080931256585375,9
slp66,264,1,1 HA,67.00961147962637,0.08611829052686225,34,16.540317022742933,0.9428943472096967,9
slp66,265,1,1 HA,67.53990994678674,0.11294992673929996,34,18.168054504163514,1.0355924632788711,9
slp66,266,1,1 HA,64.6102542726136,0.0788896936672305,32,15.627713144643165,0.9594954692730737,7
slp66,267,1,1 HA,67.32861806311207,0.10827913456688136,34,17.326732673267326,1.1381081330211904,8
slp66,268,0,1,68.60706860706861,0.08894161888704262,34,17.790579464588273,0.9958231135444625,8
slp66,269,0,1,72.61410788381744,0.12819729692460566,36,21.459227467811157,0.8921210680171161,5
slp66,270,1,2 HA,81.00249238438109,0.0628934584336158,40,16.586804275709547,0.5357594816913855,7
slp66,271,1,1 HA,68.91891891891893,0.08186578601842913,35,16.241299303944317,0.7464410251866068,8
slp66,272,1,1 HA,67.42950551695954,0.06382621032120692,34,15.687641624542444,0.7007516599258892,7
slp66,273,1,2 X,67.21890277023357,0.09662484133632022,34,16.830294530154276,0.7579254580761883,9
slp66,274,0,W,74.63718037318591,0.10155889855912781,37,19.18859649122807,0.7874057637169629,8
slp66,275,1,1 HA,91.93680196131842,0.06987458253149435,46,18.326206475259617,1.3373800257717825,7
slp66,276,1,1 HA,79.03269386652255,0.03504932187417582,40,18.521376755672176,0.2615143399509863,9
slp66,277,1,1 HA,79.68941561095218,0.04996377385891555,40,18.714909544603866,0.8080915789686217,9
slp66,278,1,1 HA,78.68580894533407,0.0363540606883448,39,17.57469244288225,0.7426196873231952,9
slp66,279,0,W,78.13570938999314,0.05835994907905331,39,18.870561923399496,0.9229487900939046,10
slp66,280,0,W,71.56488549618321,0.03361904222312111,36,18.58160421183029,1.1405029592245695,9
slp66,281,0,W,70.18992568125516,0.03487833525121568,35,15.025041736227044,0.3211119569385246,7
slp66,282,0,W,69.19945725915876,0.04539042473297036,35,14.464802314368372,0.3357062207744542,7
slp66,283,0,W,81.26128628976247,0.06498421393297392,40,20.709650697224905,0.5958094997564237,11
slp66,284,0,1,72.33757535164098,0.04382949567766009,37,14.605647517039923,0.13125039682479692,7
slp66,285,1,1 H,67.8082191780822,0.06869701648151753,34,14.290250873293108,0.34521233401423473,7
slp66,286,1,2 H,69.56758968762789,0.04781350737907933,35,15.341905318527177,0.40182278559137014,8
slp66,287,1,W HA,68.63560732113145,0.07794382380549139,34,16.95736434108527,0.40337919568342157,8
slp66,288,0,W,67.28285986135653,0.07773109447749017,34,17.014036580178647,1.0461375387586471,9
slp66,289,1,1 HA,63.27391481834263,0.06253100791681365,32,14.204545454545457,0.6177637088725754,7
slp66,290,1,1 HA,67.78036423387648,0.07713339785849856,34,16.05136436597111,0.6774530734055804,7
slp66,291,1,1 HA,66.26173384870238,0.08057139690982154,33,16.775842786387603,0.9821828251607825,8
slp66,292,1,1 HA,70.62733693394267,0.10051170119008318,35,17.62928139691068,0.7986887212609103,8
slp66,293,0,1,70.11273027220236,0.08858065743700665,35,17.30436454527975,0.9706971149070593,7
slp66,294,1,1 HA,67.9945054945055,0.11438982533240268,34,12.531328320802004,3.210506751277748,6
slp66,295,1,2 HA,67.02038536721587,0.09320642413482023,33,16.877637130801688,1.0211655105809245,9
slp66,296,1,2 HA,64.6551724137931,0.12267844146385298,33,15.17706576728499,1.1011597926227095,7
slp66,297,1,2 HA,67.66917293233084,0.09834838097500154,34,15.55478741790529,0.9146122432788418,7
slp66,298,1,2 X,69.76744186046511,0.08331937137940268,35,16.68752607425949,1.0561958861877847,9
slp66,299,0,2,63.821026626406805,0.09379447054872207,32,14.30615164520744,0.32762376796156495,7
slp66,300,1,1 HA,67.55834584413812,0.06451673852610587,34,14.970059880239521,0.42043243044683004,8
slp66,301,1,1 HA,70.9812108559499,0.08544262932854066,35,18.28432119457565,1.2530777110778086,9
slp66,302,1,1 HA,68.2194046306505,0.06803747684386946,34,14.469453376205788,0.29477825941243063,7
slp66,303,1,1 HA,71.55513152514652,0.10330796440838472,36,18.436011676140726,0.9514240642321383,9
slp66,304,1,2 HA,65.76243321002877,0.1075934913226632,33,17.012313674659758,0.9857724206459229,8
slp66,305,1,1 HA,66.90997566909977,0.12469776132890589,34,20.395830185828675,1.1267954342369708,10
slp66,306,1,2 HA,70.62733693394266,0.09786432243435976,35,18.56052794390596,0.5571279525885913,7
slp66,307,1,2 HA,77.55102040816325,0.08151528925466356,39,18.590651558073656,0.6230558005606279,8
slp66,308,1,2 HA,69.44444444444444,0.08647718213669449,34,15.166835187057636,0.755301264397194,7
slp66,309,1,2 HA,70.09345794392523,0.10533085129863007,35,16.679904686258936,0.9686177822873505,8
slp66,310,1,2 HA,70.0164744645799,0.11111015762758904,35,18.590240123934933,0.8235009107463088,9
slp66,311,1,2 X,64.07606448945846,0.09111979970359294,32,15.158077089649197,1.034108272071811,8
slp66,312,1,1 HA,65.63653767263776,0.12680293519867747,33,14.9402390438247,1.0139326548501277,8
slp66,313,1,2 HA,68.52159468438538,0.11128500625457094,34,16.953941791466516,0.981023445183651,9
slp66,314,0,1,69.21824104234527,0.06069037649667332,35,14.40230436869899,0.2883400769924292,7
slp66,315,1,1 HA,66.38086018531324,0.044659650412872696,33,15.21041068108839,0.415797493445494,7
slp66,316,1,2 HA,74.91675915649279,0.07220410029053359,37,15.940488841657809,0.867077851176006,7
slp66,317,1,2 HA,68.35128417564209,0.07641095215226303,34,15.223274695534508,0.9262128385107942,7
slp66,318,1,2 HA,67.8082191780822,0.0587940015555706,34,16.6060414360272,0.34314654452639937,8
slp66,319,0,2,73.49938750510412,0.0734627645666686,37,17.26121979286536,1.1378576360863428,8
slp66,320,0,2,66.07929515418503,0.053805204209258425,33,16.460905349794242,0.9425534467604476,9
slp66,321,1,2 HA,69.10512355158453,0.10872679976924936,34,16.375545851528383,1.3318824486954008,8
slp66,322,1,2 H,64.22651933701658,0.08010212004557712,32,14.439274827530884,0.23270486792406286,7
slp66,323,1,2 HA,67.45707277187245,0.07222737284734751,34,19.593613933236572,1.0431748311740758,10
slp66,324,0,2,66.006600660066,0.07063993204979745,33,18.064127653168747,0.8895098369326784,9
slp66,325,1,2 HA,67.65992345544014,0.11806309498963156,34,16.934801016088063,1.202367248389609,9
slp66,326,1,2 H,64.84733855714673,0.07158517653816328,33,17.95063575168287,0.9240020292185511,9
slp66,327,1,2 HA,67.78964667214463,0.08924883961094858,34,15.77287066246057,2.218245381248109,8
slp66,328,1,2 HA,67.7618069815195,0.08747955290414178,34,13.462574044157245,0.8201205765007971,6
slp66,329,1,2 HA,67.06408345752608,0.0649151738654361,34,16.632016632016633,1.1179918380739637,9
slp66,330,1,2 HA,64.440133037694,0.09634191625820951,32,16.411378555798688,0.4497880982566494,7
slp66,331,1,2 HA,67.22689075630251,0.057260370239808976,33,19.026478515934674,1.004844142143447,9
slp66,332,1,2 HA,64.1025641025641,0.04908452223033901,32,14.069094888228857,1.8986850420459125,7
slp66,333,1,2 X X,64.74237928243863,0.054584223911309765,33,16.030534351145036,0.34203234123249165,8
slp66,334,1,2 HA,63.9878904637402,0.06888437581955685,32,17.996400719856027,1.0655120834603427,9
slp66,335,1,2 H,68.43633347158854,0.11482774259001854,34,18.711991267737407,0.9502545711544881,9
slp66,336,1,3 H,66.33499170812604,0.06951079052924086,33,21.710811984368213,0.8820239452531886,11
slp66,337,0,3,65.97031335898846,0.0747780047875042,33,19.404915912031047,0.8640329211834981,10
slp66,338,1,2 HA H,69.48228882833787,0.0681366426831009,35,16.106764841233318,0.6496476910210485,8
slp66,339,0,2,65.22653948660401,0.07945935943794971,32,16.954626190860647,0.45598854264159766,8
slp66,340,1,2 HA H,66.22516556291392,0.15337535656030277,33,15.454813070356193,1.014723285895606,8
slp66,341,0,2,67.5491266375546,0.09207079960322706,34,19.03553299492386,0.8641851653436317,9
slp66,342,1,2 HA,65.52901023890786,0.06436116356157649,33,17.08914839077186,0.7415598424941846,9
slp66,343,1,2 H,67.67235302410828,0.054887242370153744,33,17.201834862385322,0.6149341428153098,9
slp66,344,1,2 HA,65.91595715462785,0.08249204507102487,33,18.990346573824976,0.9392048498597098,9
slp66,345,1,2 HA,70.68803016022619,0.09966710304093035,36,22.488755622188904,1.1326598783394777,11
slp66,346,1,2 H,67.41573033707866,0.13299248099046804,33,16.821531560397307,1.1186598396003558,8
slp66,347,1,2 HA,71.21540965816604,0.11055428438517598,36,15.789473684210526,1.858958233604433,8
slp66,348,1,2 H,68.76910252848013,0.061320875486506124,34,21.6,1.0427759722946544,10
slp66,349,1,2 HA,65.19967400162999,0.06705175240066437,33,16.823216038132625,0.7209297816015094,9
slp66,350,1,2 X,72.33397630201158,0.09272058530216205,36,13.607499244027819,2.5737222504035326,7
slp66,351,1,2 HA,62.89733531719194,0.055331222874303705,32,17.495261699956263,0.34067543204639816,9
slp66,352,0,2,72.86606523247745,0.05998203812775274,36,15.44799176107106,0.7532117896050221,8
slp66,353,1,2 HA,61.87267977450845,0.07975083419974713,31,14.94874715261959,0.3325458998547479,8
slp66,354,1,2 HA,68.1442731277533,0.1219866165565569,34,16.851565791321445,1.0136043360207176,9
slp66,355,0,2,70.3254274682846,0.09079274089544803,35,18.11867733655443,0.768909455007545,9
slp66,356,1,2 H,74.58674909286385,0.0934424351024044,38,19.613540607293334,1.2317023850882562,10
slp66,357,0,2,70.04532344458178,0.10579061385226364,35,21.816418875242405,0.7191528624056035,10
slp66,358,1,2 HA,67.82534972445951,0.08492413894176379,33,18.453021682300477,0.9313569401684834,9
slp66,359,1,2 HA,70.65948855989232,0.055306492957566074,36,16.98994761432819,0.2934173648576375,9
slp66,360,1,2 X,67.54912663755458,0.07120054064445326,34,15.751575157515747,1.2937983314446573,8
slp66,361,0,2,76.76767676767676,0.07683496722434162,39,17.43606775157755,0.8497628961021049,8
slp66,362,1,2 HA,73.83100902379,0.04385329076718315,37,16.491283178891155,0.9668301245802792,8
slp66,363,0,2,80.41237113402063,0.05181304580871823,40,15.546342907906425,0.9621153564846959,8
slp66,364,1,2 H,75.94417077175697,0.06887903456410785,38,18.57092324018394,0.8092288089941696,8
slp66,365,0,2,70.69754915162942,0.07593973980487853,36,15.482158655263934,0.3278705568373231,8
slp66,366,1,W HA,77.50883872722329,0.06162526373326047,39,19.07587961000424,0.8751116754131695,10
slp66,367,1,1 HA,72.14511474508726,0.09019785960626239,36,19.138755980861244,0.7688634469136896,9
slp66,368,1,1 HA,72.04610951008645,0.09678630363552775,36,17.859800565560352,0.9192593486062571,9
slp66,369,0,1,71.5356315574329,0.0871898889475946,36,17.333525928065868,0.6181874715650585,9
slp66,370,1,2 HA,82.3158183564275,0.02042522949687471,41,18.467220683287167,0.7760844026264153,9
slp66,371,0,1,83.5030549898167,0.04462750850282302,42,16.574585635359117,0.4978444966625049,8
slp66,372,1,1 HA,72.32401157184185,0.05414224650993766,36,21.18976612776644,1.0617494066252808,10
slp66,373,1,1 H,73.40946166394778,0.056819402007100034,37,16.1937075879087,0.3989570075553895,8
slp66,374,1,2 HA,71.77033492822967,0.0711698170374412,36,18.135106543750943,0.5698646769190033,9
slp66,375,0,W,74.83370288248337,0.03880944265905106,37,15.84188292094146,0.3129248459034109,8
slp66,376,0,W,73.93209200438116,0.05898985056037863,37,17.120495679112995,0.6261480557784252,8
slp66,377,0,1,70.13201320132013,0.09956500545582612,35,14.650822073905257,0.43696173236973,7
slp66,378,1,1 HA,72.11538461538461,0.07335237847930651,36,18.045112781954888,0.5605595418864976,9
slp66,379,1,W HA,67.37443854634544,0.05176935498634765,34,17.657445556209534,1.3106776873053114,9
slp66,380,0,1,72.08567897844294,0.04341292951390854,36,17.615971814445093,0.7412880681624385,9
slp66,381,1,1 HA,67.60447965036876,0.07518708835485036,34,17.891754882958104,0.9839998729674715,9
slp66,382,0,1,66.65740869323706,0.05494073511521301,33,18.96633475580844,1.0467902129844355,9
slp66,383,1,1 HA,68.12551610239471,0.04754791696503118,34,16.31986944104447,0.29766046092821935,9
slp66,384,1,2 HA,76.95423248278655,0.04314364334660249,39,20.73613271124935,0.6802997501101996,9
slp66,385,0,1,71.78043631245602,0.05677186788101093,35,14.239605088285552,0.3272440068205986,6
slp66,386,0,2,69.08696830127337,0.04344857358663002,35,14.242759930368731,0.26035275215667586,7
slp66,387,0,2,68.62609177873284,0.06767501882257179,34,15.765765765765762,0.18721241891476734,8
slp66,388,1,2 HA,74.83818770226537,0.046008605921565075,38,18.094089264173704,0.7455958307670065,8
slp66,389,0,W,70.21891780256092,0.05253135494726132,35,15.002143163309043,0.5875019409433853,8
slp66,390,0,2,72.06588881262869,0.04257046978786096,36,14.390789894467542,0.3013451325123551,7
slp66,391,0,2,69.4249649368864,0.05375535508378356,34,14.636526264433241,0.27018429923952947,7
slp66,392,0,2,68.23821339950372,0.044796694092900345,34,15.103205235777816,0.08279828232249474,7
slp66,393,1,W HA,67.96649732253194,0.03892475848060186,34,15.929203539823007,0.16527418296744206,7
slp66,394,0,2,75.24403470715835,0.04938730521832041,38,17.70359129994942,0.642230805990545,8
slp66,395,0,2,69.87577639751552,0.05367165420076471,34,16.5929203539823,0.971076574882596,8
slp66,396,0,2,69.00878293601002,0.05471972161738671,34,15.765765765765765,0.3398679215248662,8
slp66,397,0,2,67.2006516426826,0.04461561162569241,34,16.783887468030688,0.4863377511187727,8
slp66,398,0,2,69.94925250308599,0.04413019429418939,35,18.735362997658083,0.3545359643252006,9
slp66,399,1,2 HA,68.54057047909167,0.044597825326747886,34,24.393849793021882,0.7675367059895718,12
slp66,400,0,2,68.32298136645964,0.04839324680250495,34,24.361435109995572,0.8146746650764067,12
slp66,401,0,2,69.09547738693468,0.06113562577002064,34,19.687910164795102,0.9110764221038651,10
slp66,402,0,2,66.82444661005151,0.061505970238668696,33,18.11320754716981,0.7926523512864893,9
slp66,403,0,3,67.32861806311207,0.03623167976945642,34,20.525451559934314,0.9669826058414909,11
slp66,404,0,2,66.80584551148225,0.05493618456900698,33,15.470752909974955,0.6341873797648934,8
slp66,405,0,2,75.26132404181185,0.08103672388049725,37,21.333333333333332,0.664892284509303,9
slp66,406,0,2,80.5044948342949,0.04670235540098595,41,19.41607939019129,0.856417574392536,10
slp66,407,0,2,78.54485324514263,0.05805613865438404,39,18.713241846373194,0.7198249220243399,8
slp66,408,0,3,77.2012797329253,0.06549513612551197,38,16.172506738544477,0.696504606349927,7
slp66,409,1,3 HA,84.76912474155755,0.03562351889069718,42,16.208706390861376,0.6225105195406546,8
slp66,410,1,1 HA,79.3435507934355,0.0561167187881443,40,20.467337540508275,0.8135562365319314,9
slp66,411,0,W,79.87438558164935,0.017754554193468518,40,16.791939868862944,0.49180118763913655,8
slp66,412,1,1 HA,76.72634271099746,0.05198177818387801,39,16.765128532652085,0.9758588054443457,8
slp66,413,1,W HA,76.20486063435398,0.07277370189404302,38,16.692168590902767,0.6728504662999053,9
slp66,414,0,W,74.67707212055974,0.04990076346412358,38,18.102277869965306,0.9167419211533855,9
slp66,415,1,W HA,75.98576122672507,0.05769975940338211,38,19.407705577918346,1.0437734014527515,10
slp66,416,0,W,72.69454444752145,0.06759166715940475,36,17.098192476795308,0.886435466762637,8
slp66,417,0,W,71.00351636461997,0.06375913860069034,36,14.923251847640705,0.34244451360469946,8
slp66,418,1,1 HA,70.28665931642779,0.06562723715086109,35,16.984794564865737,0.7978812760130702,8
slp66,419,0,1,71.76052487698196,0.0798082600195427,36,16.246325235958537,0.713057687221814,8
slp66,420,1,W HA,85.23908523908524,0.03000471904189184,42,20.309914247028736,0.5876540512500678,10
slp66,421,1,1 HA,84.35993572576326,0.04513883847895318,43,17.759360663016132,1.317517267439027,9
slp66,422,0,1,91.17281392457522,0.04561888473678526,45,16.246325235958533,1.5645935509236375,8
slp66,423,1,1 HA,73.13109425785481,0.045399733506587193,37,17.0261066969353,0.5522815017206869,8
slp66,424,1,2 HA,80.91286307053942,0.0825372786494921,40,15.235055136390017,0.6952602214352581,8
slp66,425,0,W,88.82907133243607,0.06528589383537839,45,17.783046828689983,1.5660536389281179,9
slp66,426,0,W,98.61662785919737,0.06199591160355298,49,19.826699955940665,0.8902695943461643,10
slp66,427,0,W,91.31493506493506,0.040752041530319534,46,18.75293014533521,1.517436571985795,9
slp66,428,0,W,89.90600735594606,0.028206294356443083,45,22.38805970149254,1.1308418103342306,11
slp66,429,0,W,80.16993284911607,0.0713117812932499,40,16.984794564865737,0.8034992856504705,8
slp66,430,0,W,78.40772014475272,0.03271200010226119,40,16.248839368616526,0.8950592729204119,8
slp66,431,0,W,90.60402684563758,0.05431467527857719,46,18.68992524029904,1.2605030417921834,8
slp66,432,0,W,80.8011049723757,0.05562871185969498,40,15.098137896326119,0.47972631086207196,7
slp66,433,0,W,82.92880258899676,0.0476015586705348,42,18.198362147406733,0.8453135512932464,9
slp66,434,0,W,79.98359310910583,0.06120061105004924,40,20.170327207530256,1.2667957828930265,10
slp66,435,0,W,85.4353132628153,0.08655586847433823,43,19.476303830339756,1.0919326393550515,7
slp66,436,0,W,82.09057326583665,0.023374986631012232,41,16.697588126159552,1.2856597096000515,7
slp66,437,0,W,80.63432334363661,0.03754983355489078,41,28.191412462050014,0.5601064987489688,14
slp66,438,0,W,76.98709945900957,0.06053822389389951,38,27.376105573494318,0.7526878385150916,14
slp60,0,0,W,78.50158380388376,0.019344665065128296,39,21.983390327308257,0.7805320122981648,10
slp60,1,1,W HA,80.06021623101137,0.023785143900099826,40,17.590149516270888,0.9864375296996764,9
slp60,2,0,W,79.85257985257986,0.02303243575149931,40,17.292490118577074,0.6383187099797436,8
slp60,3,0,W,81.09203946479252,0.016504241878983732,41,15.943312666076174,1.2518986469448006,7
slp60,4,1,1 HA,80.5693567879683,0.05569120217772284,41,17.761989342806395,0.7786937780668343,9
slp60,5,1,W CAA,80.31301482701811,0.07628535653257298,40,15.279394644935973,1.4957000681545585,8
slp60,6,1,W CAA,74.2370085235084,0.06765234294666254,37,17.661900756938604,1.854603802785415,8
slp60,7,1,1 CAA CAA,75.44861337683524,0.029800603481469144,38,15.118427683520915,1.7948124012151117,7
slp60,8,1,1 CAA,75.34618517512897,0.045181946917393516,38,15.48520302821748,1.6162321065435565,7
slp60,9,1,1 X,79.52691680261012,0.056128902081861436,40,19.30005146680391,0.8675054812506949,6
slp60,10,1,1 CA,75.34618517512897,0.04535389613708763,38,19.34235976789168,1.107642541617105,9
slp60,11,1,1 X,77.29861676159479,0.07790924473714571,39,19.164081036685527,1.1607459951712615,8
slp60,12,1,1 X,73.13109425785483,0.08719723633631607,37,17.08914839077186,1.0592162196643327,5
slp60,13,1,1 CAA,74.88867899068953,0.048776289010264554,38,22.71580010095911,0.7663825560529299,7
slp60,14,1,1 X,78.2967032967033,0.04400604340264731,39,16.366612111292962,0.9904039579888603,7
slp60,15,1,1 CAA,75.79896203223163,0.03361831912171932,38,16.449945166849446,1.1974228107711589,8
slp60,16,1,1 X,76.37264345672217,0.0822413558593641,38,13.835511145272866,1.9300423714404709,7
slp60,17,1,1 X,74.25742574257426,0.04445222154178572,37,17.337699865151222,0.9807165181074953,7
slp60,18,0,1,74.14526980639845,0.06272918473313636,37,14.997500416597234,1.9505546789453392,7
slp60,19,1,W X,79.07542579075427,0.06997232476302055,40,20.66748315982854,1.0346147371466288,10
slp60,20,1,1 H,73.45739471106758,0.039305979188922376,36,23.16403568977351,0.6875324279669817,10
slp60,21,1,1 H,76.5511684125705,0.042032041596568016,39,23.235800344234075,0.9479167541717501,10
slp60,22,1,W HA,81.28979813033465,0.056213788344142035,41,13.837638376383763,1.6620244683317191,7
slp60,23,0,W,73.4094616639478,0.0362092683040007,37,25.641025641025642,0.4775269625895485,11
slp60,24,1,1 H,74.86847430190207,0.05792234291376196,38,14.04932875429285,1.7892608032990112,7
slp60,25,1,1 H X,76.69537136706134,0.05101604766260882,39,18.001800180018,0.9866321502971612,9
slp60,26,1,1 X,76.73164661965988,0.05247287378793586,38,16.143497757847534,1.6422251841801585,7
slp60,27,1,1 HA,76.03781339909577,0.03636034250305368,38,22.7806157669474,0.8010708535433644,12
slp60,28,1,1 HA,75.7472362494882,0.059783295047120114,38,24.143985952589993,0.6302024861532355,12
slp60,29,1,1 HA,72.49378624689312,0.08884462934395815,36,20.88167053364269,1.4361194626879448,10
slp60,30,1,1 X,75.80931566725857,0.0715188860313643,38,16.396002498438477,1.0172173327469487,8
slp60,31,1,2 X,78.89273356401385,0.06749765564821893,39,18.61042183622829,2.1869787378939005,9
slp60,32,1,1 X,70.54555227089492,0.0681784932275238,36,22.576760987357016,0.7244400872397937,11
slp60,33,1,1 X,76.51006711409397,0.06550819872140427,39,16.12903225806452,1.3759966777368529,8
slp60,34,1,1 X,75.96496030659732,0.0664373362604124,38,25.06075334143378,0.730567627157979,12
slp60,35,1,1 X,77.309100773091,0.0650860925696372,39,21.885030639042895,0.8828647914601646,11
slp60,36,1,1 X,77.7308059457248,0.035794581678828534,39,21.82453077258839,0.7326337147579273,11
slp60,37,1,1 X,74.96876301541025,0.05450688029964658,37,20.448348985156013,0.6659145386905936,10
slp60,38,1,1 X,74.77768795472917,0.07326492149517849,38,20.405078597339784,1.0326035176636565,10
slp60,39,1,1 X,73.67990176013099,0.09206941825480261,37,17.07132018209408,0.8209706991658647,7
slp60,40,1,1 X,83.55978260869564,0.0456337226714439,42,16.611295681063126,0.9641647754848307,8
slp60,41,0,1,72.83573806881243,0.08490636379120765,36,23.531089560752992,0.5701505093444933,12
slp60,42,1,1 X,74.97973520670091,0.08497476100175042,38,22.45882548660789,0.9871250186623454,10
slp60,43,1,1 X,79.48369565217392,0.03997895567393471,40,17.485064840448786,0.959571649226883,9
slp60,44,0,1,77.82632441288911,0.04870261387582754,39,25.769506084466713,0.6865866458228139,13
slp60,45,1,1 X,76.77801724137932,0.0666138664409751,39,18.552875695732837,0.901361192863327,9
slp60,46,1,1 X,78.5024154589372,0.08021706252609591,40,15.901862789641072,1.362264860818339,8
slp60,47,0,1,73.56948228882834,0.07745265379731617,37,23.605150214592275,0.863347166890882,12
slp60,48,1,1 X,76.04823239243629,0.05411823217108625,38,22.434938677834282,0.832548280882256,11
slp60,49,1,1 X,76.52006066455259,0.049851554658066094,38,19.2967409948542,1.1294663439971206,10
slp60,50,1,1 X,72.46376811594203,0.11417725011772026,37,15.69037656903766,1.4979826434241486,7
slp60,51,0,1,79.66771074492715,0.06227119327717312,40,22.33989740195267,0.587106232631763,10
slp60,52,1,1 X,75.91300779647108,0.06567049251040784,38,19.418872266973533,0.943391727023978,10
slp60,53,1,1 X,76.75286958926843,0.07946056259576231,38,16.504243948443886,0.8857975997681987,8
slp60,54,0,1,77.28813559322035,0.06795281074050304,39,15.918738629472406,1.9937923253776193,8
slp60,55,1,1 X,74.53416149068323,0.06664916436918854,37,23.091133004926107,0.9336126820046953,11
slp60,56,1,1 X,74.90889458766365,0.0633780960058252,38,20.949720670391063,0.8128935969731832,9
slp60,57,1,1 X,79.1117279666898,0.04878774197801145,39,21.562050790608534,1.1550238092784062,10
slp60,58,0,1,79.20389926888707,0.04271422398881279,40,21.95121951219512,1.046320962016701,10
slp60,59,1,1 X,72.56392536281963,0.06555658095204821,36,22.078304386223138,0.7914042203577132,11
slp60,60,1,1 X,73.04206681996483,0.07446492255658382,37,19.30812550281577,0.8159397955731783,9
slp60,61,0,1,78.7292817679558,0.048841197813711705,39,19.4300518134715,1.2935810759283701,9
slp60,62,1,1 X,71.26374372200354,0.057952661892342466,36,22.21235006663705,0.993041469426126,11
slp60,63,1,1 X,73.46938775510202,0.11558354361913097,37,17.97945205479452,1.0058246692670259,8
slp60,64,1,1 X,77.22530822381792,0.062045377014442155,39,15.7260178228202,1.3660637694566908,7
slp60,65,0,1,73.58953393295178,0.08960406736799892,37,17.69128704113224,1.3870074801528651,9
slp60,66,1,1 X,71.24440222553943,0.093179239169704,36,23.470839260312946,0.7333478986782929,12
slp60,67,0,1,77.9220779220779,0.05330942446549303,39,21.040819189227097,1.1640624725503355,11
slp60,68,1,1 X,73.16081831730118,0.04501344106534413,37,25.82866982350409,0.8140812817730999,13
slp60,69,1,1 X,75.08116883116884,0.08978116402771201,38,15.295717199184228,1.2066033132540104,7
slp60,70,0,1,78.3612867748144,0.049788027129314565,39,17.485064840448786,0.9381160642479162,9
slp60,71,1,1 X,75.26444263628966,0.0667119008945496,38,23.988485526947066,0.724762140291558,11
slp60,72,1,1 X,67.63219018991666,0.12005961176220835,34,18.782282047268744,1.1134970812714327,9
slp60,73,0,W,64.85355648535565,0.06120673417208671,32,20.775623268698062,0.5907588340431313,9
slp60,74,0,W,69.068255687974,0.07523122373204794,35,23.411893241766816,0.6594544411860459,11
slp60,75,0,W,68.89099013913278,0.040389967578210055,35,18.248175182481752,1.11874572624882,9
slp60,76,0,1,71.58440141805289,0.043842240371773054,36,18.89168765743073,0.910765246006529,10
slp60,77,0,1,73.49853002939942,0.034120745978399245,36,24.180548092423425,0.9975596891080418,10
slp60,78,1,1 H,73.48938486663037,0.03542475942398074,37,25.045537340619305,0.5784529952974529,12
slp60,79,0,2,74.40066133921191,0.03975790937693644,37,23.437499999999996,0.6965489533725855,10
slp60,80,1,2 H,75.86112629852379,0.033693674423080675,38,16.248839368616526,3.097982701101885,8
slp60,81,1,2 H,74.56503728251865,0.04435713646703938,37,24.578076355890552,0.6422187789219497,11
slp60,82,1,2 H,75.22363784223367,0.045440398356261666,38,19.908568057808584,1.5130039125878598,10
slp60,83,1,2 H,74.25742574257426,0.04728166193732571,37,14.893264934635113,3.1016369154940677,7
slp60,84,1,2 X,75.23383489223261,0.05637980356313229,38,17.8359096313912,1.1170921435328676,8
slp60,85,1,2 X,72.13520197856555,0.09146399313837289,36,14.016071762287424,0.5961122042032021,6
slp60,86,0,1,75.03041773692037,0.06185862436497637,38,13.011421136330778,2.020502137808542,7
slp60,87,1,1 X,70.38365995031741,0.09562556737059444,35,16.916384726921216,1.3546174397826365,8
slp60,88,1,1 X,71.82925160760705,0.05678217599039405,36,19.841269841269842,1.8157067101112054,8
slp60,89,1,2 X,72.42489270386267,0.1220374360697124,37,16.077170418006432,0.7707208746794567,7
slp60,90,0,W,63.110749185667764,0.0655173917065154,32,25.888105853588378,0.8620942846090301,13
slp60,91,1,1 X,68.06930693069306,0.059311755137752095,34,27.464788732394368,0.565787339562726,14
slp60,92,1,1 CA,71.27882599580711,0.06806357703670254,35,19.10523801942366,0.910130622493277,9
slp60,93,1,W X,68.0599477519593,0.06281431524886388,34,22.354694485842025,0.9821319214398395,10
slp60,94,1,W CA,68.89099013913278,0.04995347316222225,35,28.429800262428927,0.33185182406624597,14
slp60,95,1,2 X,66.53225806451613,0.07809918113312016,34,16.064871481028153,1.4912663294348607,8
slp60,96,1,1 OA,70.98431584640346,0.05921213334016835,36,23.393636930754834,0.6683563121569213,11
slp60,97,0,1,71.06118029236599,0.05836140743291769,36,21.126760563380284,0.7998999937492187,11
slp60,98,0,2,72.97297297297297,0.06753727822926597,37,23.40757554263016,0.8919271363339751,12
slp60,99,1,2 HA,69.56758968762787,0.05573056785796845,35,23.396880415944537,0.7329779610315884,10
slp60,100,0,2,70.160957490714,0.06613910055963393,35,15.695849319846529,0.5923272368847777,7
slp60,101,1,1 OA,70.51712558764271,0.05939559524656586,36,24.560881214647218,0.8154099308764278,12
slp60,102,1,2 X,69.7865353037767,0.11058322892297523,35,20.785219399538107,0.9184063491844021,10
slp60,103,0,1,73.80073800738006,0.05061730051189129,37,21.468441391155004,0.8610524722686765,11
slp60,104,1,2 X,72.90400972053463,0.05653219338473334,37,18.936405239072116,0.7589636025528497,9
slp60,105,0,W,69.24643584521385,0.06658750779066315,35,20.764119601328904,1.4447557025324387,11
slp60,106,1,1 X,71.47719537100068,0.07301596135260356,36,24.052478134110792,0.9667433958338839,12
slp60,107,0,W,66.61115736885928,0.06660658751204719,33,23.109243697478988,1.2083918142967967,12
slp60,108,1,1 OA,69.03086085544125,0.06474223577716177,35,15.03508185766789,1.3764857023917425,7
slp60,109,0,1,72.22147920288886,0.07445099473669878,37,22.703193582563944,1.0129577286343197,11
slp60,110,0,1,74.93923845530651,0.08081484216646138,38,21.149929500235,0.83152075466106,10
slp60,111,1,2 X,70.40364757945554,0.08371894672543562,36,23.109243697478988,0.802629233177071,12
slp60,112,0,2,94.78354396343101,0.12719017246956774,48,20.230780758279632,1.7165320191710687,10
slp60,113,1,W X,76.3306285242745,0.06268667083025595,38,19.66890673660056,1.2656523021746533,9
slp60,114,0,W,68.83604505632039,0.06161749957149776,34,23.98604448320977,0.7179633269485115,12
slp60,115,0,W,67.88261108063631,0.05707610951456522,34,20.782019704433495,1.0056777089709146,10
slp60,116,0,W,67.35610287113894,0.06108104778514169,34,28.04214819850442,0.598328470555836,12
slp60,117,0,W,73.64975450081832,0.027856776554368218,37,17.092625752889468,0.8561384591434318,8
slp60,118,0,W,72.82563462338743,0.03605057671706033,36,22.097819681791393,0.9775574458823378,11
slp60,119,0,W,72.65877287405813,0.0354832598332659,37,22.38805970149254,1.0007421246255204,11
slp60,120,0,W,75.16251354279524,0.048094866079137766,38,19.653515795603436,0.8797651763010961,10
slp60,121,0,W,72.89641766176062,0.040680898591403815,36,24.995834027662053,0.838569162323538,11
slp60,122,0,W,70.85976515049265,0.06011624114147184,36,18.575851393188856,0.7317868542137116,9
slp60,123,0,W,67.74325988777885,0.10311996098939152,34,21.100343857455453,1.497079164470389,10
slp60,124,0,W,68.88394099638185,0.07463871968131386,34,23.786869647954326,1.4608295725374674,11
slp60,125,0,W,76.50951199338296,0.02813013689798179,38,22.812111157196185,0.450080764102262,12
slp60,126,0,W,79.89620322316306,0.10136187701383875,40,20.30075187969925,0.704379807760165,10
slp60,127,0,W,72.2443924590615,0.03794836448843267,36,23.696682464454977,0.8333677568647699,12
slp60,128,0,W,72.15503023639363,0.033762483707844244,36,20.92374457532548,1.122407641447726,10
slp60,129,0,W,75.12181916621549,0.039674939237586845,38,22.48262706090748,0.8356020247711544,12
slp60,130,0,W,73.93209200438115,0.04072430644961886,37,24.745050989802042,0.39345857836951786,12
slp60,131,0,W,71.88826509653568,0.03198489439388153,36,28.33478639930253,0.5568428331480996,14
slp60,132,0,W,73.62967002999727,0.043426680085056873,37,19.364208487978054,1.354137271475828,9
slp60,133,0,W,72.98283551831328,0.03409119940018551,37,23.490516791369412,0.6349106284925773,10
slp60,134,0,W,75.40760869565217,0.0654985265169745,38,28.287330704611687,0.5170661034837817,12
slp60,135,0,W,71.58440141805289,0.02481184707155113,36,21.76120702161613,1.084110769248235,11
slp60,136,0,W,84.68741393555494,0.08383582153966299,42,17.942583732057418,1.334713452393434,9
slp60,137,0,W,73.46938775510205,0.021468322917472794,37,23.988485526947066,0.6108880093765141,11
slp60,138,0,W,77.26718178121187,0.051619425577517905,39,27.35146634250114,0.5220943933385568,13
slp60,139,0,W,73.21041214750542,0.04580905080660882,37,24.521824423737126,0.5646494133531,11
slp60,140,0,W,73.5795067447881,0.03342856766004892,37,23.013978861234232,1.0979087641152097,10
slp60,141,0,W,75.27465075274651,0.07718086108453431,38,17.972143178073985,0.8952562482328732,9
slp60,142,0,W,75.5718954248366,0.06443515321663426,38,13.210039630118894,1.9520242484832677,7
slp60,143,0,W,75.73689956331877,0.04731900660076224,38,14.967925873129008,1.3402164918019621,8
slp60,144,0,W,75.0710131205194,0.04098081647809256,38,13.354700854700852,1.9627953943292205,6
slp60,145,0,W,72.11538461538461,0.029112589323913744,36,17.20676799541153,1.4129327655624666,9
slp60,146,0,W,74.30851795789184,0.04250127085972086,37,23.062730627306273,1.0585668802678458,11
slp60,147,0,W,69.44444444444446,0.03531372004659679,35,11.874604179860672,2.143845367558024,6
slp60,148,0,W,75.14216084484161,0.06238746479326514,38,12.185215272136473,1.8339483089771096,6
slp60,149,0,W,68.25703254274683,0.03953708259227244,34,16.574585635359114,0.5841734902121687,7
slp60,150,0,W,71.8096019696348,0.03274520061421681,36,11.950286806883366,2.704846494720172,6
slp60,151,0,W,75.58218711698217,0.031089681536287203,38,20.041567695961994,0.8294321722691143,10
slp60,152,0,W,75.54103715802368,0.05089929041540578,38,15.538674033149173,1.388792601106763,7
slp60,153,0,W,74.17582417582418,0.04085868449626629,37,15.968772178850248,1.7813682631305883,7
slp60,154,0,W,73.50939286686632,0.045917263221237334,37,16.175413371675052,1.823176227235194,7
slp60,155,0,W,75.39736448852057,0.034067607770380544,38,16.826923076923077,1.338872629628131,8
slp60,156,0,W,75.0,0.05894935985256352,38,16.900048285852247,1.133479814463371,8
slp60,157,0,W,75.34618517512897,0.029207601800247826,38,13.036676516600034,1.5780587568275144,6
slp60,158,0,W,74.20640373780402,0.033000374109364634,37,12.785543811796796,1.2710748837106332,6
slp60,159,0,W,73.87140902872775,0.05052563216994756,37,11.089753068165013,2.0321962109993215,6
slp60,160,1,1 CAA,69.28406466512702,0.0777764519027979,35,13.26259946949602,1.3914912863543198,5
slp60,161,1,W CAA,73.00792657488527,0.05220043005530877,36,11.731581417175036,3.0876658886608825,6
slp60,162,0,W,72.37386269644334,0.05373665187841574,36,16.489556614144377,1.5425825387605323,7
slp60,163,1,W CAA,71.57464212678936,0.045166720636561866,36,14.102162331557507,1.6821013313379456,7
slp60,164,1,1 CAA,73.0025686088955,0.04209498371921513,37,21.416333523700747,0.8863357377427585,11
slp60,165,1,1 CAA,72.88432986907814,0.071191881212799,37,13.354700854700855,1.7004609257492513,6
slp60,166,1,W CA,71.82925160760705,0.03159002684263447,36,14.691478942213514,1.907534534418709,7
slp60,167,0,W,75.04056246619795,0.0664906173183899,38,14.14871875491275,2.962124837942445,7
slp60,168,0,W,73.06889352818372,0.037833577571209594,36,10.190217391304346,2.209661210834517,4
slp60,169,1,W CAA,72.72727272727272,0.036495052937198055,37,17.011624610150268,1.032443218777672,9
slp60,170,1,W CAA,74.85837604531966,0.0612684044590074,38,14.324367340442466,1.7135280045048058,7
slp60,171,1,W CAA,74.14526980639846,0.02984135005055074,37,13.491635186184563,1.4818008503169378,6
slp60,172,1,1 CAA,72.34394377842084,0.053160181507959356,36,14.343086632243258,0.866050899197039,6
slp60,173,1,1 CAA,71.1767895878525,0.057485146262459194,36,13.658714259697689,1.8156517727802322,6
slp60,174,1,W CAA,72.77628032345014,0.05006464956236555,37,18.475434514848775,1.6734968785358206,10
slp60,175,1,W CAA,71.46746528723115,0.05972716197469138,36,10.077258985555927,0.816629659025436,5
slp60,176,1,W CAA,73.48938486663037,0.05946261404559845,37,19.29570670525808,1.2513096139645057,9
slp60,177,1,W CAA,69.82475355969332,0.046267463737404514,35,17.502917152858814,1.544645806217939,7
slp60,178,0,W,75.12520868113522,0.03005180711889237,37,10.682238997293833,0.9091689391966711,6
slp60,179,1,1 CAA CAA,72.65877287405814,0.05085442792428377,37,17.438480914551445,1.540018037412405,7
slp60,180,1,1 CAA,70.6975491516294,0.04666217276710269,36,15.160265665607856,1.0772894178427255,8
slp60,181,0,W,71.96710075394105,0.05763558991187472,36,17.670817906428812,1.4669095655388533,8
slp60,182,1,1 CAA,71.27341840890578,0.05572457047929613,36,14.634146341463415,1.1610588271056723,6
slp60,183,1,W CAA CAA,74.89878542510121,0.057249750797700664,38,13.36104513064133,1.7372079770584625,7
slp60,184,1,1 HA,73.50939286686632,0.044720807431037624,37,16.223733003708283,2.0973592726014654,8
slp60,185,1,1 CAA,73.03218826075195,0.04998024301019377,37,14.29479034307497,1.4933964272385578,7
slp60,186,1,1 X,73.42942616263258,0.07860229632558022,37,14.895729890764645,1.225138903689428,7
slp60,187,1,1 X,66.24344465912228,0.05818880906153692,33,14.616321559074299,1.2990531166969268,5
slp60,188,0,W,72.23445239405613,0.04934258416666984,36,9.719222462203025,2.7197575055303895,4
slp60,189,0,W,80.19191226867717,0.03305875072265344,40,21.694214876033058,1.0614854435830836,8
slp60,190,1,W CAA,72.55139056831923,0.05530019087770956,37,10.102710894089913,2.24001674100887,5
slp60,191,0,W,71.07080005414919,0.04542566028408279,36,14.161631419939578,1.9973572940262845,6
slp60,192,0,W,71.54538021259198,0.04462355925759763,36,20.036734012355982,1.0674529263625632,9
slp60,193,0,W,72.91385363219011,0.03308723971712909,37,11.467889908256879,2.222271270569819,6
slp60,194,0,W,74.9063670411985,0.03478665133511862,37,12.280989028983134,1.6503063473185817,6
slp60,195,0,W,73.35959788072272,0.02989590995602516,37,9.955201592832255,0.8615816850421091,5
slp60,196,1,W HA,70.73565076798707,0.03446164386617654,36,9.58926002876778,1.522659187080287,5
slp60,197,0,W,75.19306327055955,0.04835563409189782,38,11.829652996845425,1.1610395342106141,6
slp60,198,1,W CAA,73.55946056395588,0.03588097607987335,37,14.485755673587638,1.647667846786279,7
slp60,199,1,W CAA,72.82535401213755,0.049625137994645956,37,12.64115961570875,0.4018963050340226,6
slp60,200,1,1 CAA,73.12119160460394,0.0701626857320599,37,13.091289928434282,1.7424642779695658,6
slp60,201,1,1 HA,70.40309221424629,0.035881388608064016,35,15.303519809556194,1.5000274071570232,7
slp60,202,0,W,71.61369526667576,0.04764001062389573,36,13.204225352112678,1.2173019346078442,6
slp60,203,1,1 CAA,70.67627494456762,0.04571068942848797,35,13.686131386861316,1.3094792858231856,7
slp60,204,1,1 HA,70.95553453169347,0.03042104534693046,36,12.562814070351758,0.162303419557322,6
slp60,205,0,1,72.80543613923172,0.05228043689213636,36,13.25088339222615,0.5018153710944562,7
slp60,206,0,2,70.65948855989232,0.04409414788326248,36,10.247651579846286,0.3716597906688318,5
slp60,207,1,1 HA,71.78014766201804,0.06766968995625375,36,11.240164855751216,0.7364265068559118,5
slp60,208,1,1 HA,73.07171853856563,0.04970679462708056,37,10.920209668025624,0.8203359311891684,6
slp60,209,0,1,71.13821138211382,0.043557702756088446,36,13.814274750575596,0.3734481966157497,7
slp60,210,0,2,74.95948136142624,0.04578477295590547,38,14.073494917904615,0.4157397690329321,7
slp60,211,0,2,75.06086015688396,0.05407912931902267,38,12.987012987012987,0.19191664857432245,6
slp60,212,0,2,73.97260273972603,0.03747723588895721,37,13.276294438707776,0.2699769537489367,7
slp60,213,0,2,73.56948228882834,0.03842195874210795,37,12.906926717338306,0.14038835026058571,7
slp60,214,0,2,75.20325203252034,0.04846258713772728,38,12.966804979253112,0.08628881735196045,6
slp60,215,0,2,71.60392798690671,0.0531208556606767,36,12.822704735852282,0.4801293159139525,6
slp60,216,0,2,72.26428079834824,0.03543410095097773,36,13.820638820638822,0.3714308669037738,7
slp60,217,0,2,72.32401157184187,0.03282089926512416,36,14.060303077644118,0.29567925565081876,7
slp60,218,0,2,73.52941176470588,0.05075431016179807,37,13.321492007104794,0.7650394325349074,7
slp60,219,0,2,72.51242110917148,0.04258484631652988,37,15.182186234817813,0.4087770378417393,7
slp60,220,0,2,73.7503414367659,0.0576755505895043,37,14.263074484944534,0.3131063007279725,7
slp60,221,0,2,75.62338193214333,0.03519479342594733,38,14.404609475032013,0.38627566437570054,7
slp60,222,0,2,69.02151847340642,0.07055224572728093,35,15.709547914121138,0.2894354658449597,7
slp60,223,0,R,73.68995633187772,0.038820892936601306,37,13.50621285791464,0.8928465937662527,6
slp60,224,0,R,72.75666936135812,0.0494368283772331,37,14.565463667260074,0.23904718269738195,7
slp60,225,0,R,70.37394784048573,0.033915220986053915,35,14.497422680412372,0.39074401964571237,7
slp60,226,0,R,74.05375754251233,0.048317877477706085,37,14.914772727272727,0.46360926546005105,8
slp60,227,0,R,71.2734184089058,0.08106910128818172,36,18.601767167880947,1.150225956062547,9
slp60,228,0,R,71.061180292366,0.03885647058241973,36,17.657445556209534,0.8956606500232105,9
slp60,229,0,R L,71.03233662562576,0.04222915135886342,36,12.964563526361276,0.387789633693321,6
slp60,230,1,R HA,69.65310024583448,0.06494799623185363,35,16.449945166849446,0.3652783115625114,8
slp60,231,0,R,75.04056246619795,0.06736288999246787,38,17.931858936043035,0.9939114648699853,9
slp60,232,0,R LA,67.02038536721587,0.04200520801043606,33,19.31745009658725,0.727453091271183,9
slp60,233,0,R L,70.03570447679209,0.04189028345273957,35,13.771996939556237,0.4751556470135748,7
slp60,234,0,R,73.92197125256673,0.060599779977598384,37,15.239477503628446,0.854473175800894,8
slp60,235,0,R,71.46746528723115,0.04285546663388654,36,17.224409448818896,1.0076925349023675,8
slp60,236,0,R L,71.33152173913044,0.08979250457332737,36,16.28001628001628,1.194160688517253,9
slp60,237,0,R LL,65.59169171904892,0.05827038269996174,33,16.519823788546255,0.6521489750925671,8
slp60,238,0,R,72.33397630201158,0.06363528734843873,36,14.950875694147802,0.48378845098464507,8
slp60,239,0,R L,72.75666936135812,0.06461166045433801,37,12.827090815802975,0.5456304976813522,6
slp60,240,0,R,68.98417421885569,0.07185731729227654,35,15.436636283446047,0.7441404300209986,8
slp60,241,0,R,71.5161422149571,0.051787194067527485,36,14.55839534131349,0.24422576076700478,7
slp60,242,0,R L,67.53069577080491,0.06729947598162474,34,14.005602240896359,0.9153797026371079,7
slp60,243,0,R L,75.55132044650149,0.03945131348720338,38,14.955134596211368,0.4398753070067536,8
slp60,244,0,R L,70.45171985080812,0.03721312414990899,35,12.581781580271764,0.7302882718488637,6
slp60,245,0,R L,73.33967132962108,0.0342343052262053,37,13.111888111888113,0.21935177227458202,6
slp60,246,0,R LL,70.26729126481125,0.055104053820067035,35,14.686684073107049,0.19333793097981467,7
slp60,247,0,R,68.92230576441102,0.049185542904943064,34,14.774166314900802,0.5062837794222945,8
slp60,248,0,R L LA,75.46913244492794,0.0660378623937799,38,14.720314033366046,0.2701209605590306,7
slp60,249,0,R,75.87149692412851,0.05879411527724929,38,12.201073694485114,0.4949834744716233,6
slp60,250,0,R L,73.78057111627272,0.057238832540656204,37,11.87460417986067,1.569098390796447,6
slp60,251,0,W,72.22451506397029,0.06508910062681895,36,14.947683109118087,1.4786800420194584,7
slp60,252,0,W,91.64969450101833,0.07855132787617988,46,14.805066622799801,1.37681064622393,7
slp60,253,0,W,77.75201200381937,0.05367647003020082,39,12.274959083469723,0.3956887665830305,6
slp60,254,0,W,71.58440141805289,0.05935533949469595,36,11.131725417439704,1.5074256200555964,5
slp60,255,0,W,69.69117245148946,0.04429907791927807,35,13.930163447251115,1.748905760754421,6
slp60,256,0,W,73.66984993178718,0.03082967946318074,37,9.000900090009,0.38027884505978,5
slp60,257,0,W,81.20178643930167,0.05370279322344416,41,23.852116875372687,0.8236830397671182,9
slp60,258,0,W,78.36570663094439,0.047602783359415514,40,16.27906976744186,1.3854209998909268,8
slp60,259,0,W,82.11304228821677,0.0590957697301592,41,9.827473247433936,2.5284858886078223,4
slp60,260,0,W,74.23700852350838,0.02823621700258876,37,13.26259946949602,1.854901974049662,7
slp60,261,0,W,82.47284430736221,0.03036294432139885,42,23.73759171342252,1.0373511085037936,12
slp60,262,0,W,83.07442928542483,0.09547028154322003,42,21.875455738661223,0.8502537033144871,11
slp60,263,0,W,82.50825082508251,0.07466833331473254,41,17.99177518848526,1.1450439079006571,8
slp60,264,0,W,78.28594973217963,0.044679343854996584,39,15.584415584415584,1.3279091334374753,7
slp60,265,0,W,77.01661937576003,0.049370216553591056,39,15.933232169954477,2.1753379845299383,8
slp60,266,0,W,78.01806734191076,0.06252702462826987,39,18.154311649016645,1.246927022724265,9
slp60,267,0,W,79.3220338983051,0.031881767113716084,40,17.81472684085511,0.3946340076577283,9
slp60,268,0,W,86.08909538125171,0.09005737652052516,43,23.68171771392485,0.8237751149433927,11
slp60,269,0,W,91.8867410835829,0.12805319882140806,46,20.00889284126278,1.2287967013844614,10
slp60,270,0,W,103.16925151719488,0.012847911101993844,52,16.074709124311084,0.8225574851197517,8
slp60,271,0,W,104.50819672131148,0.01829351868384582,52,21.48381552563735,0.30308177114435636,11
slp60,272,0,W,98.93659981154933,0.02067934118921567,50,19.14180890094114,0.2731881219965465,9
slp60,273,0,W,99.83700081499593,0.013750680570791167,50,21.698249674526252,0.38226713172858584,11
slp60,274,0,W,102.09637898175879,0.05887391272881394,51,19.627798778714737,0.873519120752939,10
slp60,275,0,W,96.74818597151304,0.0290282429521473,49,17.067620286085827,1.028179925491484,8
slp60,276,0,W,100.20040080160321,0.023078994778802674,51,19.559547957113878,1.6793114403172054,10
slp60,277,0,W,91.78678270329071,0.050452099272355895,46,20.535442652874963,0.7245905783080812,10
slp60,278,0,W,89.62520369364475,0.0219601442136498,45,19.994075829383885,1.2414210893116222,10
slp60,279,0,W,84.05084050840509,0.04103155298393721,42,19.970414201183434,0.5725869387867101,10
slp60,280,0,W,77.04053303720156,0.057755232751270244,38,17.693895606015925,1.3282947715021693,9
slp60,281,0,W,77.20438845997563,0.04189116620594589,39,19.090041361756285,1.4118438298905442,9
slp60,282,0,W,77.03743749155291,0.03645222274342524,39,25.380710659898472,0.7230440700764561,12
slp60,283,0,W,74.89878542510121,0.05343669069417358,38,19.023462270133166,0.9042521772160685,9
slp60,284,0,W,76.67864050842775,0.043245135093751816,38,15.737410071942445,1.8325120040256104,8
slp60,285,0,W,71.78014766201804,0.0370264549659691,36,11.72241325414192,2.7675266647315255,6
slp60,286,0,W,76.28865979381443,0.04598802524607466,38,18.315018315018317,1.0146940425566713,9
slp60,287,0,W,77.02702702702702,0.1023993594162789,39,28.744809964867457,0.5939513635157531,13
slp60,288,0,W,74.17582417582419,0.07098739237740184,37,39.0625,0.0,2
slp60,289,0,W,71.86858316221765,0.039523694778949896,36,32.2104415514696,0.39693505451144023,17
slp60,290,0,W,73.3695652173913,0.047827880706126896,37,27.548209366391184,0.5824809009744439,5
slp60,291,0,W,73.28308207705192,0.044406140410110505,36,33.78854005349852,0.3659357013192346,17
slp60,292,0,W,72.93354943273906,0.02904402788105594,37,31.31524008350731,0.42295153386647033,5
slp60,293,0,W,70.56870070568701,0.034109735390983414,35,32.62642740619902,0.5204027286630999,17
slp60,294,0,W,72.94340132378765,0.03187688508102909,37,32.06412825651303,0.5006639966085039,17
slp60,295,0,W,74.63690155997848,0.05291491578597626,38,34.33476394849786,0.39580771846946083,17
slp60,296,0,W,72.70461154964686,0.02556374984470096,36,32.74662300450266,0.37894186559418325,17
slp60,297,0,W,73.97260273972601,0.03403411505613624,37,29.38706968933669,0.7473101697393916,15
slp60,298,0,W,73.80073800738008,0.045717733004941426,37,31.7976257772753,0.4781931920143667,16
slp60,299,0,W,72.72475412106941,0.031370127477573034,36,32.948929159802304,0.38944447614518807,13
slp60,300,0,W,72.5026852846402,0.028359247408565803,37,18.703241895261844,0.9302236290269131,9
slp60,301,0,W,75.9233926128591,0.03850773783150507,38,22.858884486437066,0.9998652709240382,11
slp60,302,0,W,76.2991476491614,0.026880467490456313,38,33.10344827586207,0.43496637801099064,17
slp60,303,0,W,74.05375754251234,0.03193666571957613,37,32.555615843733044,0.5064770478511341,17
slp60,304,0,W,72.9631130928253,0.04352649257125543,37,34.22359414843645,0.37299112673472196,18
slp60,305,0,W,74.92715415568198,0.030923841136205627,37,26.996073298429323,1.0548289274170017,12
slp60,306,0,W,77.1103896103896,0.0242397992367101,39,16.741071428571427,1.0071175275436897,8
slp60,307,0,W,72.7247541210694,0.061362382946038914,36,15.466195315952275,2.790107773501788,8
slp60,308,0,W,73.53942530300966,0.030265287943797698,37,16.087023134671362,1.4638264645672134,8
slp60,309,0,W,73.21041214750542,0.0362678649039526,37,13.621503814021068,1.9818397917087043,6
slp60,310,0,W,75.5718954248366,0.030698134414612523,38,14.929617517417888,1.2010694554165857,8
slp60,311,0,W,73.76041524381915,0.034229977476251575,37,14.146494812951902,0.5567317327243186,7
slp60,312,1,W HA,71.88826509653568,0.038933706083389426,36,12.879221522610187,1.3121984944698302,7
slp60,313,0,W,77.19393282773565,0.04586575618070305,39,14.819693726329655,1.065185847112554,7
slp60,314,1,W HA,76.46900992755566,0.03152978629522748,39,16.613595458950574,1.2356106789761896,9
slp60,315,0,W,72.30851633636851,0.056627001368169026,37,20.700362256339485,1.1553768865612641,9
slp60,316,0,W,73.61963190184049,0.04636449791237543,37,16.245487364620942,1.6176223979106565,7
slp60,317,0,W,75.09132728994724,0.050838635279749377,38,14.819693726329655,1.952048382824793,7
slp60,318,0,W,72.18286325357572,0.03776911665421241,37,11.612154054577125,0.6266250872730837,5
slp60,319,0,W,72.5319006044325,0.038653094680698726,37,12.337217272104182,0.8351204836562341,7
slp60,320,0,W,76.58202337767028,0.058867709333862026,39,19.27470017133067,1.227489257200734,10
slp60,321,0,W,71.81942544459643,0.04438937177445309,36,16.304347826086957,1.8665167558851434,6
slp60,322,0,W,68.77022653721683,0.053187921723837246,35,13.539942831352489,1.8873874948074536,7
slp60,323,0,W,72.80543613923172,0.03348668940559723,36,13.125656282814143,1.5361070796008982,6
slp60,324,1,W CAA,73.29985068548933,0.04993464865003525,37,19.083969465648853,1.5409918883628166,9
slp60,325,1,W HA,73.43941248470011,0.035868587309170044,37,12.05787781350482,0.6387738253873588,6
slp60,326,0,W,72.77628032345015,0.06012415138899603,37,11.399908800729593,0.9641291199834181,6
slp60,327,1,W HA,72.40547063555913,0.038291281282065,37,9.510223490252022,4.859528680849615,5
slp60,328,1,1 H,71.98683669271905,0.06871945926469922,36,13.580805794477138,1.5602098149501136,7
slp60,329,1,1 CAA,71.24440222553942,0.048259705590414335,36,13.521634615384617,2.61967801244521,7
slp60,330,1,1 X,70.40309221424629,0.05221621273103133,35,9.305210918114145,3.881666652354372,5
slp60,331,1,1 OA X,69.54861584617483,0.05321406791649604,35,10.995455211845771,2.3720147048448075,6
slp60,332,1,1 X,71.49666348903719,0.05339919742575056,36,17.39274474076528,2.308189501646302,8
slp60,333,1,1 X,71.26374372200354,0.0518932656556529,36,21.09704641350211,1.1842995116664252,7
slp60,334,1,1 X,70.18026696023118,0.055292240268504544,35,15.845070422535212,1.622984356739837,7
slp60,335,1,1 X,75.11165245635404,0.03213303245911068,38,15.450264861683344,1.1190841736684074,8
slp60,336,1,W X,73.59956385443643,0.05091884125804247,37,16.89902830587241,1.5708621040689728,9
slp60,337,1,W HA,73.01243915630072,0.04787432106342554,37,14.890800794176041,1.3057956280453011,7
slp60,338,0,1,71.13821138211381,0.0470587995198018,36,11.842728564661298,2.6153462179986806,6
slp60,339,1,1 HA,70.17061089708311,0.06427191371612927,35,22.71580010095911,1.563177390943061,4
slp60,340,1,1 HA,82.45155970867116,0.06469242614093244,41,22.278330610426263,0.9859704660891216,11
slp60,341,1,1 X,91.46341463414635,0.06467972376770534,46,20.542317173377157,0.8549017253462529,11
slp60,342,0,W,81.14687584527995,0.11018729509339995,41,29.648454044896233,0.43692029815376576,15
slp60,343,0,W,75.09132728994724,0.0726362602049888,38,26.712328767123292,0.43140019723861367,14
slp60,344,0,W,76.41470466749279,0.06092522569814258,38,29.43237561317449,0.49270009920346275,15
slp60,345,0,W,69.67213114754097,0.037617635560868425,35,28.097404335028095,0.48070628310044466,15
slp60,346,0,W,70.3448275862069,0.03559324223407534,35,28.668941979522177,0.48605979308000735,15
slp60,347,0,W,70.61197041022193,0.04526781980838134,36,28.704209950792787,0.37931581801438014,15
slp60,348,0,W,70.65948855989232,0.057407387706333635,36,28.02989855846236,0.494770035223539,15
slp60,349,0,W,70.87889833940868,0.0483046116867125,36,30.974669603524227,0.3742269305589264,16
slp60,350,0,W,70.95553453169347,0.04286003799744999,36,29.58163121566418,0.4529458227728201,15
slp60,351,0,W,71.40914036996736,0.04288928318641963,36,28.73170064304282,0.43779046334510113,15
slp60,352,0,W,77.08953205301594,0.07538047536651647,39,30.315278900565882,0.44751449883402283,16
slp60,353,1,W HA,70.04532344458178,0.06578490692581966,35,30.71672354948805,0.38130069790418986,16
slp60,354,1,W CAA,71.97696737044146,0.042139360629768856,36,27.643889991494188,0.4411747631014643,14
slp60,355,0,W,73.09149972929075,0.05077279333668649,37,31.574515857423517,0.3616951693837721,16
slp60,356,1,W CA,71.88826509653566,0.05962122618870647,36,30.463038180341186,0.41963234702137386,16
slp60,357,1,1 HA,70.96512570965125,0.05006131750367824,36,30.35208417644678,0.36188307503943873,16
slp60,358,1,1 CA,69.81519507186859,0.07114612868102928,35,31.574515857423517,0.4045460775843573,16
slp60,359,1,W CAA,69.89173632999862,0.07200663175917228,35,29.05368013281682,0.4324162771389322,15
slp60,360,1,1 HA,73.02231237322515,0.06659579566308972,37,31.81561085972851,0.44691503542495514,16
slp60,361,1,1 X,70.58349018553375,0.056861708359413725,36,32.53325621746674,0.38164686411509907,16
slp60,362,0,W,80.63404548587181,0.05056795117199303,40,30.463038180341186,0.4079131933798333,16
slp60,363,1,1 H,74.49303352186507,0.03596483193068568,37,31.01309441764301,0.40412187380651515,16
slp60,364,0,W,73.17073170731707,0.04279148409568323,37,29.791459781529298,0.396578941880248,15
slp60,365,0,W,71.6821409066084,0.03234588577440123,36,13.684050478941769,0.8719125848131539,7
slp60,366,0,W,71.62346521145975,0.07073999532637469,36,10.615711252653929,1.856412023231912,6
slp60,367,0,W,74.10456978180322,0.053718401564702825,37,15.59900166389351,1.4740433643553366,6
slp60,368,0,W,67.96649732253192,0.07235927097131688,34,14.825064241945048,1.5108977993233028,6
slp60,369,0,W,71.28309572301427,0.04589962429262446,36,15.285326086956523,1.2033058168599073,7
slp60,370,1,W CAA,70.0164744645799,0.03989467101113263,35,12.558606831882114,1.8371954278192615,6
slp60,371,0,W,69.5012264922322,0.05767634310211786,35,11.082379017362392,2.7714148011439934,5
slp60,372,1,W HA,71.12857336404282,0.05868479620926061,36,9.279307145066502,0.22199999999999998,3
slp60,373,1,W X,72.7664735210888,0.06281650722737547,37,9.44386149003148,4.356416060121999,4
slp60,374,0,1,69.77698727596113,0.05312347697796497,35,11.042402826855124,1.6166426444950657,6
slp60,375,1,1 X H,80.34279592929833,0.0624768757221422,41,19.852524106636416,1.0735295210906226,8
slp60,376,1,1 X,72.90400972053463,0.057591473134291124,37,13.711151736745888,1.410391151418641,6
slp60,377,1,W X,72.85483000539665,0.06437237349310494,37,12.958963282937365,2.0895348764737096,5
slp60,378,0,W,73.97260273972604,0.07595385213615559,37,19.13962814436748,2.4228103769071527,8
slp60,379,0,W,69.15254237288136,0.06575081406471718,35,9.188361408882082,2.203358345798522,5
slp60,380,1,W CA,69.92048258842885,0.052622833729834284,35,15.706806282722514,1.5897924392825626,7
slp60,381,0,W,71.5356315574329,0.04647846988945856,36,10.743061772605193,1.3682496117302576,5
slp60,382,0,W,70.32819825853986,0.056532742905400966,36,14.687882496940025,1.228701346951325,5
slp60,383,0,W,71.996708721887,0.07120797937401828,36,19.925611052072263,1.342407151351631,6
slp60,384,1,1 H,73.38950801848328,0.07849856489999055,37,19.656019656019655,1.652938519727821,9
slp60,385,1,1 HA X,68.9607132906102,0.054295454016937895,34,9.807126511932003,2.1639787429639874,5
slp60,386,1,W HA,69.76744186046511,0.05597478423887166,35,6.746626686656672,5.705178310583777,4
slp60,387,0,1,69.13379422529484,0.06973891002112274,35,6.694436179708421,9.160760570073982,4
slp60,388,1,1 X,68.28528072837634,0.04403488057291298,34,4.948861761794788,7.108,3
slp60,389,1,1 X,68.55955678670361,0.05643774860322908,34,15.015015015015015,2.070628338037929,8
slp60,390,1,1 OA,69.21824104234528,0.05531113630461734,35,12.842465753424658,0.9119999999999999,3
slp60,391,1,1 X,67.84539473684211,0.09142303210295571,34,10.34126163391934,0.13800000000000034,3
slp60,392,1,1 OA,71.66257166257166,0.05480997972587675,36,21.495103893002145,1.0047604468506688,7
slp60,393,1,1 X,71.48864592094196,0.06236492670600184,35,9.196811771919068,0.0,2
slp60,394,0,1,67.1368506713685,0.08240053134886229,34,6.9252077562326875,9.349261075971015,4
slp60,395,1,1 X,69.26524514464214,0.058040076835158834,35,13.043478260869566,1.6,3
slp60,396,1,1 X,82.9623634156212,0.0701953761923564,42,27.243007628042136,0.6985612643140184,11
slp60,397,1,1 X,92.15017064846415,0.06072679153286911,46,22.907758094074524,0.90345080662978,11
slp60,398,1,2 X,75.53075666848123,0.0779990822369262,38,15.107913669064748,1.3803874049538059,8
slp60,399,0,W,65.47537852953212,0.06626733263833696,33,11.229225932025754,1.613561328242593,6
slp60,400,0,W,70.40364757945554,0.06604547598404589,36,14.111006585136407,1.9826541133877422,7
slp60,401,0,W,66.74757281553399,0.05782542359831936,34,11.957908163265307,1.1096106704605901,6
slp60,402,0,W,71.62346521145975,0.039066662023170766,36,16.052591346888853,1.371735679899814,8
slp60,403,0,W,71.5064015254699,0.03737789371775127,36,13.544018058690746,1.4696389579303708,7
slp60,404,0,1,66.39004149377594,0.0683588874982617,33,12.91100017214667,1.7703177567883117,6
slp60,405,0,W,65.68144499178982,0.0712583328460609,33,11.27141568981064,3.1612700232659665,6
slp60,406,0,1,69.23703502579419,0.06416069790541046,35,9.185548071034905,4.7936190920848105,5
slp60,407,1,1 HA,66.09749380335995,0.0874639211332307,33,11.547344110854503,0.0,2
slp60,408,1,1 X,67.83609702617514,0.08543795239719598,34,15.527950310559007,1.5937603332998347,5
slp60,409,1,1 X,70.26729126481123,0.07485349011702101,35,26.288117770767613,0.7944874070745237,6
slp60,410,0,1,67.08226046889823,0.07264985778752282,34,13.66950182260024,1.892784427474214,7
slp60,411,1,1 X,68.64064602960968,0.09960503315474468,35,5.277044854881266,8.930000000000001,3
slp60,412,1,1 X,71.39942880456957,0.07747661134899002,36,10.476689366160294,4.451367767327252,5
slp60,413,1,1 X,67.93851221520725,0.04960701392986328,34,12.697516930022573,1.4647205270024115,7
slp60,414,1,1 X,66.3441603317208,0.0881042528769185,33,17.723513194170934,1.6489457911715055,4
slp60,415,0,1,68.90960680989055,0.0576702234370587,35,8.775778850372971,4.2353610235728425,5
slp60,416,1,1 H,69.35001359804188,0.0801676444151421,35,4.74158368895211,7.774000000000001,3
slp60,417,1,1 X,67.53990994678674,0.04628620985931444,34,10.229597635826325,0.7470213443328704,4
slp60,418,1,1 X,68.0973999174577,0.06462027247176438,34,13.540961408259987,1.580069302277593,5
slp60,419,1,1 X,66.85236768802228,0.06415411132577553,33,14.609203798392986,1.6865761174640175,5
slp60,420,1,1 CA,68.4931506849315,0.0736511021539043,34,4.730368968779565,7.9399999999999995,3
slp60,421,0,1,64.53347674105943,0.08045456792500971,33,9.58926002876778,3.5741341608842836,5
slp60,422,1,1 X,70.31877846236272,0.08615081223633118,36,21.17314930991217,0.7455351214288637,10
slp60,423,1,1 X,64.5682001614205,0.09083191894923283,33,19.907100199071003,1.3326424876912788,9
slp60,424,1,1 CA,68.22880771881461,0.10165715983189398,34,12.239902080783354,1.494,3
slp60,425,1,1 X,67.65992345544014,0.06107310948004093,34,8.72346612387322,7.090408450858103,5
slp60,426,1,1 OA,72.82535401213755,0.07869765554102817,37,9.474182851729038,2.7962036764155793,5
slp60,427,1,1 X,70.2341137123746,0.05799141386130065,36,9.91571641051066,2.1139619201868327,5
slp60,428,1,1 CA,65.68144499178982,0.10374367450596687,33,30.434194508318672,0.5299073965221556,16
slp60,429,1,1 CA,66.81965442764579,0.07592737335029519,34,17.678255745433116,0.9474112095600304,5
slp60,430,1,1 X,71.87842278203725,0.07519131517370221,36,13.75641966250917,1.63080466028277,6
slp60,431,1,1 X,69.05890318212593,0.07540185306984691,35,12.76595744680851,0.0,2
slp60,432,0,1,64.62035541195476,0.11616690578645883,33,15.544041450777202,2.1239999999999997,3
slp60,433,1,1 CA,72.30409034568241,0.08914241758133386,36,13.847858197932052,1.7769428128108118,6
slp60,434,1,1 X,77.70961145194273,0.08414267002934712,39,16.203703703703702,1.531876480340503,8
slp60,435,0,1,69.64358869315855,0.07034713727781246,35,7.158765510658608,3.853400691452796,4
slp60,436,1,W X,73.24020073240202,0.08600681856403115,37,12.52261026854042,1.8706411259838758,7
slp60,437,0,W,69.39719689753709,0.051610599485364964,35,18.603827072997877,1.832882774567463,8
slp60,438,1,1 X,70.93635995135793,0.0677632372790041,36,10.91901728844404,1.9758307113718017,5
slp60,439,0,W,72.27948065854638,0.0534455994331192,37,16.01423487544484,0.9369586733445372,4
slp60,440,1,1 HA,74.30851795789184,0.06280235507104122,37,14.5748987854251,2.3337711017911666,7
slp60,441,0,1,68.92823354507365,0.11510001668475314,35,20.026702269692922,1.496,3
slp60,442,1,W X,70.76425394257986,0.07387084150386942,36,20.594965675057207,1.8039876816529417,4
slp60,443,1,1 CAA,66.28918657643972,0.07020850642906457,33,31.663383056571906,0.3741784719741221,16
slp60,444,1,1 X,69.86301369863014,0.07715853450116056,35,10.615711252653927,0.2975275897570957,4
slp60,445,1,1 CAA,72.7852488562318,0.07121073067498539,36,11.476664116296863,0.5840000000000001,3
slp60,446,0,1,88.15088150881509,0.08324547161953945,44,16.44376233282175,0.9388994408348531,6
slp60,447,1,1 CAA,95.78804347826087,0.038953629384064305,48,21.05427323767935,1.4617324407685086,10
slp60,448,1,1 CAA,75.2746507527465,0.05722708599784054,38,21.65543792107796,1.4489892262462747,10
slp60,449,0,W,73.3650083845724,0.06024971165990789,36,14.660368138133245,1.5883700940132168,7
slp60,450,0,W,68.71463217461601,0.0627190141861655,35,12.851267991775188,2.363150981211315,6
slp60,451,0,W,70.75471698113206,0.05893965009177758,35,16.849199663016005,1.2924577362529113,9
slp60,452,0,W,70.69754915162942,0.04523953481418749,36,12.550200803212853,2.357646826816943,6
slp60,453,0,W,70.49818718947226,0.0680912712797301,36,15.557860423766483,1.9811297539638375,8
slp60,454,0,W,74.69717362045762,0.06583082552635484,38,31.24566032495487,0.38622540338799866,16
slp60,455,0,W,88.09068560502595,0.06666166197187369,44,32.19747786423397,0.3457914834116074,17
slp60,456,0,W,79.8852929127407,0.039102353929657954,40,30.176749532978874,0.44339589349400493,15
slp60,457,0,W,73.56948228882834,0.038410389540999935,37,28.81053642474963,0.40900047402796735,15
slp60,458,0,W,76.26769273052082,0.03867037756220523,38,27.573529411764703,0.5095687467774174,14
slp60,459,0,W,81.56606851549753,0.08939709167528885,41,23.98464982411257,0.8157199519442931,11
slp60,460,0,W,75.7782632441289,0.06821236122229474,38,22.813688212927758,1.3893350927691994,9
slp60,461,0,W,68.59448554135845,0.0867923585047076,35,11.184014315538324,2.5106243366939625,6
slp60,462,0,W,68.08803301237964,0.03618785798023186,34,14.390789894467542,1.969726433346068,7
slp60,463,0,W,74.76761417216758,0.08940089534034447,38,22.796352583586625,1.2367283003509253,10
slp60,464,0,W,66.90827989963759,0.04225443763677374,33,21.65543792107796,1.874937865637152,10
slp60,465,0,W,69.19945725915875,0.03563288399982985,35,16.74340728338217,1.5866284221581308,9
slp60,466,0,W,69.56758968762789,0.05888385142360773,35,18.034265103697024,1.6486694635371881,9
slp60,467,0,W,70.37394784048571,0.03300099610533957,35,15.909090909090908,1.900112993417787,8
slp60,468,0,W,69.03086085544125,0.0424489108765122,35,12.966431349949575,2.768659282436577,7
slp60,469,0,W,69.91089787525702,0.041605329709156404,35,15.756302521008406,1.8226632528619575,7
slp60,470,0,W,72.88432986907816,0.06744755621596807,37,19.795447047179152,1.6503305729459175,9
slp60,471,0,W,73.66984993178718,0.057047954703060726,37,12.807741568236803,2.2632052982931583,7
slp60,472,0,W,73.75034143676592,0.07309827648235871,37,20.588683849321335,1.9193944518332848,10
slp60,473,0,W,74.93923845530651,0.028520467961946957,38,11.32930513595166,2.3259836628832975,5
slp60,474,0,W,75.88187038556194,0.03483464015685478,38,13.498920086393092,2.36399580371878,6
slp60,475,0,W,72.24439245906152,0.03836767346799826,36,15.053763440860216,1.4791192083983837,8
slp60,476,0,W,70.07419620774938,0.04720858522590083,35,14.333492594362157,1.3551890397038096,7
slp60,477,0,W,73.48938486663037,0.03519820421906368,37,12.95336787564767,1.5782944380987132,7
slp60,478,0,W,76.04823239243628,0.05349134129804686,38,15.107913669064748,1.3282623296346736,8
slp60,479,0,W,73.97260273972601,0.030581201358730308,37,17.2885751332661,1.6855051913298873,9
slp60,480,0,W,76.95423248278657,0.03298971551317,39,13.048016701461378,1.4611679711792207,6
slp60,481,0,W,74.2370085235084,0.031211742013322035,37,13.14252336448598,1.4055369871412928,7
slp60,482,0,W,75.88187038556194,0.02923240044776755,38,11.083197872026009,0.4192,6
slp60,483,0,W,75.89224668398741,0.035170211181699995,38,12.873694750393362,1.5977040471320783,7
slp60,484,0,W,77.8688524590164,0.03399592610431066,39,12.90322580645161,1.413132218395245,7
slp60,485,0,W,76.71601615074024,0.05649955261755069,39,17.576163374623366,1.3092651935107629,8
slp60,486,0,W,72.15503023639361,0.04085678321520035,36,15.058081170228022,2.402451537025274,8
slp60,487,0,W,74.36992149841619,0.05092756899706305,37,19.596458121643202,1.2130799898310067,10
slp60,488,0,W,72.81553398058253,0.03742573598856425,36,13.636363636363638,2.225637287010921,7
slp60,489,0,W,72.49295207410391,0.03696695220809466,37,9.48316737790422,1.684575614212672,5
slp60,490,0,W,72.75666936135812,0.049364854794569056,37,10.1010101010101,0.706535207898375,5
slp60,491,0,W,72.3763570566948,0.0632411609985494,37,19.82815598149372,1.0230431727612153,7
slp60,492,0,W,73.84110488171748,0.04335028158593951,37,10.638297872340425,0.3312883940013595,5
slp60,493,0,W,73.86130488305292,0.03549491356362046,37,12.538311507383673,1.5482474680173781,7
slp60,494,1,W HA,71.54538021259198,0.04965658391926101,36,8.364312267657994,3.39063075089118,4
slp60,495,1,W CAA,70.68607068607069,0.046443178811656376,35,14.2122360584732,2.4329028936223325,8
slp60,496,0,W,73.68995633187774,0.05550931408887416,37,11.846469752013899,1.5387691704735964,6
slp60,497,1,W X,70.07419620774938,0.061464030047007,35,10.477787091366304,3.19128874281222,6
slp60,498,0,W,71.51614221495709,0.04471975320292601,36,14.475969889982625,2.4703546627964177,6
slp60,499,1,W HA,70.30603804797353,0.06021047282709449,35,10.233668770254138,2.6466951089991455,5
slp60,500,0,W,71.03233662562576,0.05273316735011761,36,10.49501486793773,2.904372393478494,5
slp60,501,0,W,69.93006993006993,0.054026137465228476,35,9.705596894208993,1.7753974202977765,5
slp60,502,1,W HA,69.73882127717764,0.03791467382623094,35,14.596172559195589,3.0104791792817447,7
slp60,503,1,W HA,70.18026696023118,0.04070333212004566,35,19.542155220547183,1.5094670501571752,8
slp60,504,1,W HA X,68.77865777407253,0.08673114787098855,34,14.792899408284024,1.4183737166205526,5
slp60,505,1,W CAA,73.70001364815066,0.061827617785158544,37,17.89976133651551,2.018242800061479,9
slp60,506,1,1 CAA,71.13821138211382,0.040376998907996196,36,15.350503155381205,1.6524864766634417,7
slp60,507,1,1 CAA,74.88867899068953,0.07086105087969707,38,11.169024571854058,4.317850576386357,6
slp60,508,0,W,70.92677654687922,0.055733007843335576,36,13.406822583047818,2.9515432498195846,7
slp60,509,1,W HA,66.54651323998337,0.06639924227730312,33,9.666505558240695,5.190345942227744,5
slp60,510,0,W,68.7980574666127,0.05623886279594668,35,11.124295461287453,3.1393406696311246,6
slp60,511,1,W X,66.47864625302175,0.06877503551174563,34,20.21563342318059,1.3840971064199215,6
slp60,512,1,W X,68.9935064935065,0.07942805933041887,35,8.85478158205431,4.172001917545101,5
slp60,513,1,W X,65.58272988113131,0.08231788611838863,33,11.687704534829361,1.3095381781376212,6
slp60,514,1,1 X,67.49386419416416,0.09791538859725063,34,8.836524300441827,6.794224900604925,5
slp60,515,0,1,69.71022416621105,0.05509752285013776,35,8.243267997801794,5.438048996550958,4
slp60,516,1,1 X,66.61115736885928,0.07003882851675919,33,11.325883418906674,4.6867292475670075,6
slp60,517,1,1 X,63.36876533115291,0.07214461139387875,32,11.27141568981064,3.0192485422700797,6
slp60,518,1,1 X,64.47587354409318,0.09291021479087751,32,15.174506828528072,1.515172597429085,5
slp60,519,1,1 X,66.47864625302175,0.08465154633862669,34,11.133102424542306,0.8572597169016062,4
slp60,520,1,1 X,68.78877798759106,0.056509790314458644,35,15.7260178228202,1.2990671866980383,7
slp60,521,1,1 X,65.65449322938039,0.10178892068884512,33,7.087730351236415,4.873295211889202,4
slp60,522,1,1 X,68.34184730084219,0.1080701061443771,34,8.780916142250842,4.950559867328139,5
slp60,523,0,1,67.62295081967214,0.04404355470149749,34,10.700527892709374,2.0266597543741773,6
slp60,524,1,1 OA,69.51069919585662,0.0615010619651187,35,11.453879047037264,3.418014956081965,6
slp60,525,1,1 X,68.48367459878251,0.06318791482830355,34,13.486782952706347,1.6221455421755473,6
slp60,526,1,1 X,65.18196632265074,0.08488668918034206,33,19.75633849193283,0.8836532125217449,5
slp60,527,1,1 OA,68.95110739657333,0.0875032309517611,34,11.992324912056285,5.637797811202526,6
slp60,528,1,1 X,64.05841024934564,0.06990571917490786,32,13.321492007104798,1.0244087725773012,7
slp60,529,1,1 X,83.03349017437031,0.07587120665970722,41,18.287107589149652,1.3400712667615853,9
slp60,530,0,1,62.30738308991023,0.059015298110152555,32,8.034279592929835,0.7499617768037689,4
slp60,531,1,1 X,61.703002879473466,0.06320632879704374,31,11.238059561715676,2.428962535734135,5
slp60,532,1,1 X,62.47480854494155,0.07356264717445408,32,7.72399588053553,2.1559999999999997,3
slp60,533,0,W,64.18219461697721,0.057878123770888544,32,12.35788433020267,2.3998018584874874,6
slp60,534,0,W,70.6880301602262,0.0773255825344091,36,16.765128532652085,1.3793525840119374,8
slp60,535,0,W,68.12551610239473,0.11213176035557798,34,12.63051532502526,2.4343167912167885,6
slp60,536,1,W CAA,67.66917293233084,0.056368197925547855,34,11.540236959532237,0.3917092799513437,6
slp60,537,1,1 CAA,65.47537852953212,0.05978594630011304,33,19.505851755526656,1.3371372405254442,10
slp60,538,1,W HA,65.01677852348995,0.06763235376470661,32,12.577561630051987,0.7953931354996722,6
slp60,539,0,1,67.72737045796603,0.13022248535337502,22,11.239322643488686,3.487951008830256,6
slp60,540,1,1 HA,151.12842557764642,0.08308991007069122,76,7.526342197691921,4.943211371837812,4
slp60,541,1,1 HA H,151.1081262592344,0.08224667504255449,76,4.407875404055245,8.364,3
slp60,542,1,1 X,150.6225733029857,0.08771369993082925,76,9.313877677739832,2.6477469667624964,5
slp60,543,1,1 X,148.31640833778727,0.08302477474422583,75,13.178124313639362,1.8206512571055447,5
slp60,544,1,1 X,147.4350343341861,0.08381330171282184,74,13.566475731082301,0.36418798564599697,4
slp60,545,1,1 X,147.5940153659523,0.07710517804850421,74,12.295081967213115,0.44200754141379384,4
slp60,546,1,1 X,69.04487917146145,0.11721348045340178,9,12.91100017214667,1.950468907724499,6
slp60,547,1,1 X,147.55423797331898,0.08482754574087117,74,9.787928221859707,2.563395404536725,5
slp60,548,0,1,65.26315789473684,0.0755545299284955,32,14.847285067873305,1.2534090004659213,8
slp60,549,1,1 X,65.77144423129624,0.09066387097405448,33,7.024664377146426,5.919028148456655,4
slp60,550,1,1 H,66.30750103605472,0.07092767002376435,33,11.834319526627219,0.8860000000000001,3
slp60,551,1,1 OA,64.62905614649253,0.09961605982470899,33,12.34906695938529,0.10654993612803763,4
slp60,552,1,1 X,69.59606986899563,0.07486606264282994,35,25.996533795493935,0.7817382341082382,4
slp60,553,1,1 X,67.2645739910314,0.061622506710887155,34,29.635901778154107,0.5473402851564116,15
slp60,554,1,1 X,65.54835071891739,0.12042546842063281,32,16.344320348678835,1.6648804761904081,5
slp60,555,0,1,63.17076484173345,0.08995963946443006,32,12.686777558500141,0.24989242129808992,4
slp60,556,1,1 X,64.50270495214315,0.09090137134947635,32,12.78772378516624,0.06400000000000006,3
slp60,557,1,1 X,64.17333701352469,0.10049666464404958,32,29.366522164732206,0.49199809191599475,15
slp60,558,0,1,63.446582071223894,0.09914615705036882,32,17.7430801987225,1.4266415947952729,6
slp60,559,1,1 CAA,71.49866816206365,0.06236725695815416,35,16.222062004325885,1.551949598265213,4
slp60,560,1,1 X,65.19081895966319,0.08795089183743393,33,32.019353920592,0.44594018532633817,16
slp60,561,1,1 X,68.5785536159601,0.10065613941635083,34,16.906170752324602,0.5938577270693715,5
slp60,562,0,1,71.82925160760705,0.05874485822050248,36,26.05674580196873,0.8976076846571421,4
slp60,563,1,1 X,63.95268876358135,0.06256321672843357,32,23.076923076923077,0.6177723421023853,4
slp60,564,1,1 X,67.55834584413812,0.09765485218926152,34,20.799630228795934,1.5055796964034225,7
slp60,566,1,1 X,62.46641590542719,0.07434005170997271,32,17.904034375746,1.1864229262788208,6
slp60,567,0,1,66.12481057996969,0.09376091603114807,33,27.777777777777775,0.6593613071248065,7
slp60,568,1,1 X,66.74082313681869,0.05923681287847954,33,28.981507038365994,0.4795681731027,15
slp60,569,1,1 X,66.47278770253428,0.09560130425365546,33,14.015416958654518,1.0113688743480294,5
slp60,570,0,2,68.80733944954129,0.07724064763490028,35,8.571428571428571,3.484,3
slp60,571,1,1 X,64.47280053727333,0.11202950225275483,33,7.792207792207793,0.9679999999999995,3
slp60,572,0,2,69.2276367585177,0.10390366845467537,35,18.891687657430733,1.2533909206628233,6
slp60,573,1,1 X,62.34413965087282,0.07479465221524868,31,30.33367037411527,0.4199693866394141,15
slp60,574,1,1 X,63.53326957234594,0.08543689518769522,32,16.823687752355315,1.485491649252866,6
slp60,575,0,1,66.69445602334306,0.07377912560474,33,23.198267862666253,0.8728201647533128,6
slp60,576,1,1 X,63.19652079369394,0.09319309617014189,32,25.4416961130742,1.0094849621905664,13
slp60,577,1,2 X,64.9532057549937,0.09874534459975758,32,17.15462031107045,1.6919945153575409,6
slp60,578,0,1,68.52996506315507,0.08707948880328946,35,17.928286852589643,0.272476706445809,4
slp60,579,1,1 X,64.28867689755289,0.11629722586999758,32,16.61392405063291,1.368274706873363,8
slp60,580,1,2 X,66.61283811061769,0.09495111109735678,34,16.544117647058822,1.2643895321019107,4
slp60,581,0,1,65.53795740032768,0.08727972273099863,33,29.089901648427766,0.5129602761403257,15
slp60,582,1,2 X,64.83857895447791,0.1130336647862043,33,13.917884481558803,1.3546582594883478,5
slp60,583,0,1,68.64988558352402,0.06490717353629402,35,28.248587570621467,0.7677707991321369,4
slp60,584,1,1 X,66.22073578595318,0.11879443395642166,34,11.971268954509178,1.052,3
slp60,585,0,1,62.81237336215048,0.07894412465724111,32,13.91723881981815,1.2740446459995032,6
slp60,586,1,1 X,70.41281237056468,0.07470402962037917,35,19.828155981493722,0.8381956812105392,5
slp60,587,1,2 X,67.17329352693717,0.06948108858716905,34,31.128942999446593,0.42816536784544157,16
slp60,588,0,1,64.98043599776412,0.0920650360543223,32,17.44693224774644,1.2616667547335945,5
slp60,589,1,1 CA,68.81662393739037,0.09649131771544871,35,18.856065367693276,1.174,3
slp60,590,1,1 X,63.394683026584865,0.11770571250140353,32,18.072289156626503,1.7654551820989397,4
slp60,591,0,2,68.35128417564209,0.08226544417788749,34,23.540489642184557,0.8677747173085881,6
slp60,593,1,1 X,67.50306832128733,0.10239676877362913,34,12.92360712234348,0.928771709780659,4
slp60,594,0,1,69.00284129346502,0.06944495716842633,35,17.942583732057418,0.06400000000000006,3
slp60,595,1,1 X,63.9614855570839,0.08811061064728151,32,21.808665309683043,1.3537382908080868,11
slp60,596,0,1,69.36887921653971,0.06602002422459352,35,20.0133422281521,0.8553572353116562,5
slp60,597,1,1 X,64.02313093762908,0.07260813816210498,32,31.315240083507305,0.42512555008295294,16
slp60,598,1,1 X,68.56905388557973,0.10542625883252865,34,27.347310847766636,1.0408477314189621,5
slp60,599,0,1,66.90997566909977,0.06347859230040291,34,29.15451895043732,0.3805282043235617,15
slp60,600,1,2 X,68.3921147914711,0.11908956822289503,35,19.64207769532955,0.3444235119087481,4
slp60,601,0,1,70.92677654687922,0.06073358348776488,36,18.337408312958434,0.42400000000000015,3
slp60,602,1,1 X,66.56497018444044,0.07718555159484192,33,32.7242977911099,0.30814241837176526,17
slp60,603,0,1,67.06408345752607,0.09488578993354661,34,20.242914979757085,0.8421448806470297,5
slp60,604,1,1 X,65.24484355268697,0.07522082648264755,32,30.11241970021413,0.47349563414624585,16
slp60,605,1,1 X,65.52901023890786,0.0847429016201357,33,13.77410468319559,0.8670132640277195,4
slp60,606,0,1,70.81197734016726,0.06692245893722136,36,20.804438280166437,0.0,2
slp60,607,1,1 X,62.14611241541224,0.10450892572194759,31,13.979496738117428,0.0,2
slp60,608,0,1,63.351498637602184,0.08003682815155731,32,15.08674880563239,1.8695076892059042,5
slp60,609,1,1 X,69.17130069171301,0.07337980073364428,35,19.88862370723946,0.8202766362636449,6
slp60,610,1,1 X,65.59169171904892,0.09062801719115342,33,30.97466960352423,0.42465475650488393,16
slp60,611,0,1,65.96124776693694,0.11655410492556666,33,14.82213438735178,0.6212846905136701,4
slp60,612,1,1 CA,66.68462885625758,0.06867006330361906,34,29.515108924806746,0.36152432384930044,15
slp60,613,1,1 X,69.06825568797399,0.0907094681522097,35,17.0261066969353,0.809439312116727,5
slp60,614,0,1,67.46310611384399,0.08518573457451664,33,28.0373831775701,0.36643767741400646,15
slp60,615,1,1 X,69.82475355969332,0.06711865236139421,35,20.3942895989123,0.9402744280262013,7
slp60,616,0,1,66.17951192609955,0.077114261813234,33,33.08063404548587,0.281911222728007,17
slp60,617,1,1 X,66.31666206134291,0.14660981379157403,33,21.45155523775474,1.2226344506842592,5
slp60,618,0,1,64.04076573474727,0.08691833573169915,32,21.306818181818183,0.7,3
slp60,619,1,1 X,65.76243321002877,0.06975929597551857,33,21.07481559536354,1.6342665021348262,5
slp60,620,0,1,69.39719689753709,0.066290855392358,35,15.581717451523545,0.4375731050032921,4
slp60,621,1,1 X,60.5933974091099,0.07743178502235322,30,30.41274438812455,0.4176291685801886,15
slp60,623,1,1 X,70.8502024291498,0.14204569543578832,36,7.5936550793115085,8.753785517642575,4
slp60,624,1,1 X,62.92826178156902,0.06541342030161361,31,9.621552277100704,1.5231257334836155,5
slp60,625,0,1,61.38316737143637,0.0787738253200615,31,10.901162790697676,0.7319999999999998,3
slp60,626,1,R X,62.12037548315847,0.06929537422432244,31,14.431402732345582,1.4581886846358394,6
slp60,627,0,1,61.29120130754562,0.06570993498365035,31,17.25129384703853,1.4772654918237729,7
slp60,628,1,1 CAA,66.47864625302175,0.07763671847197316,34,13.550135501355014,0.6253255152318671,5
slp60,629,1,1 CA,63.62889983579639,0.06900560233028664,32,9.816753926701573,2.4432159135041664,5
slp60,630,1,1 CAA,59.975182683027704,0.0705786512810131,30,10.83815028901734,2.329688734573784,6
slp60,631,1,1 OA,61.59321105940324,0.07652264733760558,31,12.668918918918918,0.1080000000000001,3
slp60,632,1,1 X,69.12442396313365,0.061049642288300204,35,20.332090816672313,1.0702013829181871,5
slp60,633,1,1 OA,63.20511077885007,0.08702917328759219,32,26.985884306670357,0.5159077941560933,14
slp60,634,0,1,65.31500884474077,0.09444368361621651,33,17.75147928994083,0.3440000000000001,3
slp60,635,1,1 X,60.90958310774228,0.07205133972075438,31,22.45508982035928,0.7853865290415923,4
slp60,636,1,1 X,68.04123711340208,0.08198797197278004,34,18.478595626732368,0.8134389958687746,5
slp60,637,0,1,67.57679180887372,0.06033028164511786,34,31.43336127409891,0.39701607020371354,16
slp60,638,1,1 X,64.38631790744466,0.16474976289816018,33,17.657445556209534,0.29800000000000004,3
slp60,639,0,1,63.01666892532863,0.08395687907625418,32,12.357884330202669,2.441956461528338,6
slp60,640,1,1 X,64.59230448673428,0.06363370725701585,32,9.350163627863488,1.090630551561802,5
slp60,641,0,1,63.786008230452666,0.10627825571525537,32,10.907504363001745,1.2511841431220265,6
slp60,642,1,1 X,63.67246337121732,0.09548666081364597,32,30.77373974208675,0.41060989977826684,15
slp60,643,1,1 CAA,61.99200991872159,0.10435571644886328,31,16.220600162206,1.3680274120060605,5
slp60,644,0,1,65.96124776693694,0.08968756533098667,33,18.49568434032059,0.0,2
slp60,645,1,1 X,63.698630136986296,0.061657710442603465,32,16.778523489932887,1.2314847407364278,4
slp60,646,0,1,67.07317073170731,0.07858023921120601,34,18.45585973546601,0.7363552131953707,5
slp60,647,1,1 X,60.898782024359505,0.05270193032675814,30,33.0169211721007,0.44492857572873423,17
slp60,648,0,1,66.14303431169905,0.09104797842346639,33,16.5929203539823,1.4053649585309387,4
slp60,649,1,1 X,64.40443213296399,0.07243848443372593,32,37.974683544303794,0.0,2
slp60,650,1,1 X,64.13793103448276,0.09452491426747592,32,19.565217391304348,0.8140128309117056,4
slp60,651,0,1,63.53326957234595,0.07421228374947922,32,28.88980602558811,0.426556118756934,15
slp60,652,1,1 X,68.17242804021485,0.09094512417195313,34,18.875838926174495,0.6154051962370447,4
slp60,653,0,1,70.10309278350516,0.05747212352696706,35,16.330974414806754,0.4019999999999999,3
slp60,654,1,1 X,63.85608349354573,0.06428448737742047,32,30.193236714975843,0.4812211134187693,16
slp60,655,0,1,64.00550584996559,0.07422058413446495,32,28.425655976676385,0.4785475064989173,14
slp60,656,1,1 X,70.73509015256587,0.1008385602084515,35,16.05308219178082,2.0682755715813115,6
slp60,657,0,1,64.82982171799027,0.06617212404026336,33,28.24040550325851,0.9600010848120103,14
slp60,658,1,1 X,60.81364462463303,0.07252129950768255,30,20.42483660130719,1.058405139821231,6
slp60,659,0,R,62.120375483158476,0.09386931814436968,31,12.644889357218126,2.976937184422943,5
slp60,660,1,R X,63.76851343938563,0.09087224454311588,32,8.408071748878925,5.427840331721877,4
slp60,661,1,1 X,61.00867678958785,0.07926148006580641,31,9.412256850031374,4.573964970958518,4
slp60,662,1,1 CAA,65.0258705076213,0.07676280750483905,32,19.35483870967742,0.7308460850274838,5
slp60,663,1,1 CAA,63.119315868060276,0.06410916807947076,32,28.87391722810394,0.4773189010853575,13
slp60,664,0,1,61.35805835833106,0.06370543322372296,31,30.258203335126417,0.3984890574267867,16
slp60,665,1,1 X,69.28406466512702,0.0744943740473459,35,15.142337976983647,0.7262951466174064,6
slp60,666,0,1,64.22651933701657,0.07132905093132663,32,27.053274139844618,0.9345058625287439,14
slp60,667,1,1 X,60.016556291390735,0.07347103419468214,30,12.188515709642468,0.3877639602759505,4
slp60,668,0,2,65.59169171904892,0.0898578738898267,33,13.092813500145473,0.0705281661623369,4
slp60,669,1,2 X,59.80203464393731,0.07187781944012564,30,24.579174735587664,1.197759230210195,12
slp60,670,1,1 H,62.99959355100935,0.09006581013951638,32,11.961722488038278,0.45999999999999996,3
slp60,671,1,2 OA,60.00827700372464,0.07540955950464705,30,31.44214645053102,0.4889814538632546,16
slp60,672,0,2,68.06930693069307,0.08414600979361604,34,16.37107776261937,1.1064226136517636,5
slp60,673,1,2 X,61.08692599354022,0.08817904173165775,30,30.65812781032838,0.4111420624985426,16
slp60,674,1,2 CAA,65.79849211788897,0.0778041411172953,33,22.761760242792107,0.0,2
slp60,675,0,1,64.08489525909592,0.06772952267228223,32,10.317787866281469,6.42297047790195,6
slp60,676,0,2,61.5090213231274,0.08833713199379349,31,31.293463143254524,0.5533561441081343,16
slp60,677,1,1 X,61.6860863605209,0.09117943237862854,31,14.653207424291761,0.49864171060547635,4
slp60,678,0,2,66.3716814159292,0.08395236744726144,33,12.612107623318387,1.0092390973181504,4
slp60,680,1,1 CAA,60.53437239075981,0.06499552714876632,30,14.720314033366046,0.0,2
slp60,681,1,1 X,66.86478454680535,0.06569473327290386,34,20.20882452004042,0.8085017006784834,5
slp60,682,0,1,62.39935587761674,0.08317367709747282,32,32.71091726863841,0.4349803874889073,17
slp60,683,1,1 CAA,64.06833956219968,0.07413332583932818,33,13.204225352112678,0.7899873416707384,5
slp60,684,1,1 X,63.56801093643198,0.07397634405476279,32,29.1060291060291,0.47126724512375207,15
slp60,685,0,1,60.745705906996236,0.07092633213253087,30,9.787928221859707,1.807301856359363,5
slp60,686,1,1 X,66.74757281553399,0.08505982338165893,34,20.332090816672316,1.0534528940583912,5
slp60,687,1,1 X,62.94842290510357,0.07047264249530133,32,29.309141660851367,0.532515708305245,15
slp60,688,0,1,61.332969878697014,0.09928106007133934,31,9.9304865938431,0.746,3
slp60,689,1,1 X,67.6137139735009,0.07627142099265459,34,18.115942028985504,0.20399999999999996,3
slp60,690,0,1,64.85610052695581,0.07181388706232242,33,29.235382308845576,0.3920391237570722,14
slp60,691,1,1 X,67.28285986135654,0.06797460769355529,34,16.01993592025632,0.5522543697327245,4
slp60,692,1,1 X,62.40773050597235,0.06706798389768323,32,29.346003353828955,0.4829288197011638,15
slp60,693,0,1,66.44295302013424,0.11185284836689213,34,16.84762261325346,0.4914884422739653,4
slp60,694,1,1 X,64.882400648824,0.07393536028180292,33,15.739769150052467,0.0,2
slp60,695,0,1,64.05841024934563,0.07030328234758997,32,19.582245430809397,1.3639999999999999,3
slp60,696,1,1 X,59.68715697036223,0.09132951147938448,30,12.224938875305625,0.895452213502578,4
slp60,697,1,1 X,62.91066685306864,0.06746996039390832,31,15.957446808510639,1.2101404877120674,5
slp60,698,0,1,63.248095756256795,0.08321350246634208,32,20.728968733805495,1.0861379976780114,9
slp60,699,1,2 X,62.275117630777736,0.08427088597031733,31,30.69577080491132,0.41869044518461235,16
slp60,700,1,1 CAA,66.82444661005151,0.11540790430035545,33,15.011258443832874,0.7767283952579562,5
slp60,701,0,1,57.589469354175236,0.06333116716667932,29,26.308097047646886,0.8630702301795737,13
slp60,702,1,1 X,65.38618716796077,0.07994910490430772,33,15.38236155874597,1.373832892431438,8
slp60,703,1,1 CAA,65.04406210658833,0.08143029423979253,32,14.416146083613647,0.04999999999999982,3
slp60,704,0,1,63.74228923920493,0.0897272546606002,32,31.030202730657834,0.40757311000604546,16
slp60,705,1,W X,89.57654723127034,0.08697943140538059,45,15.030060120240483,1.580465754137052,7
slp60,706,1,1 CAA,75.91300779647108,0.1438481465373649,38,14.96259351620948,1.0557493389373571,7
slp60,707,1,1 CAA,61.358058358331064,0.06993889396386599,31,31.20820329915292,0.5430045664482698,15
slp60,708,1,1 CAA,60.27323868202517,0.05711960161703591,31,29.382957884427036,0.6310911186191738,15
slp60,709,1,1 X,60.909583107742286,0.06021236491692459,31,32.43243243243243,0.434980459331221,17
slp67x,0,1,1 X,71.76052487698196,0.06933800088946132,36,22.271714922048993,0.7905871235986581,11
slp67x,1,0,1,63.81226842321942,0.07196368606723072,32,23.497579037311308,0.8213200421091937,12
slp67x,2,1,W X,79.79811758286726,0.09290077278025714,40,15.413975337639458,1.9739334810867115,8
slp67x,3,0,1,72.20464860404346,0.06814668452863205,36,17.424132423406416,0.7281220708095588,9
slp67x,4,1,1 X,70.49067035245335,0.09048252044008451,35,17.276130146847105,1.7387371854308515,9
slp67x,5,0,1,70.04532344458178,0.0987742874517032,35,19.887305270135894,1.0383193150471584,9
slp67x,6,1,1 X,77.27765726681129,0.05332553036178498,39,20.82248828735034,0.9713618018019855,9
slp67x,7,1,1 X,69.66261439694033,0.09350040245643636,35,21.416333523700747,1.347182185155371,11
slp67x,8,0,W,70.67627494456762,0.11475624836928223,35,25.423728813559322,0.551075312457381,9
slp67x,9,1,2 X,74.98986623429265,0.06978878705869196,38,18.368284096127354,2.203762180907913,9
slp67x,10,0,2,67.47546346782988,0.1255001527406429,34,16.840417000801924,1.9163187498483671,8
slp67x,11,1,W X,78.49077389148995,0.065023328436779,39,20.761245674740486,1.128457354090087,9
slp67x,12,0,1,66.35388739946382,0.06836578548094124,34,28.450539830755762,0.6142956518883999,14
slp67x,13,1,1 X,74.11474059840792,0.1121597185674777,37,18.109692997585373,1.3098077752721067,8
slp67x,14,1,1 X,75.94417077175697,0.05831227488688437,38,20.5726041488085,0.8725696247291675,9
slp67x,15,0,1,67.43869209809264,0.07945285808253803,34,25.298664792691497,0.5028464532593977,13
slp67x,16,1,1 X,69.32173440260976,0.10440200451482146,35,20.702346265910133,0.8801335476667135,10
slp67x,17,1,1 X,72.81553398058253,0.0729774916375884,36,17.945266935845673,0.9517298723902703,9
slp67x,18,0,2,65.01422186103211,0.081198733826335,33,26.62721893491124,0.6765546705346304,13
slp67x,19,1,W X,68.1348933241569,0.10318619222696106,34,22.27998514667657,1.0521535059106157,9
slp67x,20,0,W,72.24439245906152,0.08215990382125801,36,22.75792312879299,0.5751550730235206,10
slp67x,21,0,W,66.1521499448732,0.04712748667179271,33,15.566625155666253,1.2988920817373553,6
slp67x,22,0,W,72.30409034568241,0.07703857501807992,36,22.428229665071772,0.8969277339897568,11
slp67x,23,0,W,70.77379347533027,0.05575409566725542,36,12.733446519524618,0.7194887073470994,5
slp67x,24,0,W,71.52588555858311,0.033542419077207605,36,15.870216892964203,0.6485940349881598,7
slp67x,25,0,W,77.20438845997562,0.05891587504578009,39,13.937929752834044,0.3785395091664807,6
slp67x,26,0,W,78.16785518376301,0.03688719045881104,39,18.146624727800628,0.8294252467823727,6
slp67x,27,0,W,86.65749656121048,0.056728657568896876,43,14.534883720930235,1.9578913827550972,7
slp67x,28,0,W,83.05199189736665,0.06220581448020552,42,17.315303430079155,1.0698180657838747,8
slp67x,29,0,W,75.46913244492794,0.06916587445018481,38,13.661202185792348,0.897819580984955,6
slp67x,30,0,W,77.34056987788331,0.05046267922395554,39,10.262725779967159,2.166598218405988,6
slp67x,31,0,W,73.52941176470588,0.045538750287834835,37,17.017828200972446,1.815787095314372,8
slp67x,32,0,W,74.57672668637461,0.07103961384215819,38,15.943312666076173,1.1343401410315848,7
slp67x,33,0,W,67.65067650676507,0.06436466357680565,34,22.804054054054053,1.0560955811588313,10
slp67x,34,0,W,65.53795740032768,0.062431962967697874,33,13.283740701381507,0.8201205765007973,6
slp67x,35,0,W,71.60392798690671,0.06009798801345438,36,8.935219657483247,2.536188281654183,5
slp67x,36,0,W,80.3461063040791,0.05592048454471739,40,12.682308180088777,1.1518172598116423,5
slp67x,37,0,W,70.7165948275862,0.06631368867829968,36,14.053716427232981,0.9928831194500635,7
slp67x,38,0,W,70.8136628714246,0.044047787827049247,35,13.319126265316994,0.4037298106407302,6
slp67x,39,0,W,69.53913280610853,0.06035603707229845,35,12.991512212021481,0.5169547755848668,6
slp67x,40,0,W,72.53384912959382,0.030564965939080355,36,13.961280714817573,0.2556823028682274,6
slp67x,41,0,W,69.66261439694031,0.03587849545321208,35,13.793103448275863,0.2755431000769208,5
slp67x,42,1,W CAA,67.24629805732918,0.07572159145385723,34,16.913659793814432,1.191187505588179,8
slp67x,43,0,W,69.77698727596113,0.07777182489439761,35,14.135385581906707,3.0659536127533884,7
slp67x,44,1,W CAA,69.90131578947368,0.09730059015386626,35,17.966761491241204,1.045233825514655,9
slp67x,45,1,W CAA,69.81519507186859,0.07355274923764049,35,10.550378055213645,3.6128375274844564,5
slp67x,46,0,W,65.64551422319475,0.13038404810405296,33,19.3050193050193,1.2870850787729613,9
slp67x,47,0,W,67.66917293233082,0.026599916457680027,34,13.264945171559956,3.1032642426967123,6
slp67x,48,0,W,75.04168982768205,0.09914648098323017,37,13.873901649452753,1.225910092770084,7
slp67x,49,0,W,76.11080636313768,0.020802876690436733,38,14.895729890764649,1.481964462012051,7
slp67x,50,0,W,66.92806922660898,0.08483999957571514,34,19.613540607293334,0.965785856692701,10
slp67x,51,1,1 CA,68.78821567537521,0.05775550888222058,34,16.181229773462785,1.2242184678981352,8
slp67x,52,0,W,65.04946469711344,0.04579147710000191,33,21.51308712800287,1.2488790974309723,9
slp67x,53,1,W CAA L,71.64301310043668,0.12371057731162485,36,17.209729233593393,1.167168471130025,6
slp67x,54,1,1 CAA CAA L,68.64988558352402,0.05980556731904598,35,20.04342742608986,0.8951266670142276,9
slp67x,55,1,1 CAA,74.91900647948164,0.12529622460655954,38,9.108850766661607,6.934960922744986,5
slp67x,56,0,W,66.64871415107042,0.1763136032330805,34,19.535489472541787,1.1277811056327474,7
slp67x,57,1,1 CAA,71.25890736342043,0.13626013184131217,35,18.948964123294594,0.820187685837821,6
slp67x,58,0,1,67.56756756756758,0.1718152637238172,34,30.35120682179506,0.39943153483470506,15
slp67x,59,1,W CAA L,68.34184730084219,0.10068430692138051,34,15.49586776859504,1.1881458945208148,7
slp67x,60,1,W CAA,70.04532344458178,0.07173895391382927,35,12.169398020444588,1.2654184446261245,6
slp67x,61,1,W CAA L,75.52447552447552,0.20213368024987333,37,23.706896551724135,0.8244678123212081,12
slp67x,62,0,W,64.0055058499656,0.14648588486301298,32,19.324916258696213,0.8440640733972747,6
slp67x,63,1,W CAA L,68.5576018282027,0.09057608780280202,35,19.56628077612914,1.5974741781950657,9
slp67x,64,0,W,76.71601615074024,0.26007567618045374,39,27.397260273972602,0.6849632593553224,13
slp67x,65,1,W CAA,76.93373995009705,0.21962028456797436,38,15.976871576384662,1.843222555134106,8
slp67x,66,1,1 CAA,82.06811653672548,0.2478362160782802,41,28.782894736842106,0.40727907495715904,15
slp67x,67,1,W CAA,78.16785518376304,0.21472290976474617,39,16.260162601626018,1.360040685665935,7
slp67x,68,1,1 CAA,76.32013201320132,0.1960090336464132,38,19.664967225054628,1.0308913558927153,10
slp67x,69,1,1 X,73.97260273972604,0.10661294943699065,37,16.821531560397307,1.550484848460675,8
slp67x,70,0,W,66.55014788921753,0.20744433796008704,34,15.853842669485129,1.4175575430137224,8
slp67x,71,1,1 CAA,73.81082558775287,0.21373942829968587,37,29.350104821802937,0.49253969072428616,15
slp67x,72,1,W CAA,81.78844056706652,0.22637985776124164,41,17.056530214424953,1.0171598714467813,8
slp67x,73,1,1 CAA,81.1373092926491,0.227034716852175,40,25.20655370396303,0.699928488410701,13
slp67x,74,0,1,73.21041214750542,0.18297729738419655,37,26.745302427650525,0.5257992507326402,14
slp67x,75,1,W CAA,72.95325587679005,0.19400865450977017,37,14.901649115835484,1.3072563023370742,6
slp67x,76,0,1,72.41379310344827,0.11495347772388763,36,13.241525423728813,2.059819642590098,6
slp67x,77,1,W CA,78.95802402483466,0.2464292476472496,40,25.842973172532613,0.6510750920671163,8
slp67x,78,1,1 CAA,76.07950651130912,0.17184660290679676,38,19.313304721030047,1.1768039579962142,7
slp67x,79,0,1,72.03622392974754,0.16577598851265202,36,21.520803443328553,1.4030053456776277,5
slp67x,80,1,1 X,72.82563462338744,0.15356632283871385,36,16.812373907195695,2.041062311640681,6
slp67x,81,1,1 CAA,72.27422907488987,0.11842911941972131,36,18.782282047268744,1.2857759330458787,9
slp67x,82,0,1,72.16494845360825,0.1381713813068571,36,14.696276943174393,2.0589662994381968,7
slp67x,83,1,1 CAA,70.6689998653924,0.18013669186232448,36,28.107432854465962,0.4480039682363936,13
slp67x,84,1,1 CAA,75.96496030659732,0.2028949286744534,38,24.243314722303847,1.0886616850348,12
slp67x,85,1,2 CAA,76.06907894736842,0.17268584276710144,38,19.07049018222913,1.0996308246940352,10
slp67x,86,1,2 CAA,73.79065318393003,0.11299011209879722,37,17.584994138335286,1.478432954178173,9
slp67x,87,1,2 CAA,72.98762685944669,0.15919618496095456,36,26.288885643347452,0.7527362678182106,13
slp67x,88,1,2 CAA,72.2443924590615,0.18899816649580362,36,29.65682813161983,0.4618724092744441,15
slp67x,89,1,2 CAA,75.7162346521146,0.18275201637376773,38,16.574585635359117,1.031459806940306,7
slp67x,90,0,2,78.27519912112058,0.18467478339846155,39,17.55926251097454,0.9324693024437856,5
slp67x,91,1,2 CAA,79.7872340425532,0.24237965557343596,40,25.27379949452401,0.5378959007094217,13
slp67x,92,1,2 CA,84.2809364548495,0.2349702929068967,43,12.104095218882389,0.8455170016031611,5
slp67x,93,1,2 CA,77.12082262210795,0.14677085613474602,39,13.576708402473978,0.5494259630640773,7
slp67x,94,1,2 CA,73.33426456208969,0.11405198957725643,36,12.02886928628709,1.3868479368697924,6
slp67x,95,0,2,69.48228882833787,0.03692618654282021,35,14.544950824213883,0.9507596103825056,8
slp67x,96,1,2 H,71.2057507120575,0.024433098995637295,36,13.595166163141995,0.3803904426886787,7
slp67x,97,0,2,74.04360345536816,0.11284748803387497,37,13.837638376383763,0.5159017994411984,7
slp67x,98,0,2,70.89804186360566,0.028928059960205147,36,13.803680981595091,0.27659517148513085,7
slp67x,99,0,2,71.13821138211381,0.05037135564373621,36,13.293943870014774,0.09204829650183025,7
slp67x,100,0,2,71.00097452317974,0.025322555832894014,35,14.33349259436216,0.2557055598404801,7
slp67x,101,1,3 H,77.09995942107399,0.16177358412539306,39,14.328928514567744,0.2421835850938063,7
slp67x,102,0,2,74.83370288248337,0.07563329334181076,37,16.332244517032198,1.1029308635612292,8
slp67x,103,0,W,61.55950752393981,0.04029667755810921,31,20.871017114234032,1.1719304416218568,11
slp67x,104,1,1 CAA,69.52017448200654,0.1633763142845503,35,13.407222023596711,0.24616612277078279,6
slp67x,105,1,1 X,74.35968052877995,0.14053741648436108,37,14.761358044940135,1.3255568222029896,7
slp67x,106,0,2,70.59298104074223,0.1926046940322725,36,20.905923344947738,1.2016232354610992,11
slp67x,107,0,W,71.48692810457516,0.12656512077155524,36,8.878366380585971,5.182160553282771,5
slp67x,108,1,W CAA,73.1809311402286,0.24247200385417944,36,16.16877117339082,2.0857894311316296,8
slp67x,109,1,1 CAA,76.33587786259541,0.1910034444440039,39,24.7191011235955,0.9321643525501762,12
slp67x,110,0,1,72.5611394786348,0.06847942828883308,37,25.679435052428847,0.8759325031074028,9
slp67x,111,1,1 CAA,75.5924816126396,0.22636500644571855,38,28.06967036130704,0.507537132462643,14
slp67x,112,1,1 CA,71.09967497291441,0.1553568742198006,36,23.73417721518987,0.8293699689852203,12
slp67x,113,1,1 CAA,75.92339261285909,0.1789858289194455,38,20.325203252032523,1.125145323947089,11
slp67x,114,0,2,77.31958762886597,0.18564935822815634,39,26.15518744551002,0.9317918222435739,13
slp67x,115,1,2 CA,84.1313269493844,0.22832282477689078,42,26.99335548172757,0.7374557252781772,14
slp67x,116,1,2 CA,72.47377139701823,0.18812879652417025,36,24.718483932985443,0.9264769589987414,13
slp67x,117,1,2 CA,81.77729317159601,0.2259626296536664,41,29.914529914529915,0.5737948150653841,15
slp67x,118,0,2,84.00491736101625,0.21333321931387,42,23.3446519524618,0.622261830039387,12
slp67x,119,1,2 CA,74.48275862068967,0.17578086807228743,37,30.176415970287835,0.5405102126147372,14
slp67x,120,1,2 CA,70.2059374164215,0.12268218771962568,36,14.995715509854325,1.1927623914464187,8
slp67x,121,0,2,76.91269734178923,0.1665058540892283,39,11.471397981033956,0.4646312946842904,6
slp67x,122,1,2 HA,76.7470041739599,0.14108660235075793,39,13.428827215756488,0.2319310242291876,4
slp67x,123,1,2 CA,71.64301310043669,0.12371796761264744,36,28.630157098810745,0.7244197024691169,14
slp67x,124,1,2 H,73.11129163281885,0.14659543724898882,37,14.761358044940135,0.5240428311587603,7
slp67x,125,0,2,79.17174177831913,0.10937152361339213,40,20.342430920494998,1.3651709599899933,9
slp67x,126,1,W H,73.15090761311298,0.2021637278037437,37,26.06223345443058,0.6994051782091588,12
slp67x,127,1,1 CAA,65.38618716796077,0.1290924450732885,33,11.869436201780417,1.1841803072167687,5
slp67x,128,1,1 CA,71.44801306477954,0.12429253183272017,36,13.658092419758704,0.37297050821747285,5
slp67x,129,0,2,75.99616595919485,0.2219644020182761,38,24.393549261417537,0.7273137027598354,13
slp67x,130,1,2 CA,77.06192724243265,0.16647757083884668,38,14.328928514567743,1.606492521682632,7
slp67x,131,0,2,85.50488599348535,0.24890486667211073,43,23.57378595002357,0.783232379310253,11
slp67x,132,1,2 CA,71.38971988033722,0.15634619879469736,36,12.417218543046358,0.27944707310449074,7
slp67x,133,0,2,76.16303005351996,0.16963922531083828,38,19.96007984031936,0.9187114164233873,7
slp67x,134,1,W H,96.76091133681034,0.25099697631367135,48,23.42751668323158,0.5332932767326666,12
slp67x,135,1,2 CA,86.64557832485215,0.25439107858114446,43,14.701078079059132,0.4248523926678013,7
slp67x,136,0,2,83.48038550291842,0.26526149310888186,42,14.839241549876341,1.6006705539311399,7
slp67x,137,1,W HA,90.65934065934064,0.23580339198031375,45,20.64851636586112,0.8868362967785828,10
slp67x,138,0,W,72.30409034568241,0.1869584347563132,36,27.49964744041743,0.49461248952376796,14
slp67x,139,0,W,73.97260273972603,0.18005705542931813,37,26.82255845942228,0.4371576834926802,14
slp67x,140,0,W,84.79138627187078,0.16636347933436543,43,32.37875953374587,0.4097777392142667,16
slp67x,141,0,W,75.35641547861508,0.13647911138757624,38,20.727775218793184,0.9837849810242526,10
slp67x,142,0,W,76.84851841595125,0.13166981747053733,38,16.728624535315987,1.1072480400624884,7
slp67x,143,0,W,75.79896203223163,0.04075804715141276,38,20.570488206253426,1.238473641221322,11
slp67x,144,0,W,65.70841889117044,0.030417665508713842,33,18.147600483936014,1.171333312253631,10
slp67x,145,0,W,75.99616595919484,0.03534358126030625,38,21.986970684039086,1.0996351358967962,10
slp67x,146,0,W,73.03839732888147,0.049204745083939926,36,25.799054034685394,0.8478922232349004,13
slp67x,147,0,W,71.0996749729144,0.05044701402947251,36,21.327014218009477,1.2290296081778411,10
slp67x,148,0,W,73.4194425560843,0.025868375277666198,37,23.083379966424175,1.0537121472471493,12
slp67x,149,0,W,72.00658345905912,0.05358696155763631,36,24.017467248908297,1.0407988032085407,12
slp67x,150,0,W,68.4655658477648,0.040355685037908755,35,32.03416978109984,0.6783295659191039,17
slp67x,151,0,W,73.70001364815067,0.059572447853096296,37,21.50537634408602,0.9188135828338629,11
slp67x,152,0,W,79.80900409276944,0.0767918196388463,40,30.872667398463225,0.4721330132729783,16
slp67x,153,0,W,83.90177353342429,0.027294415690760992,42,31.437753248567837,0.4050820273585201,16
slp59,0,0,W,73.0618319577865,0.07592288160111738,37,13.850415512465375,2.721983982318779,6
slp59,1,0,W,87.41021818674615,0.048510000195663094,44,23.32155477031802,0.65428782808751,12
slp59,2,0,W,79.87438558164935,0.023951737579356317,40,25.137111517367458,0.1730840334768869,12
slp59,3,0,W,84.73436449226631,0.08353379969575177,43,24.756189047261817,0.2890710113220916,12
slp59,4,0,W,84.79138627187078,0.04499150839507827,43,26.08695652173913,0.368021738488367,13
slp59,5,0,W,91.46341463414635,0.10206403218894826,46,25.0208507089241,0.34157868785976686,11
slp59,6,0,W,82.5536598789213,0.02583331182794805,41,24.027959807776323,0.5658990360552529,12
slp59,7,0,W,85.28496006497903,0.03601272136028104,43,24.771055397087526,0.20590810756337535,12
slp59,8,0,W,77.34056987788331,0.05110111642345002,39,28.512593061935686,0.3323871571258767,13
slp59,9,0,W,82.5309491059147,0.13156519296531283,41,22.970903522205205,0.651349368618716,11
slp59,10,0,W,75.92339261285909,0.034703881431526355,38,23.249260250810202,0.2717796871495503,12
slp59,11,0,W,75.1421608448416,0.03730779327441618,38,20.522955305564,0.8427055780983206,10
slp59,12,0,W,81.48852369957898,0.0662503584895961,41,23.996509598603836,0.7635333263819385,12
slp59,13,0,W,77.12082262210795,0.03501277962176246,39,23.23060244695679,0.21845310709623705,11
slp59,14,0,W,75.9649603065973,0.028627631250257676,38,22.284950230277822,0.23287730675186025,11
slp59,15,0,W,78.56650585802895,0.028065811064220486,39,21.034180543383,0.2954822329684139,9
slp59,16,0,W,84.91710473109585,0.033623364082805536,43,18.03503950532463,0.5520402233200633,8
slp59,17,0,W,77.08953205301596,0.09612549507453316,39,15.342652574156151,2.52534846880364,7
slp59,18,0,W,82.65601322496212,0.02234256028301145,41,21.466051836539993,0.4379174058209923,10
slp59,19,0,W,82.10180623973727,0.037706232906510304,41,23.067244512791838,0.2692756122858155,12
slp59,20,0,W,92.96685529506871,0.14897964235904554,47,21.425170607840023,1.0056064075539597,10
slp59,21,0,W,79.58100938647804,0.037783423795905005,40,21.508459994264413,0.37024186689244104,11
slp59,22,0,W,83.75323437287213,0.019711180495492343,42,22.35469448584203,0.2488115752934337,11
slp59,23,0,W,85.10063487775226,0.024627658068726566,43,24.239753195240194,0.21431543910324458,12
slp59,24,0,W,79.3220338983051,0.0685785037519581,40,22.039377020276227,0.4439827023657566,11
slp59,25,0,W,76.56228445302801,0.03508603638012972,38,22.02319776831596,0.1973135575676441,11
slp59,26,0,W,76.44849785407725,0.03496955541745109,39,19.91737975804072,0.3633642528468005,10
slp59,27,0,W,79.5053003533569,0.04956701412117629,40,24.236548715462916,0.16543228221843526,11
slp59,28,0,W,77.09995942107399,0.043977959727893874,39,21.693716856821467,0.45393337195324107,10
slp59,29,0,W,74.96960691611508,0.05339402439187065,38,18.081625624246602,0.6182255053863469,8
slp59,30,0,W,72.76647352108881,0.06886478072782456,37,15.928398058252425,0.7742239300599995,8
slp59,31,0,W,74.30851795789184,0.033903821846548034,37,19.841269841269842,0.4535416188179427,9
slp59,32,0,W,78.09288943690915,0.04160345713314415,39,19.023462270133166,0.9175009536779785,9
slp59,33,0,W,74.02330363262509,0.05199275828017058,37,20.907542202261112,0.46276122419373467,10
slp59,34,0,W,74.06391441503224,0.15848865675810256,37,17.685699848408287,0.8297729219737269,8
slp59,35,1,W HA,70.92198581560284,0.09635351576356724,35,10.750761512273787,2.9773845905425116,5
slp59,36,1,1 HA X,68.92823354507365,0.10471255761933901,35,20.85505735140772,0.2585556033042021,5
slp59,37,1,W HA,87.07978938841636,0.24254786038109302,44,22.404779686333086,0.28200000000000003,3
slp59,38,1,1 X,81.03727714748786,0.17784667553822875,41,16.9414953693246,1.8618091846373517,6
slp59,39,1,1 X,86.13617719442166,0.20836336654269821,43,12.600806451612904,2.661997565738932,6
slp59,40,1,1 X,78.69249394673125,0.2301671461946225,40,12.338908692075679,3.3870251778744653,4
slp59,41,1,W X,84.38529088913282,0.2150108888683205,42,18.773466833541928,0.8544359542996771,6
slp59,42,1,1 HA CAA,84.95145631067962,0.21720324974705205,43,14.299332697807436,0.0,2
slp59,43,1,1 HA,83.1530557057869,0.2094543490375779,42,14.970059880239521,2.50159629037141,7
slp59,44,1,W CAA,93.50860550210055,0.1983086326906167,47,17.875763444063757,0.8679434025326768,9
slp59,45,1,1 CAA,76.94384449244059,0.11497898157918321,39,9.073037955542114,6.18355520716036,5
slp59,46,1,W HA X,75.12520868113523,0.18222574522339652,37,11.867088607594937,3.4959603353966515,4
slp59,47,1,W HA,85.30805687203791,0.20674883159302102,43,20.325203252032516,0.7103388862601663,7
slp59,48,1,1 X,83.42376559956593,0.1679005966367647,42,21.63877668782458,0.8244868464687598,6
slp59,49,1,1 X X,73.97260273972603,0.14044409282656406,37,7.708119218910585,3.068,3
slp59,50,1,1 X,98.32036050798854,0.19908441467545035,49,14.33349259436216,1.820376884054508,5
slp59,51,1,1 X,77.19393282773564,0.12267923176241843,39,12.382367508667658,3.255505220392067,6
slp59,52,1,1 CAA,92.96685529506871,0.23268895811519172,47,8.964589870013448,6.537624874524387,5
slp59,53,1,1 X,82.36239453595822,0.21938485195179988,42,12.458471760797343,3.735065407727152,6
slp59,54,1,2 X,90.373818978502,0.1943838538681341,45,18.094089264173704,0.7374713553759223,5
slp59,55,1,1 CAA,92.86009079653323,0.22158796597890118,46,23.094688221709006,0.014000000000000012,3
slp59,56,1,1 X,84.92855217039633,0.18569191562462992,43,21.536252692031585,0.1299999999999999,3
slp59,57,1,1 X,84.73436449226631,0.176016207252115,43,7.774706288873531,6.524634208563386,4
slp59,58,1,1 X,87.85072187414873,0.23461254435940765,44,8.058017727639,8.4171693579255,5
slp59,59,1,1 X,90.13930620049166,0.2153243949052738,45,21.791767554479414,0.44716986581039736,4
slp59,60,1,1 X,99.43181818181819,0.17923556498391172,50,15.08548441166611,0.5635348751901299,4
slp59,61,1,2 X,85.14664143803216,0.19412498019705743,43,18.332925934979222,0.33292305417318274,6
slp59,62,0,2,78.1035900246643,0.20399989136926117,39,8.74805598755832,5.624912522776588,4
slp59,63,1,1 X,94.3267259056733,0.1993179485457252,47,8.949880668257757,6.490366399518596,5
slp59,64,1,1 X,94.40415925571213,0.20890976335478612,47,19.079114729076572,0.5813826278794371,6
slp59,65,1,1 X X,84.51837939361417,0.12082648115687569,43,16.048502139800284,0.5958374125734487,7
slp59,66,1,1 X,83.36722244814965,0.10411022393092931,42,16.462841015992474,1.1678129567875226,8
slp59,67,0,1,75.33595764897515,0.09560632698178577,38,8.375209380234505,5.720593908561125,4
slp59,68,1,1 X,83.63933088535292,0.18229455607749448,42,7.366181044360779,7.754295039238291,4
slp59,69,1,1 X,87.00930797248077,0.20206955198622445,44,13.684050478941765,3.525817478101907,7
slp59,70,1,1 X,93.01698571043407,0.1990139777177275,47,19.854401058901388,0.3982511770227428,5
slp59,71,1,1 X,89.30987821380243,0.15850197485538736,45,18.820577164366373,0.8509597942491592,8
slp59,72,1,1 X,77.9967159277504,0.1214685760122706,39,20.150456743686192,0.5164097597838367,6
slp59,73,0,1,91.38911454102356,0.2129590049229611,46,14.572538860103629,0.6968793933593453,7
slp59,74,1,1 X,83.68485508232413,0.20732871129457014,42,20.12265235722499,0.6579408819047747,8
slp59,75,1,1 X,84.631918323482,0.18362448124740527,43,17.39562624254473,1.5803894120999264,8
slp59,76,1,W HA,81.61044613710554,0.1993352954195518,41,20.154517971111854,0.6660472956179614,9
slp59,77,1,1 HA,87.39837398373984,0.1684667342903821,44,16.590298625375258,0.9931777077561061,8
slp59,78,1,1 HA X,78.63153538419094,0.16918736847344581,39,13.953488372093023,2.679588028037146,7
slp59,79,1,1 HA,83.5030549898167,0.2164543660080573,42,12.644889357218124,2.917018169295488,5
slp59,80,1,1 HA,93.83924928600572,0.18400182870793402,47,21.69197396963124,0.25788627984701584,7
slp59,81,1,1 X X,86.98583951449763,0.1351775468505243,44,17.358241031575467,1.2268751079927593,8
slp59,82,1,1 X,72.72727272727273,0.1470461001031838,37,16.226240148354194,1.9823758987844946,8
slp59,83,1,1 X,79.61350027218289,0.22896998876008667,40,17.40644038294169,1.4608103915293047,9
slp59,84,1,W X,79.1503179542687,0.14222516433511764,40,18.785222291797123,0.18139827268563874,7
slp59,85,1,W X,94.89753816531424,0.2219163997292879,47,20.120724346076457,0.4616968702514671,5
slp59,86,1,1 X,91.04397086592932,0.2325023764646899,46,15.380108393144866,0.9040700713316148,8
slp59,87,1,1 X,91.38742730545555,0.21716284783392123,45,22.151119862170813,0.4028459865617242,7
slp59,88,1,1 X,88.4046052631579,0.2115998345807285,44,14.955134596211368,2.352048752329197,7
slp59,89,1,1 HA,91.82424159978233,0.19915939890660322,46,17.81472684085511,0.7239079131123423,4
slp59,90,1,1 X,89.72040617610237,0.17131883685557403,44,18.12031891761295,0.5348728447023648,6
slp59,91,1,1 X,87.79093507554104,0.1746216244801129,44,17.273146015660988,0.6744744917341204,6
slp59,92,1,1 X,79.279035099607,0.14584622597279043,40,18.963337547408347,0.17292773056973823,7
slp59,93,1,1 X,86.62369057211927,0.19328625400431354,44,13.721185510428102,2.0076229128001106,6
slp59,94,1,1 X,89.8815198147896,0.14879202302442993,45,12.847965738758033,2.6431624997339833,7
slp59,95,1,1 X,77.51937984496124,0.1256553347768997,39,19.37984496124031,1.1308647625207495,10
slp59,96,0,W,76.95423248278655,0.03120568880589589,39,18.659617477841707,0.6208846511228958,9
slp59,97,0,W,76.40750670241286,0.04874945841023117,39,25.652985074626866,0.6998536801030049,12
slp59,98,0,W,81.08108108108108,0.04339585233636966,41,16.486104569006123,1.5286392508318218,8
slp59,99,0,W,77.55102040816325,0.08985898463210883,39,13.331358317286329,1.7199432807185502,7
slp59,100,0,W,80.49369466058492,0.05885269747428745,41,24.958402662229616,0.6251364941863786,12
slp59,101,0,W,80.90614886731392,0.058465716449899084,41,20.47432178809077,0.48522546305815406,9
slp59,102,0,W,77.84758262769736,0.05860918026282516,39,17.75448089279675,1.3266127497333584,8
slp59,103,0,W,74.53666398066076,0.02992466801864801,38,19.82961222091657,0.8449486214199691,10
slp59,104,0,W,73.35959788072273,0.06474212855534289,37,14.710002801905295,1.1064253158672017,8
slp59,105,0,W,64.24426637192593,0.03564514669391029,32,10.44022968505307,0.4303707703829339,5
slp59,106,0,W,76.90232056125201,0.21394135422374844,39,12.394645513138325,0.5736529961570846,6
slp59,107,0,W,77.80507780507783,0.21284668639975898,39,9.844134536505333,0.30964980219596455,5
slp59,108,0,W,86.32502055357634,0.24854289199451618,43,13.692377909630308,0.650098454082149,7
slp59,109,0,W,76.71601615074024,0.18934954997982523,39,11.278195488721805,0.775283174072545,5
slp59,110,0,W,89.15304606240714,0.23720512795315518,45,11.428571428571429,0.85479588206776,5
slp59,111,0,W,78.3289817232376,0.23115226241820053,39,12.036591237361579,0.2482888640273665,6
slp59,112,0,W,79.23269391159297,0.18824643481778522,39,9.706643658326142,1.6235938189365249,4
slp59,113,0,W,78.77726905467277,0.22471628690183554,40,11.148272017837236,0.6132438340497197,5
slp59,114,0,W,74.727346169382,0.11523005857340898,38,14.212620807276863,0.7967638546018513,6
slp59,115,0,W,70.46979865771812,0.02948925781586598,36,11.711430356027483,0.29665225433156583,6
slp59,116,0,W,71.72131147540983,0.06128634698308109,36,12.347711557458016,0.17261100776022376,6
slp59,117,0,W,70.85976515049265,0.03366757054084017,36,10.770059235325792,1.6626253336214987,5
slp59,118,0,W,72.71747912739026,0.06339723871386838,37,14.175014175014175,0.7899504794605802,6
slp59,119,0,W,70.12154400961666,0.032048127074442156,36,12.197601138442772,0.26228800963826,5
slp59,120,0,W,72.74686784319009,0.06481302643035369,37,10.28101439342015,3.0290830295652182,5
slp59,121,0,W,73.71007371007371,0.11639969453949993,37,11.252813203300827,0.15520309275268954,5
slp59,122,0,W,69.13379422529484,0.0506009559929933,35,14.905597880092746,1.0991503789543795,4
slp59,123,0,W,75.13198862867198,0.1588069471316292,38,12.771392081736911,0.3536608544919838,5
slp59,124,0,W,75.32573289902281,0.15194924376511024,38,14.862521674510775,0.41233360280239084,5
slp59,125,1,1 HA,74.59677419354838,0.15170491521443574,38,12.639029322548028,0.9771023283157196,6
slp59,126,1,W HA,76.35163021048287,0.12695040817526188,38,9.689922480620154,4.2763174188390956,4
slp59,127,1,W CAA,71.45773785218456,0.11393981941788213,36,9.981700216270172,3.2482332120708324,5
slp59,128,1,W HA,73.47938495033338,0.15537525264919913,37,9.552619009711828,4.665262586393181,5
slp59,129,1,1 CAA CAA,86.41479099678456,0.26038144835590304,44,5.248425472358292,0.0,2
slp59,130,1,W CAA,81.37800081378,0.23024749727195734,41,14.132278123233467,0.6569339692845848,6
slp59,131,1,1 CAA,80.50089445438282,0.24692294379206678,40,5.8490933905244695,6.402,3
slp59,132,1,1 HA,93.25584538451142,0.2691073390385064,47,13.42882721575649,0.0,2
slp59,133,0,W,87.54071661237786,0.21562048264602834,44,17.905102954341988,0.55474228250603,5
slp59,134,1,W CAA,92.15017064846417,0.2623868409829038,46,9.83606557377049,4.415631627147658,4
slp59,135,1,1 CAA,86.71685937079859,0.2283114777700797,44,19.369834710743802,0.10444826470554686,6
slp59,136,1,1 CAA,100.92854259184499,0.2430142580179196,51,27.573529411764703,0.6159999999999999,3
slp59,137,1,1 CAA,94.61127108185933,0.2401154889113213,47,20.29769959404601,0.2170591317283534,4
slp59,138,1,R CAA,83.85601308971911,0.17803303639044343,42,16.88048615800135,0.7207977802407551,6
slp59,139,1,1 CAA,82.82828282828282,0.2376910146417065,42,4.134509371554575,0.0,2
slp59,140,1,1 X,83.98197460057352,0.20685213863430266,42,21.116846550915064,0.11974788330302773,4
slp59,141,1,1 X,80.04926108374386,0.2076399554151672,40,19.276076247590492,0.2271025221250428,7
slp59,142,1,1 HA L,87.33920108327693,0.23778683911124257,44,25.08361204013378,0.4944168281925687,4
slp59,143,1,1 X,85.40056933712893,0.23411648940697216,43,20.352781546811396,0.23421927048530103,4
slp59,144,1,R X,78.35051546391753,0.09689363617545757,39,20.491803278688522,0.27920840484006443,7
slp59,145,1,R L CAA,98.76543209876543,0.24135537422370912,49,4.380201489268506,9.93,3
slp59,146,1,1 X,86.7635189669088,0.24900652357543973,44,19.2740122068744,0.7084087802956709,5
slp59,147,1,2 X,81.98961464881116,0.15168374995364534,41,19.11233807602463,0.7744534990702944,7
slp59,148,0,1,92.96240187302026,0.2471154915678892,46,4.99001996007984,9.572000000000001,3
slp59,149,1,1 X,92.32663110381617,0.19558432111666485,46,20.37351443123939,0.25917368693600046,5
slp59,150,1,1 X,84.8370589819553,0.09735644120442638,43,18.900614269963775,0.6053757097869057,9
slp59,151,0,1,67.91055014405268,0.12611397471698543,34,12.931034482758621,0.8203950268011135,5
slp59,152,1,2 CAA,68.11614146140086,0.1849429266937991,34,15.889830508474578,0.65907409800922,4
slp59,153,0,W,80.09309967141293,0.22416285054273621,40,19.841269841269842,0.0,2
slp59,154,0,W,94.33962264150944,0.23954013914346292,47,18.34488381573583,0.7665530350572983,7
slp59,155,1,1 CAA HA,94.64357631896901,0.21625339327769985,48,16.741071428571427,1.244700767252917,5
slp59,156,1,1 CAA,88.74546187979024,0.2513302624564863,45,14.506769825918761,1.3198999962118343,5
slp59,157,1,W CAA,89.61303462321794,0.23527502809047798,45,14.749262536873154,0.6994931498354123,4
slp59,158,1,R CAA L,80.80808080808082,0.15724296486647663,41,19.03955997461392,0.29108914251288887,7
slp59,159,1,R CAA,86.11262985237836,0.2554461838322646,43,6.664691943127962,9.01168564821378,4
slp59,160,1,1 X,88.00654932460088,0.2512899591928224,44,22.06531332744925,0.3883701327342256,6
slp59,161,0,R,92.45308861799754,0.2472377613094002,46,18.791105543376137,0.57249192134038,5
slp59,162,1,R X,84.60918614020952,0.25668848745480727,43,18.05985552115583,0.70008932374697,8
slp59,163,1,1 X,84.55240907260769,0.1953576637351229,43,19.426906265177273,0.6369472113134651,9
slp59,164,1,2 X,102.76788161140038,0.24948838530079914,51,15.184381778741866,1.7249184541506264,8
slp59,165,1,2 X,87.58826724606192,0.23846656324262427,44,17.092625752889465,0.44250123947710646,8
slp59,166,1,2 X,93.67363562313332,0.2526349608436126,47,15.114437886857639,2.912922033888,8
slp59,167,0,2,79.33279088689993,0.22347995422594039,40,19.6174595389897,0.1555626883285321,9
slp59,168,1,2 X,89.8829431438127,0.23043289381199003,44,17.870439314966493,0.3016616482087175,9
slp59,169,1,1 X,92.11244541484717,0.2454839473266261,46,17.8117048346056,1.5177282701593247,8
slp59,170,1,2 X,85.33116619260463,0.21153144215555325,43,17.67974406465735,0.3778789353694096,8
slp59,171,0,2,95.0413223140496,0.2598625781953104,47,15.230635335073977,1.6952227714663226,8
slp59,172,1,1 X,92.01199563794985,0.24125079824597678,46,18.19126819126819,0.32765736210067903,8
slp59,173,0,1,91.63725224002172,0.2826060591908072,46,18.48144155244109,0.5612198766971819,9
slp59,174,1,1 X,93.68635437881873,0.2591655214063443,47,15.91793420587195,0.7821088301651006,7
slp59,175,0,2,104.23905489923558,0.2527661369724988,51,22.04909598706453,0.9405565161116051,11
slp59,176,1,2 X,92.70455461507458,0.18505861739312648,47,18.229166666666668,0.40543410848932115,8
slp59,177,1,2 X,82.9511734556245,0.23210746449513533,42,18.447348193697156,0.7927482261096521,9
slp59,178,0,2,70.2717173069201,0.16339356268387878,36,19.08050154461203,0.35934816270688835,8
slp59,179,1,2 X,80.35714285714285,0.2643747663715603,40,23.496240601503757,0.7734725851638182,11
slp59,180,0,1,89.69828757814624,0.2253141058189472,45,17.853600476096013,0.5876117387829786,7
slp59,181,1,2 X,89.37034529451591,0.21816081338285243,45,17.65299260255548,0.3354533940681428,8
slp59,182,0,2,85.6210926882305,0.2854760276420363,43,17.030939540164635,0.4310023201793698,9
slp59,183,1,2 X,85.80768183056388,0.223792826124841,43,17.769880053309638,0.5244518567037398,9
slp59,184,0,2,89.93050824362992,0.26023427144221,45,16.380655226209047,0.6552006080084892,8
slp59,185,1,2 X,91.48877183254784,0.23946144809544384,45,15.770106886280008,0.6569116294364782,7
slp59,186,0,2,111.02139685102948,0.21346890458130074,56,14.853936293117675,0.49366880485694953,7
slp59,187,1,2 X,98.05285118219753,0.27908725317463556,48,16.859344894026975,1.2053058211296332,8
slp59,188,1,2 X,111.65245635403978,0.23306491416529437,56,17.717407352724052,0.28842286663855204,9
slp59,189,0,2,104.19504222282758,0.23141638667460473,52,16.39344262295082,0.2796569326871765,8
slp59,190,1,2 HA,90.12699713232281,0.22869176989965057,45,16.47834274952919,0.23081187675026518,8
slp59,191,0,2,78.16785518376302,0.16406619838200537,39,16.696813691387227,0.37405313793630973,9
slp59,192,1,2 H,73.21041214750542,0.1034720693511175,37,16.260162601626018,0.14994665718181246,7
slp59,193,0,2,79.99453028852729,0.16088695644696185,40,16.032982134677052,0.17061712716381272,8
slp59,194,1,3 H CA,74.08423652078476,0.10614240376279034,37,16.156331743345127,0.2501095270280683,8
slp59,195,0,3,75.04056246619795,0.1054361701465126,38,18.703241895261844,0.6615496957901197,9
slp59,196,1,3 H,74.50331125827815,0.025051058970741225,37,16.48869346733668,0.15298499326164414,8
slp59,197,0,3,73.27001356852104,0.03375218328557738,37,16.741071428571427,0.35671517249160334,8
slp59,198,0,4,74.41673370876912,0.0507887243544133,38,20.09825815096025,0.8159215648577993,10
slp59,199,0,3,74.95948136142624,0.061016852142949995,38,17.398508699254347,0.286874216907917,8
slp59,200,0,4,75.37688442211055,0.04620050309776383,38,18.716206848745323,0.7323559817128671,10
slp59,201,0,4,72.70461154964684,0.03524635167109425,36,19.515368352577653,0.7161506475595759,9
slp59,202,0,4,73.93209200438115,0.03157745718814507,37,16.42935377875137,0.14925337995694246,8
slp59,203,0,4,74.53416149068322,0.02990912161123349,37,16.10182487348566,0.17775562220219587,8
slp59,204,0,4 L,73.45939327982587,0.030226102692054363,37,16.163793103448274,0.22107270943547694,8
slp59,205,0,4,74.22680412371136,0.024410835481172857,37,19.074868860276585,0.7403294874581182,9
slp59,206,0,4,72.15503023639361,0.0547599138354445,36,19.903798308177144,0.5991191450788399,9
slp59,207,0,4,75.11165245635404,0.03130135808972997,38,16.246325235958533,0.2728282707237694,8
slp59,208,0,4,73.52941176470588,0.041128524840499135,37,20.448348985156013,0.7994622884272178,10
slp59,209,0,4,75.26444263628966,0.10101266654259398,38,16.97381183317168,0.1428959947168655,8
slp59,210,0,4 L,73.34963325183374,0.02837056377460426,37,15.530247004880934,0.27096803034562544,8
slp59,211,0,4 L,74.56670697299475,0.06167754693136835,38,18.69288285793409,1.4207504885155888,10
slp59,212,0,4 L,77.00621453661172,0.11017367302194662,39,17.292490118577078,0.14447314558740113,8
slp59,213,0,4,74.96960691611508,0.048869409020950653,38,21.50229357798165,0.8027556539819574,11
slp59,214,0,4 L,73.0282375851996,0.0430940499704674,36,17.356089094590686,0.3189216204649662,9
slp59,215,0,4,76.16303005351996,0.08157872508002917,38,19.376715646697885,0.5035928414900276,9
slp59,216,0,4 L,75.77826324412891,0.06453121395783724,38,18.891687657430726,0.507592637569031,8
slp59,217,1,4 H L,82.48390557939915,0.12640333733047077,42,14.732362088721558,1.1366322575437002,7
slp59,218,1,4 H L,86.51911468812877,0.03142534312260048,44,15.954617975536252,1.9072219471145866,7
slp59,219,1,3 HA,79.98359310910581,0.07977324866868478,40,13.64256480218281,0.7012854863273111,7
slp59,220,1,1 H,66.3716814159292,0.04340506882842141,33,18.76759461995621,0.33568884402076876,9
slp59,221,0,W,64.84733855714673,0.04358253664026452,33,16.417365924844948,0.43710359819561717,7
slp59,222,0,W,75.99616595919485,0.19734092076042956,38,15.174506828528072,0.3340000000000001,3
slp59,223,0,W,88.06663025669035,0.2677961334006881,44,14.760147601476017,0.517048353638226,5
slp59,224,0,W,99.86413043478261,0.1892006464878056,50,17.23807699674392,1.0762760901470507,7
slp59,225,0,W,95.9967320261438,0.1722155365716699,48,20.34587995930824,1.4245809910285903,9
slp59,226,0,W,86.78686759956943,0.14376189677297735,44,21.267545725223307,0.6337773741622528,11
slp59,227,0,W,77.6778413736713,0.10843495056555855,39,9.243568017254661,2.392253122058784,5
slp59,228,0,W,71.545380212592,0.07724361673646964,36,17.19338464057639,1.3985296068458795,8
slp59,229,0,W,75.63368765331153,0.04180835611865225,38,20.36659877800407,0.1757384420097094,9
slp59,230,0,W,75.7679180887372,0.030113105509856856,38,19.01743264659271,0.3111767986209769,9
slp59,231,0,W,77.08953205301596,0.05518681443546661,39,19.777322004101965,0.21889509297468282,10
slp59,232,0,W,73.94221552786526,0.06374360292280509,37,23.49088838268793,0.3292232782507166,12
slp59,233,0,W,73.25013564839935,0.029198342587834363,37,21.30345589395613,0.24443636350279216,10
slp59,234,0,W,73.7704918032787,0.048424052792892996,37,20.451446750492345,0.16259136083225315,10
slp59,235,0,W,73.4094616639478,0.04510727953076605,37,17.25838264299803,0.32912301527494775,8
slp59,236,0,W,79.279035099607,0.15507068227844076,40,18.007202881152462,0.44749078202796533,9
slp59,237,0,W,69.47282386595832,0.17423545299273846,35,20.565552699228792,0.3329080203299403,9
slp59,238,0,W,71.69192953707498,0.16814982629081915,36,16.088666428316056,0.39600448931237575,7
slp59,239,1,W HA,77.56157300312968,0.20828025547311152,39,20.49880423641954,0.47887263442381006,9
slp59,240,1,1 HA,85.11213185625506,0.20999375868060283,43,20.328263815690406,0.39652017213955243,10
slp59,241,1,1 X,98.14612868047982,0.18328181094211785,49,21.05427323767935,0.7927339160956816,10
slp59,242,1,1 X L,99.25725860904794,0.16294760926526194,50,18.744142455482663,1.8649447713002119,9
slp59,243,1,W HA,78.34471675371634,0.10750635961189446,40,10.640813431071175,3.1952920923689523,4
slp59,244,0,W,71.00351636461997,0.04459691578976268,36,25.372904813163153,0.7963787462244434,12
slp59,245,0,W,84.57511075312122,0.11807607371382854,43,24.879060124395295,0.5923702858479277,13
slp59,246,0,W,69.10569105691057,0.16851445370432303,35,21.269891287222308,0.8356964420229851,10
slp59,247,0,W,74.0030149376456,0.047016020384965655,37,18.633540372670808,1.3492916660233252,9
slp59,248,0,W,67.06408345752608,0.08687806385847914,34,12.419274714356682,0.6386555879345299,6
slp59,249,0,W,74.81801024534916,0.21299942214690631,38,11.691348402182383,1.8735327058794569,6
slp59,250,0,W,86.70520231213874,0.2888914773998806,43,10.768126346015793,0.44314331767499343,5
slp59,251,0,W,105.32001080205238,0.2462073499544594,53,12.520868113522537,0.5683308895353127,5
slp59,252,0,W,117.44060475161987,0.20084757384430582,59,13.181019332161686,1.7098940318043105,6
slp59,253,0,W,108.82956878850102,0.22288500915290552,54,10.94291446288528,0.9055887587641532,5
slp59,254,0,W,90.49470438396568,0.2718602981834513,46,13.450502152080341,0.3447192480845827,6
slp59,255,0,W,85.95988538681951,0.2265471673793761,43,8.289582757667864,3.3659999999999997,3
slp59,256,0,W,95.48963835839089,0.23681551097450693,48,16.46542261251372,0.69679839265027,5
slp59,257,0,W,104.40835266821348,0.2455459436796225,52,17.452006980802793,0.33505223473363066,5
slp59,258,0,W,99.23045767517212,0.24497742928273178,50,17.9265013444876,0.243579555792353,5
slp59,259,1,1 HA,105.06798516687267,0.25260442699959235,52,16.528925619834713,0.3540000000000001,3
slp59,260,1,W CAA,107.9576317218903,0.24619110857980275,54,18.51090086384204,0.4739207622471175,4
slp59,261,1,W CAA,101.26756682281619,0.23978035207834586,50,21.306818181818183,0.04800000000000004,3
slp59,262,1,W CAA,108.04820612273168,0.2277295577637869,53,18.656716417910445,0.57677725336563,6
slp59,263,1,1 CAA,113.49817592217266,0.2073007157119673,57,5.512679162072767,7.256,3
slp59,264,1,1 CAA,118.91744122471296,0.20500018270923676,59,20.775623268698062,0.0,2
slp59,265,1,1 CAA,110.2340772999456,0.2037774411995551,55,19.108280254777068,0.6843683218852258,5
slp59,266,1,W CAA,92.22571389534092,0.23491828261370556,46,15.856236786469344,0.26385854796336106,7
slp59,267,1,1 CAA,87.43391622610818,0.20754386896417518,44,15.113350125944583,0.22953576337178197,7
slp59,268,1,1 CAA,93.042071197411,0.2551601891306759,47,14.360938247965532,0.6588262289860659,7
slp59,269,0,1,86.43160927424887,0.2236480268397132,43,14.722378014582164,0.20549512134831627,8
slp59,270,1,2 CA,83.93612665483828,0.23805265890483082,42,15.544041450777202,0.17352809570787073,7
slp59,271,1,2 HA,94.45337620578778,0.2487793359385798,48,14.21576370241668,0.19700987002911532,7
slp59,272,0,2,95.43568464730293,0.23944763152298246,47,15.080428954423592,0.1188537850563549,7
slp59,273,0,2,86.5771812080537,0.24424173008513736,44,14.211274277593558,0.07648093444338498,7
slp59,274,0,2 L,82.8505994880776,0.22618438620198894,42,14.565126924677488,0.1549846602020961,8
slp59,275,0,2 L,89.15304606240714,0.25161604949533006,45,13.307310149041877,2.1534097984359595,6
slp59,276,1,2 H,95.55435077256709,0.2554775111714344,48,15.772870662460567,1.1680000000000001,3
slp59,277,1,2 L H,100.90138571236378,0.22651108228958688,51,14.885874958650346,0.26663999866653315,7
slp59,278,0,2,98.81688625974725,0.23132199251960528,50,15.957446808510637,0.22138266805304724,8
slp59,279,1,2 HA,89.26156342980795,0.22405349125186327,45,14.708285667592744,0.363724560011495,7
slp59,280,1,2 HA,78.62903225806453,0.1917294280229817,40,14.749262536873154,0.15304901175767208,7
slp59,281,1,2 CA,88.21115973741796,0.23428855750418795,44,15.928398058252425,0.32154423315859815,8
slp59,282,1,2 H,81.81074447777475,0.2452517889843008,41,16.233766233766232,0.3379940827884417,7
slp59,283,0,2,88.5951342989734,0.2079514377288956,43,18.135106543750943,0.7303901354755552,9
slp59,284,0,2,81.10300081103,0.11992981280732494,41,19.15097350781998,0.47156229705098346,9
slp59,285,0,2 L,79.02201810076996,0.047206012610275336,40,17.587939698492463,0.40186097707784363,8
slp59,286,0,2 L,82.70575578267888,0.04909130247390241,42,14.908066920655951,0.6963003821787132,7
slp59,287,1,R OA,78.48135229407029,0.06247660969283924,40,14.696276943174393,0.5310752196147819,7
slp59,288,1,R HA,73.62967002999727,0.05961812633465027,37,17.6522506619594,0.4630971820255441,9
slp59,289,1,R H,76.9230769230769,0.026769975325864025,39,13.208876364917225,0.33668121420714875,6
slp59,290,1,R H,73.32971211298207,0.07168104937503478,37,15.982951518380395,0.24277012446619814,7
slp59,291,0,R,74.75083056478404,0.022410315085295465,37,16.40625,0.338843170032319,8
slp59,292,1,R H,75.05070993914806,0.04241531760196288,38,17.151257758902318,0.5602442615976189,8
slp59,293,1,R HA,72.17321571772253,0.06354351090219816,37,19.16932907348243,0.6802087914750882,9
slp59,294,1,R H,72.90400972053463,0.04464551738105654,37,17.59383378016086,0.49245209028339987,8
slp59,295,1,R H,74.52387524151256,0.042942971082961856,37,18.083182640144667,0.42925516886812193,9
slp59,296,1,R HA,72.94340132378765,0.045559755903919086,37,21.008403361344538,0.6293954771577778,10
slp59,297,1,R HA,75.01013650493307,0.027657933502160524,38,17.793594306049823,0.38549189355938457,9
slp59,298,0,R,73.54944156905475,0.05198242818016654,37,19.62066710268149,0.5416788716573686,9
slp59,299,0,R,72.43460764587525,0.034037560951918316,37,20.43287422430755,0.7619844138258869,10
slp59,300,1,R H,73.20048800325334,0.05837331962844364,37,18.105009052504524,0.4028051638199292,9
slp59,301,1,R H,72.10548001648124,0.11003785619466769,36,18.738288569643974,0.22114248800264502,9
slp59,302,1,R H,76.13168724279835,0.10253220556245646,38,20.267227143071608,0.2514628804553737,10
slp59,303,1,R H,76.10037021801728,0.03814945045159822,38,17.72451046590142,0.1636262540682521,8
slp59,304,0,R,76.10037021801726,0.02307747297578609,38,17.727502954583823,0.4283305990013045,8
slp59,305,1,R HA,74.87857528332434,0.04536033799439404,38,14.43232841565106,1.5986555462498968,7
slp59,306,0,R,67.87330316742081,0.0902306807996912,34,15.83949313621964,1.2635406036779575,8
slp59,307,1,R H,71.78996307944756,0.21802006273529517,36,19.311232700354036,0.8498582234702445,9
slp59,308,0,R,96.04677060133633,0.2795329077279374,47,19.72710833470327,0.33283592053743244,9
slp59,309,0,R,107.14285714285715,0.23613816034099777,53,17.98561151079136,0.3790092347159895,8
slp59,310,1,R HA,106.88357085237968,0.24574746159572122,54,18.610421836228287,0.5100039215535503,9
slp59,311,1,R HA,101.83299389002036,0.2516254359161649,51,22.614201718679325,1.5269693382645244,11
slp59,312,1,R HA,102.16591744993872,0.23999691998023642,51,16.010978956999086,0.9288282721707352,8
slp59,313,0,R,87.10330857528697,0.20537984437605586,44,16.4576802507837,1.6980793952736901,8
slp59,314,1,R HA,74.09440175631174,0.2160461770485281,37,16.46542261251372,0.9345678909833907,8
slp59,315,0,W,86.7518493611298,0.27410106973615217,44,19.270916974466036,0.25254653036618824,9
slp59,316,1,W HA,100.68465565847765,0.24151056622847789,51,20.083682008368203,0.7366069168830821,9
slp59,317,0,W,103.42030552926862,0.24796958799528176,52,12.466755319148936,1.5933148339232897,6
slp59,318,1,W HA,98.34091517259833,0.24293592273944956,50,20.377358490566035,0.34944244832498245,10
slp59,319,1,W X,86.32502055357632,0.1890181337207715,43,17.75410563692854,0.7627802763574841,9
slp59,320,1,1 X,79.21462423832094,0.2841689453135315,40,15.592515592515593,1.502541846339063,8
slp59,321,1,W X,85.02024291497975,0.20713766824371221,43,18.665422305179654,1.2610328108340403,9
slp59,322,1,W HA,84.05084050840509,0.2623839637589055,42,18.75586120662707,0.32188041257585087,9
slp59,323,1,W HA,97.34991887506762,0.2740764289188125,49,19.785655399835118,0.4832739906098817,9
slp59,324,1,W HA,102.47301543926767,0.25302760639898564,51,19.913707268503153,0.3716759341146533,9
slp59,325,1,W X,116.59620891858721,0.20776841524556477,58,20.29769959404601,0.9277887690633035,9
slp59,326,0,W,117.97985373257902,0.20384299234424205,58,14.303877940241577,1.3737048041296533,7
slp59,327,1,W HA,114.59754433833561,0.21471400057009865,57,18.098455598455597,0.3493207122401991,6
slp59,328,1,1 X,108.73942811115587,0.23156206004939797,55,22.404779686333082,0.3470389027184128,7
slp59,329,1,1 X,115.97938144329898,0.21705697637752178,58,19.835439318248607,0.9702320964530365,10
slp59,330,0,W,113.89830508474576,0.22672818167873826,57,15.357612988152699,2.4716964346994805,8
slp59,331,1,W X,111.97068403908797,0.2263846620392194,56,14.39539347408829,0.35715916153259564,4
slp59,332,1,W X,117.75237570582563,0.20155013917793996,58,12.185215272136473,0.5488023323565601,4
slp59,333,1,1 X,118.71702304915303,0.2008466168409626,58,7.6765609007164795,0.0,2
slp59,334,1,W HA X,113.559551169393,0.21251591777116943,57,20.170327207530256,0.2034982937411406,4
slp59,335,0,W,117.80636425186191,0.2004496847088593,59,20.695364238410598,0.3234751304196352,6
slp59,336,1,1 CA,96.49603065973174,0.24309607033331168,48,15.89403973509934,0.4704922953673098,5
slp59,337,0,1,90.45832216563925,0.22849348371182368,46,17.535070140280563,0.14928181813097602,8
slp59,338,1,1 CA,82.59468170829977,0.22407817111396616,42,17.323873948193366,0.2619786562423181,8
slp59,339,1,1 CA,83.44640434192674,0.21113912738389604,42,16.900048285852247,0.23362834605764907,8
slp59,340,1,2 CA,82.33841086867024,0.21252366927003685,41,16.178736517719567,0.16724221710941725,8
slp59,341,0,2,72.89641766176061,0.15259158775326123,36,16.63234595279582,0.18065820699625584,8
slp59,342,0,2,79.26829268292684,0.20230966168486705,40,16.32716529311149,0.2001795112759892,8
slp59,343,0,2,76.28865979381443,0.17190909313899438,38,16.4576802507837,0.11577035678533638,8
slp59,344,0,2,73.59956385443641,0.1518268588284971,37,17.477424992717737,0.31639058140216486,9
slp59,345,0,2,82.40653892536514,0.21985625069499598,42,17.187052420509882,0.14346776641462025,9
slp59,346,0,2,82.59468170829976,0.22845718484294877,42,16.396002498438477,0.1943596497974508,8
slp59,347,0,2,91.2655489453759,0.24160817580803004,46,17.543859649122805,0.18584171452379272,8
slp59,348,0,2,86.81022880215343,0.23643327690792876,44,17.706576728499154,0.17885257867293722,8
slp59,349,0,2,89.213300892133,0.23839248143893205,45,16.577202399747392,0.21498628337830375,8
slp59,350,0,2,85.9833492561758,0.24992372532579943,43,17.3697270471464,0.27048195835567,8
slp59,351,0,2,88.36524300441826,0.2381124638790365,45,17.825311942959004,0.41801435382053564,9
slp59,352,0,2,87.6120619396903,0.27864463742247947,44,6.844106463878328,7.9191820004060745,4
slp59,353,0,2,104.82323924362841,0.24796869492735446,52,16.95736434108527,0.3005659966918196,8
slp59,354,0,2,104.56533624931656,0.23727381548336313,52,18.544274455261938,0.188546413384079,9
slp59,355,0,2,108.6510865108651,0.23033156097566845,54,17.196200458565347,0.13713333300262265,8
slp59,356,0,2,102.880658436214,0.23137294569590458,51,18.190086402910413,0.09647668112036183,9
slp59,357,1,2 CA,97.06120248045296,0.23599005393354092,49,17.86777843954735,0.2934143827422234,9
slp59,358,1,2 H,88.66200967221924,0.24196810116928857,45,17.27364329926587,0.19503781684586194,9
slp59,359,0,2,91.01941747572815,0.24116988940486653,46,17.43425831759407,0.5456773313964948,9
slp59,360,0,3,80.3320390949257,0.2162313344545605,41,17.467975378472797,0.24181895741083936,8
slp59,361,0,3,96.15384615384617,0.23439119873099587,48,17.40139211136891,0.3321866944957309,9
slp59,362,0,3 L,79.16102841677943,0.21713636843780074,40,17.35357917570499,0.21960817380052136,9
slp59,363,0,3,87.79093507554104,0.23049000405360684,44,17.9265013444876,0.2939914964756633,9
slp59,364,1,3 LL H,83.93612665483828,0.21905917481401302,42,17.59383378016086,0.1606679933329369,8
slp59,365,0,3,91.16022099447514,0.24411689382596946,45,17.075947308505445,0.104544883437982,8
slp59,366,0,3,86.63532572196104,0.23440546290220954,44,18.29268292682927,0.24074883177286657,9
slp59,367,0,3 LA,87.87465940054496,0.22857867793495087,44,17.6159718144451,0.29699158237229556,9
slp59,368,0,3,77.36156351791531,0.19015514878492845,39,17.582417582417584,0.15554340230302285,9
slp59,369,0,3,87.75510204081633,0.23343484979070517,44,17.884517118037813,0.23742152301726296,8
slp59,370,0,3,80.53691275167786,0.21597360949893854,41,17.101325352714838,0.08011086068692566,9
slp59,371,0,3,88.99676375404532,0.23092297739203715,45,18.04782674086329,0.3477150413772749,9
slp59,372,0,3 L,82.59468170829976,0.22262448408951194,42,17.783046828689983,0.2507827745280763,9
slp59,373,0,3,78.88349514563109,0.1849552427334669,40,17.584994138335286,0.29855652731099336,9
slp59,374,0,3,74.50664518727346,0.15837568487701315,38,17.17931937172775,0.3303983989683006,8
slp59,375,0,3 L,77.54047068426064,0.19136011214664259,39,17.033356990773598,0.3432604696145479,9
slp59,376,0,3,80.87343307723413,0.2120056367175175,41,16.69051025274201,0.18329946502254457,8
slp59,377,0,3 L,85.74928542262148,0.22646331414394966,43,19.078575466365177,0.6654115592698074,10
slp59,378,0,3,77.6566757493188,0.18545994333471974,39,17.18494271685761,0.2590570026311679,8
slp59,379,0,3 L,90.43408360128618,0.22704063268254185,46,18.099547511312213,0.12471968569556285,9
slp59,380,0,3 L,86.76490841481892,0.22411596042857113,43,16.47898928865696,0.22740932258814722,9
slp59,381,0,3 L,85.10063487775228,0.22383677645626301,43,16.595542911332387,0.45799278133514515,8
slp59,382,0,3,84.60586050350805,0.23418190786786958,42,17.59530791788856,0.17202325424197737,9
slp59,383,0,3 L,87.18516468308886,0.2322772602378088,43,16.5693545841881,0.6879757945433481,8
slp59,384,0,3,94.59829997258021,0.24425596292686655,47,17.306028266512836,0.284568093784247,9
slp59,385,0,4 L,80.76457127473417,0.2134010074952787,41,17.426662794074936,0.3614733738465394,9
slp59,386,0,4 L,88.16457387122628,0.24085241185738754,45,17.148456638902495,0.23032612194230087,8
slp59,387,1,4 L H,92.087312414734,0.23601765993770282,46,17.145306472353194,0.28948531914416664,9
slp59,388,0,4,90.43573581803234,0.228658683168669,45,16.49387370405278,0.23482863921574468,8
slp59,389,0,3 L,84.05084050840509,0.21611396733404117,42,17.1990171990172,0.2558877304839856,8
slp59,390,0,3 L,92.79626065438549,0.2417347020451129,46,17.059301380991062,0.19331353405537757,8
slp59,391,0,3 L,86.18331053351574,0.22485373426754326,43,16.561514195583598,0.2623037653296698,8
slp59,392,0,3,83.97050791916988,0.22345885173250257,42,17.059994313335228,0.261814820054175,9
slp59,393,0,3 L,86.21869440262763,0.22692224486686954,43,17.151257758902318,0.20995626366712955,8
slp59,394,0,3 L,82.85004142502072,0.229235163096764,41,9.46820261953606,4.13258018675984,5
slp59,395,0,4 LL,87.06803455723544,0.2521311221532314,44,9.811937857726901,5.029257102197103,5
slp59,396,0,4 L,84.40514469453376,0.2308679865440082,43,23.752969121140143,0.49534230588553607,5
slp59,397,0,4 L,85.80768183056388,0.20412365644427746,43,19.029495718363464,0.9258504198843353,9
slp59,398,0,4 L,74.28807263722659,0.2542533731885927,37,18.170805572380374,0.16999999999999993,3
slp59,399,1,4 CA,86.18331053351574,0.26267191541425267,43,19.040365575019038,0.2828246099617217,6
slp59,400,1,4 CAA,91.97438343098514,0.2650374527458802,46,18.413945494721332,0.7359417368243221,6
slp59,401,1,2 CAA,114.62662555302317,0.21289442384264864,58,7.138324873096447,6.434631578851703,4
slp59,402,0,1,115.99511599511601,0.22515760767023194,58,8.937881722031879,6.336751454807108,5
slp59,403,1,1 CAA,114.06844106463878,0.21871050663899463,57,17.16247139588101,0.29927913392015826,9
slp59,404,1,2 CAA,117.5834572239492,0.2110677120559483,59,17.201834862385322,0.2907487870015233,8
slp59,405,1,2 CAA,125.27382256297922,0.17981105075811657,62,16.95736434108527,0.1574345344994586,8
slp59,406,1,2 CAA,117.44505494505495,0.20574043178071158,58,17.25554642563681,0.14549563427071185,8
slp59,407,1,2 CAA,113.82113821138209,0.21612260314885332,57,16.58505765281946,0.15013680835987486,8
slp59,408,1,2 H,115.79089924160346,0.21146914028168343,58,17.759360663016132,0.31606921710283653,9
slp59,409,1,2 H,121.27745586848134,0.19215201158342204,61,17.20430107526882,0.2177010564972067,9
slp59,410,0,2,112.12285947268283,0.22247361882789646,56,16.73840267814443,0.18293391245619448,8
slp59,411,0,2,109.08342480790341,0.23467632967148855,54,16.43706950532248,0.2812938038450771,8
slp59,412,0,2,108.78323932312655,0.2369455842098418,55,18.878478534470705,0.5189257659986483,10
slp59,413,0,2 LA,111.11111111111113,0.2163317068933896,55,17.26689689195856,0.19010630753151064,8
slp59,414,0,2,102.45901639344264,0.24485750958465619,51,17.913121361397224,0.4747838982105439,9
slp59,415,0,2,117.45646010530581,0.20452671505218012,59,17.28608470181504,0.20782444514541595,9
slp59,416,0,3 L,117.77446866116149,0.20591755735745756,59,16.411378555798688,0.2098924894865396,8
slp59,417,0,2,107.49053542455383,0.2297622279254675,54,16.896648831315122,0.10447487736293361,9
slp59,418,0,3,105.12573862855574,0.23149843036246381,52,16.15508885298869,0.19067249408344142,7
slp59,419,0,3,108.17798339910193,0.2331020583300834,54,16.365336658354117,0.4407363041501327,8
slp59,420,0,3 L,103.71475054229936,0.24189962045127594,52,15.813253012048193,0.09760227498184988,8
slp59,421,0,3 L,111.30599028602269,0.22505590563492667,56,16.136468418626098,0.3227797631670922,8
slp59,422,1,3 H,105.74837310195228,0.24453206128048494,53,17.162471395881006,0.13257881752807607,8
slp59,423,0,3,100.87424344317418,0.25690869973591784,51,16.460260228876,0.4709514468670019,8
slp59,424,0,3,116.40571817562969,0.20537949619589413,58,17.793594306049823,0.47730493397826923,9
slp59,425,0,3,121.19967132292525,0.19176870105069713,60,9.167303284950345,4.530463442077422,5
slp59,426,0,3 LA,107.51961049499594,0.2203950109239241,54,16.794625719769673,0.9838964604560582,8
slp59,427,0,3,78.90365448504981,0.23111954432135984,39,12.647554806070827,1.1471676425004325,6
slp59,428,1,3 HA,73.38950801848328,0.30818937580329514,37,17.381228273464657,0.0,2
slp59,429,1,3 HA,93.31890722207196,0.25002043016710696,47,16.853932584269664,1.0533945129912154,9
slp59,430,0,2,98.01195606839985,0.2588063696763685,48,9.812472743131268,2.2890448274820274,4
slp59,431,1,W CAA,88.0786562884064,0.20637925780708105,44,12.794268167860798,0.9783237909812884,6
slp59,432,0,1,77.38256855824056,0.2785972778282236,39,18.159806295399516,0.0,2
slp59,433,0,1 LA,89.97955010224949,0.2781622542140135,45,17.76549545992894,0.3165536640480128,4
slp59,434,0,1,97.7464023893565,0.229550224472893,49,15.502273666804465,0.6370260905174923,6
slp59,435,1,1 HA,98.02586793737235,0.29055061473385707,49,13.015184381778742,0.9931626251525982,5
slp59,436,1,1 HA,104.96568429551878,0.2332489717881661,53,19.24721984602224,0.2809760764825995,4
slp59,437,1,1 HA CAA,94.28915340377158,0.278446547572668,48,16.987542468856173,0.0,2
slp59,438,0,1,98.67068658352747,0.2450367177701243,49,16.348773841961854,0.6024162459075397,7
slp59,439,1,1 CAA,90.28727770177836,0.26710105804098117,45,17.681728880157173,0.5856445641816848,4
slp59,440,0,1 L,112.76653909240025,0.2362722508652373,56,5.0899219545300305,7.603999999999999,3
slp59,441,1,2 CAA,119.8677321576192,0.19797380290068275,59,17.123287671232873,0.4923645571554243,8
slp59,442,0,2,118.2386518075564,0.2013765706001632,59,7.612925054982237,6.852114288467628,4
slp59,443,1,W CAA,109.54828239112797,0.230571402103045,55,15.483071841453343,0.34896326454227256,6
slp59,444,1,2 CA,118.54476086660307,0.2014091262764513,59,14.910536779324056,0.32399999999999984,3
slp59,445,1,2 CA,114.20802175390891,0.2211325094478283,57,14.726507713884995,0.16323665054647712,8
slp59,446,1,2 HA,126.47898816809465,0.1756704534650137,63,15.535991714137754,0.22304259682849822,7
slp59,447,1,2 CA,123.69879680951738,0.18274540439419262,62,15.544041450777204,0.29902699352590706,8
slp59,448,1,2 HA,120.4409363091998,0.2007380578833827,60,19.12655403251514,1.0188478787336215,9
slp59,449,0,2,113.91375101708704,0.2242882165465512,57,15.347885402455663,0.09878371435728772,7
slp59,450,0,2,98.80609304240429,0.25974687197346574,49,15.2372659991293,0.34642901325450476,8
slp59,451,0,2,99.51259138911453,0.25545065485899304,50,10.886921178690665,5.096355654779207,6
slp59,452,0,2,99.11003236245955,0.2683276109326768,50,7.809788267962513,7.197914759768199,4
slp59,453,0,2,111.69780666125104,0.22877211874275588,56,19.986675549633578,0.3019999999999998,3
slp59,454,0,2,114.87964989059081,0.22559110562869164,57,19.011406844106464,0.40703415090137096,6
slp59,455,0,2,122.1498371335505,0.18827186017388084,61,18.936405239072116,0.7523521449427788,9
slp59,456,1,2 HA,101.04481715699752,0.23314994558480476,50,12.414649286157665,1.0096469680041635,5
slp59,457,1,2 CAA,92.11244541484717,0.2814072011152277,46,16.405395552314985,0.05409456740026883,4
slp04,0,0,W,74.65781833264207,0.1331344349812541,37,7.211538461538462,2.4606037199570894,4
slp04,1,1,1 X,75.19844032864503,0.12356729560530925,37,12.774655084312721,0.8825468599456916,6
slp04,2,1,1 X,79.08611599297012,0.08194223523025178,40,10.295126973232671,1.2677791605796334,4
slp04,3,1,2 X,70.67627494456762,0.15799347365085362,35,10.528778661675245,0.4626224762758027,4
slp04,4,1,2 X X,80.39027071595437,0.049957667812929735,40,12.701100762066048,0.5087899370074056,6
slp04,5,1,2 X,76.3831544178365,0.12357678904372749,38,12.981393336218087,0.5002972449787557,7
slp04,6,1,2 X,75.46913244492794,0.13775467549557496,38,11.734793663211422,0.47213875079260337,5
slp04,7,1,W X,78.69667264945464,0.1101216149677369,39,10.73729420186113,0.5745119668031291,5
slp04,8,1,1 X,76.88157539789587,0.12542740227317645,39,9.596928982725528,1.8270281880693577,5
slp04,9,1,1 X,82.36101578586135,0.061956032797460495,41,12.082158679017317,0.49973192813747663,5
slp04,10,1,2 X,72.51381215469614,0.12983380271150735,36,13.989927252378287,1.4092435417627431,6
slp04,11,1,2 X,72.54387177007047,0.15865170683491764,36,12.703252032520325,1.3740553700633755,6
slp04,12,1,2 X,71.29875576681114,0.1699772018093841,35,9.250693802035151,2.415772340267187,5
slp04,13,1,2 X X,72.74490785645004,0.16522275872288297,36,10.743061772605191,2.1503234640397713,5
slp04,14,1,2 X,76.04823239243629,0.1231563467955521,38,11.691348402182387,0.5243998474446766,6
slp04,15,1,2 X,74.95948136142626,0.14139011405873725,38,12.305168170631667,0.5568841890375412,5
slp04,16,1,2 X,69.18238993710692,0.17298366935135512,34,14.560279557367501,1.4723856016682586,6
slp04,17,1,2 X,75.78861122490781,0.141214434231612,38,14.058106841611997,1.5170223465723898,6
slp04,18,1,W X,80.1589476568923,0.10178380098683071,40,14.439274827530884,1.3893027827735112,7
slp04,19,0,W,139.02139839171323,0.09749845176660916,69,21.32802502488269,1.2982240792713715,11
slp04,20,0,W,100.98928276999177,0.15732063095670176,50,14.550997782705101,1.5153831064069816,8
slp04,21,0,W,91.65393695320094,0.16221633856017023,45,9.330292349160272,0.6402027456638683,4
slp04,22,0,W,80.61265618702136,0.14487894947161922,41,7.563025210084034,1.6556016697529903,4
slp04,23,0,W,84.08531583264971,0.1294999856446904,42,8.322544849269466,0.23662816588244265,4
slp04,24,0,W,86.92052980132452,0.11063846866392955,43,10.369858278603527,0.5056520542823889,5
slp04,25,0,W,86.19510192912847,0.05376837870675323,43,8.521113425487597,1.3664721812836964,4
slp04,26,0,W,86.62369057211926,0.08558604638524449,44,10.375237765865469,0.7432220395009824,5
slp04,27,0,W,84.23503629639775,0.02369547029105137,42,10.378827192527243,0.38498181775247503,5
slp04,28,0,W,86.64557832485215,0.09959614596082235,43,11.12759643916914,0.46961260630438784,5
slp04,29,0,W,83.01051466519093,0.0792020201762556,41,9.027081243731192,0.1164054217904913,4
slp04,30,0,W,83.81030253475062,0.02766331098294209,42,9.158907037093574,1.2259930668645722,5
slp04,31,0,W,81.82190099549979,0.08122751996706536,41,11.907124429450288,1.0135694352139868,5
slp04,32,0,W,83.36722244814965,0.022093199375725625,42,8.007117437722421,1.2670609912532054,4
slp04,33,0,W,85.90128170166349,0.05595884461145917,43,10.334137099552187,0.8563387180315978,5
slp04,34,0,W,84.39687114038699,0.07338518167822751,42,10.746525290156184,0.683288050532131,6
slp04,35,0,W,84.38529088913282,0.05533247086426984,42,10.046885465505692,0.4608253465251233,5
slp04,36,0,1,83.00715346200568,0.06113874761916713,42,10.29336078229542,0.48814239725719377,5
slp04,37,0,1 L,85.23908523908526,0.02862014033989963,42,10.869565217391305,0.35330440133120344,5
slp04,38,0,1,83.28706274292061,0.02278244938543705,41,10.87547580206634,0.6662274386423903,5
slp04,39,1,1 X,85.28496006497903,0.07700192888593242,43,10.028413839211098,0.5731413438236682,5
slp04,40,1,1 X,84.17738844785109,0.05931129625270957,42,10.913059294288834,0.31543620591175037,5
slp04,41,0,W,84.22350041084634,0.07592964588571947,42,10.395010395010395,0.7954520727234292,5
slp04,42,1,W X,83.65070729053319,0.03856386808238137,42,11.67996885341639,0.2681697223774527,5
slp04,43,1,1 X,82.16926869350863,0.10476239783433748,41,11.94267515923567,0.40050368287944615,6
slp04,44,0,2,83.548430919712,0.08140281081489957,42,10.766194150367847,0.49736405177696563,5
slp04,45,1,2 X X,78.11429354529257,0.18754589466015545,39,14.222503160556258,1.396608590677988,7
slp04,46,1,2 X,79.10074937552041,0.1384072436578119,39,12.118274357731458,0.374955143983917,6
slp04,47,1,2 X,77.74140752864157,0.14406708194352724,39,11.783189316575019,0.4689869934230587,6
slp04,48,1,2 X,78.46916299559471,0.16783582533514105,39,12.487512487512488,0.5011819629635529,6
slp04,49,0,2,83.92467248908297,0.08417878483784218,42,11.818468326504885,0.5072113563397412,6
slp04,50,1,2 X,78.00739017380596,0.15476952751817602,39,12.851635013565614,0.5585715909551991,7
slp04,51,0,2,78.50158380388376,0.12841505594282074,39,11.743981209630064,0.07437069315261235,5
slp04,52,0,2,84.45482010436693,0.024240712358211576,42,12.223278554936847,0.4501639207617105,7
slp04,53,0,2 L,86.27773212818406,0.026769868328778448,43,12.13199611776124,0.28716100013755363,6
slp04,54,0,2 LA,85.87786259541984,0.07172256955887027,43,15.579020252726329,1.1401272833426197,7
slp04,55,0,2,83.46905537459283,0.06957568345861144,42,12.341615928912292,0.7680399989583876,6
slp04,56,0,2 L,82.3158183564275,0.07674105811102686,41,11.753643629525154,0.25546694502420464,6
slp04,57,0,2,84.01639344262294,0.07695724532860003,42,12.506253126563282,0.514740167463158,6
slp04,58,0,2,85.22727272727272,0.03539168586789033,43,11.946479770627588,0.2945325788431562,6
slp04,59,0,2,84.29276315789474,0.02705659787186412,42,11.75732873491143,0.30771831274722666,6
slp04,60,0,2,87.5050875050875,0.02030891765431839,44,12.272950417280315,0.335441440492972,6
slp04,61,0,2,86.34868421052632,0.02111710142962606,43,12.536564981195152,0.2225878103880205,7
slp04,62,0,2 L,80.93525179856113,0.10406046894273155,40,14.697236919459142,1.1953954324824902,6
slp04,63,0,2 L,86.68189759440936,0.017636188764508356,44,12.254901960784311,0.08224840423983916,6
slp04,64,0,2,86.05381778445565,0.017620077189995656,43,12.520868113522537,0.3343291791034697,6
slp04,65,0,2,85.86615783017582,0.02391234939345648,43,12.386457473162677,0.18667619023324847,6
slp04,66,0,2 L,85.63273073263558,0.03306463127376201,43,12.366034624896951,0.19641588530462614,6
slp04,67,0,2,86.79854662898668,0.03764466238038041,44,12.645422357106728,0.13269875658799532,6
slp04,68,0,2,85.34554537885096,0.029995518205776596,42,12.282497441146367,0.15985931314752977,5
slp04,69,0,2 L,85.29650690495531,0.021884048177287712,43,11.968880909634949,0.29692254882376307,5
slp04,70,0,2,84.92129246064623,0.030791270192176062,42,12.485433660729148,0.3020633046233851,6
slp04,71,0,3,86.43795229161081,0.017109199749337667,44,12.575452716297786,0.2806666349960391,6
slp04,72,0,3 L,86.17152236356176,0.02560346490157115,43,11.956001912960307,0.4332840177066309,6
slp04,73,0,3,86.57413769410472,0.021944684117064243,43,12.32741617357002,0.23932438237672302,6
slp04,74,0,3 L,85.49328267064732,0.035917390730899425,43,12.499999999999998,0.15543487382180352,7
slp04,75,0,3,84.9682232660956,0.02103836330415341,42,12.606807676145118,0.3139886763704846,7
slp04,76,0,3,85.86615783017582,0.02536571507239224,43,12.21498371335505,0.2924544408963557,6
slp04,77,0,3,86.03031544448999,0.021888399686051187,43,12.592343854936201,0.4079796073335041,6
slp04,78,0,3 L,86.10086100861008,0.01954795255211121,43,12.718331354926233,0.20765509866121748,6
slp04,79,0,3,92.63071222725402,0.10540048492403734,46,13.810035292312415,0.9787813284329084,7
slp04,80,0,3 A,80.85163724565423,0.1267501084812159,41,13.18295005126703,0.5970657882977014,7
slp04,81,1,3 X,76.74225663716814,0.09749996909591016,38,12.110447279186179,0.42486402530692113,6
slp04,82,0,3,83.44640434192674,0.05906444921620419,42,13.345195729537368,0.46946778377222004,7
slp04,83,0,3,83.35592301436704,0.0702439024390244,42,12.390550140426235,0.5148458410048585,6
slp04,84,0,3,83.47245409015024,0.07091516057938527,41,12.449854751694563,0.18810517152793965,7
slp04,85,0,3,84.56375838926174,0.03612625881493569,43,12.720488466757125,0.4980049798947799,6
slp04,86,0,3,85.57457212713938,0.03819035743954936,43,13.09814879497031,0.35561237323805245,6
slp04,87,0,3,84.78081058726221,0.015337255617452361,42,12.987012987012987,0.7913087892851943,6
slp04,88,0,3,85.9129960452748,0.016700374077578774,43,12.983266012694749,0.2722809007052991,7
slp04,89,0,3,86.31071858691287,0.020204685425470954,44,13.160203544481488,0.1350413270076979,6
slp04,90,0,3,86.88038793103448,0.03334257668847968,44,13.05104408352668,0.2292906937104561,7
slp04,91,0,3,83.7874659400545,0.021630832644177807,42,13.091289928434282,0.16568693370329468,6
slp04,92,0,2 LA,98.99628763921353,0.11911336220405987,49,11.984659635666349,0.44408719864459034,6
slp04,93,1,2 X,74.38016528925618,0.11963648644493406,37,12.40079365079365,0.3013633023445289,6
slp04,94,0,2 L,74.74747474747474,0.12514745138152034,38,12.175324675324678,0.32590550777794486,6
slp04,95,0,2,81.91126279863482,0.02808825377270722,41,12.871117212974086,0.22313547454405352,6
slp04,96,0,2 LA,82.09057326583665,0.03249599975381586,41,12.76595744680851,0.15605127362504947,6
slp04,97,0,2,84.78081058726221,0.02277165964627537,42,13.11953352769679,0.1335198695159472,7
slp04,98,0,2,81.45533532446376,0.08008270724694566,41,13.114180800839305,0.24511091366970994,6
slp04,99,0,3 L,84.05084050840509,0.018617538250734155,42,13.394850424170262,0.19161651517781247,7
slp04,100,0,2,83.60522022838498,0.01819087114407579,42,13.406822583047818,0.2008437756621356,7
slp04,101,0,2,82.28195282501373,0.060413243581188394,41,12.915446874461857,0.09981102143551092,6
slp04,102,0,2 LA,89.22536163309451,0.1645074541756052,45,15.885022692889562,1.1328118528147342,8
slp04,103,0,W,124.67638642866878,0.12345313781877638,62,14.155394778232147,1.8754024160756066,7
slp04,104,0,W,86.7518493611298,0.15226614142957656,44,12.181257105733314,0.5732579175205519,6
slp04,105,0,W,89.82035928143712,0.16166632302368975,45,12.236906510034263,1.3423427878153924,6
slp04,106,0,W,83.6962438758846,0.10044394022488393,42,14.007782101167315,1.3665282856770862,7
slp04,107,0,W,84.40845457040899,0.11648257536163611,42,13.039698638075919,1.302171860990536,7
slp04,108,1,1 X,85.4932826706473,0.058261822056103356,43,16.661377340526816,1.6756074743695988,8
slp04,109,1,1 X,81.87772925764193,0.09185728060420686,41,12.254901960784316,0.7881441492518991,6
slp04,110,1,2 X,76.05865424146909,0.12112315871183797,38,13.361838588989848,0.8788523425468011,6
slp04,111,1,2 X,85.2157446232923,0.1346727620362303,43,12.417218543046356,0.3425364214211388,6
slp04,112,0,W,80.94645080946451,0.15719634326314882,40,11.005135730007337,0.9294712475380829,6
slp04,113,1,1 X X,80.75648812810601,0.13013198175648882,40,11.383039271485487,0.5289716438524846,5
slp04,114,1,2 X,73.88151593925296,0.1317286305203445,37,13.068478829064295,1.469527053170509,6
slp04,115,1,2 X,78.07149705519791,0.1012892514799767,39,11.325883418906672,0.6526480215246192,6
slp04,116,1,2 X,83.1946755407654,0.1431228842638381,41,10.869565217391305,0.8122659662942923,6
slp04,117,1,2 X,76.53061224489797,0.12731573860798712,38,12.036591237361579,0.904132379687842,6
slp04,118,1,2 X,78.51295128170716,0.17273889878423068,40,11.100832562442182,0.7987809461923839,5
slp04,119,1,2 X,74.85837604531966,0.13156965509458965,38,12.210012210012211,0.35091309465450277,5
slp04,120,1,2 X,72.49378624689312,0.14609389209040347,36,11.998080307150856,0.8055463735875175,6
slp04,121,1,W X,70.41281237056468,0.15025777159227216,35,11.740763932373198,0.6087763464524552,6
slp04,122,1,W X X,71.20915945266685,0.16024358620679713,35,10.793308148947652,0.9011254074766728,5
slp04,123,0,W,82.93998651382333,0.16867590161561832,42,11.89532117367169,1.5982330243115364,6
slp04,124,1,1 X,76.1108063631377,0.13225815338971347,38,12.343647136273864,0.4097562202090409,6
slp04,125,1,2 X,80.67769261799114,0.15751669752759548,41,13.286093888396811,0.7448776185835273,7
slp04,126,1,2 X,75.85075850758508,0.169826379781057,38,12.522958757722492,0.3622631088035323,6
slp04,127,1,2 X,84.65244322092225,0.12377546787850383,42,10.734220695577502,0.7520451050302767,6
slp04,128,1,1 X,73.49938750510414,0.14801013478812863,37,11.415525114155251,0.9239264039954697,5
slp04,129,1,1 X,80.73419817830525,0.10822267447966663,40,10.732684602175159,0.9617603859589978,6
slp04,130,0,W,68.4931506849315,0.15284612979705894,34,11.574074074074074,0.5431537535541849,5
slp04,131,1,2 X X,70.87270705947749,0.12540712937024678,35,11.446886446886447,1.0619306192025917,6
slp04,132,1,2 X,72.82535401213757,0.11772844878924123,37,11.925584353633328,0.45710322685362864,6
slp04,133,1,2 X,76.96574677575926,0.1666036793566227,38,12.280989028983136,1.0513887197416567,6
slp04,134,1,2 X,76.81940700808624,0.16597192967620522,39,12.729124236252547,0.7227618141545665,6
slp04,135,1,2 X,77.94338848625736,0.19848626598314936,39,11.859582542694499,0.9169912540477148,6
slp04,136,1,2 X,77.14169711733659,0.11750994535620264,39,11.17235215253985,0.4369318482326506,6
slp04,137,1,2 X,78.51239669421487,0.16083714514258743,39,11.333585190782019,1.6736128584592074,5
slp04,138,1,2 X,75.58218711698215,0.12013539962880927,38,12.376237623762377,0.6992247135220553,6
slp04,139,1,2 X,76.05865424146911,0.1655892283613462,38,11.301563382934638,1.0073028343055528,5
slp04,140,1,2 X,83.78746594005449,0.035967332656751234,42,13.464991023339316,1.2594136201687938,7
slp04,141,1,2 X,74.80792559644156,0.1177615423724699,38,11.303692539562924,0.3939847712792971,5
slp04,142,1,2 X,74.80792559644156,0.13654143929857634,38,10.600706713780918,1.2300081300544317,5
slp04,143,1,2 X,73.35959788072273,0.14920972893841924,37,11.906651849499921,1.167653099169441,6
slp04,144,1,2 X,72.83517669274346,0.14341530816926046,37,14.817950889077053,1.3247959873743826,8
slp04,145,1,2 X,78.26445146230948,0.18253023124556536,39,10.493179433368311,0.8590529669351014,5
slp04,146,1,2 X,72.84584431802413,0.12054873178384697,36,12.934751365334867,0.3367504846156704,7
slp04,147,1,2 X,70.2059374164215,0.182583223406171,36,12.195121951219512,0.5292530585646155,6
slp04,148,1,2 X X,76.19302232321883,0.17175789828496593,39,10.610079575596819,0.8240843403438752,5
slp04,149,1,2 X,77.38256855824056,0.18297316758312313,39,11.773940345368917,0.35600449435365294,6
slp04,150,1,2 X,71.90795781399808,0.18780950835506552,36,11.82033096926714,0.36662351261205295,6
slp04,151,1,2 X,70.37394784048573,0.16414092181577655,35,13.529765484064942,0.6954659509198771,7
slp04,152,1,2 X,68.3921147914711,0.16691729713557243,35,12.412081092263136,0.1852241884851978,5
slp04,153,1,2 X X,74.6369015599785,0.16397623159730548,38,12.74643099932019,0.7114082934574208,6
slp04,154,1,2 X,75.0521195274496,0.19767122597952114,37,12.733446519524616,0.3006446407305475,6
slp04,155,1,2 X,69.17130069171301,0.17836151616822218,35,12.833309567945244,0.7313381950613241,7
slp04,156,1,2 X,70.55893746541228,0.17282733347833565,35,12.108492089118501,0.44886630526249127,6
slp04,157,1,2 X,67.55834584413813,0.18216072782618958,34,12.291052114060962,0.3330691219551882,6
slp04,158,1,2 X X,73.40946166394781,0.19061071440096025,37,12.969047207331837,0.5494119037661999,6
slp04,159,1,2 X,74.41091360066143,0.17304687868384744,37,12.524352908433064,0.36966050490806956,7
slp04,160,1,2 X,80.03830893419072,0.11881368460842424,40,14.047574452144598,1.0175308152581917,6
slp04,161,1,2 X,75.6646216768916,0.1456405212559402,38,12.038523274478331,1.5617672041632837,6
slp04,162,1,2 X,74.59593866556155,0.13669227402372738,37,12.046257629296498,0.7197839675902764,6
slp04,163,1,2 X X,68.54057047909167,0.16219142065154377,34,12.016823552974165,0.9366594898894687,5
slp04,164,1,2 X,81.73273395995096,0.09331232501658074,41,13.250883392226147,0.6644673054409825,6
slp04,165,1,2 X,72.81553398058252,0.16072613007500955,37,12.40489579887529,0.5209677149305895,6
slp04,166,1,2 X,72.522159548751,0.14981618366815014,37,12.757271644837555,0.774941133248197,6
slp04,167,1,2 X,67.31030731574654,0.16941144811124142,34,12.238903394255873,0.8342531030808338,6
slp04,168,1,2 X,69.5012264922322,0.16980395779558552,35,12.642225031605564,0.702618910458104,7
slp04,169,1,2 X X,70.77435470441299,0.15833528439276265,35,12.853470437017995,0.7678833244705863,6
slp04,170,1,2 X,76.21532546003846,0.14191535455951074,38,13.132551216949745,1.2447840615946206,6
slp04,171,1,2 X,74.79784366576818,0.15832254342792507,38,13.192612137203167,0.8496022598840002,7
slp04,172,1,2 X,73.44940152339501,0.16555123036855754,37,11.724245740190714,0.705074634347315,6
slp04,173,1,2 X,70.70567031748233,0.15088174521148104,35,10.053619302949063,1.0956386265553073,5
slp04,174,1,2 X X,103.26673866090711,0.16909418308382873,52,9.397024275646046,2.581146063282743,5
slp04,175,0,W,104.40835266821345,0.1520385228101768,52,9.995002498750624,1.0214161737509346,5
slp04,176,0,W,84.64079273327827,0.13282524648390387,42,10.084033613445378,0.34416856335231993,5
slp04,177,0,W,84.30431802604524,0.09001849238268037,42,10.909090909090908,0.5549774770204642,5
slp04,178,0,W,81.42217397204506,0.07573895959148105,41,11.066843736166446,0.8937636376581899,6
slp04,179,0,W,86.30136986301369,0.09417405605827499,43,12.016823552974163,0.4316144112515241,5
slp04,180,0,W,83.26563769293257,0.12417630574225093,42,10.909090909090908,1.9494310964996944,6
slp04,181,1,W X,82.69463493344091,0.0603267722715771,42,10.277492291880783,0.6717529307714258,5
slp04,182,0,W,83.7190307650422,0.06866477032741462,42,9.938711280437303,1.1199549098066404,5
slp04,183,1,1 X,89.1622891899364,0.1372225141451577,44,10.332357499569486,1.0332681162215354,5
slp04,184,0,W,79.78723404255318,0.08896902370762073,40,11.372251705837757,0.6207028274464361,5
slp04,185,1,1 X X,82.82828282828282,0.09487883879538168,42,11.55268022181146,0.9252151317396402,6
slp04,186,1,1 X,74.42116868798236,0.15579600463981222,37,10.524469391334854,1.2258560274355221,5
slp04,187,1,2 X,72.46376811594203,0.14431077575843043,36,10.393209769617185,1.1205726214752885,5
slp04,188,1,2 X,74.28724401017267,0.15316870297319035,38,12.295081967213113,0.9442474252016787,6
slp04,189,1,2 X,74.31874483897604,0.14390892181438153,37,10.298661174047373,0.5548369129753355,5
slp04,190,1,2 X,73.0124391563007,0.1527392678737766,37,11.506597115679657,0.9131978098966291,6
slp04,191,1,2 X,69.75760992108229,0.14047705680800637,34,11.870845204178536,0.4506890724213313,6
slp04,192,1,2 X,67.9198682766191,0.15355858410114312,34,13.431232091690545,0.3769214241722006,6
slp04,193,1,2 X X,87.85072187414872,0.09147511756530145,44,14.361920393926958,1.154455433067373,8
slp04,194,0,W,82.07934336525307,0.0967501937982555,41,9.129640900791236,1.1537255595100016,4
slp04,195,0,W,95.146166574738,0.10351464468139793,47,11.954096270321964,1.9278114430617947,6
slp04,196,0,W,70.31573142148078,0.15771820168220443,35,11.560693641618496,0.7314670190787826,5
slp04,197,1,1 X,71.1671411142741,0.152977565382,36,13.370970138166692,1.8177516026368639,7
slp04,198,1,2 X,78.66075030254135,0.11456818852755422,40,11.799410029498524,0.5761761883313126,5
slp04,199,1,2 X,66.76867436361107,0.1678320868457519,33,10.595090941197245,0.916141364637576,5
slp04,200,1,2 X,66.74757281553399,0.1756781429699078,34,12.360939431396789,0.4628736328632254,5
slp04,201,1,2 X X,74.53666398066076,0.16034936291878035,38,12.31324905598424,0.67262066575448,6
slp04,202,1,2 X,70.79288025889969,0.18430228939856125,36,12.791358726549175,0.5808759668714905,7
slp04,203,1,2 X,70.06456930897102,0.1570593522793479,35,12.34567901234568,0.5773664347708481,5
slp04,204,1,2 X,73.72560033703131,0.13419420590308354,36,13.011797362942401,0.5658630222942653,6
slp04,205,1,2 X,68.6406460296097,0.14551890208853246,35,11.187768040275966,0.37777638888633575,5
slp04,206,1,2 X,70.60778070053995,0.18095222944899172,35,11.349878934624696,0.524287554687311,6
slp04,207,1,2 X X,77.62494893095466,0.1339927231662072,39,14.448547118317547,1.6458293417673115,7
slp04,208,1,2 X,71.71151482037975,0.15273352544846977,36,11.99616122840691,0.31389781776877645,6
slp04,209,1,2 X,74.95948136142624,0.15592037824974236,38,12.531328320802004,0.5368470918241058,6
slp04,210,1,2 X,69.07761072734661,0.1870240811243708,35,12.325390304026293,0.7870095298025305,5
slp04,211,1,2 X,71.89173949816747,0.16196116412622227,35,11.889663918833227,0.7382946837137593,6
slp04,212,1,2 X,71.26374372200354,0.16966891168342163,36,13.316761363636363,0.7723568087354444,6
slp04,213,1,2 X X,69.54200618151165,0.15807166720917554,34,12.419274714356682,1.383355688172785,6
slp04,214,0,2,68.09078771695594,0.16779407382584363,35,11.413353623739773,0.2950440645056259,5
slp04,215,0,2,71.09967497291441,0.18795619116144688,36,12.650221378874129,0.8001068678620377,5
slp04,216,1,2 X,84.64079273327827,0.10575816756141738,42,12.579671251257965,0.24547879745509574,6
slp04,217,1,2 X,81.84422316191515,0.0537325785720358,41,8.801095247408567,0.582906129282885,4
slp04,218,0,W,86.39605046626438,0.03721701997693687,43,10.64773735581189,0.6825152012959126,5
slp04,219,1,1 X,78.3397471137988,0.12055219211997242,39,13.383297644539612,1.0954199925142867,6
slp04,220,1,2 X,76.3516302104829,0.14820758150967403,38,12.624137350614376,0.9974540390413988,6
slp04,221,1,2 X X,81.54389779831476,0.09952266073613587,41,11.391251518833537,1.5784010136844184,6
slp04,222,1,2 X,72.23445239405615,0.14275635301635653,36,12.31274368971886,0.7271774198914595,5
slp04,223,1,2 X,76.00657354149548,0.11840458799078726,38,13.489208633093527,1.7612336585473265,5
slp04,224,1,2 X,74.17582417582419,0.13225265756157328,37,11.387360030366294,1.4546240064016542,5
slp04,225,1,2 X X,72.83517669274346,0.15586588093455916,37,12.110447279186179,0.897393915736005,6
slp04,226,1,2 X,69.1900691900692,0.16029320021324076,35,10.572687224669604,0.8151337313594622,5
slp04,227,1,2 X,72.77628032345014,0.167171974732018,37,11.066027296200664,0.5564494586213558,5
slp04,228,1,2 X,72.23445239405613,0.14662042066200068,36,12.908777969018933,0.7560793609139189,5
slp04,229,1,2 X,69.52017448200655,0.17750177151998672,35,10.867596449918492,0.8972151358509284,5
slp04,230,1,2 X,66.86478454680534,0.1824883004413702,34,10.319917440660475,0.7569649925855226,5
slp04,231,1,2 X X,71.00351636461995,0.18586961416376738,36,13.00954032957502,1.0034128429182743,7
slp04,232,1,2 X,70.00686341798216,0.15535707280070693,35,14.180374361883153,0.3497418476533798,6
slp04,233,1,2 X,66.41620823829331,0.15922272172898003,34,11.633317822242903,0.17112521731176858,6
slp04,234,1,2 X,66.18863761720905,0.1946991268598809,33,10.725777618877368,0.05546169849544803,5
slp04,235,0,2,69.69117245148946,0.18167342082404356,35,10.838150289017342,0.6624862262719128,5
slp04,236,1,2 X,82.05689277899343,0.07928278501667307,41,10.404022888850356,1.0948328639568687,5
slp04,237,1,2 X,69.2558392178164,0.1730586235852806,35,11.656823127137084,0.466842328843476,6
slp04,238,1,2 X,69.7292863002461,0.15509773679353772,35,12.04045593193129,0.7251654707720164,6
slp04,239,1,2 X,72.81553398058253,0.15520022909490536,37,11.22250486308544,0.4522838047067351,6
slp04,240,1,2 X,68.40128755364806,0.16160526902232655,35,13.027618551328814,1.2343914452069082,6
slp04,241,1,2 X,70.49818718947226,0.17613783100232636,36,12.26291693917593,0.986936755825823,6
slp04,242,1,2 X,71.1960943856794,0.1698665598735234,36,10.357327809425168,0.9430986162644922,5
slp04,243,1,2 X,77.67669699090271,0.13621853279883414,38,12.05206492045637,0.9075773465661204,6
slp04,244,1,2 X,68.54838709677419,0.170784957563902,35,11.11111111111111,0.9233937405029343,5
slp04,245,1,2 X,67.44788118272244,0.1688748918853083,34,13.513513513513516,0.5073286902985086,6
slp04,246,1,2 X,69.52965235173825,0.1620901966002572,35,11.81288391872736,1.1878596550097995,6
slp04,247,1,2 X,67.93851221520725,0.18380426367793853,34,13.027618551328814,0.9986409965548182,6
slp04,248,1,2 X,68.88168557536467,0.16445005341806415,35,12.554052169061237,0.7629396364647002,7
slp04,249,1,2 X,74.07407407407408,0.17047515296305726,37,14.83679525222552,1.227619919464761,7
slp04,250,1,2 X X,69.70069700697007,0.16676515198612393,35,11.40337539911814,0.5105642368987473,6
slp04,251,1,2 X,66.2708822311197,0.1911481346364646,33,12.248897599216072,0.6882260093893575,6
slp04,252,1,2 X,65.70841889117044,0.1726824669009567,33,11.940773762139784,0.49019441041284845,6
slp04,253,1,2 X,67.24629805732917,0.15316282290881092,34,11.531808571977706,0.5627743775261984,5
slp04,254,1,2 X,67.04591629418935,0.18081907308158243,34,11.063986723215931,0.2981191037152771,5
slp04,255,1,2 X,71.50869321368481,0.16453587865059036,35,12.1713729308666,0.6197940303036164,6
slp04,256,1,2 X,67.69693654266959,0.18555085635439025,34,15.549412577747065,1.3855168309655748,7
slp04,257,1,2 X,69.25982929900657,0.19278131508360116,34,11.850213303839471,0.9117522470496031,6
slp04,258,1,2 X,63.733552631578945,0.19434999592413887,32,15.228426395939088,1.1220124776489786,7
slp04,259,1,2 X,66.11570247933885,0.19264410190815603,33,11.296882060551289,0.6971962134148466,6
slp04,260,1,2 X,68.38905775075987,0.16370162559431786,34,11.492051331162612,0.3735599014883692,5
slp04,261,0,2,65.59169171904892,0.17439735519783547,33,10.929758088020984,0.3973399552020915,6
slp04,262,1,2 X,66.90093255845385,0.16000229566764484,34,11.876484560570072,0.3570277300154708,6
slp04,263,0,2,72.41379310344827,0.160362853859487,36,11.113169105389886,0.7691677320324872,5
slp04,264,1,2 X X,65.23511823865181,0.18743782302406306,33,12.581253931641854,0.3558805979538643,5
slp04,265,1,2 X,64.71816283924844,0.18101850820337356,32,11.342155009451796,0.4265630082414554,5
slp04,266,1,2 X,66.7315445572084,0.17805261687209206,33,11.952191235059757,0.4550305484250481,6
slp04,267,1,2 X,66.98240866035182,0.19040992944299592,34,12.477125270337714,1.0159004675655976,6
slp04,268,1,2 X,71.19921820466286,0.18144704776289006,35,11.641443538998836,1.2604300853280201,5
slp04,269,1,2 X,65.22625356706074,0.19484220378295866,33,12.099213551119178,0.4743954046994976,5
slp04,270,1,2 X,66.62965019433648,0.18340597045897933,33,11.96410767696909,0.4646665471066321,5
slp04,271,1,2 X,73.59956385443643,0.1772626913041632,37,11.916110581506198,0.5690098065938759,6
slp04,272,1,2 X,67.07317073170731,0.17634901532645872,34,12.607690691321706,1.1048162743189476,5
slp04,273,1,2 X X,65.76243321002877,0.17082552319545227,33,12.660364618501015,0.6177139791197865,6
slp04,274,1,2 X,67.59524784924211,0.1771542416775636,34,12.63051532502526,0.7646660970645947,6
slp04,275,1,2 X,66.69445602334306,0.182817831118849,33,12.345679012345675,0.7707700046057837,6
slp04,276,1,2 X,66.85575364667747,0.1748192297357457,34,13.702801461632156,0.761215402424891,7
slp04,277,1,2 X,63.53326957234595,0.16285629474089286,32,11.538461538461538,0.35675201471049894,5
slp04,278,1,2 X,68.73315363881402,0.15707340756258456,35,12.69035532994924,0.8082890572066406,6
slp04,279,1,2 X,70.8136628714246,0.1747454500647702,35,13.424020046536603,0.3887259188682946,6
slp04,280,1,2 X,76.93373995009705,0.1324773889496137,38,13.385686239514545,0.5526465778415711,6
slp04,281,1,2 X,70.42253521126761,0.16764388025882512,35,12.590934527140458,0.3487017190793429,7
slp04,282,1,2 X,65.49324600900532,0.1729262396948479,33,12.866700977869277,0.7722648250438446,6
slp04,283,1,2 X,70.862859524802,0.16053944529245667,35,12.201073694485114,0.6547725101132453,6
slp04,284,1,2 X,72.48377744028717,0.1442852503528609,36,12.61140070623844,0.4880039344103691,6
slp04,285,1,2 X,67.0297444490993,0.17740838304601053,33,12.120232708468002,0.8300654432031248,6
slp04,286,1,2 X,68.60371267150929,0.1791322412677062,35,12.28903817794527,0.8807691184413767,6
slp04,287,1,2 X,66.46079484425348,0.16180642336123435,34,13.479107383555489,0.7263292794746901,7
slp04,288,1,2 X,65.41291905151267,0.1587999921284633,33,11.45562853215213,0.4546689345006979,6
slp04,289,1,2 X,68.0225367596537,0.191094128700688,34,12.617765814266486,0.5652972315516855,6
slp04,290,0,2,67.8082191780822,0.17953139696917725,34,12.400793650793654,0.6096325450630076,6
slp04,291,1,2 X X,68.83520043190714,0.19227766111001485,35,11.811023622047244,0.7639308869262978,6
slp04,292,0,2,62.822839592349574,0.1563779467259441,31,11.247750449910017,0.6473013517674747,6
slp04,293,1,2 X,66.46079484425348,0.16373958584987425,34,12.868172719473835,1.438632066312378,7
slp04,294,1,2 X,65.50218340611353,0.18708019670718756,33,10.72194424588992,0.2244459845931755,5
slp04,295,1,2 X,67.67842493847417,0.19405420843844684,34,12.482662968099861,0.7567462513213323,7
slp04,296,1,2 X,69.8151950718686,0.14184044840160426,35,12.960082944530843,0.13795303548671906,6
slp04,297,0,2,68.77950101146324,0.17726913442774306,35,12.581781580271764,0.3035090772942383,6
slp04,298,1,2 X,69.02151847340642,0.1764265435231206,35,12.43368700265252,0.7140671116918914,6
slp04,299,1,2 X,65.27231892195394,0.17241037123160718,32,12.149684108213187,0.646217796102831,6
slp04,300,1,2 X,67.4111398610922,0.1468674808559268,34,13.215859030837004,0.3878391419132421,6
slp04,301,1,2 X,62.80388978930307,0.1570242529833337,32,11.566933991363356,0.41659495916297384,6
slp04,302,1,2 X,64.50270495214315,0.1532978166952745,32,11.859582542694495,0.48158006603263803,6
slp04,303,0,2,64.10256410256409,0.16703563459874798,32,11.878365536902123,0.5449133509100325,6
slp04,304,1,2 X,66.34499396863691,0.14762889964711953,34,11.62430254184749,0.14963635921793877,6
slp04,305,0,2 L,68.59448554135844,0.16802442564239506,35,12.628388617612393,0.529207105016552,6
slp04,306,0,2,63.64631809471667,0.14071297566056507,32,11.467889908256883,0.49650941582209696,6
slp04,307,1,2 X,62.948422905103556,0.15193952463635707,32,12.394645513138325,0.32440369911577754,6
slp04,308,1,2 H,65.82672706681768,0.1560702635328369,32,12.913223140495868,0.2358250198770265,6
slp04,309,1,2 X,72.85483000539665,0.20865234834320892,37,12.506948304613674,1.6839788861173077,7
slp04,310,0,2,67.3778775968557,0.16159439965543362,33,11.805446245868092,0.31536239471439825,6
slp04,311,1,2 L X,75.98576122672509,0.1555446145003839,38,13.981668479105174,0.7025227556614961,7
slp04,312,1,2 X,65.78947368421052,0.16910647533432893,33,12.893982808022923,0.6435388272841214,7
slp04,313,1,2 X X,67.01102889850621,0.16757120687934426,33,13.243863676496556,0.6828861105631011,6
slp04,314,1,2 X,70.62733693394267,0.1566352517031992,35,13.248542660307368,1.1454659139406986,6
slp04,315,1,2 X,88.62629246676515,0.1270765696163323,45,12.335526315789474,1.12481536262624,6
slp04,316,1,W X,92.37717257424387,0.1530961386002958,46,10.223206679161697,2.3256455017908473,5
slp04,317,0,W,79.93987428259086,0.16076608184050656,40,10.148849797023004,0.7410640997916443,5
slp04,318,0,W,79.63517560577185,0.16418248054071513,40,12.968299711815563,1.2295184242440436,7
slp04,319,1,1 X,71.39942880456957,0.1095627524968859,36,12.776831345826237,1.2183976362419617,6
slp04,320,1,1 X,68.13489332415692,0.15655107393802142,34,12.113870381586917,1.2279979641676937,5
slp04,321,1,2 X X,67.3211781206171,0.1437478260705184,33,11.89720812182741,1.0977195270195388,6
slp04,322,1,2 X,67.3011556764106,0.1622262021978031,34,12.805190370496843,1.1507315238577587,6
slp04,323,1,2 X,69.02151847340642,0.17340797346003314,35,13.317549570878958,1.3788684571858993,7
slp04,324,1,2 X,76.52006066455259,0.19113427907353847,38,11.79059896242729,1.4730113916735335,6
slp04,325,1,2 X,68.56681903737562,0.1652721358630473,35,11.827787415234193,0.8252821093420115,6
slp04,326,1,2 X,62.639198218262806,0.1520025730776365,31,12.59657373194491,1.917610846861271,6
slp04,327,1,2 X,64.93506493506494,0.1598289408166764,32,11.914217633042098,1.5931628918600886,5
slp04,328,1,2 X X,63.38604143947655,0.16180130670423115,32,11.55268022181146,1.5046862264272907,6
slp04,329,1,2 X,67.04591629418935,0.17086240497109623,34,12.69035532994924,0.32218007387174036,5
slp04,330,1,2 X,65.51112324280061,0.1730187399532201,33,11.757328734911427,0.8594077961014782,6
slp04,331,1,2 X,69.86301369863013,0.1656517379018288,35,11.753643629525152,1.1590269021899362,6
slp04,332,1,2 X,66.98240866035182,0.15616600148036536,34,12.214983713355046,1.0605145920731125,6
slp04,333,1,2 X,66.33499170812603,0.16425209283293776,33,12.011531069827035,0.8111282019508382,6
slp04,334,1,2 X X,63.54195135282864,0.18270776379533687,32,14.269858886951008,1.7256425534340019,7
slp04,335,1,2 X,68.70537518523507,0.165330956748927,35,12.662502110417018,0.7637281191628341,6
slp04,336,1,2 X,68.92823354507367,0.1725190927701691,35,12.205044751830759,0.4528169608130862,6
slp04,337,1,2 X,64.31535269709543,0.1602826847224997,32,11.600928074245939,1.2461139594756172,6
slp04,338,1,2 X,64.6725949878739,0.17810934141700707,33,12.252899852965202,0.8573462311108624,6
slp04,339,1,2 X X,69.48228882833787,0.17289715326035976,35,13.763993393283172,0.7493459548165989,6
slp04,340,1,2 X,63.19337171745541,0.17735082620488568,31,12.54390366281987,0.7817084878648818,6
slp04,341,1,2 X X,65.2439853201033,0.17040351925649894,33,15.34003749786944,1.046027193188059,7
slp04,342,1,2 X,66.815144766147,0.1786644900364927,33,14.492753623188406,1.0551360101901555,6
slp04,343,1,2 X,67.46626686656671,0.16867588907593034,34,11.667703795892967,1.3170527096513638,6
slp04,344,1,2 X,63.80351262349066,0.15975579699095882,32,11.331016769904819,1.725011118804746,6
slp04,345,1,2 X,60.418904403866804,0.15780471757488393,31,14.563106796116504,0.9630368632612148,7
slp04,346,1,2 X,63.78600823045267,0.19711492445862344,32,10.697093956141915,0.9848101339852264,5
slp04,347,1,2 X,67.66281364533408,0.18431342192037997,33,11.980830670926517,0.6142208072021005,6
slp04,348,1,2 X,64.62821403752606,0.1810517084256024,32,13.11379863033659,1.1392709169562005,7
slp04,349,1,2 X X,67.80821917808218,0.16910103152062875,34,14.41845562319769,1.3241866266588793,7
slp04,350,1,2 X,68.80733944954129,0.17823711899667616,35,11.61350263239393,1.1551030430225695,6
slp04,351,1,2 X,62.02766291173535,0.15868100802168372,30,12.921751615218952,0.7457449668321976,7
slp04,352,1,2 X,64.42953020134229,0.1764126908700165,33,12.731645211486773,1.0218373430030612,7
slp04,353,1,2 X X,67.1915297950319,0.1719817616913306,34,11.933174224343674,0.7866333326270887,5
slp04,354,1,2 X,67.59524784924211,0.18978613452911708,34,12.431626056688213,1.0508315945002795,6
slp04,355,1,2 X,65.27947776417788,0.1608966574388666,33,12.504168056018672,1.2036839452281485,6
slp04,356,1,2 X,60.69598057728621,0.13650781011437488,31,10.296893770379269,0.1497297565616132,5
slp04,357,1,2 X,64.24426637192595,0.18938779731849925,32,12.228925485080712,1.282875769511608,6
slp04,358,1,2 X,66.23430384986891,0.16813382876446964,33,12.475049900199602,0.9174210810745521,6
slp04,359,1,2 X,69.12442396313364,0.14987367229456555,35,13.75641966250917,0.9739834906198359,6
slp04,360,1,2 X,70.96145818839571,0.16170274749277702,35,14.591439688715953,1.0723730694119467,7
slp04,361,1,2 X,71.12857336404282,0.14294141514363606,36,12.720488466757123,1.3741555079393308,6
slp04,362,1,2 X,71.34862898712927,0.143571449967167,35,11.074197120708748,1.2603412236374718,5
slp04,363,1,2 X,74.48275862068965,0.10863712390963794,37,14.272121788772598,1.861867163181448,7
slp04,364,1,2 X,70.82152974504248,0.17682869838187626,36,10.893246187363834,2.9106590319032564,6
slp04,365,1,2 X A,71.27341840890578,0.14685220669858828,36,15.020026702269693,1.120258700281125,7
slp04,366,1,2 X,76.62570757973215,0.15495395767539963,38,15.118427683520913,1.1143031703964388,7
slp04,367,1,2 X,68.64988558352402,0.17033185602367687,35,9.280742459396752,0.4539812771469765,5
slp04,368,1,2 X,76.07950651130912,0.15957650308241397,38,13.054830287206267,1.1782210318951194,6
slp04,369,1,2 X X,71.24440222553942,0.1447704558877922,36,10.811590024506271,1.0340711000700098,6
slp04,370,1,2 X,72.97297297297295,0.1372214574877476,37,11.359333585762968,0.4958427169980416,5
slp04,371,0,2 A A A,71.6821409066084,0.09393173378706954,36,14.256296530967843,1.4847229446001775,7
slp04,372,1,2 X,77.84758262769735,0.07924966684656068,39,15.264586160108548,1.678746622400838,7
slp04,373,0,R,98.30693610049154,0.1538393823296088,49,16.265452179570595,0.8703779408969416,6
slp04,374,1,R X X,95.85316111488784,0.13157733062312346,48,12.139851084493365,1.8233956893664083,6
slp04,375,0,W,76.86980609418282,0.0885738643028837,38,9.658725048293624,0.9329051398722163,5
slp04,376,0,W,78.05011639052444,0.05385247109148548,39,10.487676979549029,0.522611710546176,5
slp04,377,0,W,79.66771074492713,0.07691459782327992,40,10.966916468652899,0.48623759624282453,5
slp04,378,0,W,80.63404548587181,0.08338228148246035,40,10.209290454313425,0.3394510273957058,5
slp04,379,0,W,77.99671592775042,0.0858154949235572,39,10.072183985227463,0.29546404180542846,5
slp04,380,0,W,78.33974711379881,0.07198091467578281,39,9.082652134423252,1.2023260788987318,5
slp04,381,0,W,78.67132867132868,0.081837027959837,40,12.104583602324082,1.8567850064021951,6
slp04,382,0,W,77.30910077309102,0.09617303196615114,39,9.757684176288828,0.9836965995671633,5
slp04,383,0,W,75.38712306438468,0.09411430192138957,38,12.871117212974086,1.391504739481688,6
slp04,384,0,W,80.56741495661755,0.12716352257119695,40,9.459246413369069,0.5687626921660738,5
slp04,385,1,W X,74.00301493764562,0.09470337055808378,37,8.965929468021518,1.062665830196241,4
slp04,386,0,W,76.51006711409396,0.09347083921701739,39,8.697332817935832,1.098975684697144,4
slp04,387,0,W,79.03269386652255,0.09685592572710751,40,9.380863039399625,1.5863694399477064,5
slp04,388,0,W,80.33507278220267,0.07475607495670356,40,9.495173286912486,1.33055289259766,5
slp04,389,0,W,74.949358541526,0.07385105338581369,38,8.226691042047532,0.9221443608363186,4
slp04,390,0,W,79.4836956521739,0.16054509383095047,40,8.913980092111128,1.1209866190102362,5
slp04,391,0,W,74.9291211016606,0.07104372669697787,38,11.412629977174742,0.9389942610166593,4
slp04,392,0,W,78.13570938999314,0.0733641922816661,39,9.09090909090909,0.3131644935173846,5
slp04,393,0,W,77.79445885082572,0.0804191925935353,39,8.316392533727592,1.6824437253260178,4
slp04,394,0,W,82.67879288962381,0.1258725943166343,41,11.040235525024531,0.21895103460718232,4
slp04,395,0,W,77.2986167615948,0.12247946291752383,39,7.354142833796372,1.2110792248605744,4
slp04,396,0,W,76.75286958926844,0.04679145720635895,38,9.135200974421437,0.48400826439225164,5
slp04,397,0,W,74.13509060955519,0.06379829325477462,37,9.633911368015415,0.888481851249647,5
slp04,398,0,W,73.7402703809914,0.07767381941312158,37,8.741258741258742,1.2854052538661365,4
slp04,399,0,W,76.72103953552669,0.1193482177418634,38,9.001800360072014,0.0951816975870654,4
slp04,400,0,W,73.18064778425261,0.09926165696385428,37,9.388691842269976,1.234414661106857,4
slp04,401,0,W,73.00792657488527,0.1067090800030721,36,10.486577181208053,1.1449299716576558,6
slp04,402,1,1 X,68.91891891891892,0.1264943890053112,35,10.861694424330196,1.095930654740527,5
slp04,403,1,1 X,82.35136582753078,0.15076147783991742,42,10.687566797292481,0.3936546709998499,5
slp04,404,1,1 X,80.24691358024691,0.06097589008450499,40,10.85907335907336,0.9747004098126197,4
slp04,405,0,W,76.48953301127213,0.058289942970666454,39,8.98921294446664,1.1943437063462465,4
slp04,406,0,W,78.0287474332649,0.12467197958272257,39,10.810031709426346,0.8879264834433084,6
slp04,407,0,W,91.88674108358289,0.15389036341050497,46,9.82800982800983,1.0263035613306621,5
slp04,408,0,W,73.79065318393003,0.06131602010068538,37,7.565568258238063,1.0890305576775865,4
slp04,409,0,W,91.62481335686167,0.20008108973397712,46,7.191945021575836,2.48308696764509,4
slp04,410,0,W,71.59416337106232,0.0792961691948583,36,9.00720576461169,1.1941606071025601,4
slp04,411,0,W,77.079107505071,0.1263663495303588,39,10.205817315870044,0.7702798192864722,5
slp04,412,0,W,77.35191637630662,0.1253384723521493,38,10.666666666666666,0.880197137009659,5
slp04,413,0,W,84.8370589819553,0.17173676001144608,43,10.582010582010582,1.9701076112740645,5
slp04,414,0,W,78.4708249496982,0.09658173511687088,40,9.897723523589574,2.3991440140183333,5
slp04,415,0,W,93.7245313773431,0.19662182907118117,47,12.359920896506262,1.5002988502295134,6
slp04,416,0,W,73.34963325183375,0.07835815209663893,37,6.957328385899814,1.501469502409778,4
slp04,417,0,W,75.78861122490783,0.0835036992396482,38,8.79937426671881,1.0723896472623915,4
slp04,418,0,W,85.446900854469,0.1658047098669364,43,10.302197802197803,2.6483335137402917,6
slp04,419,0,W,77.14169711733659,0.1365582886718567,39,7.276843467011643,1.108437137996056,4
slp04,420,0,W,79.60266702952782,0.04185243793941657,40,9.59079283887468,1.2231860038440598,5
slp04,421,0,W,78.47996695580338,0.0662827820947195,39,10.013351134846461,0.43127717305695645,5
slp04,422,0,W,82.04567209079721,0.13278821483851647,41,9.330292349160272,1.99925675078404,4
slp04,423,0,W,75.34618517512897,0.0664879806468012,38,9.606147934678193,0.7932036308540197,5
slp04,424,0,W,70.7940033314825,0.09383221423938445,35,10.335917312661499,0.8380041766005704,5
slp04,425,0,W,76.60260717645478,0.06166705347885972,39,8.595988538681947,1.475195806212405,4
slp04,426,0,1,77.51937984496124,0.0680850860862232,39,11.252813203300823,1.7294183993470176,5
slp04,427,0,W,76.02739726027399,0.07355594959596544,38,6.69543222734712,2.0550019194367892,4
slp04,428,1,W X,70.94594594594594,0.0697508101042854,36,10.851871947911015,0.39803894281841323,5
slp04,429,0,W,105.51724137931033,0.20275649074828977,52,13.64877161055505,0.9009896780762806,6
slp04,430,0,W,77.05826686494525,0.10887086049962119,39,13.293158454448776,0.6688765506429418,6
slp04,431,0,W,73.23026851098454,0.04477598562721861,37,17.830609212481427,0.715848447647964,9
slp04,432,0,W,78.88349514563106,0.03962427084801292,40,22.004889975550125,0.9221347214178873,10
slp04,433,0,W,72.9631130928253,0.0924788264054715,37,13.743815283122595,1.2079856952795425,6
slp04,434,0,W,74.76117956527759,0.10194618527124016,37,15.695849319846529,1.2587055078752756,7
slp04,435,0,W,76.20486063435399,0.14032090946579912,38,10.743061772605193,0.6534975133847107,5
slp04,436,0,W,73.39948348511622,0.0437990641988086,37,12.195121951219512,0.4974687929910778,6
slp04,437,0,W,115.995115995116,0.16654197366891169,58,24.50980392156863,0.4449755049438115,11
slp04,438,0,W,80.08213552361396,0.17622632032795602,40,16.273393002441008,1.6379203277327012,9
slp04,439,0,W,73.13109425785483,0.16948753550440815,37,19.80343259498313,1.1090578361612242,10
slp04,440,0,W,75.9649603065973,0.15130879710648534,38,14.553686934023286,0.3380466765929751,7
slp04,441,0,W,67.49156355455568,0.1503861695768597,33,10.702818408847662,0.7209133096288348,5
slp04,442,0,W,76.9764216366158,0.14301816074334936,38,11.945052757316343,0.3844619617075272,5
slp04,443,0,W,76.93345930624915,0.14528226418970985,39,14.464802314368372,0.46431516390117117,8
slp04,444,0,W,82.49690636601127,0.10980305095943373,41,15.923566878980894,1.1556308522476657,7
slp04,445,0,W,81.03727714748786,0.04862756419974171,41,12.305168170631667,0.39649665824569064,6
slp04,446,0,W,86.62369057211927,0.10809102187636041,44,14.040561622464898,0.6049205641147348,7
slp04,447,0,W,81.45533532446376,0.015711142542794283,41,22.515010006671112,0.6843203350680545,10
slp04,448,0,W,82.56501995321317,0.02886364495347045,41,19.011406844106467,0.8962075652436772,9
slp04,449,0,W,84.98583569405098,0.13596147913848175,43,13.408820023837903,0.3525576391015927,7
slp04,450,0,W,91.24844462878474,0.1889361910739196,45,15.389876880984952,0.36295576712443745,7
slp04,451,0,W,91.16693679092383,0.15184694048064762,46,13.410818059901654,0.2831136403166286,7
slp04,452,0,W,84.07382091592618,0.13364379480747077,42,13.782542113323126,0.15024720370849562,7
slp04,453,0,W,98.19967266775778,0.17233204383785777,49,16.365336658354114,0.9645649965933148,8
slp04,454,0,W,76.43824594340887,0.026236723327609512,39,16.525023607176582,0.9401147997636747,8
slp04,455,0,W,74.05375754251234,0.07993577669017629,37,12.987012987012987,2.1596251526595998,6
slp04,456,0,W,75.58218711698217,0.02288574856142892,38,12.653956470389742,0.21711711125565386,6
slp04,457,0,W,76.80905538337153,0.02385761085205027,39,12.783364581557864,0.3243168820767735,6
slp04,458,0,W,73.31975560081464,0.050731318400635585,37,12.890289315382413,0.2565168393865965,7
slp04,459,0,W,75.17750243630793,0.02857327595438492,37,12.311227839789886,0.6750767660051706,6
slp04,460,0,W,75.49993198204326,0.051511670084142674,38,12.993762993762996,0.2226329715024258,6
slp04,461,0,W,100.32046816218474,0.19723588176484408,49,12.40489579887529,1.9076727601976184,6
slp04,462,0,W,75.28486163863265,0.09303718712675448,38,18.835347669125724,0.7229410418561114,9
slp04,463,0,W,85.70262549313017,0.1209375693968172,43,16.87289088863892,0.8968329461685344,7
slp04,464,0,W,79.28978042830033,0.026329225954858336,40,9.991673605328893,0.9081249913971092,5
slp04,465,0,W,80.78994614003591,0.014130043158395519,40,11.233851338700616,0.6593170709150489,5
slp04,466,0,W,83.40113913751017,0.16799665728523439,42,10.557803976772831,2.4469677153571117,5
slp04,467,0,W,64.38659651066187,0.17277539810223577,32,6.388415672913118,0.8760000000000003,3
slp04,468,0,W,79.20389926888707,0.17946156593798904,40,5.563798219584569,0.0,2
slp04,469,0,W,69.48228882833787,0.10584679141379372,35,6.012024048096192,0.5,3
slp04,470,0,W,70.8215297450425,0.0762839807186654,36,6.478082487583675,1.1980000000000004,3
slp04,471,0,W,74.72734616938197,0.06863392053117694,38,8.849557522123895,3.4687650059735478,4
slp04,472,0,W,77.01915070774353,0.09895193659563362,38,7.847924659923264,0.44530538834477296,4
slp04,473,0,W,73.15090761311296,0.039597356190583605,37,7.794907327212888,0.4782337875511889,4
slp04,474,0,W,73.15034136825972,0.07014722709692632,36,7.165034631000716,1.5100000000000002,3
slp04,475,0,W,72.85483000539665,0.06536582714251149,37,9.47119179163378,0.9464729261843677,5
slp04,476,0,W,74.78188616535105,0.0637730350540101,37,10.555946516537649,0.7874465061196219,5
slp04,477,1,1 X,72.59040193574405,0.05919574142173688,37,9.980039920159681,0.16822207544394008,4
slp04,478,0,1,75.3973644885206,0.05767342126853683,38,10.855405992184107,0.3207032272990093,6
slp04,479,0,1,74.84407484407484,0.06132880418059871,37,10.946907498631637,0.21232757710669622,5
slp04,480,0,1,75.83003142505808,0.052276502605056785,38,10.458427749694962,0.32420209746391215,5
slp04,481,0,2,71.77033492822967,0.0807564238930873,36,10.78515962036238,0.1012371473323896,6
slp04,482,0,2,72.59040193574405,0.06701344991220644,37,11.299435028248586,0.39188263549180147,5
slp04,483,1,2 L X,71.81942544459645,0.09169461293236547,36,10.891664246296834,0.3758076103540214,6
slp04,484,0,2,72.98283551831328,0.06441177332762914,37,11.271839188427577,0.06837397165588659,5
slp04,485,1,2 X,75.03126302626094,0.041476901202155074,37,12.057877813504824,0.1251878588362305,5
slp04,486,1,2 X,76.05865424146909,0.037119356181918306,38,12.048192771084336,0.12884098726725113,5
slp04,487,0,2,73.33967132962108,0.0750554527509782,37,11.481056257175661,0.2464873221891947,5
slp04,488,0,2,73.72013651877133,0.04114458097015785,37,11.998080307150856,0.1259688850470622,6
slp04,489,0,2,77.31958762886599,0.021730536491679546,38,12.491672218520987,0.3008510594962234,6
slp04,490,0,2,74.15545179895634,0.05096064809557455,37,12.45226631246887,0.21334066654062925,6
slp04,491,0,2,77.03743749155292,0.04093546031691034,39,12.435748632067648,0.11499982608682478,6
slp04,492,0,2,75.56160653505785,0.0392978549348888,38,12.402844385645775,0.1440355511670642,6
slp04,493,1,2 X,71.86858316221765,0.11054388730458216,36,11.986575035959724,0.24272585358795234,6
slp04,494,0,2,73.45739471106756,0.04317459570494799,36,11.957908163265307,0.2925485258892957,6
slp04,495,1,2 X L,77.78384279475982,0.018683543353544264,39,13.311640289897946,0.30821997916351185,7
slp04,496,0,2,71.0996749729144,0.1055293517540625,36,11.711430356027483,0.5199963076791989,6
slp04,497,0,2,77.42461287693561,0.02163202714351918,39,12.998266897746968,0.2316549157691242,6
slp04,498,0,2 A,79.98359310910581,0.07977839128471023,40,7.923930269413629,1.123485054046856,4
slp04,499,0,2,82.93998651382333,0.13074066223425487,42,5.5045871559633035,1.2679999999999998,3
slp04,500,1,2 X,74.3904119024659,0.08440722864135264,37,5.284481240091598,0.4379999999999997,3
slp04,501,0,W,72.15503023639363,0.07804919432443795,36,8.965929468021518,0.2784145590062896,4
slp04,502,0,W,75.61307901907355,0.08677950362739685,38,12.032729022942402,0.15495237978166074,6
slp04,503,0,1,78.68580894533407,0.032798216288233595,39,11.963630563088211,0.31648469157291,6
slp04,504,0,2,72.62945527908542,0.07261763551407,37,12.341615928912292,0.08906986022218737,6
slp04,505,0,2,75.51020408163264,0.05637109641759803,38,12.065637065637064,0.09631282365292795,6
slp04,506,0,2,76.19439868204283,0.03345557327997234,38,13.144058885383807,0.16430995100723483,6
slp04,507,0,2,75.63368765331153,0.03761602940730286,38,12.262916939175934,0.32242481294093983,6
slp04,508,0,2,71.74091281770977,0.07969296181762418,36,12.552301255230127,0.3267977968101988,6
slp04,509,0,2,75.07101312051941,0.0386679596435458,38,12.43368700265252,0.1726332528802027,6
slp04,510,1,2 X,73.65980084572364,0.10760484407839549,37,12.14378238341969,0.5217778837781455,6
slp04,511,0,2,75.31551092414168,0.04297593054585272,38,12.871853546910758,0.17502253823119157,7
slp04,512,0,2,74.13509060955519,0.07963248918207526,37,12.877747252747252,0.18613371537687634,6
slp04,513,0,2,73.97260273972601,0.07458394889048692,37,13.199577613516366,0.13461886940544415,6
slp04,514,0,2,76.50951199338296,0.03677773646102345,38,12.733446519524616,0.11975975951879661,6
slp04,515,0,2,76.40418502202643,0.021850678590322095,38,13.339261894175188,0.15949503649539287,7
slp04,516,0,2,71.29277566539923,0.09374591800637051,36,12.592343854936201,0.799253251479154,6
slp04,517,0,2,71.22507122507123,0.11850574428512495,36,10.08403361344538,0.804042287445132,5
slp04,518,0,2,78.69249394673123,0.0680730550835084,40,12.497917013831026,0.17741972832805247,6
slp04,519,0,2,82.7502691065662,0.05067370042079722,42,13.736263736263735,0.4325182077092247,7
slp04,520,0,2,85.83106267029973,0.04254574702093219,43,13.580805794477138,0.1107730412450009,7
slp04,521,0,2,85.59782608695652,0.016372090626243254,43,13.591060102688012,0.11829154191610193,7
slp04,522,0,2,87.16216216216218,0.05346288573798842,44,13.469827586206895,0.17864557089387906,6
slp04,523,0,2,89.99181892555222,0.03287190264452416,45,13.380909901873327,0.18101933598375605,6
slp04,524,0,2,91.37674292676323,0.048617915714220646,46,13.746754238582557,0.37371944319532285,7
slp04,525,0,2,93.66092032034749,0.05151592335548536,47,14.539579967689821,0.5171907019874026,7
slp04,526,0,2,92.46575342465754,0.026194335453997363,46,13.300230537329314,0.760439451896073,6
slp04,527,0,2,87.49321758003255,0.044619756396665614,44,10.01001001001001,3.265594585982773,5
slp04,528,0,2,81.66969147005445,0.09076465293396005,40,9.961813049975095,1.901823072738366,5
slp04,529,0,2,73.78057111627272,0.10526503880710694,37,6.273525721455458,2.724,3
slp04,530,1,1 X,71.03233662562577,0.12162513166718966,36,10.898522644708162,1.9577874132692639,4
slp04,531,1,1 X,66.97362913352868,0.11470607819553418,33,8.225187351489673,0.7563867323591079,4
slp04,532,0,1,70.52659860290167,0.10776385369531523,36,10.992232155943134,0.44886773107453365,6
slp04,533,0,1,73.3098017920174,0.08119265307637291,37,11.299435028248588,0.19962965711536967,5
slp04,534,0,1,74.05375754251233,0.062485158731721197,37,12.460196594212931,0.15599002817131907,7
slp04,535,0,2,73.0618319577865,0.08285365649783796,37,12.090923746574239,0.13929192367111606,6
slp04,536,0,2,72.01646090534979,0.055140932608903084,36,11.85021330383947,0.13265051828017854,6
slp04,537,0,2,74.2469240560034,0.03695230240541479,36,13.061650992685477,0.2954762934653133,6
slp04,538,0,2,74.04360345536816,0.05124559601674187,37,13.398838767306835,0.3881425854845955,7
slp04,539,0,2,74.83818770226537,0.03144849813682822,38,12.833675564681725,0.19210663705348677,6
slp04,540,0,2,71.90795781399808,0.06210921256717303,36,12.545302481182047,0.3294736543168343,7
slp04,541,0,2,76.48842337375967,0.022354080032138925,38,13.286093888396811,0.12514311806887338,6
slp04,542,0,2,76.25721352019785,0.02806733008787092,38,13.17330210772834,0.17687157927591282,7
slp04,543,0,2,75.03041773692037,0.03065241408777336,38,12.431626056688213,0.11522777442960543,6
slp04,544,0,2,77.8688524590164,0.020322060662848335,39,13.10272536687631,0.10289878522120655,6
slp04,545,0,2,78.30745981590879,0.04675307920888703,39,13.738779996336326,0.3386221493050919,6
slp04,546,0,2,77.9967159277504,0.024812649798594696,39,13.454925997907011,0.23512171788718764,7
slp04,547,0,2,77.52992383025025,0.02619339960420344,39,13.966480446927374,0.2334095113743226,7
slp04,548,0,2,74.77768795472917,0.04474030249831368,38,13.312034078807242,0.15366248728951373,6
slp04,549,0,2,76.77801724137932,0.05655678880656859,39,13.297872340425533,0.24319210513501466,6
slp04,550,0,2,76.76348547717843,0.023608692113632403,38,13.339261894175188,0.2191468305345377,7
slp04,551,0,2,76.95423248278655,0.024181447067358648,39,13.264945171559955,0.1475213882798017,6
slp04,552,0,2,79.23608289313287,0.03928754062201187,40,13.659128851115497,0.22620836019524623,7
slp04,553,0,2,74.95835646862854,0.05156034460515628,37,13.052936910804931,0.130095691277186,7
slp04,554,0,2,76.18393960192174,0.03283747080208624,38,12.846865364850979,0.4135744672970031,6
slp04,555,0,2,79.08611599297014,0.019307675281771377,40,13.556258472661545,0.2714184960536037,7
slp04,556,0,2,77.858216090698,0.020152603400620858,39,13.276294438707776,0.2210570564859269,7
slp04,557,0,2,78.9583044743039,0.01668246711794376,39,13.774104683195592,0.20145073839527114,6
slp04,558,0,2,78.57622565480187,0.019253661588114576,40,13.155586739168568,0.1573256495298843,6
slp04,559,0,2,78.77726905467279,0.04204727935921852,40,13.154048523823443,0.16340814613177088,7
slp04,560,0,2,78.89273356401385,0.017583989191883555,39,13.837638376383763,0.39075721362503363,6
slp04,561,0,3,75.05070993914806,0.06471333652371929,38,12.772479564032698,0.31321404821623167,6
slp04,562,0,2,77.15834839427221,0.023350850845487006,38,13.343217197924387,0.27961322492964386,7
slp04,563,0,3,78.86222701536802,0.017167159756231953,40,13.211203100228994,0.10900568792498855,6
slp04,564,0,2,78.58817041224322,0.025499986421157653,39,13.227513227513228,0.20795384103209047,6
slp04,565,0,3,78.50158380388376,0.022107518681920603,39,13.628104179285282,0.21785214149866783,7
slp04,566,0,2,74.4666577217228,0.07041216443148837,38,13.279036827195466,0.2773312820436958,6
slp04,567,0,3,77.94338848625735,0.04867678463991729,39,14.185738604123323,0.2911450497604244,6
slp04,568,0,2,78.53403141361257,0.020271836828986492,39,13.402430307362403,0.22657660956065173,6
slp04,569,0,2,77.7838427947598,0.02362026455200969,39,13.509456619633744,0.23675209725693155,7
slp04,570,0,2,76.97501688048615,0.026136017537918478,39,13.290017720023629,0.11838168026439805,7
slp04,571,0,2,78.90365448504984,0.01596811226846439,39,14.29479034307497,0.17098407983071287,7
slp04,572,0,2,75.41785568691398,0.05482776005329462,38,13.357079252003562,0.16813328046523093,6
slp04,573,0,2,76.04823239243628,0.03056803354724041,38,13.70697532744441,0.21728833890069274,7
slp04,574,0,2,78.4367689555525,0.02274683016484883,39,13.171374213376259,0.1772593830771417,7
slp04,575,0,3,77.77322963569382,0.019470269970968106,39,13.005028611062945,0.18570686578584011,6
slp04,576,0,2,79.58100938647803,0.0211052900379766,40,13.748854262144821,0.3209818271076001,7
slp04,577,0,3,78.95830447430392,0.0207133182094646,39,13.521634615384613,0.2970581686396716,7
slp04,578,0,2,78.13570938999314,0.028157255280491178,39,12.973533990659057,0.23872193028710206,6
slp04,579,0,3,76.95423248278657,0.033383028514468005,39,13.899184581171236,0.32081296731896625,6
slp04,580,0,3,78.94736842105262,0.016183162139770637,39,13.521634615384617,0.13755322202292772,7
slp04,581,0,2,78.37620578778133,0.017672006189489123,40,13.297872340425533,0.16220152074913877,7
slp04,582,0,3,86.88456764584194,0.11107379418702704,43,9.116693679092382,3.56046039469929,4
slp04,583,0,3,77.44565217391305,0.1166482982506155,39,13.599274705349048,2.061587737643004,6
slp04,584,0,3 A,70.18992568125516,0.09845168136712466,35,11.33572643113546,0.6210982208958581,5
slp04,585,0,2,74.51664876476906,0.13025667754586912,38,9.0,1.0743920244595182,4
slp04,586,1,2 X,84.07382091592618,0.1780917288661698,42,7.537688442211055,1.879406998674494,4
slp04,587,1,2 X,69.33115823817292,0.14133442144474612,35,11.403375399118138,0.25323001401887585,6
slp04,588,0,W,68.445796460177,0.12507305486865725,34,11.594202898550725,0.36831915508156776,5
slp04,589,0,W,71.996708721887,0.07921871557882762,36,11.257880516361451,0.19671868238680335,6
slp04,590,1,2 X,81.6127232142857,0.024493716404963114,40,12.906556530717605,0.1348516221630279,6
slp04,591,0,2,71.13821138211382,0.09512046068442019,36,11.047282368537338,0.45187892183636963,6
slp04,592,0,2,69.04955320877336,0.06312682900156151,35,11.409013120365088,0.051176166327695866,5
slp04,593,0,2,72.12529193570546,0.06363816080155113,36,12.464683397041718,0.2777809208711067,6
slp04,594,0,2,77.66725711949856,0.03160507690904411,39,12.964563526361278,0.24377038376308138,6
slp04,595,0,2,75.31551092414169,0.06813984674469166,38,12.698950220115137,0.06401999687597608,6
slp04,596,0,1,75.8714969241285,0.036160182549944186,38,12.506253126563282,0.11950832606977656,6
slp04,597,0,1,73.23197098619053,0.10159633610620061,36,11.361484567316797,0.1890687705571705,5
slp04,598,0,1,66.74757281553399,0.12797072668017612,34,10.771992818671453,0.6313572681137043,5
slp04,599,0,1,71.26886528787033,0.04675075633605385,35,12.539709078749373,0.24075082554375582,6
slp04,600,0,1,75.24403470715835,0.04514209365359831,38,12.317293480045985,0.38602300449584614,6
slp04,601,0,1,68.9031180400891,0.08355428559299041,34,12.224938875305625,0.5167839006780302,6
slp04,602,0,1,76.78836050114509,0.03135234487380286,39,12.744265080713678,0.24668035998027896,6
slp04,603,0,1,75.79896203223163,0.0255158038367327,38,13.550135501355014,0.24661549018664666,6
slp04,604,0,1,72.12529193570545,0.11290850187615799,36,12.744265080713678,0.27541387038419113,6
slp04,605,0,1,72.58399004562423,0.049518300059839745,36,12.54442818314865,0.4133509404852009,5
slp04,606,0,1,79.76547586583037,0.09928544177300358,40,13.582855418050105,1.3647068875362536,7
slp04,607,0,1,75.29507529507529,0.12864410621097097,38,8.949880668257757,0.8404284621548702,5
slp04,608,1,1 X,68.0225367596537,0.1052517730057067,34,10.921004732435385,0.27615213198525207,5
slp04,609,0,1,67.42950551695954,0.13180735587728357,34,11.517199017199019,0.16806855744011148,6
slp04,610,0,1 L,71.46746528723114,0.05375730799868335,36,12.45640259093174,0.24864947214904762,6
slp04,611,1,1 X,77.6778413736713,0.08541065864058352,39,10.7357572287432,1.102289689691417,6
slp04,612,0,1,84.36213991769547,0.16821175855699033,42,9.416195856873824,0.6692403653894965,4
slp04,613,0,1 A,78.4708249496982,0.15980382450810174,40,6.0471679096956255,0.6819999999999995,3
slp04,614,0,1,64.79481641468684,0.14427751037497147,33,11.172352152539847,0.4296126627556502,6
slp04,615,1,W X,68.1442731277533,0.1043943923990699,34,12.295081967213115,0.31006579946843543,6
slp04,616,0,W,77.46670290839904,0.08008112230472604,39,12.461059190031154,0.693745630616871,5
slp04,617,0,1,68.35128417564209,0.13229568685460072,34,11.263375258119016,0.632084646230234,5
slp04,618,0,2,67.80821917808218,0.1014692433508261,34,11.963630563088211,0.15587482157167015,6
slp04,619,0,2 A,69.70069700697006,0.09662920962239696,35,11.46131805157593,0.19771444054494344,5
slp04,620,1,2 X,70.78417765440665,0.07976652782927007,35,11.79245283018868,0.2752017441805193,5
slp04,621,0,2,73.55946056395585,0.06054107879962349,37,12.70540403184821,0.2602595627445802,6
slp04,622,0,2,67.83609702617514,0.136649988903773,34,10.934937124111537,0.0943345111822813,5
slp04,623,0,2,73.67990176013099,0.04656536624287768,37,12.653956470389742,0.08354543673953727,6
slp04,624,0,2,70.40309221424629,0.11108424434887493,35,11.992324912056285,0.14734775193398772,6
slp04,625,0,2,70.25761124121779,0.09793275003496922,35,12.31324905598424,0.3563315310213229,6
slp04,626,0,2,75.62338193214333,0.034374298585047876,38,13.248542660307365,0.4619638081062196,6
slp04,627,0,2,77.027027027027,0.035702681138021185,39,12.631578947368421,0.1380579588433786,7
slp04,628,0,2,80.41817450743868,0.045281232315386485,41,12.871117212974086,0.34562036977007027,6
slp04,629,0,2,78.81972514147128,0.04346201497356203,40,12.38236750866766,0.26806088860555555,6
slp04,630,0,2,79.17174177831912,0.03902237258458509,40,14.093329157532102,0.17436615369834682,7
slp04,631,0,2,80.24691358024691,0.012629135719974302,40,12.537612838515546,0.10900568792498873,6
slp04,632,0,2,84.7107438016529,0.061311775776758115,42,13.562386980108501,0.3222222835248984,6
slp04,633,0,R,84.57511075312122,0.017233885305440795,43,11.508362743593677,0.09987512202746011,6
slp04,634,0,R,80.80808080808082,0.08030784519584622,41,11.952191235059763,0.30080425528905036,6
slp04,635,0,R,79.79811758286728,0.022672467061529675,40,14.460154241645244,0.2216624059740899,7
slp04,636,0,R,82.50603702709955,0.061653442210045435,42,12.504168056018676,0.3315379917897797,6
slp04,637,0,R,82.79483037156706,0.03959701825703932,42,15.403046380284101,0.6183738531197953,7
slp04,638,0,R,82.5281803542673,0.04138839698654688,42,14.619883040935672,0.15149037373157853,7
slp04,639,0,R,82.66129032258064,0.03598479419761044,42,13.485166317051245,0.12239099458520446,7
slp04,640,0,R,91.11771058315333,0.12197570290334642,46,13.434841021047918,1.4660927665055852,7
slp04,641,0,R,68.9607132906102,0.12379894242313717,34,11.562921564848718,0.15644487847162025,5
slp04,642,0,R,80.12820512820514,0.05208608259410569,41,13.665350744002428,0.1632285378098928,7
slp04,643,0,R,83.76464178697901,0.03855325357339619,42,14.701078079059132,0.3543457194448507,7
slp04,644,0,R,87.69544527532292,0.009758135100981061,44,14.086711535451558,0.20924520437887112,7
slp04,645,0,R,89.32196508323185,0.01198173541149503,45,14.634146341463413,0.13550891729575087,7
slp04,646,0,R,93.02952676284212,0.044308678373497556,47,12.675342234240322,0.45420418315995287,6
slp04,647,0,R,105.6194989844279,0.10645183926471274,53,9.717123731375512,1.2676795949906097,4
slp04,648,0,R,76.35163021048287,0.1364779981304805,38,6.744604316546762,0.47999999999999954,3
slp04,649,0,R,72.7076881648041,0.09784713449250858,37,8.472980606288834,0.45354112884671854,4
slp04,650,0,W,70.77435470441299,0.11247354167916414,35,11.554460021568325,1.9119337227006588,6
slp04,651,0,W,67.3836101279608,0.10191351957866499,34,13.658714259697689,1.9748975062012715,6
slp04,652,0,1,66.28280664167112,0.1197228510569199,34,10.83619288423334,1.944463679269942,5
slp04,653,0,1,72.47377139701823,0.058573407632070126,36,11.840858856962425,0.19450696645621718,6
slp04,654,0,2,70.14165864392793,0.10048415668126313,35,11.556240369799692,0.2028595573296956,6
slp04,655,1,2 X,69.24643584521385,0.057501015486745265,35,12.246897452645328,0.19002989238538226,6
slp04,656,0,2,68.46473029045643,0.09994113970212005,34,12.31527093596059,0.16208639671483843,6
slp04,657,0,2,70.36423841059603,0.05582721738267134,35,12.133958906325836,0.25150300197015557,6
slp04,658,0,2,71.42857142857142,0.060858618359041196,36,12.556504269211453,0.0935213344643883,6
slp04,659,0,2,74.51359183110254,0.044828755101503956,37,12.486126526082131,0.39586305151599527,7
slp04,660,0,2,75.40760869565217,0.04465244405045034,38,13.555033435749143,0.16924491129720837,6
slp04,661,0,2,77.7308059457248,0.03269620086870244,39,12.41927471435668,0.10186736474455393,6
slp04,662,0,2,77.17303005686433,0.037008346741402215,39,13.39524915163422,0.41690977441168237,6
slp04,663,0,R,77.42461287693563,0.07913045437038932,39,11.086474501108645,0.13533957292676801,6
slp04,664,0,R,76.3306285242745,0.059290373835139486,38,9.46073793755913,0.3257299494980464,5
slp04,665,0,R,71.40914036996736,0.09207670271938212,36,10.777797736662475,0.48819975419903694,5
slp04,666,1,R X,74.41091360066143,0.045179887363983345,37,12.431626056688216,0.517400270583617,6
slp04,667,0,1,72.00658345905912,0.04493827058605288,36,9.935419771485346,0.42333320209971725,5
slp04,668,1,2 X,70.99391480730223,0.0993260555248342,36,12.061756191701509,0.6153326254961621,6
slp04,669,1,2 X,66.82867557715674,0.09692029044387208,34,10.344827586206897,0.4648010327010906,5
slp04,670,0,2,70.68607068607069,0.05671625484826939,35,11.971268954509178,0.3968274184075489,6
slp04,671,1,2 X,69.48228882833787,0.12277483821880597,35,12.44606704281447,0.42725093329330466,6
slp04,672,1,2 X,72.02634106187405,0.055155616584499585,36,11.5919629057187,0.32046965534976934,6
slp04,673,0,2,69.88215949575226,0.11883308057128825,35,10.85697741748697,0.7014572260658521,6
slp04,674,1,2 X,70.75471698113209,0.12064209168326902,36,12.147716229348884,0.5223846858398513,6
slp04,675,0,2,73.11977715877437,0.07005723607544485,36,11.496455259628283,0.41786481067445724,5
slp04,676,1,2 X,66.94617257235596,0.11209493549585557,34,12.448132780082986,0.9828481062707504,6
slp04,677,1,2 X,74.83370288248337,0.041090084713083695,37,11.543789441280593,0.3109582608647017,6
slp04,678,1,2 X,71.36060894386299,0.0833131099270354,36,10.754229997132207,0.5412601592580041,6
slp04,679,0,2,70.83333333333334,0.0533142411040265,35,11.265490048817123,0.124466863060013,5
slp04,680,1,2 X,71.14785201246782,0.06908039681769203,36,11.220825852782765,0.27474380793750375,6
slp04,681,0,2,72.47377139701823,0.06766293411507682,36,11.547344110854503,0.25987073709827346,6
slp04,682,0,2,69.34058463630184,0.06284038108421755,35,11.14206128133705,0.18997631431312698,5
slp04,683,0,2,71.27882599580714,0.07533574217091718,35,11.726078799249532,0.2965443643032185,6
slp04,684,1,2 X,73.33426456208969,0.07901879910657272,36,11.001906997212851,0.5058290620357828,6
slp04,685,0,2,67.27371568360968,0.07132671630698291,34,10.883366588064575,0.14475841944425905,5
slp04,686,1,2 X,72.32401157184184,0.10331289506017284,36,12.036591237361579,0.4662524638004607,6
slp04,687,1,2 X,73.28308207705192,0.06258997768111481,36,12.550200803212851,0.5493932653391377,6
slp04,688,0,2,64.18828563787109,0.1286174074532682,33,10.463899546564353,0.7043436661176132,5
slp04,689,1,2 X,72.37386269644334,0.04850536683960753,36,11.536686663590219,0.21490686354791008,6
slp04,690,0,2,71.96710075394105,0.10632257425362861,36,10.998680158380994,0.5726927273852881,6
slp04,691,1,2 X,72.73706896551724,0.09200536752994896,37,11.483253588516748,0.5667830272688129,5
slp04,692,0,2,71.1767895878525,0.12843263619818884,36,11.702750146284377,0.1949230617448843,5
slp04,693,1,2 X,67.63219018991666,0.1008605761982235,34,13.210039630118889,1.2195709628116496,7
slp04,694,1,2 X,71.73111080748735,0.10483084138803068,36,11.954096270321964,0.3277599121308158,6
slp04,695,1,2 X,68.77950101146325,0.0952439228732766,35,11.412051125989043,0.4536331557547353,6
slp04,696,0,2,71.38971988033722,0.10653512978145295,36,12.36603462489695,0.4407702349297194,6
slp04,697,1,2 X,68.88394099638185,0.08144173780982285,34,10.982976386600768,0.3250153842512689,5
slp04,698,1,2 X,70.53607416364369,0.1111516559131932,36,11.656823127137084,0.2771789313782704,6
slp04,699,1,2 X,71.24440222553942,0.11152693094733043,36,11.638733705772813,0.35102957140389196,6
slp04,700,0,2,70.35453165953925,0.10783333288766003,35,10.653409090909092,0.3595441558418102,5
slp04,701,1,2 X,67.9945054945055,0.10576103146216582,34,10.85383502170767,0.3601955024705334,6
slp04,702,1,2 X,69.26524514464212,0.13133590943556311,35,11.583011583011583,0.45256601728366636,5
slp04,703,0,2,71.56488549618321,0.07243172154321811,36,11.372251705837757,0.2749254444390331,6
slp04,704,1,2 X,66.44295302013424,0.08274110218517314,34,10.619469026548671,0.598802137604735,5
slp04,705,1,2 X,73.83100902379,0.1069475468525472,37,11.413353623739777,0.38234408587030616,5
slp04,706,0,2,70.17061089708311,0.13077527675512918,35,11.083197872026009,0.6409323209200796,6
slp04,707,1,2 X,67.93851221520725,0.14677051169688318,34,12.386457473162675,0.4359174233728221,5
slp04,708,0,2,69.95884773662551,0.10210083895286506,35,11.259570635039784,0.44096185776096336,6
slp04,709,1,2 X L,93.29647546648239,0.17217642401808184,46,12.955232474449401,0.6092943094724876,7
slp04,710,1,2 X,87.57637474541752,0.14254386665528054,44,8.068854222700377,0.44128297799333593,4
slp04,711,0,2,75.6646216768916,0.2650730125309676,38,9.79965156794425,1.4778663298447832,4
slp04,712,1,W X,75.81967213114756,0.13320340394486238,38,9.208103130755065,2.423027857867094,5
slp04,713,0,W,69.45390167506469,0.09142781296027463,35,6.762849413886384,0.2759999999999998,3
slp04,714,0,W,73.60959651035988,0.09045618269446438,37,6.776087938563469,0.8794988471977789,4
slp04,715,0,W,75.46913244492794,0.08572189051101856,38,6.388415672913118,0.6079999999999997,3
slp04,716,0,W,80.22490400438836,0.049535170034516435,40,7.154213036565979,0.5974642713631965,4
slp04,717,0,W,73.37526205450733,0.11854850036493718,36,6.950880444856349,0.1479999999999997,3
slp04,718,0,W,80.20290649849191,0.10700773872609183,40,6.681514476614699,0.9960000000000004,3
slp04,719,0,W,75.66462167689161,0.08595865960699772,38,5.893909626719057,2.016,3
slp16,0,0,W,102.93713972001098,0.14253934755007122,51,17.40139211136891,1.1314112552787465,8
slp16,1,0,W,86.98583951449764,0.05060601913335694,44,10.454783063251437,3.1260855714455418,5
slp16,2,0,W,86.79854662898668,0.04721257864676545,44,11.88212927756654,0.5777783658116665,6
slp16,3,0,W,117.15593859412873,0.16211697014659657,59,14.448547118317547,2.306257478157102,7
slp16,4,0,W,88.72077028885832,0.08594382307482057,44,12.160518848804218,1.643699485915841,5
slp16,5,0,W,90.73800241968007,0.09049718364078288,46,15.06780512305374,0.5700748488868224,7
slp16,6,0,W,82.90644378538688,0.03152563331983257,42,13.646288209606984,0.8548306031021586,6
slp16,7,0,W,84.15435139573071,0.046704304812756094,42,13.966480446927374,2.016687184468627,6
slp16,8,0,W,94.14654113794515,0.08209031864890658,47,16.381507098653074,1.4213602248863197,7
slp16,9,0,W,97.75967413441956,0.15839803502569091,49,13.609556933313172,0.48034108251903224,7
slp16,10,0,W,86.2541073384447,0.10264616810999035,43,11.695906432748538,1.13,3
slp16,11,0,W,80.20290649849191,0.030791103336961317,40,19.135704034444267,0.36396943552996325,9
slp16,12,0,W,87.17394242465198,0.07810497574638871,44,19.670288497564627,0.7977850971436417,8
slp16,13,0,W,85.29650690495532,0.04202105076605049,43,15.397249024840896,1.5546254082575648,6
slp16,14,1,1 HA,80.71025020177562,0.042280491955510646,41,16.651248843663275,1.464588982919402,7
slp16,15,1,W HA X,95.56786703601108,0.07473992715259394,47,15.638963360142986,1.4242366233121775,8
slp16,16,0,1,80.13698630136984,0.029999956169154938,40,19.34374552228113,1.3941734132355412,10
slp16,17,1,1 HA HA,114.59754433833561,0.18347857573870047,57,15.228426395939087,2.5660470247704605,7
slp16,18,0,W,85.12363194162951,0.06766041658746358,43,11.740763932373198,3.670783763721312,6
slp16,19,1,1 HA HA,84.41645450891062,0.052622559675941954,43,16.73406777297448,1.7426186473236192,9
slp16,20,1,W X CAA,80.65600215082672,0.06879236876282137,41,18.570923240183937,1.0650107214177207,8
slp16,21,1,1 CAA,85.20421963754394,0.050843943355759876,43,11.307100859339664,2.8792072242198894,6
slp16,22,1,W X CAA,84.50123660346249,0.03458037736220919,42,20.157903578027888,1.2111588458992488,9
slp16,23,1,1 CAA,82.86176232821342,0.03423292159428446,42,15.353121801432959,1.234413220927255,6
slp16,24,1,1 X,87.94655031360786,0.03838897444022438,44,16.682554814108673,1.8838191342621629,8
slp16,25,1,1 X,83.95904436860069,0.03870700201202712,42,13.814274750575596,2.486252780569363,7
slp16,26,1,1 X,85.73761567773543,0.03380563357900579,43,12.222946544980443,3.1104843609958888,6
slp16,27,1,1 X,80.90614886731392,0.0739177921748208,41,22.218564845292953,0.42540415061212633,10
slp16,28,1,1 X,90.26258205689278,0.05680763538483651,45,16.184139543247618,3.1133419700094334,7
slp16,29,0,W,111.9402985074627,0.08521544887678952,56,16.76602086438152,1.8724197060369654,7
slp16,30,0,W,85.99508599508599,0.06739870202024373,43,18.09720785935884,0.8700224721470224,8
slp16,31,1,1 X,80.89048672566372,0.03226549951432046,40,18.376722817764165,1.5955434810747091,9
slp16,32,1,1 X X,84.26966292134831,0.03383748823060153,42,15.745276417074878,2.638422424269641,7
slp16,33,1,1 X,86.26591811584282,0.04660841845849109,43,10.423905489923557,4.54023858403939,6
slp16,34,1,1 X,84.00491736101627,0.04022423761972428,42,15.669303089091178,3.0601846549593996,8
slp16,35,1,1 X,81.74386920980925,0.0588829347094725,41,13.372956909361069,4.301389956229911,7
slp16,36,1,1 X,81.0591731964334,0.026365887051263814,41,19.419271314962085,1.5865230370022287,8
slp16,37,1,1 X X,81.9000819000819,0.05179613885223492,41,13.829133374308546,3.6350528041403862,7
slp16,38,1,1 X,83.16430020283974,0.0313688501394613,42,18.45342706502636,1.7296214992339352,8
slp16,39,1,1 X X,89.12896691424714,0.08697995399340135,45,14.073935072246199,1.2337893499297197,6
slp16,40,1,1 X,87.1503850830969,0.06228641601774272,44,18.683274021352318,0.564538460575883,8
slp16,41,1,1 X,82.4728443073622,0.05405106977629516,42,15.611990008326392,2.9029721597011573,6
slp16,42,1,1 X,86.36850562399572,0.056986140658495305,44,16.166281755196305,1.904666664285595,8
slp16,43,1,1 X,81.03727714748786,0.060898604253299606,41,19.46787800129786,0.6306346010171024,9
slp16,44,1,W X,99.93201903467029,0.10264500313242228,50,15.459363957597176,1.4618793607223965,8
slp16,45,0,W,100.56095225064988,0.1070368143840522,50,16.455101081335215,1.1603976798969413,8
slp16,46,0,W,87.91059015946573,0.08597684168805135,44,19.164081036685527,0.9983522751544779,8
slp16,47,0,W,84.92855217039633,0.08954893264505435,43,18.396443354284838,1.1535873395629825,9
slp16,48,1,W HA,92.75440247345072,0.048994502218484184,47,11.957908163265307,2.810787903773602,6
slp16,49,0,W,94.0182586183404,0.04700199086802234,47,19.108280254777068,1.1966731661847634,7
slp16,50,0,W,89.04479222881814,0.03604496732446136,45,14.087152516904583,2.728400439818173,6
slp16,51,0,W,86.70520231213874,0.032023800672684184,43,18.641259320629658,1.1910436133445699,7
slp16,52,0,W,85.84275786891948,0.020749013035566595,43,18.838304552590266,1.5172550873205206,9
slp16,53,0,W,116.99507389162562,0.12808492104489363,58,15.887426236949615,2.09564711159263,8
slp16,54,0,W,82.97355639503508,0.03444911066284636,42,22.579026593075767,0.2402443200854775,10
slp16,55,0,W,80.34279592929833,0.03881443030626625,41,23.965141612200433,0.2574586543072226,12
slp16,56,1,1 H,89.37034529451591,0.03879028164905769,45,23.39098383895662,0.4213160020147811,12
slp16,57,0,W,98.02586793737235,0.10590715929005409,49,12.038523274478331,1.6589538872434038,6
slp16,58,0,W,138.7566317507822,0.1471168238563887,69,8.500188893086513,4.748184027136643,4
slp16,59,0,W,105.29157667386609,0.12153495613250609,53,21.469465648854964,0.6774461848245462,10
slp16,60,0,W,99.47218838814455,0.14607569654531685,50,16.411378555798688,1.567816315771717,8
slp16,61,0,W,89.23742563547863,0.031227239645344372,45,17.55926251097454,1.3001380695910723,9
slp16,62,0,W,87.24469092384689,0.030686960780197246,44,13.841894801599507,1.9801786675842044,7
slp16,63,0,W,87.67160527388879,0.028842010103008478,44,21.524234693877553,0.8530217023566036,10
slp16,64,0,W,88.49557522123894,0.02644376537622292,45,22.189349112426036,0.3404608641239107,11
slp16,65,0,W,81.76614881439083,0.0688938313639182,41,23.108524477918518,0.46918347775946784,10
slp16,66,1,W HA,79.5053003533569,0.04230616935875862,40,18.963337547408347,1.911408555664295,7
slp16,67,1,W X X,82.42890506937766,0.0599965832360477,41,13.959981386691487,3.108891120640927,7
slp16,68,1,1 X,82.63907551733404,0.04233314518718894,42,18.430348640761785,2.1152620995990072,9
slp16,69,1,1 X,79.5593635250918,0.06058075282969195,40,16.778523489932887,1.8688960836356237,8
slp16,70,1,1 X X,81.07012565869478,0.098079508563206,41,19.004524886877824,0.795724903750649,8
slp16,71,1,1 X,81.16883116883118,0.08587060032397584,41,12.746069961761789,1.9229774367428811,7
slp16,72,1,1 X,78.65323582171933,0.03410087691092685,39,17.767249037607346,1.4832191341807859,9
slp16,73,1,1 X,81.04822369309738,0.0394906318004663,41,20.318320352184216,0.8212813159934907,9
slp16,74,1,1 X X,93.73726395870125,0.11507423427981202,47,20.05730659025788,1.0980240508871064,8
slp16,75,0,W,84.1313269493844,0.051127722630837216,42,17.214173002438674,1.5770452593378543,9
slp16,76,1,1 X,82.79483037156704,0.03974457411926154,42,20.352781546811396,0.768936928492838,9
slp16,77,1,1 X,84.75716399838558,0.07319894922606782,43,21.798365122615806,0.5771877943962432,9
slp16,78,1,1 X X,78.80910683012259,0.05805273170247597,40,25.87694077055779,0.5927457764974421,7
slp16,79,1,1 X,81.00249238438106,0.03878008259466004,40,15.498536249354226,3.1347322409134435,7
slp16,80,1,1 X,83.00715346200566,0.041898776068639176,42,14.600908500973397,4.013588696194744,7
slp16,81,1,1 X,84.37371381533818,0.05146450120226193,42,25.747915644923985,0.15147061410971938,8
slp16,82,1,1 X,87.32737611697807,0.054223223098610905,44,11.319046181708423,3.411024385723444,6
slp16,83,1,1 X,81.19079837618402,0.05268586148104632,41,18.42105263157895,1.0644718916736435,8
slp16,84,1,1 X,77.6566757493188,0.07530164639726349,39,21.04155707522357,0.659931625246131,9
slp16,85,1,1 X,81.58825129181398,0.05030745471597624,41,11.742602160638798,5.845997796783712,6
slp16,86,1,1 X,89.66173074310555,0.05199006580250462,45,14.370110170844642,2.4134726479125925,7
slp16,87,1,1 X,84.14283759748255,0.07457730977883892,42,15.521064301552107,1.9713361469017994,8
slp16,88,1,1 X,77.26718178121187,0.055654354746201715,39,19.681349578256796,0.9797292420638991,8
slp16,89,1,1 X,80.13698630136984,0.05455176263008054,40,22.288261515601782,0.6423492596933318,8
slp16,90,1,1 X,84.9743728082007,0.06401332060922556,43,17.933390264731,1.3858366956242625,8
slp16,91,1,1 X X,80.76763771917712,0.05184551979119758,40,22.78865631330182,0.723553644551121,10
slp16,92,1,1 X,79.24681658087239,0.07871766474516555,40,13.295907815039149,3.0755287169670336,7
slp16,93,1,1 X,78.30277071342525,0.08361472019487709,40,14.040561622464898,3.3566560079274663,7
slp16,94,1,1 X,79.6243364638628,0.10959174733898817,40,21.09280835676979,1.4873369161157861,8
slp16,95,1,1 X,79.02201810076998,0.05193188276073085,40,18.744142455482663,1.2299947154358022,9
slp16,96,1,2 X,82.96236341562121,0.07331705694302272,42,11.052166224580018,6.046392590627902,6
slp16,97,1,2 X,82.56501995321317,0.06126263135060393,41,14.766201804757998,2.3435647111943716,7
slp16,98,1,2 X,79.66771074492715,0.07001215260340915,40,23.41137123745819,0.8101716623339645,8
slp16,99,1,2 X,85.72594910872228,0.06690711739625796,43,23.748268355432415,0.6263734908183775,9
slp16,100,1,1 X,82.83860278889962,0.07918781471918518,41,19.62494548626254,0.7896654706618211,7
slp16,101,1,1 X,88.03057185751332,0.09528860264166875,44,20.389669234254647,1.9467849279146259,7
slp16,102,1,1 X,84.32743726861375,0.03868265001592587,42,12.278978388998036,3.607618250314187,6
slp16,103,1,1 X,83.85601308971911,0.054682731010723996,42,23.22700526478786,0.5826032612335773,11
slp16,104,1,1 X,81.12605741228678,0.04737884302725132,40,15.146415348367555,2.1196536404694886,7
slp16,105,1,1 X,78.8091068301226,0.08927897312769141,40,18.29268292682927,1.051989860534153,7
slp16,106,1,1 X,83.04077774777208,0.06217367396802071,42,13.66867140513942,2.477797215270047,6
slp16,107,1,1 X,84.82563619227145,0.1664118051368018,43,17.90281329923274,1.4032068228722028,8
slp16,108,1,1 X,85.16966337704474,0.12434729363000459,43,21.916092673763305,0.8034265393187061,8
slp16,109,1,1 X,83.5030549898167,0.09533000386615309,42,14.65457083042568,2.796784159110792,8
slp16,110,1,1 X,80.75648812810604,0.04195937423422266,40,15.702108568864961,3.591507261326819,8
slp16,111,1,1 X,77.95404814004375,0.05408478006706736,39,19.305019305019304,1.2522647927300006,10
slp16,112,0,2,82.20304151253596,0.056850593664446475,41,18.28989483310471,1.904598054708657,9
slp16,113,1,2 X X,80.98258874342015,0.06350740114348878,41,13.477088948787062,3.7651992421827205,7
slp16,114,1,2 X,84.82563619227145,0.1255901623889741,43,14.92113116384823,2.458781778998432,8
slp16,115,1,2 X,78.31821929101402,0.06150215634802624,39,22.4584518640515,0.5193394265795732,11
slp16,116,0,2,81.54389779831476,0.09178213333759463,41,15.282730514518594,2.364320057296248,7
slp16,117,1,2 X,82.87292817679558,0.09943449860181888,42,15.97930299802161,1.938571744394121,8
slp16,118,1,2 X,81.71047255889964,0.11783679391429487,41,16.268980477223426,2.1771047615714645,8
slp16,119,1,2 X,80.87343307723413,0.03830391624886417,41,23.156089193825043,0.5091021387249527,10
slp16,120,1,2 X,81.14687584527995,0.07125475422734963,41,18.509949097639982,2.2029715726717853,9
slp16,121,1,2 X,74.48275862068964,0.09795362974513458,37,24.232633279483036,0.36467190733589555,6
slp16,122,1,2 X,78.11429354529257,0.049447361418447175,39,19.72942502818489,0.8902794791639356,8
slp16,123,1,2 X,81.44427853943259,0.10969370993817285,41,22.325581395348838,1.0679727290525727,9
slp16,124,1,2 X,79.7872340425532,0.06530088152701408,40,22.986548612293547,0.966408445715691,10
slp16,125,1,2 X,82.30452674897118,0.09249324299644812,41,20.43199065966141,0.7879330749576672,8
slp16,126,1,2 X,80.35714285714285,0.10899384441177457,40,24.76609796367639,0.43152236970469515,7
slp16,127,1,2 X,77.29861676159479,0.07618231522049308,39,21.989528795811516,1.0800030234273628,8
slp16,128,1,2 X,76.17348339280811,0.06646195987954275,38,19.38819474364498,1.3487607480778627,7
slp16,129,1,2 X,81.9336337566571,0.06467387416878627,41,13.032145960034752,3.7452143329854963,6
slp16,130,1,2 X,77.01661937576004,0.09555349765512211,39,18.722696068233827,1.306291272606875,7
slp16,131,1,2 X,87.3510292524377,0.10533428720304365,44,10.561520859003698,3.4819481615900028,5
slp16,132,0,2,73.7503414367659,0.07851554851126427,37,21.884118382659445,0.8886711932970024,8
slp16,133,1,2 X,79.80900409276946,0.11130166434749314,40,20.94322060192367,0.9314242910062756,10
slp16,134,1,2 X,91.4262494920764,0.16927642088213785,46,21.76278563656148,0.993609078058368,5
slp16,135,0,W,72.07578253706755,0.07416288746772891,36,19.559902200489,1.5193517532158247,9
slp16,136,1,2 X,76.49896623018608,0.05208208389054052,38,20.979020979020977,0.8845599031282292,10
slp16,137,1,2 X,75.47939616483069,0.05406421526115251,38,22.443890274314214,0.6637214944705514,10
slp16,138,1,2 X,78.52321256371401,0.11273998717908953,39,18.110473890733473,1.7437382257667005,9
slp16,139,1,2 X,76.65411511565358,0.06351861899040906,39,16.98204754973314,2.6665347994606585,8
slp16,140,1,2 X,81.40008140008139,0.09928539671069457,41,24.615384615384617,0.3618338707196992,9
slp16,141,1,2 X,75.56160653505785,0.08614567986405541,38,17.048683462777042,1.0951077065242891,7
slp16,142,1,2 X,74.33699437449773,0.06403468745886648,38,25.174825174825177,0.4070670160496372,7
slp16,143,1,2 X,79.3435507934355,0.09272157923457082,40,23.74920835972134,0.6515586236095721,11
slp16,144,1,2 X,82.9511734556245,0.04944888418894032,42,18.668326073428748,1.3247596008332982,9
slp16,145,1,2 X,78.00739017380593,0.07823262420694266,39,12.19313932693871,5.923205294433074,6
slp16,146,1,2 X,77.97537619699041,0.07744021015973862,39,16.163793103448278,2.403016199933503,8
slp16,147,1,2 X,76.81940700808627,0.07025777625753422,39,12.804097311139568,3.2332734702362145,7
slp16,148,1,2 X,70.79400333148251,0.0569314527429143,35,13.331358317286329,1.5939944235229375,7
slp16,149,0,2,77.15213860314023,0.08333891024736786,39,15.981735159817351,1.775259636084312,8
slp16,150,1,2 X,78.07149705519791,0.09084015366568653,39,17.870439314966493,2.3086826871616632,9
slp16,151,1,2 X,78.0287474332649,0.08248475054228,39,27.92140641158221,0.41740266848011526,10
slp16,152,1,2 X,78.53403141361254,0.06277677179437531,40,22.23045572434235,0.8198188824368465,9
slp16,153,1,2 X,73.9017380593951,0.10578168760281131,37,21.994134897360702,0.7519118489367146,8
slp16,154,1,2 X,78.5551228682691,0.07598622664909857,40,20.847810979847115,1.3283709321320356,7
slp16,155,1,2 X,80.98258874342015,0.09478602217626815,41,19.02173913043478,2.0648490580798056,8
slp16,156,1,2 X,76.22358919497191,0.08568317599272011,39,17.14565643370346,2.479982883416903,8
slp16,157,1,2 X,76.65411511565358,0.07751457730834155,39,19.9203187250996,0.8170357572171666,8
slp16,158,1,2 X,75.33595764897515,0.10428975761181884,38,19.886363636363637,1.224197396381042,8
slp16,159,1,2 X,82.22557215293956,0.08622244487371024,41,18.717244821562268,0.9551564479183503,6
slp16,160,1,2 X,76.23626373626372,0.09541898685965805,38,15.889830508474576,2.2059379605315934,8
slp16,161,0,2,84.85991379310344,0.1499150477502179,43,13.210039630118889,2.1183285864095778,7
slp16,162,1,2 X,79.67856169980932,0.0512707679894705,40,18.41903300076746,2.4591225569296054,9
slp16,163,1,2 X,73.9017380593951,0.0997618769809662,37,22.46069378587472,0.32925302664600603,7
slp16,164,1,2 X,78.0608052588332,0.06193732870394564,39,20.184544405997695,1.208091630529366,8
slp16,165,1,2 X,76.12124537100534,0.06432314330053654,38,21.029441217704786,1.0582307915399483,8
slp16,166,1,2 X,79.26829268292681,0.07049982164566804,40,20.576131687242796,0.6610375682717788,7
slp16,167,1,2 X,77.60381211708645,0.10038204030911353,39,22.35469448584203,0.5164339260738009,7
slp16,168,1,2 X,77.10475131981106,0.06829883205582597,38,14.467127471467611,4.005948521331191,7
slp16,169,1,2 X,72.81553398058252,0.10446051885760475,37,15.057721264848585,2.593303598801258,7
slp16,170,1,2 X,86.08909538125172,0.07678198957374376,43,15.613382899628254,1.8822827651984877,8
slp16,171,1,W X,70.07419620774938,0.09043133853714308,35,14.546965918536987,1.7485385617826152,8
slp16,172,0,1,82.97355639503508,0.03601097063325066,42,19.815059445178335,1.558365444028729,8
slp16,173,1,W X,74.56670697299475,0.07086500917378673,38,18.80288310874334,1.5428645436330435,9
slp16,174,1,1 X,74.00301493764562,0.0951528335279358,37,24.291497975708506,0.8512954833663808,9
slp16,175,1,2 X,74.3801652892562,0.06692616163437967,37,21.618282890673257,1.3154092092406462,8
slp16,176,1,2 X,72.82535401213755,0.07192271229041544,37,19.796380090497735,0.486469329108491,8
slp16,177,1,2 X,78.75103619784471,0.0824709803741784,39,24.449877750611247,0.3830613527882968,9
slp16,178,1,2 X,76.43575265114998,0.07784339319514795,38,15.627713144643165,3.59166918793415,7
slp16,179,1,2 X,83.98197460057354,0.19583741997499565,42,22.226338210779772,1.0970914957285924,9
slp16,180,1,2 X,76.86084142394822,0.08395751464835044,39,16.881028938906752,1.4352952622355857,8
slp16,181,1,2 X,75.07298762685946,0.08983352229760927,37,15.423031727379554,2.4836966524164117,8
slp16,182,1,2 X,71.40914036996736,0.05938305949597107,36,22.93577981651376,0.9314294000474362,12
slp16,183,0,2,79.85257985257984,0.04837917298485192,40,19.452449567723345,1.815072151067347,10
slp16,184,1,2 X,81.55498165012914,0.04873920393276854,41,20.52919708029197,1.591811267428118,10
slp16,185,1,2 X,84.81421647819063,0.14346613054043417,43,16.974726518294982,0.8966208166716236,7
slp16,186,1,2 X,85.45227177990829,0.12219487853536927,42,18.311824206487618,1.387421746276458,8
slp16,187,1,2 X,77.05826686494527,0.12486380391885342,39,15.339663988312635,2.4618603219715696,8
slp16,188,1,2 X,70.4322607374672,0.06786481575892679,35,14.677103718199609,3.2103005644776803,8
slp16,189,0,2,72.1947194719472,0.0547124281669016,36,13.769889840881271,1.3451179213073559,7
slp16,190,1,2 X,72.49378624689312,0.0717479488436102,36,11.476664116296863,5.620232023680161,6
slp16,191,1,2 X,70.30603804797353,0.08066711468128422,35,21.241444418220436,0.8464495784681383,7
slp16,192,1,2 X,71.63323782234956,0.07628038504659729,36,18.25134712324005,1.8499537335637697,8
slp16,193,1,2 X,72.64899771290192,0.0821190794509811,37,26.296018031555224,0.4644621203332838,8
slp16,194,1,2 X,77.77322963569381,0.1237626626891175,39,15.892636411795866,1.8090917303688303,7
slp16,195,1,2 X,76.15257958287594,0.0745638793010446,38,21.712158808933,0.9761883391381951,8
slp16,196,1,2 X,72.6196880043034,0.0895789878360344,37,21.57497303128371,0.788085655243134,9
slp16,197,1,2 X,78.16675574559059,0.1072004396156117,40,21.119324181626187,1.4104350392697993,9
slp16,198,1,2 X,78.05011639052445,0.08827638541312534,39,20.370056017654047,0.9560186975159011,9
slp16,199,1,2 X,78.77280265339965,0.0919067334063689,39,14.763779527559056,1.994456316894406,7
slp16,200,1,2 X,73.29985068548935,0.0798896615632546,37,9.089531889107713,5.603418510159668,5
slp16,201,0,2,72.13520197856553,0.062802677701915,36,13.438853217858743,1.8359918905654842,7
slp16,202,1,2 X,75.95456411660051,0.0720637652870597,38,13.333333333333334,4.257004267478872,7
slp16,203,1,2 X,78.62068965517241,0.10085594894538015,39,17.060964513193813,2.0615278217865503,6
slp16,204,1,2 X,111.4864864864865,0.15309427765674222,56,14.589074404279462,1.8077218320920456,7
slp16,205,1,2 X L,91.83673469387756,0.12484158851209087,46,19.63350785340314,1.0869243048365624,10
slp16,206,0,W,80.55632057284495,0.17254458684936794,40,23.128679562657695,0.5744787072851063,12
slp16,207,0,W,72.14511474508727,0.04682730757468207,36,19.923258559622198,0.4823440706271156,10
slp16,208,1,1 CAA X,75.52047897673152,0.04301453030529281,38,22.58695979521156,0.4626720652903091,11
slp16,209,1,2 X,69.04955320877335,0.06740960883525286,35,22.401433691756274,0.566042259906449,11
slp16,210,1,2 X,70.82152974504248,0.08084581445124858,36,19.699401721873635,0.6660319941894313,10
slp16,211,1,2 X,74.51359183110253,0.06708415573454946,37,19.211612352355203,1.0508304064928253,10
slp16,212,1,2 X,69.13379422529484,0.06583033660853542,35,22.785963846270697,0.5975524746831863,11
slp16,213,1,2 X,68.40128755364809,0.09108769872014272,35,23.259420065126374,0.5894253472663014,11
slp16,214,1,2 X,69.14316702819956,0.06474522867886251,35,19.374282433983925,1.1346435998873974,10
slp16,215,1,2 H,66.75010429703796,0.08500726071930562,33,18.45018450184502,0.9828529900244493,9
slp16,216,1,2 X,67.84539473684211,0.0645533925976611,34,22.716946842344385,0.7698603509728242,11
slp16,217,1,2 HA,75.11165245635405,0.0829137741100984,38,21.64502164502165,0.9468161384344904,11
slp16,218,1,2 HA,72.32401157184187,0.12941786143010886,36,18.999366687777073,0.6271778057297627,9
slp16,219,1,2 H,70.13201320132013,0.0375078307856135,35,19.316068107025327,0.9614417157787081,10
slp16,220,1,2 HA,67.28285986135653,0.10045201788492529,34,19.610691458454387,0.6128387700078148,10
slp16,221,1,2 HA,65.12605042016806,0.05199887936037326,32,20.463847203274213,0.9328608327791091,10
slp16,222,0,2,66.8828536684232,0.040937767726712725,34,19.193857965451052,0.5038928457519516,9
slp16,223,0,2,65.90690649457642,0.06272845745752083,33,21.133375078271758,0.6317039469112171,10
slp16,224,0,2,68.36461126005361,0.04660843293612484,35,20.417422867513615,0.8803776967239055,10
slp16,225,0,2,67.67842493847417,0.052374577981428964,34,18.295471870712,0.4282916646398806,9
slp16,226,1,2 H,70.81197734016726,0.0346935740683005,36,19.21537229783827,0.4479595405837451,9
slp16,227,1,2 HA,92.4404272801972,0.2130304516573472,46,20.368135184067594,0.6165801340688776,10
slp16,228,1,2 HA,113.40623734305387,0.0908577886320267,57,16.211208893006024,0.7785898294024779,8
slp16,229,0,W,80.34610630407911,0.08092366188732711,40,13.51554287430545,2.8986621435107303,7
slp16,230,0,W,77.06192724243267,0.06822675208824852,38,15.8999364002544,1.6815509031843192,6
slp16,231,0,W,76.04823239243629,0.10380607868637808,38,17.495261699956263,2.067474727777827,9
slp16,232,1,1 HA X,69.48228882833787,0.06321403199314571,35,11.380880121396055,4.2736092474628515,5
slp16,233,0,1,72.15503023639363,0.05063953444671063,36,12.515644555694617,1.675514249417175,5
slp16,234,1,1 X X,71.78996307944755,0.0791378853518287,36,25.38787023977433,0.407603838167514,7
slp16,235,1,2 X,71.17934403349615,0.06229575624129415,35,21.87784867821331,0.4099118807743928,9
slp16,236,1,2 X,71.09004739336493,0.0672802242224903,36,16.05750114696437,2.8652506675254608,8
slp16,237,1,2 X,71.55513152514652,0.07485199546097482,36,22.82112584220822,0.8044780790001903,8
slp16,238,1,2 X,72.73706896551724,0.07751192660121473,37,15.355367066393685,2.330456660162973,8
slp16,239,0,2,72.43460764587525,0.07935503904744942,37,21.496130696474633,1.047517140671216,11
slp16,240,1,2 X,72.85483000539665,0.09599434139701629,37,15.019310542125591,3.7857590078220937,8
slp16,241,1,2 X,73.75034143676592,0.06089902592016305,37,16.95633743111488,2.871944245628734,9
slp16,242,1,2 X,84.62914545204349,0.09108893745712057,42,14.124293785310734,1.7621229620356615,7
slp16,243,1,W X,69.52965235173825,0.09165309955173065,35,19.250513347022583,1.3608265723449113,6
slp16,244,1,1 X,70.8024275118004,0.07249444735949909,36,19.342359767891683,1.8600039426481512,7
slp16,245,0,2,71.87842278203723,0.0853779305231051,36,19.292604501607716,2.1070633592751786,9
slp16,246,1,2 X,78.17857632697847,0.14259894751994145,39,20.875212617906293,1.3059223881803304,10
slp16,247,1,2 X,76.41470466749277,0.09159187909175574,38,12.335526315789476,4.537127902098419,6
slp16,248,1,2 X,71.3121434392828,0.05408938935518062,36,13.5196034249662,3.0695091898651596,7
slp16,249,1,2 X,74.4666577217228,0.09686788122716668,38,13.630168105406632,2.021868113074309,7
slp16,250,1,2 X,94.12085663620243,0.11446467826752699,47,20.13422818791946,1.5581776902156295,8
slp16,251,1,2 X,73.55946056395587,0.07698989832727696,37,22.27998514667657,0.6128319508641826,5
slp16,252,1,W X,78.45836200963522,0.08864289213958335,39,19.986675549633578,1.1370552610434845,7
slp16,253,1,2 X,71.78014766201805,0.07267924499512378,36,27.808676307007794,0.1695282867252542,6
slp16,254,0,2,70.22858716606997,0.07269027054926919,35,13.726835964310228,1.4531961326675762,5
slp16,255,1,2 X,69.70069700697007,0.07841236044078888,35,19.220912352639672,1.2311233244480426,6
slp16,256,1,2 X,69.05890318212593,0.06878289398673416,35,20.073603211776515,1.145257612941298,9
slp16,257,1,2 X,69.40664126292869,0.060939813748107065,35,16.853932584269664,2.624467438040208,7
slp16,258,1,2 X X,71.74091281770977,0.07287325312079984,36,23.80952380952381,0.8818304195756058,10
slp16,259,1,2 X,78.93643539675946,0.16271767436651294,39,20.98489087856743,0.6200149675612678,6
slp16,260,1,2 X,117.51992435499122,0.15920959644592916,59,17.46894409937888,0.8716135739088866,7
slp16,261,1,W X,68.742418115649,0.0861832761817837,35,17.537022603273577,0.6140083242287697,4
slp16,262,1,W X,67.88261108063632,0.06219800132020104,34,25.27379949452401,0.37913410116562535,7
slp16,263,0,2,71.17934403349616,0.08945486577252589,35,30.0,0.2318160190035768,7
slp16,264,1,2 X,115.08951406649615,0.1195789885511831,58,12.774655084312725,0.8393955920780141,6
slp16,265,1,W X,101.37875101378752,0.12107772049390425,51,16.784781797836633,1.4534843958188504,7
slp16,266,0,W,89.47939262472885,0.08793423538114217,45,15.315052508751458,0.8598069076062061,8
slp16,267,0,W,97.40259740259738,0.1327051870375332,49,21.100343857455453,1.7466681368385104,10
slp16,268,0,W,87.55259942989004,0.06508796726710524,44,16.486104569006123,1.0542375521325973,8
slp16,269,0,W,86.62369057211924,0.1436298349069305,44,14.41845562319769,1.0226988260914787,7
slp16,270,0,W,78.68190988567586,0.05062471012733466,40,15.429453111606376,0.5639783289768814,7
slp16,271,0,W,77.49830047586674,0.07858590937537449,39,17.398508699254354,0.6172618932819028,8
slp16,272,0,W,75.2134435560374,0.03087958185601983,38,18.162554866051156,0.3991312440789369,9
slp16,273,0,W,84.7107438016529,0.10545470508473874,42,18.110473890733477,0.8543740398677854,9
slp16,274,0,W,93.47060417231104,0.1833309938557268,47,17.611539751761157,0.8130751904382045,8
slp16,275,0,W,78.73485868102289,0.05028633332098459,40,17.485428809325562,0.5066254906290267,8
slp16,276,0,W,72.7247541210694,0.05241018751256324,36,14.19647927314026,2.3196780466262985,6
slp16,277,1,W HA,80.40131940626719,0.07233990917127703,40,14.617033716624439,1.6122737236586102,6
slp16,278,0,W,69.02151847340642,0.07644280038109415,35,14.62843768285547,1.969207109473252,6
slp16,279,0,W,71.47719537100068,0.03951873748293204,36,20.957038071952496,0.21933308004038057,5
slp16,280,1,1 X,67.69693654266959,0.0662851895558399,34,18.210197710718003,1.578245991017644,8
slp16,281,1,1 CAA,68.77865777407254,0.04551511116489355,34,17.126080574131464,2.6420376799055716,8
slp16,282,1,1 X,66.68462885625758,0.06037410156331599,34,13.74255611543747,1.376450991983853,7
slp16,283,1,W X,91.68704156479217,0.08967060710053089,46,20.65167508031207,1.452105903698334,10
slp16,284,0,W,85.6793145654835,0.11777102192577842,43,16.286644951140065,1.1834998943810684,8
slp16,285,0,W,74.80260423881425,0.0521236658650356,37,18.028846153846153,0.7050868234277453,8
slp16,286,0,W,74.12491420727522,0.05207817011444561,37,25.878293601003765,0.5267430568444963,12
slp16,287,1,W X,68.4471882968729,0.05773067165577575,35,23.84737678855326,0.20565991344936432,5
slp16,288,0,1,67.72472294431523,0.08172753676882327,34,28.563656147986944,0.841160908191404,15
slp16,289,1,1 X,61.450225317492844,0.15628811001907128,31,22.117369507519903,0.42617855412960426,6
slp16,290,0,1,72.50379781798094,0.0452828209981558,36,19.33301111648139,1.4087688774245406,9
slp16,291,1,W X,82.95313148071341,0.21555674426934546,41,15.55371215263376,2.972061479848626,6
slp16,292,0,1,77.28813559322033,0.06494941564631498,39,19.617459538989703,1.4321004678443479,9
slp16,293,1,W X,71.4085690282834,0.06896165124589575,35,22.581859239744073,0.8716323766359301,9
slp16,294,0,1,72.2543352601156,0.03077958507099887,36,22.123893805309734,0.5048881064156692,11
slp16,295,1,W X,62.60939814191463,0.11976654363379381,32,23.948908994145825,0.5358042760395089,7
slp16,296,0,R,67.54912663755458,0.0520600063464241,34,20.197486535008977,1.7185482245197543,10
slp16,297,1,W X,64.82106684672519,0.11431473822303055,33,8.92857142857143,6.324667474790012,4
slp16,298,0,R,78.86222701536802,0.0755108658490649,40,17.039922103213243,1.8047793239516197,8
slp16,299,1,R X,61.87267977450845,0.035533020636522805,31,27.12100139082058,0.595185735020252,14
slp16,300,0,R,76.76348547717842,0.0857877176842842,38,20.939972080037226,0.821621161687875,10
slp16,301,1,R X,77.95404814004377,0.03657588021976254,39,9.487666034155597,4.969623996507851,4
slp16,302,0,W,74.8544496811755,0.09666564494990061,37,20.118796704349496,0.7960785521696272,8
slp16,303,1,R X,78.94736842105264,0.05136096492423716,40,19.828155981493722,0.7525715912788629,9
slp16,304,0,W,60.50013444474322,0.11553900736211223,31,25.862068965517242,0.621900313555155,13
slp16,305,0,R,69.17130069171301,0.13236716263463771,35,18.32780589980799,0.8829815908590158,8
slp16,306,1,R X,69.87258528565557,0.08340811408256206,35,21.29471890971039,0.7937419227935488,11
slp16,307,0,W,75.83003142505807,0.07337331623572238,38,19.34547799451878,0.7277195544988468,9
slp16,308,1,R HA,75.96496030659733,0.06492969732968924,38,13.341239252890604,1.1284199375921873,7
slp16,309,0,R,74.16563658838072,0.04608566901856681,37,18.49283402681461,0.6199530224137954,9
slp16,310,1,R X,73.23026851098454,0.038360859682175466,37,17.748853719863924,1.4226333856619562,9
slp16,311,0,W,68.48395326977307,0.10800211455061813,35,20.080321285140563,0.483012767257071,7
slp16,312,1,R HA,78.65017477816617,0.07788458900495492,40,15.739769150052467,2.605002367241407,7
slp16,313,1,W X,71.14785201246782,0.11217735229246116,36,14.290250873293108,0.8979849045996756,7
slp16,314,1,W X,66.86167989970748,0.13338144314333986,33,17.24137931034483,1.8408023095534032,8
slp16,315,0,R,67.9198682766191,0.07450927922441461,34,18.84760366182014,1.2327964560465023,8
slp16,316,1,1 X X,71.99670872188699,0.1260600958079203,36,22.222222222222225,0.7180083564973322,7
slp16,317,0,1,72.76647352108881,0.1007798603239436,37,13.816395455941052,1.4441249561201028,7
slp16,318,1,W X,72.50268528464017,0.09402022372413182,37,12.32741617357002,1.5601505568373841,6
slp16,319,1,W X,62.15469613259668,0.13961216120222322,31,26.121027427078797,0.15158825812047577,5
slp16,320,0,1,64.98781478472786,0.07936899583590562,33,18.402085569697896,0.975264963996964,9
slp16,321,1,W X,75.65430752453653,0.08753018888588572,38,11.98849104859335,2.2510291335298174,6
slp16,322,1,R X,60.32980292264379,0.13382768356692457,31,19.005384859043396,0.44830235332864354,9
slp16,323,0,R,68.46556584776481,0.16213681266375396,35,10.795250089960417,3.5779999999999994,3
slp16,324,1,R X,72.48322147651005,0.11141092882535535,37,18.97133220910624,0.817654096927437,10
slp16,325,1,R X,81.12493239588967,0.10817319446147461,41,13.765677577240744,3.235308262833011,7
slp16,326,1,R X,111.59204653050179,0.17212712580536665,56,14.307516215185045,3.8138632172640907,6
slp16,327,1,W HA,81.38903960933261,0.1401718944724655,41,12.776831345826233,1.907588215522417,6
slp16,328,0,W,83.74183006535947,0.1353245641269797,42,19.51219512195122,0.9368900682577438,5
slp16,329,0,1,110.12916383412646,0.211790783739089,55,12.772479564032698,2.377201850916325,6
slp16,330,1,W HA,142.18986124467645,0.13066008239265295,70,6.920947400799753,5.059840665036356,4
slp16,331,0,W,108.79978103188722,0.1765292860169233,54,9.181799632728014,4.466673432830697,4
slp16,332,0,W,102.64130286027098,0.21482794604054659,51,12.594458438287154,3.186840943630542,6
slp16,333,0,W,82.27067050596463,0.1747670163388962,41,9.129640900791236,2.469673662652619,5
slp16,334,0,W,73.8209159261791,0.06102691169162409,37,8.291873963515753,4.448749337360632,4
slp16,335,0,W,72.39382239382239,0.05509306412140926,36,18.84422110552764,1.1098420308013808,7
slp16,336,0,W,79.93987428259088,0.055095160042348955,40,11.916110581506196,3.3608964518413837,6
slp16,337,0,W,112.81279912484618,0.17261364300676268,56,15.050167224080267,1.7766645403364387,7
slp16,338,0,W,99.66101694915255,0.24266159851787836,50,10.055304172951232,5.414983194803102,5
slp16,339,0,W,90.46052631578948,0.19006079931962963,45,24.377031419284943,0.6005034924498311,10
slp16,340,0,W,104.09579534630561,0.17729161514643124,52,20.89427496865859,0.743811696600692,11
slp16,341,0,W,109.06153224720613,0.10305471531386858,55,20.55146429183079,1.1934294072126763,9
slp16,342,0,W,107.53415392939267,0.061520961994144245,54,21.213073538654935,1.0003509507624602,10
slp16,343,0,W,109.63724959393612,0.12907436633156774,55,21.472880547160806,1.1393567169219048,10
slp16,344,0,W,102.79494759473258,0.09074797900760027,52,23.518344308560675,0.7152326614466092,11
slp16,345,0,W,102.86654779865587,0.12921842593066982,51,18.32340815391663,1.334242762768455,9
slp16,346,0,W,97.75967413441956,0.07669379049179928,49,15.514566454059645,2.4873111765295652,7
slp16,347,0,W,117.07517458578666,0.14156631609559459,58,16.357688113413307,1.5572958247276867,8
slp16,348,0,W,117.15538503699644,0.1093289641718718,58,20.73613271124935,0.9982523478559918,9
slp16,349,0,W,122.7035000670511,0.14940082425686976,62,18.107741059302853,1.0796313028066573,9
slp16,350,0,W,111.56186612576066,0.13305652809772806,56,19.3631669535284,1.4419665584040275,10
slp16,351,0,W,96.02288204848814,0.1022002578843822,48,21.82347235693501,0.8421644072797716,10
slp16,352,0,W,103.54825348612452,0.13250330712853925,51,18.031555221637866,1.5496624632480456,9
slp16,353,0,W,105.66242210782987,0.11804291667658333,53,17.21029339452549,1.5208476691151753,8
slp16,354,0,W,79.11820394914795,0.058555030955760846,40,18.273184102329832,1.964789492541122,9
slp16,355,0,W,81.113965120995,0.021097630198673993,41,20.54169202678028,0.9641351270490442,10
slp16,356,0,W,82.70158511371469,0.11357706634704033,41,21.54011847065159,1.078500695410068,9
slp16,357,0,W,75.42810546344117,0.056124665577572064,38,15.668523676880223,2.4513916229131754,7
slp16,358,0,W,99.90485252140819,0.17814646576709323,50,15.580946728001186,1.471588008005679,8
slp16,359,0,W,98.1996726677578,0.20036050841753555,49,17.558528428093645,1.3688096422566194,8
slp16,360,0,W,78.95802402483467,0.04192777359404606,40,17.891754882958104,0.8726922424314313,9
slp16,361,0,W,78.64238410596028,0.1489038805772688,39,15.189873417721516,1.0387498896911294,7
slp16,362,0,W,66.6851903306474,0.021164534013296887,33,13.276294438707776,0.31674525340651216,7
slp16,363,0,W,67.07317073170732,0.023874788159099422,34,13.940520446096656,0.3569724545862514,7
slp16,364,0,W,66.94560669456067,0.019822651184944983,33,13.095861707700367,0.2947606486626055,6
slp16,365,0,W,81.14687584527996,0.12962885481249922,41,15.202702702702705,0.11925695879998882,7
slp16,366,0,W,70.96145818839571,0.020117647058823542,35,15.725625280814738,0.21983296070481537,8
slp16,367,0,W,71.87842278203725,0.028312887380780045,36,17.17650907901194,0.4386405715621938,8
slp16,368,0,W,69.76744186046511,0.030323743366621258,35,19.020446980504044,0.3063066274176907,9
slp16,369,0,W,94.65020576131688,0.2059543877412367,47,13.31360946745562,0.5505956370654925,7
slp16,370,0,W,91.8992511912866,0.1540167699703469,46,16.38747268754552,0.9230172744260471,7
slp16,371,0,W,73.67990176013099,0.0680351216488791,37,16.28917157927397,0.4258419750976905,8
slp16,372,0,W,75.28486163863269,0.03887505035122244,38,12.81832165441805,1.918349957645893,6
slp16,373,0,W,68.84449244060475,0.026207582304406025,35,15.889830508474578,1.0599622634792243,8
slp16,374,0,W,79.75460122699384,0.07353567208527798,40,16.951888924765903,0.9574524019714068,8
slp16,375,0,W,112.94876966518757,0.191905363049986,57,14.66275659824047,0.4005130043664833,7
slp16,376,0,W,74.79784366576818,0.0509846365378103,38,16.091954022988507,0.3915941255734992,8
slp16,377,0,W,77.52992383025027,0.05668555439935582,39,15.506547208821502,0.5474677057954094,7
slp16,378,0,W,71.1960943856794,0.05808188449183143,36,17.130620985010708,0.5173275074843788,9
slp16,379,0,W,70.17778371875417,0.04585036888107458,36,18.03194229778465,0.3091845760073039,8
slp16,380,0,W,81.14687584527995,0.19173012282893892,41,10.729613733905579,0.7672652735527655,5
slp16,381,0,W,66.5188470066519,0.030446674695276673,33,13.262599469496019,0.9706465199374419,7
slp16,382,0,W,74.26763856415899,0.027624242350372214,37,13.169446883230904,0.5241557020580813,6
slp16,383,0,W,75.1523358158429,0.048058158095504504,38,13.863216266173751,0.287354832915683,6
slp16,384,1,W HA,70.58349018553375,0.0631252464129359,36,12.309207287050715,0.7195491922030071,6
slp16,385,0,W,79.9887735054729,0.20126073550623255,39,16.10305958132045,0.7810719130357546,7
slp16,386,0,W,72.44432519452643,0.12450415234287285,37,17.084282460136674,0.9108347819445631,9
slp16,387,0,W,80.6343233436366,0.1755687614582959,41,15.676321289937293,0.4387172396048855,8
slp16,388,0,W,68.54838709677419,0.05608791912061168,35,14.31297709923664,0.7685969901927363,7
slp16,389,0,W,66.94617257235596,0.03900507372049476,34,16.045640934212873,0.9280902733869995,7
slp16,390,1,W HA,95.84013050570962,0.1691508149233278,48,14.792899408284024,0.5021341122316494,7
slp16,391,1,W HA HA,87.8267973856209,0.17797320548689843,44,16.218721037998147,0.3904542618697418,8
slp16,392,0,W,108.63623940967477,0.1981039925979092,54,16.41907740422205,0.3830873508318266,8
slp16,393,0,W,100.8200026885334,0.1804710104144153,51,14.193344898281028,0.565588385862212,7
slp16,394,0,W,80.3350727822027,0.10751438293458264,40,16.522423288749017,0.3814044936220625,8
slp16,395,0,W,72.57089100927296,0.046664947058264385,37,18.01956409816372,0.6055622450690442,8
slp16,396,0,W,69.68165049870201,0.04742110548769126,35,14.095536413469068,1.2075615466256322,7
slp16,397,1,W HA,80.324042290265,0.09405167351650767,40,15.197568389057752,0.374514797215455,7
slp16,398,1,W HA,66.90997566909975,0.02720881399893517,34,14.139827179890023,0.5284867285204258,7
slp16,399,0,W,73.01808066759386,0.035175130361071394,36,15.895443306252208,0.702383244548318,7
slp16,400,1,W HA,66.62180349932707,0.05194049007011389,34,13.899613899613897,0.7607484618599122,7
slp16,401,0,W,92.74193548387098,0.1879656486333675,47,14.099953000156665,1.1362638582457667,7
slp16,402,0,W,74.83818770226537,0.08859035657623991,38,14.499758337361047,0.7916287008440257,7
slp16,403,0,W,73.54944156905475,0.07162212224628456,37,18.256503879507072,0.9776214758279402,9
slp16,404,0,W,115.05853855470328,0.19628926964471252,58,13.681970203709334,2.459473837135812,7
slp16,405,0,W,100.88781275221955,0.2066687242908322,51,16.91729323308271,1.3929626301121252,7
slp16,406,0,W,117.26786449046772,0.18408736400673953,58,14.555031882450791,2.471555075209921,8
slp16,407,0,W,105.36269080102662,0.1809462799093083,53,18.987341772151897,1.3052585950684252,9
slp16,408,0,W,106.92669804976464,0.19332307866560844,54,20.79866888519135,1.1646167438260537,11
slp16,409,0,W,148.9732921755469,0.11044465543341468,75,19.505851755526656,0.9277536618859864,8
slp16,410,0,W,79.57018498367792,0.1223056173559411,40,16.332244517032198,1.1007464628651793,8
slp16,411,0,W,101.32396649554177,0.17577978950948825,51,19.486143187066972,1.4267885029319398,10
slp16,412,0,W,119.91869918699187,0.17003814229829126,60,15.666965085049238,2.3196540206483816,8
slp16,413,0,W,124.41471571906355,0.17572944155295084,63,22.518765638031695,0.9215223046810594,10
slp16,414,0,W,114.70351489133351,0.19968679692640728,58,18.001800180018,1.9259779334146068,9
slp16,415,0,W,88.79321942688014,0.15279076061374136,45,18.805829807240244,1.1164209555539522,9
slp16,416,0,W,127.10154673839948,0.17268669428029562,64,27.568922305764413,0.893350717317802,12
slp16,417,0,W,108.34838171968329,0.16600354669341524,53,19.38610662358643,1.1879861110299228,9
slp16,418,0,W,115.6030286641428,0.17456075112282218,58,23.557966876070818,0.9483966809636198,12
slp16,419,0,W,112.47991430101767,0.1697484333130792,57,17.014036580178647,1.2874609702822062,9
slp16,420,0,W,87.76704313512042,0.08939200923026568,44,18.564356435643564,1.1520432090662032,10
slp16,421,0,W,97.34991887506759,0.14969487484732252,49,28.045448008054077,0.9776201510624223,14
slp16,422,0,W,79.63517560577186,0.03661006928308875,40,21.06741573033708,1.0632194296360256,10
slp16,423,0,W,100.5901287553648,0.18293892314103086,51,23.573785950023574,0.71406677558895,11
slp16,424,0,W,127.94476035743297,0.134066014131564,64,20.463847203274216,1.4339740583427585,11
slp16,425,0,W,96.91748552968099,0.18227861381839494,49,18.441678192715536,1.8316123361672358,9
slp16,426,0,W,78.48135229407029,0.10978087073449634,40,16.990291262135923,1.4460103592933469,8
slp16,427,0,W,91.26554894537588,0.18615005761647588,46,18.65091700341933,1.3090206262698845,9
slp16,428,0,W,92.63071222725402,0.18599574666582508,46,16.632785067455185,1.7428611215151046,7
slp16,429,0,W,83.65070729053319,0.08948825359359411,42,19.04157410345922,1.3569609426951095,9
slp16,430,0,W,80.52610387867402,0.08825865396662244,41,19.008729935229514,1.084465573564654,10
slp16,431,0,W,100.87424344317418,0.1927306929370618,51,13.213918660989574,2.295155961778826,7
slp16,432,0,W,113.26860841423948,0.17401290123412796,57,25.38071065989848,0.6271892856227695,11
slp16,433,0,W,69.21824104234528,0.06931957986203563,35,8.614501076812635,1.4782621553702844,5
slp16,434,0,W,81.02633355840648,0.14893270292316593,41,13.871763255240442,1.0030291897824088,7
slp16,435,0,W,71.80960196963481,0.032605295676046975,36,12.116316639741518,1.098644983604804,6
slp16,436,0,W,72.77515941225396,0.03591445618779861,36,12.926577042399174,0.3727399093201585,6
slp16,437,0,W,73.50939286686632,0.15003686789717738,37,12.906556530717605,0.5798946111148129,6
slp16,438,0,W,97.2710078357201,0.18768228176599114,49,17.759360663016132,0.8730886266582563,9
slp16,439,0,W,97.88947514579283,0.20133885951621502,48,16.10429447852761,0.7082400146612353,8
slp16,440,0,W,72.22147920288886,0.03416065891173574,37,12.761613067891782,0.5776232682293884,6
slp16,441,0,W,123.06657700067252,0.1650706330457192,62,17.35357917570499,0.9082046850793051,9
slp16,442,0,W,93.36941813261163,0.20723138488391996,47,13.744654856444717,0.4901954258819185,7
slp16,443,0,W,88.34406245719765,0.16166242897175961,44,15.898251192368837,0.5114411012032567,7
slp16,444,0,W,79.53772943575798,0.0341185618925348,40,14.945200929923613,0.481462586523836,7
slp16,445,0,W,78.46030042918454,0.04735352515399663,40,15.989036089538601,0.4812527868989012,8
slp16,446,0,W,76.97501688048615,0.050414459518394676,39,15.709156193895872,1.0344785929073996,8
slp16,447,0,W,80.06021623101137,0.19751167377012593,40,17.979452054794518,0.4981415256649828,8
slp16,448,0,W,120.49012933968689,0.17051129154932868,60,15.37147736976943,0.32994881757966976,7
slp16,449,0,W,94.8983712478126,0.15682684150485054,48,15.005001667222407,1.1756273029985123,7
slp16,450,0,W,74.85837604531966,0.18055135102769376,38,14.913007456503728,0.6198125164560292,7
slp16,451,0,W,68.62609177873284,0.06556444197446755,34,17.759360663016132,0.44192731302783267,9
slp16,452,0,W,70.98431584640346,0.04993958799369086,36,18.001800180018,0.49518380425858033,9
slp16,453,0,W,66.56497018444044,0.042480694144517,33,18.918492826738138,0.5193127670296581,9
slp16,454,0,W,65.12890094979647,0.02811472034362069,33,15.321756894790603,0.6893010953132165,7
slp16,455,0,W,67.37443854634544,0.06885958083867662,34,13.824884792626728,0.49082461225981744,6
slp16,456,1,W HA,67.65992345544014,0.05667544900345196,34,15.042979942693409,0.8293568691019149,8
slp16,457,0,W,63.37740220798691,0.07326760211205754,32,16.18372379778052,1.162828922086485,8
slp16,458,1,W HA,67.73399014778325,0.05764754695059876,34,15.723270440251575,0.5522318353735141,8
slp16,459,1,W HA,95.67105441715294,0.23247484226492618,48,14.935988620199147,0.5239398625718764,8
slp16,460,1,W HA,89.24949290060853,0.07124042635405432,45,16.87831538337888,0.4716885863034842,8
slp16,461,1,W HA,69.805639200657,0.06277327798566636,35,14.460154241645244,0.7134205554151694,7
slp16,462,0,W,91.72441907867915,0.2156105130399103,46,13.945704722945331,0.5364332577310994,6
slp16,463,0,W,93.09060819197353,0.22465396601093973,46,18.596001859600186,0.3783381424070271,9
slp16,464,0,W,83.65070729053319,0.18783166106140112,42,18.012608826178322,0.18907934842282487,9
slp16,465,0,W,83.84458077709613,0.2017035832963179,42,16.25638643752903,0.7628359547619337,8
slp16,466,1,W HA,65.14657980456026,0.057166423711825815,33,15.913913307062748,0.8799009220662638,8
slp16,467,0,W,71.56488549618321,0.13416987100580477,36,14.853936293117679,0.9313915515089357,7
slp16,468,1,W HA,67.01868399675061,0.06465914017146762,34,17.151257758902318,0.6547474353379575,8
slp16,469,1,1 HA,80.93889113719142,0.23665736836194218,41,13.931888544891638,1.2969166854076977,7
slp16,470,0,W,84.45482010436693,0.21502921512005235,42,15.851449275362318,0.40497316615563855,8
slp16,471,1,W HA,68.1442731277533,0.0709468948696397,34,16.853932584269664,0.7704128763202237,8
slp16,472,0,W,75.46913244492794,0.11538665586028954,38,17.028867985728187,0.28266024893240754,8
slp16,473,1,W HA,115.93220338983049,0.1960361647780648,58,19.733957023826928,0.5403091936024762,10
slp16,474,0,W,67.88261108063632,0.06025790911284571,34,14.031805425631429,0.7692039174800572,7
slp16,475,0,W,87.50508750508752,0.16017718690892696,44,19.9468085106383,1.2416118556135005,9
slp16,476,0,W,82.48390557939915,0.22415423431523998,42,16.687857596948508,1.066584248516578,8
slp16,477,0,W,74.52665502887068,0.12167710446169654,38,16.398563173512414,0.7721723398626626,8
slp16,478,0,W,80.99352051835854,0.10437700896270213,41,15.673981191222571,0.9184309601551052,8
slp16,479,1,W HA,93.39469409853817,0.217336410460625,47,16.383211109377438,0.6890187047607663,8
slp16,480,0,W,67.91055014405268,0.06254991762323922,34,18.687707641196013,0.893685502723289,10
slp16,481,0,W,67.98516687268231,0.05190030706342919,34,13.171374213376264,0.5702089285711179,7
slp16,482,0,W,65.09357200976405,0.04950694395738844,33,12.935494998275267,0.8505230390765439,6
slp16,483,1,W HA,82.98475239508838,0.2281578922486792,42,15.182186234817813,1.2475457048598604,8
slp16,484,1,W HA,66.53225806451613,0.08576834711238863,34,14.77832512315271,0.6769736577839149,7
slp16,485,1,W HA,67.00054141851652,0.08391486349798905,34,12.406947890818858,1.2406914201363688,6
slp16,486,0,W,80.2359072829516,0.19109819995223284,40,17.230062356416145,0.8394034810993057,8
slp16,487,0,W,87.37864077669903,0.19045742764731377,43,14.997857448935864,0.7845171139247481,8
slp16,488,0,W,86.78686759956943,0.24121387631426783,44,17.915795759928336,0.6096318561230211,9
slp16,489,0,W,77.74140752864157,0.14734120049355132,39,17.634092578986042,0.769934899845435,9
slp16,490,0,W,127.92744009746852,0.16621419457497036,64,20.02967359050445,1.147857435119024,10
slp16,491,0,W,80.85694540428473,0.18368506335125984,40,14.705882352941176,0.7653530775618097,7
slp16,492,0,W,68.41741534208708,0.07050316341429883,34,8.886255924170616,1.1889592087199625,5
slp16,493,0,W,66.48757555406314,0.05071072464600608,34,14.922898358481183,0.6440679743284521,7
slp16,494,0,W,70.48872180451129,0.04349108282986624,36,15.243902439024392,0.45702224599392693,7
slp16,495,0,W,83.68485508232413,0.10245676965929797,42,20.107238605898125,1.3597659929397983,10
slp16,496,0,W,145.4719300641989,0.10483639685308661,72,16.949152542372882,0.6689932735087849,8
slp16,497,0,W,90.44620125954711,0.2318374228145317,46,15.742128935532234,0.722991969357269,8
slp16,498,0,W,99.32432432432434,0.19997630846766534,50,17.738359201773836,1.0710741104144006,9
slp16,499,0,W,74.08423652078473,0.07461597154682464,37,16.263940520446095,0.4757368506016832,8
slp16,500,0,W,111.24595469255665,0.228684476412515,56,18.99335232668566,1.013524050035321,9
slp16,501,0,W,86.3222698072805,0.021338245333189988,44,17.696504940274295,0.414159087791153,9
slp16,502,0,W,76.94384449244059,0.049773781882441755,39,12.2689350564371,1.562280589394876,6
slp16,503,0,W,96.34684865515857,0.15688457806085762,49,22.202486678507995,0.8295544828400363,11
slp16,504,0,W,103.70069133794226,0.19038837257199112,52,18.610421836228287,1.2630249403713292,9
slp16,505,0,W,129.1866028708134,0.17177040580497457,64,19.534429431873676,0.6782372372555197,9
slp16,506,0,W,120.03255120032551,0.1894376564526578,60,15.036086607858861,1.0250794310686366,6
slp16,507,0,W,99.01657011989762,0.24763913501538956,50,13.077593722755013,0.968731128848454,5
slp16,508,0,W,88.94878706199461,0.21949378273918607,45,18.485915492957744,1.1586294507225479,8
slp16,509,0,W,62.34079635339858,0.07740752597805789,32,7.43801652892562,4.502730825719975,4
slp16,510,0,W,66.54120177443205,0.044444370982492085,34,10.270455323519341,0.8246089982531112,5
slp16,511,0,W,84.34864104967198,0.26035128893630166,43,15.886464732048298,1.5678028447480252,6
slp16,512,1,W CAA,110.53493449781661,0.1614978584967608,55,17.277788443079288,1.0135466880656703,7
slp16,513,0,W,66.69361358124495,0.1359192759941608,34,9.930486593843098,1.143232259866734,5
slp16,514,0,W,68.93190363459128,0.12242376237529644,34,17.573221757322177,1.4109755201162586,8
slp16,515,0,W,68.43633347158855,0.19554171417748972,34,16.319552377991915,2.077018113762603,8
slp16,516,0,W,66.80161943319838,0.14387904316946537,34,16.61392405063291,1.729400792772114,8
slp16,517,0,W,66.8918918918919,0.1484302682618064,34,12.073406310367032,1.4626192395835629,6
slp16,518,0,W,61.71992867919353,0.06841039557130352,31,14.962593516209473,1.4950759178048452,7
slp16,519,0,W,61.61007667031764,0.03710501613289263,31,14.374700527072351,1.368202226768153,7
slp16,520,1,W HA,62.382613361953304,0.07516923673900833,32,14.910536779324056,0.4675211225174752,7
slp16,521,1,W HA,67.24629805732917,0.06919057139437877,34,18.527095877721166,1.0138322099834862,9
slp16,522,1,W CAA HA,64.05841024934564,0.1247701236951758,32,14.84938481120068,0.452898871443838,8
slp16,523,1,W HA,63.14502987506789,0.1408979084427373,32,15.062761506276148,0.6212907710743999,7
slp16,524,1,1 X,64.0407657347473,0.04969802672704334,32,13.83551114527287,0.3424804941728637,7
slp16,525,1,1 HA,61.483809263560595,0.02864929706331767,31,15.144958892254433,0.36370699128584827,8
slp16,526,1,1 HA,65.81653640477171,0.043212953787030106,33,14.88341326277493,0.3606617374894222,7
slp16,527,0,1,64.0055058499656,0.050499935607463506,32,14.413837283792441,0.2387262495458392,7
slp16,528,0,2,67.73399014778326,0.11521822629003402,34,13.99471310838128,0.27398702321257645,7
slp16,529,0,2,71.3024582371316,0.14102023591944352,36,17.001295336787567,0.6977112437046121,8
slp16,530,0,2,71.2057507120575,0.046164355893936616,36,13.99471310838128,0.42176402038211946,7
slp16,531,0,2,66.80161943319838,0.05754653165730429,34,15.576323987538942,0.298537386986239,8
slp16,532,1,2 HA,67.0913526701003,0.07046877015086073,34,16.067329762815607,0.24524606552004297,8
slp16,533,0,2,75.61307901907357,0.03580549680103232,38,14.643670680117147,0.21127759517332212,7
slp16,534,0,2,77.73080594572481,0.0580053488793487,39,16.314481044126786,0.5707893567647512,8
slp16,535,0,2,78.71367061356297,0.14706648033592087,40,15.224010439321443,0.5310935964246466,8
slp16,536,0,2,77.6566757493188,0.1698334200966272,39,16.203703703703706,0.2385931555547035,8
slp16,537,0,2,82.9176216799245,0.16703043070909965,42,15.295717199184228,0.15173075568988034,7
slp16,538,0,2,79.24681658087239,0.0512886149645666,40,13.979496738117428,0.30035534510531564,7
slp16,539,0,2,98.23986901350798,0.17909989065695525,49,19.078575466365177,0.9672408001279199,10
slp16,540,0,2,80.85163724565423,0.16273165027123643,41,17.706079087153256,0.9620378832919673,7
slp16,541,0,2,67.24572709442421,0.07395226500926119,33,18.656716417910445,2.1818249242320062,9
slp16,542,0,W,75.17269402681838,0.04411870566913369,38,21.18976612776644,0.8953716932848628,10
slp16,543,1,1 CAA,81.35593220338983,0.19321632953764545,41,11.121408711770158,1.6536804407139851,5
slp16,544,1,1 HA,74.7978436657682,0.22243584116136253,38,21.632535333141043,1.0241549882708183,6
slp16,545,0,W,63.07650569723276,0.07314091996096803,32,11.748120300751879,2.233733233848662,6
slp16,546,0,W,60.190950601909506,0.07623831463451654,30,17.826825127334466,1.4813196543512634,8
slp16,547,1,1 CAA,63.515913126622046,0.06889428478899311,32,16.39702667249672,0.9790163226422733,6
slp16,548,1,1 CAA,61.24172884696607,0.0679466812017026,30,21.81421559716415,0.756584264969871,9
slp16,549,0,W,63.67246337121732,0.07200554956066803,32,10.353753235547886,0.42827444471973813,5
slp16,550,1,W HA,63.19652079369394,0.08044744796110523,32,15.797788309636651,1.0148201811158466,7
slp16,551,1,1 HA,64.07606448945846,0.08266749465307656,32,18.796992481203006,1.150283443330382,9
slp16,552,1,1 HA,62.28234663809269,0.046737115448622364,32,18.3182135380321,1.1003821228675656,8
slp16,553,1,1 HA,64.62905614649253,0.0885175653472236,33,13.47305389221557,1.8443292065740928,7
slp16,554,1,1 HA,64.14677886605048,0.051886693170790824,32,18.69857890800299,0.6234017645146668,6
slp16,555,1,2 HA,59.50752393980849,0.04711753209956341,30,14.220255964607366,2.377137120338011,7
slp16,556,0,W,63.559322033898304,0.06302482869677684,32,14.064697609001403,1.7502849291853406,7
slp16,557,1,2 CAA,63.342868818962,0.06087889070956414,32,8.744656043528954,4.584607677386971,4
slp16,558,1,2 HA,62.08609271523179,0.06402166300037306,31,14.729950900163667,0.7867627060019785,7
slp16,559,1,2 HA,65.35947712418302,0.06423394741100688,33,8.604206500956023,3.4132328110198142,4
slp16,560,1,2 CA,60.402684563758385,0.14720265698085147,31,12.771392081736911,1.8993539252423002,7
slp16,561,1,2 HA,62.45802552048354,0.07216537834325819,32,13.632232656770675,0.16412461390324384,7
slp16,562,1,2 HA,68.67761917586856,0.03394275661527212,35,13.929732239591395,0.2153374612607436,7
slp16,563,1,2 H,67.43869209809264,0.017970489021330194,34,13.809611489596756,0.24507174459737288,6
slp16,564,0,2,69.66261439694031,0.05618222945535709,35,13.835085777531823,0.4958606255794061,6
slp16,565,0,2,69.59606986899564,0.027116052013827715,35,14.282993715482766,0.35475647985625286,6
slp16,566,0,2,69.63407973784817,0.030185585138820994,35,13.196480938416425,0.5503195031575343,7
slp16,567,0,2,71.89811010682006,0.04803889580542086,36,15.567086730911786,1.1448026298120082,8
slp16,568,0,2,72.85483000539665,0.04424957278164416,37,14.13316582914573,0.5453643022991347,7
slp16,569,0,2,72.0955781378742,0.034315415706385376,36,14.612761811982462,0.38411630183231393,7
slp16,570,0,2,73.23026851098454,0.016852299546352693,37,14.962593516209477,0.6654392033336579,7
slp16,571,0,2,71.67235494880545,0.029058702023065403,36,13.3195204972621,0.43527411542102473,7
slp16,572,0,2,72.41379310344827,0.020842656417323857,36,13.71324089593174,0.5149882415054631,7
slp16,573,0,2,73.65980084572364,0.019024026394191963,37,14.29479034307497,0.3950808637341083,7
slp16,574,0,2,72.87617990005553,0.02470369715368984,36,13.784230839919132,0.31148059329595484,6
slp16,575,0,2,73.03218826075195,0.017442675069502558,37,14.218009478672986,0.40913567431843445,6
slp16,576,0,2,74.71980074719801,0.016448573055300418,37,14.315253698107208,0.621771304866633,7
slp16,577,0,2,71.63323782234957,0.022244357229900532,36,15.787099684258008,0.24751499645352343,8
slp16,578,0,2,73.1013943414106,0.034225649179064434,37,14.139827179890023,0.517117222902334,7
slp16,579,0,3,74.39678284182305,0.01904421827792845,38,13.994713108381276,0.323162841648328,7
slp16,580,0,3,74.7072284291291,0.04992652014882399,38,15.080428954423592,0.5272098464769244,7
slp16,581,0,3,75.30529172320216,0.016475051417555658,38,15.000000000000002,0.13631336447074188,7
slp16,582,0,3,74.96960691611508,0.02982294967380262,38,14.615134784020785,0.11667999923818229,7
slp16,583,0,3,75.04056246619795,0.01836056370291166,38,13.850415512465375,0.949950174131956,7
slp16,584,0,3,73.58953393295175,0.02435843454192679,37,15.30612244897959,0.3106947054585901,6
slp16,585,0,3,75.03041773692037,0.04475884575357266,38,14.504431909750204,0.3007317002837506,7
slp16,586,0,3,74.31874483897604,0.014313940369055898,37,15.189873417721516,0.24472842090774843,7
slp16,587,0,3,75.22363784223367,0.02823008875090293,38,15.568240788790865,0.49207452010171515,7
slp16,588,0,3,74.6469401479489,0.02071053411964108,38,15.02755050926699,0.42842606000206024,7
slp16,589,0,3,72.12529193570546,0.028931220337277193,36,16.246325235958533,0.9216127833580542,8
slp16,590,0,3,74.2370085235084,0.03192970674527884,37,14.567821301392035,0.11448823326244299,7
slp16,591,0,3,75.2950752950753,0.012755840553447724,38,15.789473684210526,0.34006385954909785,8
slp16,592,0,3,76.87120701281187,0.04615006234933648,39,14.9402390438247,0.6570317090267916,7
slp16,593,0,3,77.7308059457248,0.017495547514310185,39,14.910536779324056,0.3929783709060843,7
slp16,594,0,3,76.97501688048615,0.04634126093854118,39,15.208574739281575,0.22153453685691568,8
slp16,595,0,3,75.6852584208373,0.01829104847585938,38,14.420765902900175,0.12984948551645842,7
slp16,596,0,3,76.48953301127214,0.050777446080626315,39,14.972550324405253,0.17264092472206274,7
slp16,597,0,3,75.85075850758507,0.03423802729105538,38,15.277171540811873,0.1737575134185217,8
slp16,598,0,3,73.02231237322515,0.02857154761879959,37,15.502731433633546,0.0838735686030115,8
slp16,599,0,3,90.0900900900901,0.208039331945581,45,19.111323459149546,0.9185258570122018,9
slp16,600,0,4,89.66173074310555,0.16153486433799427,45,10.371650821089023,3.0226245218352874,5
slp16,601,0,4,63.0252100840336,0.14137755445340613,32,15.093580197222781,1.5126250559871075,6
slp16,602,0,3,62.09465985925212,0.058630443362547496,31,15.507310589277802,1.8425345454076045,8
slp16,603,0,W,60.190950601909506,0.064398580497055,30,15.159171298635675,1.67731173806978,7
slp16,604,1,W CAA,65.08474576271186,0.1625207198328878,33,8.952551477170994,3.5281456886018754,5
slp16,605,1,1 CAA,60.46761623219564,0.09339198157348536,31,10.764262648008613,2.2282019657113667,5
slp16,606,1,1 CAA,64.42953020134229,0.06000364572257256,33,12.140833670578713,0.24865236777477104,5
slp16,607,1,W CAA,74.56670697299475,0.07365376129043177,38,11.88212927756654,1.0871013936151492,6
slp16,608,0,1,86.91551003907828,0.14292423117589304,44,14.307516215185045,0.5908020311407198,6
slp16,609,1,1 CA,62.30738308991023,0.07298231507876402,32,16.846834199073424,1.8999062476869746,9
slp16,610,0,W,64.19687040256787,0.06252686922435825,33,10.839716722069662,2.438543040423933,6
slp16,611,0,W,61.35805835833106,0.0761383535998047,31,17.057569296375267,1.361568121689106,9
slp16,612,0,1,63.07821698906645,0.062245963724566124,31,14.256296530967843,0.45509510605537784,7
slp16,613,1,W CAA,61.18286879673691,0.07853378607679344,31,15.786704087002281,0.8246386413993033,7
slp16,614,1,1 CAA HA,63.698630136986296,0.02926843007336432,32,14.193792581377744,0.3792995649878866,6
slp16,615,0,1,70.19655034095467,0.048273235919321256,36,13.086721340080267,0.311993846093156,6
slp16,616,1,1 HA,70.3351261894911,0.05924472732879253,35,15.906680805938493,1.257086578826879,7
slp16,617,0,2,66.417600664176,0.16658664224660993,33,15.806111696522654,2.185104901045126,8
slp16,618,0,2,60.54897739504844,0.06545784054556712,31,13.617793917385384,0.48991291743193155,7
slp16,619,1,1 HA,64.81231433972455,0.03488463128657088,33,13.51554287430545,0.5899216520484356,7
slp16,620,1,1 HA CA,69.35944512443902,0.03028195072633842,35,13.822336896424623,0.570021192588486,6
slp16,621,0,2,67.68767947490771,0.053628932887089024,34,12.683916793505835,0.5226798637789675,6
slp16,622,0,2,67.6137139735009,0.015195572309541655,34,15.31058617672791,0.7097740945583478,8
slp16,623,0,2,72.69454444752147,0.01893007541194805,36,14.660368138133249,0.6144761092905799,7
slp16,624,0,2,77.81569965870307,0.036745889400198704,39,14.705882352941176,0.5674846756898878,8
slp16,625,0,R,81.59934720522236,0.025890345691010022,41,15.767344078486337,0.1694173020155326,7
slp16,626,0,R,83.25436577771762,0.028144608307800707,42,16.360661697873116,0.5591823395717078,7
slp16,627,0,R,81.48852369957898,0.009225508116087706,41,16.31955237799192,0.3457657576794924,8
slp16,628,0,R,78.88349514563106,0.047961852033601635,40,15.96027664479518,0.5321875191655245,7
slp16,629,0,R,79.18245804006496,0.04544295829838341,40,14.674710582096857,0.3939165168182495,7
slp16,630,0,R,78.67494824016562,0.014747740331160794,39,16.564126833885474,0.3738654128677532,8
slp16,631,0,R,80.8298531591001,0.014391316826475622,41,15.67398119122257,0.21619039228024367,8
slp16,632,0,R,78.88349514563107,0.042943382753201566,40,18.835347669125724,0.5906570493949936,9
slp16,633,0,R,80.03830893419072,0.0328067278743226,40,16.56412683388547,0.28992103076809145,8
slp16,634,0,R,77.95404814004375,0.07478041724491848,39,15.45064377682403,0.25084833842162263,7
slp16,635,0,R,81.62154808869542,0.014013921649559781,41,15.75078753937697,0.4386686930044385,7
slp16,636,0,R,81.41112618724559,0.009241212041718346,41,15.599465161194475,0.3080545936243464,8
slp16,637,0,R,80.00547045951859,0.019925436285734323,40,17.738359201773836,0.3092567703381771,9
slp16,638,0,R,79.90711651413741,0.012840599648869131,40,17.76950414621763,0.3575371537708083,8
slp16,639,0,R,83.32204308359302,0.038957015009384435,42,16.824226886716872,0.43368379339452057,8
slp16,640,0,R,82.06811653672548,0.011982904489313108,41,18.475750577367204,0.394808497882201,9
slp16,641,0,R,84.03935501503143,0.008570941319257529,42,17.408965617292907,0.35695903126269257,9
slp16,642,0,R,84.33900164563904,0.008499571322780302,42,14.14871875491275,0.19706400539475055,7
slp16,643,0,R,78.94736842105263,0.02800732504917699,40,16.365336658354114,0.4703742322527319,8
slp16,644,0,R,79.07542579075427,0.039088631397587836,40,16.138948662772822,0.26298382040710866,8
slp16,645,0,R,81.66598611678236,0.008069076774947682,41,15.977276761938576,0.5457932046317746,7
slp16,646,0,R,83.11934045141237,0.03789688253837385,42,16.780869808418405,0.4110982242724967,9
slp16,647,0,R,80.03830893419071,0.013966052577198988,40,16.509433962264154,0.28725981981758714,8
slp16,648,0,R,79.6135002721829,0.03363414563794084,40,17.378711078928312,0.25205902086614557,9
slp16,649,0,R,84.8370589819553,0.018685122072067725,43,17.514595496246876,0.2623398636914196,8
slp16,650,0,R,87.44577006507592,0.008812204526727433,44,18.20940819423369,0.37493332740635354,9
slp16,651,0,R,83.605220228385,0.039587882942981406,42,18.97833306974537,0.40488486017632214,9
slp16,652,0,R,85.33116619260463,0.02982534191603111,43,17.623733294169483,0.3583598052237444,9
slp16,653,0,R,83.37852494577005,0.01151219512195123,42,16.40625,0.27712577266929,8
slp16,654,0,R,80.91706001348616,0.03301741964478751,41,17.632241813602015,0.6789057221675456,8
slp16,655,0,R,77.3405698778833,0.019138220088191195,39,14.746845813534327,0.2469808809514526,7
slp16,656,0,R,77.33007733007733,0.014725183358136778,39,16.101824873485658,0.21391434486442343,8
slp16,657,0,R,81.68822328114365,0.037166517189534995,41,15.126050420168067,0.2974618556311979,7
slp16,658,0,R,77.0478507704785,0.026279554000187173,39,15.090543259557347,0.28365236940076255,7
slp16,659,0,R,76.51006711409394,0.055773582642462766,39,13.42882721575649,0.5283130385166229,7
slp16,660,0,R,72.4929520741039,0.023895606290697022,37,16.7490827883235,0.22333428774290934,8
slp16,661,0,R,76.65411511565358,0.04012722150631882,39,16.10923596195152,0.2588010030577035,8
slp16,662,0,R,78.4708249496982,0.039799893946911524,40,16.365336658354114,0.5245378140490415,8
slp16,663,0,R L,81.47745790331342,0.03969685126052191,41,19.46787800129786,0.9204281612380186,9
slp16,664,0,R,85.33116619260463,0.028825064678877927,43,21.25984251968504,0.6436510058128944,10
slp16,665,0,R,86.20689655172414,0.060348196012016485,43,15.2527600232423,1.148570007106441,8
slp16,666,0,R L,76.9438444924406,0.03456736968719796,39,16.943682426980793,0.34431689248275293,8
slp16,667,0,R LLLL LLL,80.4234259004674,0.01379325126312237,40,18.228771077016557,0.6896591549453976,9
slp16,668,0,R,79.83078602620088,0.02835373438861993,40,16.401124648547327,0.41522376558935553,8
slp16,669,0,R,69.88215949575228,0.07113786021317581,35,19.826699955940665,0.38244179739544915,10
slp16,670,0,R,83.87888707037644,0.08938992113873782,42,17.691659646166805,0.6677807290127624,8
slp16,671,0,R,71.01312051941024,0.2507097777372499,36,9.504197687311896,7.3245867460219225,5
slp16,672,0,W,77.06192724243265,0.1976143472550813,38,10.656436487638533,3.2284025523469033,6
slp16,673,0,W,91.48877183254781,0.1806794339465332,45,18.135106543750947,1.2647852584529913,9
slp16,674,0,W,66.48757555406313,0.08874035339909221,34,16.533480297602647,0.8142843483697816,5
slp16,675,1,W CAA,67.07317073170732,0.06604915107801707,34,18.764073054791094,0.24783994835377127,6
slp16,676,0,W,70.33512618949112,0.06539875029228301,35,13.659128851115497,0.73894850219003,7
slp16,677,0,W,101.18726389638424,0.1819002979656713,51,5.176876617773943,0.4939999999999998,3
slp16,678,1,1 CAA,71.24440222553942,0.14459667763705178,36,12.651110486364917,3.183172142515841,7
slp16,679,0,W,98.14612868047983,0.270144817130039,49,11.1540749553837,3.8023558171218013,6
slp16,680,0,W,77.17303005686433,0.11858968110832394,39,13.266509433962266,1.9254072007990646,7
slp16,681,0,W,67.80821917808218,0.07674440902037186,34,12.520868113522537,1.870787641609811,6
slp16,682,1,W CAA HA,91.5395284327323,0.21296622166495777,45,11.137924633376649,0.8851231552727563,5
slp16,683,0,W,58.26859045504994,0.029363311830116416,29,13.683634373289545,2.054211517833546,6
slp16,684,0,W,63.36013080801199,0.07638927634205234,32,12.701100762066048,1.6059867994476167,6
slp16,685,0,W,62.18046151720326,0.05624407129249764,31,15.12350865400773,1.4438364019360213,7
slp16,686,0,W,64.59426725878079,0.03994664410185165,33,13.181019332161686,0.5404768265152541,6
slp16,687,1,W CAA,83.82172550088592,0.16191283706202217,42,15.432098765432102,0.45892047241324935,7
slp16,688,0,1,84.396871140387,0.16283350620681541,42,15.377855887521969,1.4811823186983057,8
slp16,689,1,W CAA,68.83520043190714,0.06498048682350778,35,10.4675505931612,0.844222719428943,5
slp16,690,0,W,63.856083493545725,0.1339170849442235,32,11.276499774470004,0.7895371808851056,6
slp16,691,0,W,83.41245083412451,0.2640264619982931,42,13.650841801911119,0.47147664016600255,7
slp16,692,0,W,76.38702760653979,0.18098774847196955,39,10.053619302949063,1.3677134202748762,5
slp16,693,0,W,59.93386607880959,0.06043425885440981,30,13.513513513513516,0.32469554970772235,6
slp48,0,0,W,60.31363088057901,0.018188641144040067,31,10.645848119233497,0.6395998749218139,6
slp48,1,0,W,61.6860863605209,0.048244746403681676,31,11.583011583011583,1.171470870316458,5
slp48,2,0,W,65.18196632265074,0.12050207467093667,33,11.852085967130215,0.5977376012934102,6
slp48,3,0,W,79.98877350547292,0.23099553304791123,39,11.4085792515972,2.0164847036365043,6
slp48,4,0,W,61.923764964909864,0.02259636155569202,31,10.919017288444042,0.6272694795699851,5
slp48,5,0,W,85.46414674819344,0.23926737276370236,42,18.593120545398204,0.8081874782499416,9
slp48,6,0,W,61.762283832006595,0.0203367210292668,31,13.194933145672064,0.5411359903018833,6
slp48,7,0,W,64.0495867768595,0.02723222673114947,32,13.835511145272866,0.21064240366607623,7
slp48,8,0,W,68.75168509032083,0.040855217401542944,35,13.288055514543037,0.7318812897063445,7
slp48,9,0,1,66.97334596130429,0.09806607468738293,34,12.825994014536127,0.45947651372694404,7
slp48,10,0,1,65.43075245365321,0.07971198153351854,33,13.658714259697689,0.8119996059112345,6
slp48,11,0,W,63.90874106652007,0.06523164518712478,32,14.460154241645245,0.36311736700717323,7
slp48,12,1,1 HA,69.11505624068302,0.07421105225515003,35,13.200352009386918,2.0529519126261957,7
slp48,13,0,1,72.18479307025987,0.035025541700715646,36,10.877447425670775,2.8521136022255495,5
slp48,14,1,1 HA HA,71.63323782234956,0.08058188382012424,36,11.252813203300825,2.816846463689493,6
slp48,15,1,1 HA,70.57400188197337,0.11861811129220787,36,15.877816422198702,0.5675842111393636,8
slp48,16,1,2 HA,102.97954139777563,0.19482851536671936,51,11.730205278592376,1.6845423710907361,5
slp48,17,0,2,62.78692951660816,0.05930657224057144,32,13.858946720049277,0.5011169745899875,7
slp48,18,0,1,68.35128417564209,0.03991616559092439,34,15.796599969911238,0.6698054545454041,8
slp48,19,1,1 HA,68.98417421885567,0.05279207762730704,35,17.775144423048438,0.5121657446569421,9
slp48,20,1,1 X,70.64997981429147,0.08404500252233676,36,13.807916538815586,3.160252873145158,7
slp48,21,1,1 HA HA,74.57672668637464,0.06979916927972887,38,15.587114651887772,0.9152097513078021,7
slp48,22,1,1 HA,71.40914036996736,0.0777803080897126,36,16.307302047472366,0.32936639510159826,7
slp48,23,1,1 HA,67.66917293233082,0.08853099668329378,34,11.927480916030534,1.5469559269740039,6
slp48,24,1,1 HA,69.93006993006993,0.05108009857653209,35,17.56029033013346,0.25735143286952966,6
slp48,25,1,1 HA,71.89811010682006,0.05588629856545286,36,16.773162939297126,0.8491870782563468,8
slp48,26,1,1 HA,71.5187210769878,0.0815399365076693,35,16.25638643752903,0.2937654207849855,8
slp48,27,1,1 HA,69.30289441500204,0.07239883766678669,35,14.622733476311174,0.32236525867407,6
slp48,28,1,2 HA,72.50379781798094,0.11240242571280411,36,16.129032258064516,1.0892610339124411,6
slp48,29,1,1 X,104.95156081808398,0.2151419512126764,53,17.466231951560314,1.276493697595096,6
slp48,30,0,1,77.60381211708646,0.20888860369455917,39,12.69035532994924,0.42848197161607626,6
slp48,31,1,1 HA,69.79608594498426,0.059664691673769255,35,14.338059582603154,1.407676888430801,7
slp48,32,1,1 HA HA,73.99577167019028,0.181015728260146,36,11.450381679389313,3.08923187863909,6
slp48,33,0,1,64.68130979652338,0.08640231116700528,33,13.743815283122595,0.4439430594119026,6
slp48,34,1,1 HA,67.78036423387648,0.062408117952791616,34,11.459129106187929,1.9171295209244474,6
slp48,35,1,1 HA,68.67761917586857,0.1668225338060393,35,16.910935738444195,1.4133817601766339,7
slp48,36,1,1 X,68.65464632454923,0.07430728150377441,34,11.261261261261259,2.1223368252942323,6
slp48,37,1,1 LA X,69.72928630024612,0.10417525823853639,35,15.523358959195741,2.0025409165480195,8
slp48,38,1,2 HA,68.67761917586857,0.15835364041450375,35,11.777638190954773,1.8736037574684785,6
slp48,39,0,1 LA LA,68.11614146140086,0.051487051159473635,34,15.587885985748217,0.5930404535879799,8
slp48,40,1,2 HA,69.9876492383697,0.042340030711987456,35,15.105740181268882,0.2981900959678798,7
slp48,41,1,2 X,70.37394784048571,0.09411448524100813,35,17.8699070764832,0.616200486854725,6
slp48,42,1,1 HA,70.45171985080812,0.06618596010392909,35,11.68588345278903,2.225157396680064,6
slp48,43,1,2 X,67.1915297950319,0.10878516076624825,34,8.936550491510276,5.168093265412303,5
slp48,44,0,2,70.62733693394267,0.03616972677458453,35,16.274023558586485,0.22303582580347212,8
slp48,45,1,2 HA,72.56392536281963,0.059725631184677844,36,16.949152542372882,0.46483545475791754,9
slp48,46,0,2,72.70768816480408,0.03762764284635485,37,16.816143497757846,0.3942616969910794,8
slp48,47,1,2 HA,72.60992335619201,0.03678616889840829,37,16.037879945012982,0.6967539899053177,8
slp48,48,1,2 X,69.63407973784817,0.11837773100221105,35,18.066847335140018,0.5327541646951246,5
slp48,49,1,2 X,69.56758968762787,0.10465411807026871,35,17.97483523067705,0.44580713318653836,9
slp48,50,0,2,71.13821138211382,0.07601589522284541,36,18.260869565217394,0.5073938212039227,8
slp48,51,1,2 X,69.76744186046511,0.08543866048740671,35,17.491254372813593,0.4673663947469646,8
slp48,52,1,2 X,70.52659860290167,0.11220296478312172,36,16.010978956999086,0.7965078884270578,8
slp48,53,1,2 HA,67.53069577080491,0.08930578087506047,34,15.224010439321443,0.3582861699700906,8
slp48,54,1,2 HA,69.416088199265,0.08188007096211657,35,17.170891251022077,0.7102510047834626,8
slp48,55,1,2 HA,68.75954993749133,0.06355238325833665,34,18.51566116340071,1.0725585065626957,9
slp48,56,1,1 HA,69.35001359804188,0.06508296541755955,35,11.925584353633328,2.754778132627018,6
slp48,57,1,2 X,79.06783187682065,0.16141977416136075,39,13.793103448275863,2.5850655697680085,7
slp48,58,0,1,64.68130979652338,0.10185459918432746,33,15.763398889055699,0.9490804142184484,8
slp48,59,0,2,67.17044500419816,0.06763458804487538,33,16.274023558586485,0.47764524449829565,8
slp48,60,0,1,71.22507122507122,0.05300738493024209,36,17.799627055433124,0.44631680886736824,8
slp48,61,1,2 HA,70.76425394257987,0.08964940328972681,36,11.957908163265307,3.741056620795788,6
slp48,62,1,1 X,64.18219461697721,0.13063099883411894,32,8.644287566633048,5.667754670061152,5
slp48,63,1,1 X,67.17329352693717,0.08863399634238361,34,16.73573477845075,0.5274486917691422,8
slp48,64,1,1 X,64.3064583045222,0.1298533872689647,32,17.81208252931572,0.7934568356249759,9
slp48,65,1,2 X,72.50379781798094,0.14015427068711367,36,15.595217466643561,1.093089606980548,7
slp48,66,0,2,65.4485955822198,0.05283405625162619,33,19.540791402051784,1.015552928212016,9
slp48,67,0,2,72.52382925818483,0.03598711787655721,36,18.46153846153846,0.2597922246719482,9
slp48,68,1,2 HA,70.11273027220237,0.08238755575061414,35,17.414018284719198,0.3568861863395668,9
slp48,69,1,2 HA,67.08226046889823,0.10989334507190483,34,11.483693155718878,3.202362527884687,6
slp48,70,1,2 X,70.93635995135791,0.12816897010571313,36,18.00288046087374,0.6878809199272793,6
slp48,71,1,1 HA,65.70841889117044,0.10845844538347395,33,16.642891107941036,0.8720778845577348,8
slp48,72,0,2,75.84039355015031,0.10694837404780039,38,19.059720457433293,0.5131978176103247,9
slp48,73,1,1 HA,63.316993464052274,0.10819506798709715,32,14.650822073905257,0.5070879827231387,7
slp48,74,1,2 HA,68.00384668223658,0.07359861858407352,34,17.41004808489471,0.5887472691561086,8
slp48,75,1,2 HA,67.62295081967213,0.070313269891714,34,16.87831538337888,0.4943137894586591,8
slp48,76,1,2 HA,69.83431466520608,0.08985101085824876,35,16.824226886716872,0.25367567273740604,8
slp48,77,1,2 HA,68.75954993749131,0.10837922740528293,34,13.557483731019522,1.4747487379211415,6
slp48,78,1,2 HA,69.83431466520608,0.04868897120452451,35,17.398508699254347,0.46871217398400944,8
slp48,79,1,2 HA,72.92679538824837,0.08083434307525586,36,17.878426698450536,0.5601142740548575,9
slp48,80,0,2,73.05194805194805,0.0823542483556387,37,17.582049564634964,0.5152416512508217,8
slp48,81,1,1 HA,66.72058228871815,0.11503445405544686,34,15.704457074483999,0.4889285244704142,8
slp48,82,1,2 HA,72.09557813787421,0.051721830546704754,36,16.29169899146626,0.2566306008762837,8
slp48,83,1,2 HA,71.72131147540983,0.07500487059014832,36,17.006802721088434,0.6467077061106178,8
slp48,84,1,2 HA,71.78996307944756,0.10612313217990445,36,18.077734257306417,0.7719164462556811,9
slp48,85,1,2 HA,74.8280976135904,0.10519724421257266,38,18.010291595197256,0.8012687897761823,8
slp48,86,0,2,71.24440222553942,0.060280053898111134,36,16.193707587908698,0.6197057893114463,8
slp48,87,1,2 HA,70.90761750405187,0.12996119986129614,36,14.033993450803056,2.4433718960121937,7
slp48,88,1,2 HA,70.68607068607068,0.13665854197021718,35,18.175523628180713,0.7271571707824989,8
slp48,89,1,2 X,67.37443854634544,0.1444968471731311,34,11.033468186833394,4.123719195095612,5
slp48,90,1,2 X,70.66899986539238,0.14540691390798755,36,17.22158438576349,0.634874475782418,6
slp48,91,0,2,73.28308207705192,0.07681530459750949,36,18.9086980010805,0.6652817724353297,8
slp48,92,1,1 X,70.70707070707071,0.12678762574011837,36,17.8359096313912,0.6602746903120448,7
slp48,93,1,1 X,70.92677654687922,0.12998592074465884,36,16.296756169486265,0.710974726150297,8
slp48,94,1,2 HA,71.06033161488087,0.17847027802524515,35,13.36104513064133,3.483812981330784,7
slp48,95,0,2,78.35051546391752,0.07146407190614879,39,19.782393669634025,0.6456988462123809,9
slp48,96,1,2 X,72.50268528464018,0.17569361659884017,37,19.98223801065719,0.6201103844388424,7
slp48,97,1,2 X,68.4931506849315,0.1288537702888319,35,9.062075215224286,6.118241168832756,5
slp48,98,1,2 X,71.68962608940117,0.09707272627700951,35,15.775240384615383,1.6729135283897336,8
slp48,99,0,2,77.55102040816327,0.048381219313608344,39,19.11436763300414,0.9604431268950807,9
slp48,100,1,1 X,74.05375754251233,0.03744559839962732,37,17.459261722647156,0.6773137819236175,8
slp48,101,1,1 HA,71.38971988033722,0.1561472460499371,36,13.458950201884255,2.1567144765437387,7
slp48,102,1,1 HA,72.25046829007225,0.10471666651929665,37,17.034393251135626,0.4324751732876744,8
slp48,103,1,2 HA,71.23473541383989,0.05667580558558924,36,15.116613878491219,1.4890038308087947,8
slp48,104,1,2 HA,71.44801306477954,0.12074414170096222,36,17.514595496246873,0.7575505102039098,8
slp48,105,1,1 HA,68.22880771881461,0.0787977616179313,34,17.21029339452549,0.8310320114662446,8
slp48,106,0,1,75.54103715802368,0.056142987648406424,38,16.31955237799192,1.5386516227939744,8
slp48,107,1,1 HA,71.3024582371316,0.047290815434815614,36,18.706157443491815,0.9524524922535506,9
slp48,108,0,2,73.38950801848328,0.03279942787817802,37,18.28710758914965,0.5029264359724989,9
slp48,109,1,2 X,89.62520369364476,0.18053272865522882,45,19.66568338249754,0.9083606112112083,9
slp48,110,0,W,63.81226842321942,0.09228251424275125,32,13.028372900984365,1.8106627393182737,7
slp48,111,0,1,91.27789046653145,0.24914431337858967,46,12.864493996569468,1.204949791485106,6
slp48,112,0,W,66.36250518457072,0.11331586109190542,33,8.684324793747285,4.288505916983209,5
slp48,113,0,W,60.64408197406942,0.06494369645985057,30,12.002400480096018,1.5552630002671577,5
slp48,114,1,1 X,70.21891780256092,0.08557082903657602,35,15.806111696522658,0.8877116649002648,6
slp48,115,0,W,77.2462393278222,0.2069423622031947,39,10.391409767925182,4.798200079196365,5
slp48,116,0,W,74.6469401479489,0.09515822815544107,38,7.39888194672805,2.759741694837077,4
slp48,117,0,W,64.65517241379311,0.12275178206445722,33,14.108794481893712,0.8921566877827883,7
slp48,118,0,W,70.62146892655367,0.031265864544488216,36,17.767249037607346,0.32755304913860894,9
slp48,119,0,W,72.16494845360825,0.04867283531867834,36,14.077897700610043,1.9294278944806411,7
slp48,120,1,1 HA,68.38905775075987,0.0796213260097793,34,7.251047373509507,4.528811862827698,4
slp48,121,1,2 X,66.82867557715674,0.12823497715674606,34,14.541929229277752,0.44169220051977365,5
slp48,122,0,1,69.77698727596115,0.055768304674145994,35,16.480929210485005,0.39075270116710364,8
slp48,123,1,1 HA,65.26172671651938,0.15025015598993566,33,14.05283867341203,1.7055065640448293,6
slp48,124,0,1,71.45773785218458,0.08457961350353975,36,19.68503937007874,0.607051892345292,7
slp48,125,1,1 X,64.62905614649253,0.11224241344073108,33,15.155889145496534,0.8114317907380807,8
slp48,126,1,2 X,68.4931506849315,0.12096981842466728,34,15.384615384615387,1.6304053834202445,8
slp48,127,0,2,71.95723684210527,0.03145744128572598,36,17.89709172259508,0.28268312648617705,9
slp48,128,1,2 HA,70.02608815048744,0.07491974945320817,35,17.848036715961246,0.4319622054517912,8
slp48,129,1,2 HA,73.58953393295175,0.028213471959331746,37,18.270401948842874,0.18268004817165995,9
slp48,130,0,2,75.31380753138076,0.026774780837364256,37,16.9436824269808,0.335126171792667,8
slp48,131,1,2 HA,70.79288025889967,0.1467881550023012,36,7.692307692307692,4.917968144128902,4
slp48,132,0,2,74.82333379520576,0.1577888493767995,37,16.170763260025872,0.6388219157167355,6
slp48,133,1,1 HA,69.5581014729951,0.0969651597973874,35,16.545855657106838,0.3815688345635741,8
slp48,134,1,1 HA,72.54387177007045,0.05273836848257708,36,17.869298842750172,0.20960760229241573,8
slp48,135,1,1 HA,70.69754915162942,0.0893429256704018,36,9.935419771485344,1.923878114642401,5
slp48,136,1,2 X,70.65948855989232,0.12333859154078787,36,18.163471241170534,0.5367676923544816,7
slp48,137,0,2,73.75034143676592,0.033082761913154526,37,17.33603004911875,0.2868849943792808,9
slp48,138,1,1 HA,70.15130674002751,0.073580499899076,35,15.699760765550241,0.45922596812018196,8
slp48,139,0,2,69.14316702819956,0.14060689022183326,35,16.70843776106934,0.46231050171935295,5
slp48,140,1,1 X,72.17486939785537,0.07143579392056357,36,18.722696068233827,0.5100714546893297,7
slp48,141,1,1 X,66.5859564164649,0.12369374782376313,34,17.418231081865688,0.23571074552416055,7
slp48,142,1,2 X,70.11273027220236,0.09763770330802767,35,15.310586176727908,1.1209724641159222,8
slp48,143,0,2,77.43513109631843,0.11581803475502092,39,12.485433660729148,3.6755996299923637,6
slp48,144,1,1 HA CAA,67.74325988777885,0.12064083555305176,34,7.4098468631648275,6.821365910790074,4
slp48,145,1,2 X,65.63653767263776,0.09988986122224817,33,16.32716529311149,0.6051010372707376,8
slp48,146,1,2 X,68.47475832438238,0.12522710165782558,35,19.379844961240313,0.3912237211622015,5
slp48,147,0,1,70.77379347533028,0.09654106031389241,36,18.910741301059005,0.3187415253775386,6
slp48,148,1,1 X,68.88168557536467,0.09866906696166992,35,18.076644974692698,0.6970309605749232,6
slp48,149,1,2 X,63.360130808011995,0.12175053391178364,32,17.28110599078341,1.126486573377597,9
slp48,150,1,2 X,64.13793103448276,0.11276120099365623,32,14.560750687591005,1.0981764683126094,7
slp48,151,0,2,69.88215949575226,0.11206251344858915,35,18.714909544603866,0.5467369873470547,7
slp48,152,1,1 X,71.75071750717507,0.07585214403760807,36,18.939393939393938,0.7673226179385044,9
slp48,153,1,2 X,65.61859193438141,0.10880652266753128,33,16.163793103448274,0.6565990296324583,8
slp48,154,0,2,75.53075666848123,0.12475085470136747,38,19.154030327214684,0.49413535595016883,9
slp48,155,1,1 X,65.03183850426772,0.12107274414582334,33,14.247269273389268,2.1668759898885663,7
slp48,156,1,2 X,68.48367459878251,0.14408241698201502,34,12.628388617612393,3.690866911716,6
slp48,157,0,1,72.70461154964684,0.097238541111799,36,19.425857975393917,0.5355491470340409,7
slp48,158,1,1 X,73.70001364815067,0.05524479753172227,37,19.376715646697885,0.38721279679266785,9
slp48,159,1,2 X,69.35944512443902,0.0537384412613927,35,12.453300124533,2.010200984976378,5
slp48,160,0,1,69.71022416621105,0.13370897488724506,35,19.804594665962505,0.4532732509204576,6
slp48,161,1,1 X,74.7172859450727,0.04618557542835119,38,20.473157415832574,0.4583661806411502,7
slp48,162,1,2 X,65.55585905490304,0.13430725036274102,33,16.276546271895832,0.3678624410159375,8
slp48,163,0,2,73.1401504597381,0.10401481841054952,36,18.115942028985508,0.7320889875652313,8
slp48,164,1,1 X,69.14316702819956,0.12336818610387591,35,19.32574618853339,0.35203345800584857,7
slp48,165,1,2 X,63.61149110807114,0.13234332421040101,32,15.627325494865307,0.8445466843465884,8
slp48,166,0,2,72.42378259070217,0.11415787135295023,36,20.29312288613303,0.31107055291185787,7
slp48,167,1,1 X,73.7100737100737,0.09241212041718337,37,16.651248843663275,2.086505744593631,7
slp48,168,1,2 X,64.44683136412459,0.13934848402476432,33,12.415163052474757,1.216101048433065,6
slp48,169,0,1,70.05494505494505,0.1199402388677544,35,20.197486535008977,0.6747905024688938,7
slp48,170,1,1 X,73.22175732217575,0.043662527715772614,36,20.102747375474653,0.622238610895281,7
slp48,171,1,2 X,82.95313148071341,0.173156316662142,41,13.127187864644107,1.6165703064066084,7
slp48,172,0,1,69.46336148188504,0.07099919586269121,35,19.161166702150307,0.33590805620321496,7
slp48,173,1,1 X,64.75984889368591,0.099818585443794,33,19.302259079210753,0.8225455220244463,10
slp48,174,0,2,71.91780821917808,0.1253923149681081,36,20.766035994462392,0.4996727818171497,7
slp48,175,1,1 X,66.07929515418503,0.09671090941563938,33,18.757815756565236,0.6916338144808518,10
slp48,176,0,2,73.22033898305087,0.13249789190030417,37,20.857473928157592,0.5677812567842967,7
slp48,177,1,1 X,74.56503728251863,0.10768472500777443,37,20.161290322580648,0.513503002263213,7
slp48,178,1,2 X,67.52148410858001,0.11979830003193613,34,20.197486535008977,0.5905146531251833,7
slp48,179,1,1 X,67.00054141851652,0.11747962330397435,34,14.83679525222552,0.7435321109407449,5
slp48,180,0,1,73.72013651877133,0.09997104519081118,37,17.853600476096013,0.5879429299590979,7
slp48,181,1,1 X,68.4742011343201,0.12625684027146872,34,18.999366687777073,0.7100150233152349,7
slp48,182,1,2 X,68.1442731277533,0.14866111986094543,34,16.304347826086957,0.17599999999999993,3
slp48,183,0,1,70.73565076798707,0.04227737369481,36,18.24817518248175,0.3863728768948462,9
slp48,184,1,2 OA,78.039430449069,0.052621051578736804,39,20.408163265306126,0.5755492063141855,10
slp48,185,1,2 X,70.3351261894911,0.11952182699418415,35,20.711080428028993,0.7643369675738575,5
slp48,186,1,2 X,67.35610287113894,0.12887761579528162,34,6.734510625561208,7.7474519395447405,4
slp48,187,0,1,72.30409034568241,0.037344332684805984,36,17.414018284719198,0.31229433232128956,9
slp48,188,0,2,67.74325988777883,0.157199831299255,34,16.599040944300995,0.5113885237490398,4
slp48,189,1,1 X,68.0973999174577,0.06761941788370505,34,26.182164392256425,0.712984925599575,12
slp48,190,0,2,75.41785568691398,0.04412055998060531,38,16.488693467336685,0.1738270310817448,8
slp48,191,0,2,83.310755892712,0.0985631454182608,42,15.123145614287772,2.1575472090278054,8
slp48,192,1,1 X,74.56670697299475,0.09029208346256991,38,19.011406844106464,0.5124560468957314,6
slp48,193,1,1 HA,72.25046829007226,0.04445499874682539,37,18.555744549250036,0.7101519203663396,9
slp48,194,0,2,73.03218826075195,0.04939885538734926,37,16.61655325209685,0.3994093598486319,8
slp48,195,0,2,79.37584803256445,0.0839755137912374,40,12.262916939175934,3.4412661855776285,6
slp48,196,1,1 X,76.33062852427452,0.1507906990367678,38,19.22583952832607,0.5042754802684739,6
slp48,197,1,1 HA,73.35959788072272,0.07962962101636474,37,15.945330296127564,0.28638207673936406,8
slp48,198,0,2,77.21202003338898,0.09536115657129506,38,20.1450443190975,0.7499870932222765,6
slp48,199,1,1 X,80.89524066334097,0.09720447520562005,41,19.117412776804205,0.6329768953129332,9
slp48,200,1,2 X,75.83003142505805,0.07327895808204073,38,15.947752126366952,0.7796815676536003,8
slp48,201,0,1,75.47939616483069,0.12427223350552968,38,19.118021921998473,0.5681216771079942,6
slp48,202,1,1 X,71.59416337106232,0.12245254307739976,36,15.737410071942447,0.5927502141092238,8
slp48,203,1,1 HA,73.04855989981913,0.02926830144350291,36,17.60305119554056,0.1915874473967436,9
slp48,204,0,2,72.97297297297297,0.09341160738934817,37,17.26973684210526,0.33111315039929623,8
slp48,205,0,2,83.4956860562204,0.06690022421487091,41,18.856065367693272,0.3496340944473236,5
slp48,206,1,2 X,81.61044613710554,0.09342462202224852,41,17.78568252556692,0.5172888458105394,9
slp48,207,1,2 X,73.96247089439804,0.10459581229961974,37,13.795217657878602,1.8743570156782356,7
slp48,208,0,1,71.545380212592,0.04300636877372978,36,19.21981776765376,0.7195754578264693,10
slp48,209,0,2,71.5551315251465,0.09615266772276305,36,17.18459114993556,0.5235931149279943,9
slp48,210,0,2,85.381091211995,0.03247740256813762,42,17.716535433070867,0.6740946191415235,7
slp48,211,1,2 X,83.31075589271201,0.050131154576086405,42,15.690376569037655,1.34196274165865,8
slp48,212,1,1 X,76.11080636313768,0.07233183817471149,38,14.634146341463413,0.8777395209665942,7
slp48,213,0,1,78.95802402483466,0.056054824295137265,40,18.091361374943464,0.4865981401526315,9
slp48,214,1,2 X,76.06907894736841,0.09875259980304191,38,8.747630849978131,4.531122046469285,5
slp48,215,0,1,77.89013391637062,0.04609036048502863,39,19.539730785931397,0.7516121931480948,7
slp48,216,1,1 X,76.93345930624915,0.14194287017441842,39,17.482517482517483,0.6345265951873096,8
slp48,217,1,2 HA,71.18927973199331,0.07504370122419074,35,15.226218097447795,0.5114525134060715,8
slp48,218,0,1,94.91114701130857,0.17874638150170968,48,18.45018450184502,1.453075555994447,8
slp48,219,1,W HA,80.35714285714285,0.3021608786411579,40,15.169902912621358,0.8901358098627422,6
slp48,220,0,W,64.74237928243863,0.09689910990303266,33,9.226510841150239,4.867115264712764,5
slp48,221,0,W,69.9780461031833,0.2262364871033977,35,14.260814450958646,0.5421410230640076,7
slp48,222,0,W,69.43498978897209,0.16768173016091467,35,13.988187752564498,0.8652942980409741,7
slp48,223,0,W,65.29723847095633,0.11418946700549927,33,14.681892332789559,0.4163246596374304,4
slp48,224,0,W,74.90889458766365,0.18587157532227205,38,14.65559355153884,0.11546428019088838,5
slp48,225,0,W,62.525211778943124,0.1426617197608373,32,14.717425431711144,0.6771393948073027,6
slp48,226,0,W,75.52447552447552,0.2010578198269847,37,14.0361821584529,1.4080429286385017,7
slp48,227,0,W,67.60447965036876,0.1300247345262178,34,15.980113636363635,1.6045529664745324,7
slp48,228,0,W,67.74325988777883,0.0357096751582561,34,15.951790145338533,0.9398146389344845,7
slp48,229,0,W,78.95830447430393,0.2142374223383812,39,18.714909544603866,1.199998333332176,9
slp48,230,0,W,91.78678270329073,0.2236989864599522,46,14.170996693434105,1.8320418481392102,7
slp48,231,0,W,74.6971736204576,0.21572723084956594,38,19.202633504023407,0.6061981894545373,8
slp48,232,0,W,73.90173805939509,0.18554061816123799,37,13.422818791946309,1.4698330971009372,7
slp48,233,0,W,112.38250919493257,0.22393616563876353,56,11.938872970391595,3.7313655194847906,6
slp48,234,0,W,67.51227495908347,0.06596568103476355,34,11.88212927756654,0.7108422047121288,6
slp48,235,0,W,64.85355648535565,0.01739687916801976,32,9.953550099535502,0.15866946776238952,5
slp48,236,0,W,66.70260072766473,0.03240288166395945,34,14.344915524386355,1.2675344395934793,7
slp48,237,0,W,78.30745981590877,0.21223759747964902,39,18.93939393939394,1.125443912418562,8
slp48,238,0,W,69.26952141057934,0.1177818874137905,34,19.348597226701063,1.0526571141639618,9
slp48,239,0,W,75.7782632441289,0.1930353748753076,38,19.23693491503687,1.2696578279205781,9
slp48,240,0,W,88.52594015920944,0.25179881570636975,44,21.75805047867711,1.139612846540438,11
slp48,241,0,W,72.20464860404346,0.23384750656470688,36,18.026137899954936,1.0608042939204196,9
slp48,242,0,W,69.96844560296337,0.1682127915843357,35,14.113662024840046,1.2107211735160166,6
slp48,243,0,W,81.83306055646482,0.21434215637620146,41,23.23180175529169,1.3117005078226593,10
slp48,244,0,W,84.4617240917013,0.24270548018818752,43,18.05985552115583,1.894219606689612,8
slp48,245,0,W,64.6377592243469,0.07529234688864465,33,10.121457489878543,0.7130834453274035,5
slp48,246,0,W,67.00167504187606,0.11869604037203599,33,11.320754716981133,0.5929384453718614,5
slp48,247,0,W,79.5701849836779,0.17372627286329415,40,14.049328754292851,0.9275362826086941,7
slp48,248,0,W,64.12024269167125,0.05576851218288517,32,12.33299075025694,0.4933751108436662,5
slp48,249,0,W,71.46746528723115,0.21790854475570945,36,12.835139760410724,1.0279939472368287,7
slp48,250,0,W,73.55946056395587,0.16943664827237875,37,14.478764478764479,0.5787213491828342,6
slp48,251,0,W,79.79811758286726,0.22763080712504566,40,12.67320040554241,0.8538200278747272,6
slp48,252,0,W,72.98762685944669,0.14828350122213152,36,15.250544662309368,1.2602600314771455,8
slp48,253,0,W,73.68995633187772,0.1792290761243696,37,18.001800180018,1.6619467500494713,9
slp48,254,0,W,103.98260160391465,0.20509868406152146,52,15.26384648931531,1.9864888931098958,8
slp48,255,0,W,90.65269943593877,0.19053627242892918,46,16.985138004246284,1.7249573183125433,9
slp48,256,0,W,82.9176216799245,0.09714281115181451,42,16.84852374839538,0.37081972076215486,8
slp48,257,0,W,76.69537136706136,0.03445371056570181,39,15.550947867298579,1.5423186361806707,8
slp48,258,0,W,68.78821567537521,0.017886901086736226,34,15.075376884422111,0.3411509929635265,8
slp48,259,0,W,71.40914036996736,0.10976522626933899,36,13.329383886255924,2.2433494798824567,7
slp48,260,0,W,111.677926375293,0.20216725613042075,55,17.33603004911875,1.0196288540444507,5
slp48,261,0,W,101.31027961637174,0.20877150763454289,51,20.979020979020977,1.0417711414274784,10
slp48,262,0,W,81.00445524503847,0.13510555132932178,41,15.514566454059647,1.0111759930342932,7
slp48,263,0,W,84.95145631067962,0.1423186039631278,43,17.63150161622098,1.220943487635689,9
slp48,264,0,W,85.2157446232923,0.19950698872158046,43,19.893899204244033,1.3247631234803199,10
slp48,265,0,W,74.41091360066142,0.14275503493747602,37,19.289503295290146,0.5749676077832558,9
slp48,266,0,W,65.57377049180327,0.03588871688985272,33,18.058690744920995,0.8239780033471766,9
slp48,267,0,W,83.22929671244277,0.22576357102065872,41,20.9140201394268,0.7352236915002194,10
slp48,268,0,W,81.45533532446376,0.2517451886332686,41,15.906680805938494,0.7150752208184615,8
slp48,269,0,W,82.93998651382334,0.278627382578287,42,18.20388349514563,0.9713969322578695,9
slp48,270,0,W,88.92871915069627,0.242227985524662,44,23.101801940551365,0.7046906839174193,11
slp48,271,0,W,70.59298104074223,0.16986279216845962,36,14.878492312778972,0.6050913613294734,7
slp48,272,0,W,75.79896203223163,0.22148742146464265,38,17.017828200972446,1.2390316166017619,8
slp48,273,0,W,70.21891780256092,0.16161832949596325,35,17.739483020780536,1.6323681057448596,8
slp48,274,0,W,63.60279031596225,0.03436572597440912,32,12.571237009721756,0.5685034388638297,6
slp48,275,0,W,64.91693424542791,0.02916357398994171,32,13.990362194932382,1.113527527973851,7
slp48,276,0,W,62.93138449045879,0.027908576775756262,32,11.251125112511252,1.0002796409004835,6
slp48,277,0,W,62.700292601365476,0.014775956445824032,31,15.93565032630141,1.1759255842066865,8
slp48,278,0,W,61.5090213231274,0.05228367070340627,31,13.126230584117263,0.2812027738127775,5
slp48,279,0,W,61.41667804012557,0.03289876728524777,31,13.186813186813188,1.5639211403818716,7
slp48,280,0,W,59.57271980279376,0.036028790178963994,30,10.589481115425345,1.2240049019509687,5
slp48,281,0,W,64.96142915144134,0.1258783514946077,33,13.607499244027819,0.9729752766072163,7
slp48,282,0,W,62.043292430718324,0.03605452660747176,31,8.873114463176575,0.3248938288118136,5
slp48,283,0,W,65.96124776693692,0.1650813719806084,33,15.557860423766483,1.4560289299660083,8
slp48,284,0,W,62.482643710080545,0.1407292751665015,31,10.252904989747096,1.0100257422462062,5
slp48,285,0,W,69.45390167506469,0.21529620699725496,35,14.247269273389268,1.8963296712919466,7
slp48,286,0,W,59.63805867836577,0.018721057725943853,30,8.692292833687464,0.4862847816751918,4
slp48,287,0,W,60.36217303822938,0.06453732770007346,31,10.716199321307377,1.2266095548298976,5
slp48,288,0,W,64.31729867345571,0.17947906389047166,33,7.116874901154515,1.2343368890037902,4
slp48,289,0,W,66.30944407233757,0.20974271702776517,34,7.052186177715092,1.2999999999999998,3
slp48,290,0,W,64.6377592243469,0.2220426479305271,33,6.747638326585696,0.484,3
slp48,291,0,W,65.5827298811313,0.2172170213749374,33,9.289843104872006,0.7194541140491327,4
slp48,292,0,W,68.17242804021485,0.23945085629487514,34,8.50983358547655,1.0934487743933057,4
slp48,293,0,W,67.23716381418093,0.24364378098161935,34,5.323868677905945,0.03000000000000025,3
slp48,294,0,W,74.1962077493817,0.2757849403671878,37,9.273570324574962,2.303212539041936,5
slp48,295,0,W,64.61923290717064,0.22493294641962885,32,8.586147681740126,1.5519999999999996,3
slp48,296,0,W,61.45022531749284,0.14199849764463474,31,8.839127872716558,3.0559999999999996,3
slp48,297,0,W,68.02253675965369,0.23543151090477552,34,11.867088607594937,1.2746576010835222,5
slp48,298,0,W,68.19121091059374,0.26874610723898223,34,8.72431174873982,1.029735672663405,4
slp48,299,0,W,67.31030731574653,0.23665778123234085,34,5.294740557712672,0.12399999999999967,3
slp48,300,0,W,63.00813008130082,0.18765771306736437,32,5.859375,0.7360000000000007,3
slp48,301,0,W,72.26428079834824,0.26846830847059255,36,6.808896958692691,0.14800000000000058,3
slp48,302,0,W,66.47278770253428,0.21155994274673076,33,6.30119722747322,1.702,3
slp48,303,0,W,66.68462885625758,0.24229396499481973,34,8.109569291764283,1.8016180381966527,4
slp48,304,0,W,66.77458518818293,0.246812048587227,34,11.540236959532235,2.0256394940857567,6
slp48,305,0,W,79.3112798264642,0.29610002396928103,40,7.777393708952644,0.9694222792754223,4
slp48,306,0,W,67.92918896665294,0.23698603369247154,34,8.237232289950576,0.7005597761790207,4
slp48,307,0,W,71.56488549618321,0.2696523899923222,36,3.43878954607978,0.0,2
slp48,308,0,W,67.31946144430844,0.22135112278736843,34,7.998578030572344,0.39132367960835485,4
slp48,309,0,W,63.891178895300904,0.22608182287560288,32,10.174665083940988,0.28134498396097257,5
slp48,310,0,W,75.67493864194164,0.2392169841843991,38,15.371477369769426,1.3521270485999293,7
slp48,311,0,W,65.48431105047749,0.21521602519329272,33,12.85126799177519,1.4301695563813404,6
slp48,312,0,W,66.006600660066,0.24907027120874942,33,8.668849932575611,1.143190078488943,4
slp48,313,0,W,65.2439853201033,0.2187723917111115,33,7.929515418502203,1.0593146631457317,4
slp48,314,0,W,75.41785568691398,0.3050476737699563,38,7.593014426727412,1.214,3
slp48,315,0,W,83.79888268156425,0.2958034944301253,42,6.938020351526364,0.28800000000000026,3
slp48,316,0,W,71.1767895878525,0.24427870332462298,36,7.963897000265463,0.6779999999999999,3
slp48,317,0,W,65.27947776417788,0.25594478774727963,33,10.536174198080076,0.959979629413504,4
slp48,318,0,W,69.70069700697006,0.23498641645200474,35,9.29944203347799,0.609533154690265,4
slp48,319,0,W,69.58657388456815,0.2812998252674568,35,9.353564747453753,0.5631372439783712,4
slp48,320,0,W,68.37961044343142,0.2654812771928463,34,8.527572484366116,0.6174096425118956,4
slp48,321,0,W,68.68322464270848,0.23848601131748393,34,10.399334442595675,1.0948712435715902,6
slp48,322,0,W,64.74237928243863,0.22772886839397416,33,9.202453987730062,0.6019966777316965,4
slp48,323,0,W,68.25703254274684,0.2420579050243075,34,6.191950464396284,0.43400000000000016,3
slp48,324,0,W,67.73399014778325,0.2771877664169898,34,5.311614730878187,6.499999999999999,3
slp48,325,0,W,66.96428571428572,0.21802863309318996,34,9.477175801611121,0.30773202628260843,5
slp48,326,0,1,64.32424955042191,0.22400787855923215,32,9.562260943476414,0.3546315772115558,4
slp48,327,0,W,74.40066133921191,0.25121620219825314,37,5.217391304347826,6.324000000000001,3
slp48,328,0,W,70.21532700280862,0.28093083759210935,36,9.638038123795244,0.30150437623505355,4
slp48,329,0,W,64.71619253067279,0.23882155341384076,33,7.615501776950414,3.1306422486270913,4
slp48,330,0,W,73.98534385569334,0.29847359162572357,36,10.771992818671453,0.5626544232475206,5
slp48,331,0,W,69.7292863002461,0.2587040365875894,35,11.078286558345642,0.7302328395792672,5
slp48,332,0,W,67.3836101279608,0.23244876011493704,34,9.338036937123885,1.170892916633379,4
slp48,333,0,W,66.50544135429263,0.2782143771795798,34,6.369426751592357,3.6679999999999997,3
slp48,334,0,W,71.57464212678936,0.24182597892210148,36,9.161237785016285,0.6028318357736445,4
slp48,335,0,W,62.796539212950044,0.19360642780881243,31,10.14027378739226,0.4297196760680154,5
slp48,336,0,W,68.20060622761092,0.22127331656669785,34,11.786892975011787,0.7361808473466285,6
slp48,337,0,W,65.58272988113131,0.20907949295662645,33,8.487363259147493,2.3427444494770557,4
slp48,338,0,W,56.858065421872816,0.17614148197833857,28,6.139991813344249,0.0,2
slp48,339,0,W,67.15506715506716,0.2212752421360536,34,11.626104479925592,1.4476207238085537,6
slp48,340,0,W,66.32582561835014,0.18340149774470219,33,15.146415348367553,0.456891915251542,7
slp48,341,1,1 HA,69.82649174777825,0.23405662002475058,34,13.746754238582554,1.8017612371109428,7
slp48,342,1,1 HA,68.10676940011007,0.12880064107888758,34,16.26898047722343,0.5990354151228695,8
slp48,343,1,1 X,63.10218482833492,0.09462015633802265,32,12.270942408376964,0.9442935136915853,6
slp48,344,1,W X,64.71816283924844,0.061337435203439254,32,15.70915619389587,0.5662323745961692,8
slp48,345,1,1 H,65.2439853201033,0.04894240875764085,33,14.950875694147799,0.23134601702176938,8
slp48,346,1,1 H,67.72472294431523,0.02947822965978648,34,14.457831325301203,0.29406348520911846,7
slp48,347,0,1,69.83431466520608,0.0458311931973868,35,14.672318226279753,0.3116122947225,7
slp48,348,0,1,68.6406460296097,0.04473435625733075,35,14.037057832678268,0.41520385354666456,6
slp48,349,0,1,68.04123711340208,0.053212811481682915,34,15.256823190371252,0.3987207321198914,7
slp48,350,0,2,69.2889137737962,0.037756748860053826,34,14.236001265422333,0.3573656701786313,7
slp48,351,0,1,69.75789905621667,0.054245501144921396,35,18.779342723004692,1.0867156941905276,9
slp48,352,0,2,72.14511474508726,0.054387993873197975,36,13.562386980108498,0.5071278602745728,7
slp48,353,0,2,62.96348118091507,0.10163297802496112,31,16.908212560386474,1.0939322069805733,8
slp48,354,1,1 HA,65.11123168746609,0.06635322147416808,33,14.8326034750671,0.12372715208581057,8
slp48,355,1,1 HA,63.794759226231314,0.14935125753387915,32,15.088013411567477,0.3305544164312772,7
slp48,356,1,2 HA,62.73525721455458,0.09478312086020381,31,14.19782300047326,0.5044799302251776,7
slp48,357,1,2 HA,64.47280053727334,0.08564233401186591,33,17.552657973921765,0.8415980910973929,8
slp48,358,1,1 HA,67.0484704567677,0.07653910356804552,33,14.880952380952381,0.32409052233391,7
slp48,359,1,1 HA,66.22516556291392,0.1383546168365913,33,14.747191011235955,0.4272352503992074,8
slp48,360,1,1 HA,67.87330316742083,0.13101376286713567,34,14.631767192326453,0.3710699245275597,7
slp48,361,1,2 HA,64.99661475964794,0.12523072456470097,33,13.410818059901654,0.6684280065945771,5
slp48,362,1,2 HA,63.06795063067951,0.10767740002705718,32,13.937929752834044,0.266225768850425,6
slp48,363,1,1 HA,60.79664570230609,0.07679006079164973,30,14.308426073131955,0.5043155978375269,7
slp48,364,1,1 HA,65.42183453727682,0.14207122993414253,33,14.565126924677488,0.5388513861228628,8
slp48,365,0,1,62.38735616248441,0.05548989898070539,31,14.121634343814724,0.23376432576421927,6
slp48,366,0,1,64.882400648824,0.07414470648670747,33,18.14411612234318,0.9106398737106985,8
slp48,367,0,1,65.46644844517185,0.07733530888281241,33,14.658662571548232,0.4162565927650976,8
slp48,368,0,2,63.92631289524332,0.05279832242786384,32,14.413837283792441,0.6994880667713751,7
slp48,369,0,1,65.97938144329896,0.0517262928789605,33,22.33139794551139,0.8763123643998183,11
slp48,370,0,2,68.07866868381241,0.05096562517516046,34,14.249525015832806,0.9928938625161414,7
slp48,371,0,2,59.07115697990221,0.10336106668864954,30,12.427506213753107,1.192389198206693,4
slp48,372,1,2 HA,62.09465985925212,0.14422457796398258,31,17.911975435005118,0.8447183324780454,8
slp48,373,1,2 HA,62.700292601365476,0.14185319484907238,31,14.824575852413112,0.2764288134201803,7
slp48,374,1,1 HA,64.6900269541779,0.06915742910201333,33,17.465069860279442,0.8218763996651386,8
slp48,375,0,2,59.983452840595696,0.1044865596213131,30,16.688299647691455,1.1793838315926763,7
slp48,376,1,2 HA,65.11693040190451,0.13179670909630495,32,16.698473282442748,1.0118084839352084,8
slp48,377,0,2,61.6860863605209,0.07239950889950077,31,14.005602240896359,0.5970147960198865,7
slp48,378,0,2,63.8473156666209,0.06810190075597365,32,14.29349305744623,0.24494764121904816,8
slp48,379,0,2,71.63323782234959,0.1823007248633814,36,16.5929203539823,1.800423653847431,7
slp48,380,0,2,62.06896551724139,0.20106472147600193,31,13.996889580093312,0.42617471638858273,7
slp48,381,1,W HA,80.09309967141293,0.29257750929977594,40,16.913659793814432,1.0281421326343743,8
slp48,382,0,1,76.47788342290202,0.24012098241158022,38,14.858841010401191,0.3047075100266921,7
slp48,383,0,2,64.64646464646465,0.051647694769466714,33,15.54672655035412,0.24640797245399518,7
slp48,384,0,2,68.1635926222935,0.035644534952392344,35,15.445719329214475,0.2700385460013636,8
slp48,385,0,2,69.93965990126166,0.054381963221967575,35,15.38724568302274,0.2133218746922644,7
slp48,386,0,2,70.16095749071398,0.03364561905599154,35,14.672318226279753,0.21414844280441434,7
slp48,387,0,2,67.02775897088694,0.04246647248810648,34,13.638430065161387,0.16738644575419556,7
slp48,388,0,2,69.66261439694033,0.02347906378001815,35,14.64367068011715,0.2213373493611556,7
slp48,389,0,2,71.07023411371237,0.025500932882047127,35,15.155889145496534,0.24995281187309198,8
slp48,390,0,2,69.70069700697006,0.026440244045589152,35,15.820400783486516,0.8653941888184922,8
slp48,391,0,2,71.02272727272727,0.04332257741969785,36,15.808491418247515,0.315710019363546,8
slp48,392,0,2,70.40364757945552,0.026027552120546332,36,15.562856648798205,0.5152263795868979,7
slp48,393,0,2,73.3650083845724,0.01889139745913951,36,15.32958610117527,0.47542682577518364,7
slp48,394,0,2,71.88826509653568,0.02716203833534244,36,15.215553677092137,0.28506295600952597,7
slp48,395,0,2,74.13509060955518,0.02383275057562595,37,15.363605326049846,0.2898060654223019,7
slp48,396,0,2,73.17073170731707,0.022430138455014275,37,14.763779527559056,0.25922962793631443,7
slp48,397,0,2,74.12491420727522,0.02742509439307611,37,14.82632024851737,0.227269147281637,8
slp48,398,0,2,72.66435986159169,0.02884893801320588,36,14.560750687591002,0.3823674788588706,7
slp48,399,0,2,74.9291211016606,0.03267977753522265,38,14.868309260832628,0.29215595499803926,8
slp48,400,0,2,74.50664518727345,0.020712791275565128,38,14.413837283792441,0.18000987627226353,7
slp48,401,0,2,73.73020207536865,0.03351211315920052,37,15.38724568302274,0.29881023335146256,7
slp48,402,0,2,72.98283551831328,0.05697161953199825,37,14.091122592766556,0.5881167684510733,7
slp48,403,0,2,63.14017118001964,0.09927031558102128,31,15.355367066393685,0.9164588459535596,8
slp48,404,0,2,70.54555227089492,0.02424797067040155,36,14.945200929923613,0.25448160815447735,7
slp48,405,0,2,70.5491769262692,0.047960912574179566,35,14.980739049793122,0.3320909636880614,8
slp48,406,0,2,67.51227495908347,0.10216779802446584,34,15.169391538850501,0.31434517475044677,7
slp48,407,0,2,66.29168340699076,0.046316672589679996,34,13.809611489596762,0.2670778163756774,6
slp48,408,0,2,69.38775510204081,0.05882352941176471,35,17.02852277564921,0.7980562323545879,9
slp48,409,0,2,68.69275603663614,0.038414873152710576,34,14.819693726329655,0.12569628298225682,7
slp48,410,0,2,67.31030731574654,0.0593714243039117,34,15.042620758816652,0.2694331498205486,7
slp48,411,0,2,71.8096019696348,0.10618698947937961,36,14.397367338543807,0.12316638820584733,8
slp48,412,0,2,69.88215949575225,0.03973894048667455,35,15.052684395383846,0.3261144993198964,7
slp48,413,0,2,68.7238916588061,0.03902709554721197,35,14.281180577594414,0.28729234046331437,7
slp48,414,0,2,69.56758968762789,0.032813407674049826,35,14.28344707189335,0.35423093534522865,7
slp48,415,0,2,70.65948855989234,0.06941105011128286,36,14.813769751693,0.4799993197274093,8
slp48,416,0,2,64.35178978415337,0.07682030574659282,33,13.831258644536653,0.1815305300309932,7
slp48,417,0,2,69.52247191011236,0.024559741446281008,34,14.97504159733777,0.25432437729971713,7
slp48,418,0,2,68.85378695828271,0.027884338474848783,35,13.5013501350135,0.6379676062831614,7
slp48,419,0,2,72.21458046767538,0.0329372935458038,36,12.95709761013533,0.3585204162790298,7
slp48,420,0,3,69.60556844547564,0.06718017914971823,35,13.312034078807242,0.390973349475383,6
slp48,421,0,2,70.0164744645799,0.022059999968629136,35,14.124293785310734,0.33995293791935377,7
slp48,422,0,3,69.15254237288136,0.07447616371657255,35,13.949163050216988,0.36299984695436,7
slp48,423,0,2,70.73509015256589,0.08551541272278809,35,13.803680981595091,0.333855590870597,7
slp48,424,0,2,77.079107505071,0.16564143766756004,39,13.799448022079117,0.3726374466779561,7
slp48,425,0,2,73.81082558775286,0.1144226516467633,37,13.291980505095259,0.5530557536692541,7
slp48,426,0,2,70.08382575237049,0.03842162741591247,35,14.012143858010278,0.3768907887792783,7
slp48,427,0,2,68.2194046306505,0.03880340598305946,34,15.277542013240536,0.3659538525855714,7
slp48,428,0,R,71.98683669271905,0.03415709207142068,36,12.868908716540835,0.28055487876706053,6
slp48,429,0,R,63.10475389145982,0.054875859902146405,31,13.150973172014728,0.37061332949585074,6
slp48,430,0,R,65.67245861266932,0.0523245580487786,33,13.761467889908259,0.3192908809638426,7
slp48,431,0,1,64.53851492019432,0.07301629826754512,32,15.274949083503053,0.9666153024120518,8
slp48,432,0,R,63.136456211812636,0.090154128632411,32,18.32620647525962,1.0612143986961353,9
slp48,433,0,R,65.83459059113976,0.09111591175530212,33,13.778322106552361,2.2572876545880356,7
slp48,434,0,R,76.61512976256212,0.09748018846873788,38,15.138772077375947,0.21275860081844453,7
slp48,435,1,R H,67.18241042345277,0.09041465543458856,34,14.39539347408829,2.7261156737502295,7
slp48,436,0,R,71.82087029995776,0.06915375777593631,35,14.417135795688589,0.4530524139610321,8
slp48,437,0,R,63.61149110807114,0.09653303284783532,32,18.08590806330068,0.8185106902172995,9
slp48,438,1,R H,72.98283551831328,0.02279349051542002,37,13.255567338282079,0.1577562677043294,6
slp48,439,0,R,68.77950101146325,0.0713854006959823,35,14.712063892391761,1.104438540524514,8
slp48,440,0,R,63.65503080082135,0.0851172906863072,32,17.526289434151224,1.2331560968440585,8
slp48,441,0,R,65.69043383057343,0.0818999961843711,33,15.511892450879008,0.3665998207465853,8
slp48,442,0,R,65.63653767263777,0.08722376038098795,33,14.710689767898002,0.7344427971069104,7
slp48,443,0,R,66.10659688748107,0.07954470048343888,33,16.419077404222048,0.7260660564765073,8
slp48,444,0,R,66.71159029649596,0.07531185241901972,34,15.858631626642499,0.7858765546723439,8
slp48,445,0,R,65.98845202089635,0.07265285610352838,33,12.599748005039901,0.28401643144954347,7
slp48,446,0,R,66.42512077294687,0.09061917407891004,34,15.806111696522656,0.6765993398361151,7
slp48,447,0,R,57.0264765784114,0.0522792736079949,29,14.091122592766556,0.3019116868666509,7
slp48,448,0,R,61.45022531749283,0.05767356413470559,31,16.67129758266185,1.243069989984474,9
slp48,449,0,R,62.534741523068355,0.08135999562984804,31,18.656716417910445,1.1734802938268711,8
slp48,450,0,R,66.5188470066519,0.07573638491504597,33,17.293558149589277,0.8410325499051745,9
slp48,451,0,R,66.45187273459526,0.06570658545306421,34,16.685205784204673,0.7747117436274511,8
slp48,452,0,R,64.56539850041656,0.08344447392684673,32,15.00250041673612,0.7131803574287657,7
slp48,453,0,R,64.7001530541255,0.0713815501540373,32,14.425851125216386,0.47012100569959653,6
slp48,454,0,R,64.68130979652338,0.07008109142272259,33,14.54898157129001,0.3864860004856948,8
slp48,455,0,R,68.01319043693323,0.0494830577344895,34,14.619883040935672,0.2772050985582095,7
slp48,456,0,R,65.82556226001097,0.045384468709019826,33,15.720916304836054,0.39953932656171376,8
slp48,457,0,R,65.91595715462786,0.09211914838946351,33,16.504243948443886,0.9982394297881013,8
slp48,458,0,R,60.443250503693754,0.08509811330980782,31,12.34771155745802,0.3041094539799774,6
slp48,459,0,R,67.37443854634544,0.17515726109899776,34,14.581983149708359,0.4847468984486188,7
slp48,460,0,1,58.19592628516004,0.08674840467862055,29,13.264554163596168,0.5639121286946123,7
slp48,461,0,1,61.71992867919352,0.04565941548270436,31,14.263074484944532,0.3192964488092881,7
slp48,462,1,W HA,69.19945725915875,0.24613541719674542,35,15.371102327624067,1.5177463421743678,8
slp48,463,0,1,60.557125555106985,0.04880601055880995,31,13.057103064066851,0.5986138655260168,6
slp48,464,1,W HA,63.36876533115289,0.062285035107440274,32,15.570934256055365,0.4066032737475463,7
slp48,465,0,W,64.18219461697723,0.05002392767736807,32,14.766201804757998,0.3825487623239101,7
slp48,466,0,1,70.47118971949703,0.16197641760945233,35,13.505402160864346,0.6436134105363422,7
slp48,467,0,1,65.47537852953212,0.13473440308621998,33,12.07340631036703,0.17626525465899395,6
slp48,468,1,1 HA,61.99200991872159,0.02127867999247656,31,13.914656771799628,0.18104879636900853,7
slp48,469,0,W,63.16676024705222,0.04439499471286775,31,15.070328198258538,0.28736658740284254,7
slp48,470,0,1,64.09372846312888,0.05147109551250123,32,14.959395925345492,0.27372323277950905,8
slp48,471,0,1,63.78600823045267,0.040335327017629916,32,14.965081476554706,0.22450736191839143,7
slp48,472,0,2,65.06710044733632,0.03718849788577107,33,16.449945166849446,1.052985803342484,8
slp48,473,0,2,63.70735717221537,0.04096687832465408,32,15.473032714412023,0.3204201323645095,8
slp48,474,0,2,67.42950551695955,0.06805410260625513,34,14.164305949008499,0.2368234222650567,7
slp48,475,0,2,66.28918657643972,0.03226816348973086,33,14.684287812041118,0.21615735009478632,7
slp48,476,0,2,62.13753106876554,0.04142269909119878,31,12.534818941504179,0.31589590409219026,7
slp48,477,0,2,62.10322936792713,0.02799492017412365,31,15.764582238570679,0.6433526767385572,7
slp48,478,0,2,60.91782861784215,0.05645230041568034,31,12.942191544434857,0.2414622123645851,7
slp48,479,0,2,67.65067650676507,0.13102217338052125,34,13.05255830142708,0.3934861623996451,6
slp48,480,0,2,69.49319107117789,0.20299125811807753,34,15.036086607858863,1.1415262765263003,6
slp48,481,0,2,60.45137023105857,0.20305331538511973,31,14.157621519584712,0.8047417805317014,7
slp48,482,0,W,83.60522022838498,0.3080677475187448,42,13.869625520110958,0.2699012164971968,7
slp48,483,1,W X,59.6625977232204,0.1463656912554797,30,12.838069154399177,0.29063902009193465,6
slp48,484,0,1,71.8096019696348,0.29924365064104463,36,13.572204125950055,0.38160419284908287,6
slp48,485,0,1,65.03496503496505,0.22174568027847674,32,16.522423288749014,1.154264497683371,8
slp48,486,1,1 HA,71.83908045977013,0.27982002379080334,36,14.439274827530882,0.4165407809833537,7
slp48,487,1,1 HA,64.78127612148232,0.22640834068684448,32,14.845185918280782,0.39923273351543226,8
slp48,488,0,1,77.26576639287207,0.2723624963858748,38,14.788038120276044,0.3134893228732926,7
slp48,489,0,1,77.08953205301596,0.27090589794274733,39,14.053716427232981,0.1857118436957884,7
slp48,490,0,2,69.77727657175078,0.23777653853422678,34,14.202303929304087,0.37452488420516067,7
slp48,491,0,2,62.59254273791896,0.052622069571952215,32,13.89103256675413,0.22309838387780592,7
slp48,492,0,2,61.0666304790338,0.04319855964677013,31,13.181019332161688,0.22518732942448907,7
slp48,493,0,2,59.49938448912597,0.0286591349598492,30,13.227513227513228,0.1877530292698361,6
slp48,494,0,2,61.770761839396016,0.13785435148090983,31,14.142937959645487,0.16911250692955862,6
slp48,495,0,2,60.0248378639437,0.038984981406530644,30,12.977649603460705,0.25549342239848133,7
slp48,496,0,2,66.81965442764579,0.21106396264380478,34,13.211978860833822,0.2401184892691293,7
slp48,497,0,2,60.39988891974451,0.14224321419924144,30,13.951325375910713,0.6705119105744671,7
slp48,498,0,2,60.34124011652102,0.023122277453258077,30,13.486782952706347,0.21639075765845436,6
slp48,499,0,2,60.893098782138026,0.04572769644561405,31,12.980269989615785,0.11366195493655738,6
slp48,500,0,2,62.240663900414944,0.14177540924528018,31,13.011797362942401,0.24832752565915855,6
slp48,501,0,2,60.54897739504844,0.02820748521620144,31,13.623978201634877,0.22634486961272166,7
slp48,502,0,2,62.99105933351395,0.18727173132311656,32,13.481126423007789,0.23761780703941834,7
slp48,503,0,2,60.59339740910991,0.020813422907518843,30,13.39764201500536,0.14013935921075127,6
slp48,504,0,2,64.89994591671174,0.17797401495724033,33,13.186813186813188,0.27331788574234706,7
slp48,505,0,2,64.15562913907286,0.18308727157136404,32,16.001219140505942,0.9272481120091266,8
slp48,506,0,2,63.23949408404732,0.182160282076761,32,13.591060102688008,0.17386073609517358,7
slp48,507,0,2,61.06663047903379,0.14164550430172113,31,14.960106382978724,0.7993019176478658,7
slp48,508,0,2,66.07929515418503,0.21380130963116195,33,13.087101933982842,0.38090010355589143,7
slp48,509,0,2,63.65503080082135,0.18132287619559154,32,13.47305389221557,0.34689992152716814,7
slp48,510,0,2,67.03683640303359,0.23875034315044164,34,13.361838588989848,0.7062174169475007,6
slp48,511,0,2,68.81662393739036,0.2843684193504536,35,13.820638820638822,0.19419120016680017,7
slp48,512,0,2,60.73722423903938,0.13992109208233222,30,14.290250873293108,0.31388037353247955,7
slp48,513,0,2,63.29113924050633,0.1870352735405466,32,13.161743199766015,0.14892802139139402,7
slp48,514,0,2,71.14785201246781,0.2699493890585071,36,15.319148936170214,0.17821958989466388,7
slp48,515,0,2,63.77725963516665,0.18542900731380166,32,13.017066820943015,0.30836053934027013,7
slp48,516,0,2,64.31535269709543,0.18202221680044725,32,13.300230537329313,0.3350023283501176,6
slp48,517,0,2,66.13392119041058,0.22063417119748246,33,14.19686316928069,0.30874386716209307,8
slp48,518,0,2,61.88969880346582,0.13751114702290704,31,13.484358144552319,0.09727815787729512,6
slp48,519,0,2,76.01698397479797,0.2620964197312482,38,14.985014985014987,0.9974321315973619,8
slp48,520,0,2,74.07407407407408,0.2411463363925638,37,14.506769825918761,0.4066841526295315,5
slp48,521,0,2,73.99577167019027,0.28440385197885093,36,9.483667017913593,2.654108429502373,4
slp48,522,0,2,83.37965536409116,0.2944578747461171,41,14.292520247737016,0.09726253132630262,5
slp48,523,0,1,64.62905614649253,0.24496807827755843,33,13.824884792626728,0.31579740340921103,5
slp48,524,0,1,62.46529705719044,0.28840107874663407,31,16.0427807486631,0.7678583202648782,6
slp48,525,1,1 X,65.78947368421052,0.26170212074035626,33,10.744985673352437,3.650670952030599,6
slp48,526,1,1 X,67.72009029345374,0.25655603676390076,33,15.44004117344313,0.2668407764941482,5
slp48,527,1,2 X,62.257885998893194,0.24042392190092526,31,14.173228346456693,0.22818316229633498,4
slp48,528,0,1,68.79805746661272,0.29011070551306306,35,13.513513513513512,0.5631719689994049,7
slp48,529,1,1 X,68.26644600744724,0.2427544417889495,34,14.525500322788897,0.8449525956459859,4
slp48,530,1,1 X,67.00961147962637,0.19468855305472324,34,13.643805712206658,0.32454374127380725,6
slp48,531,1,2 X,60.03312172232955,0.20509839290664716,30,16.57153378751611,0.5539695138021786,7
slp48,532,0,1,61.00867678958786,0.1986346282891167,31,7.133798351299937,5.35474800735032,4
slp48,533,1,1 X,56.98005698005697,0.1593114649268622,29,9.135200974421437,4.031840274614063,5
slp48,534,1,2 X,63.351498637602184,0.2109486032553916,32,13.043478260869566,1.9254123714155364,6
slp48,535,1,1 X,69.48343627175744,0.19536137784180826,34,15.509219369291747,0.42979943643001156,7
slp48,536,1,1 X,68.35128417564209,0.3011188685598344,34,15.416238437821171,0.32232902444551903,5
slp48,537,0,1,58.546433378196504,0.18141628048553987,30,13.048016701461378,1.603990224409114,6
slp48,538,1,1 X,77.39307535641548,0.2326014984124391,39,15.387771850636026,0.4480957040633172,6
slp48,539,1,2 X,64.58333333333333,0.14509251417318086,32,15.946137491141036,0.44875927721762904,7
slp48,540,0,2,57.70023354856436,0.17744369615774588,29,11.967448539971276,1.835402255637712,6
slp48,541,1,1 HA,63.88240142876769,0.24251886653279087,32,9.675858732462505,4.160791631408619,5
slp48,542,1,2 X,63.119315868060255,0.16998989992644598,32,16.251354279523294,0.3342813186524186,4
slp48,543,1,1 X,62.40773050597235,0.1880303294329948,32,16.662038322688144,0.6000358322633741,5
slp48,544,1,1 X,63.935102433658734,0.14394148423750297,32,14.788038120276044,0.666055720058181,7
slp48,545,0,1,57.605266767247294,0.1921348909660362,29,12.931034482758625,1.2745031973282768,6
slp48,546,1,1 X,75.68525842083731,0.17766007709918055,38,16.251354279523294,1.3983132696216538,7
slp48,547,1,2 X,59.917355371900825,0.15125142662036875,30,7.298086279597794,3.6201073035048132,4
slp48,548,0,1,62.905844155844164,0.1600704319485118,32,8.73871249635887,2.3499999999999996,3
slp48,549,1,W X,66.09749380335995,0.2111419842191505,33,13.850415512465375,0.08659484203269102,4
slp48,550,0,W,67.94783802333562,0.19591223836792948,34,15.337423312883434,0.8104583065566464,4
slp48,551,0,1,60.95908967759415,0.1066479983663808,31,15.126050420168065,0.2707093562394096,7
slp48,552,1,1 HA,66.63077130165567,0.25330543561050073,34,5.016722408026755,7.756000000000001,3
slp48,553,1,W X,91.57763285694463,0.2221769639404255,45,13.129102844638952,0.9749632471705452,7
slp48,554,1,1 X,59.491247264770244,0.16026779017005527,30,11.35718341851221,0.7543705985787089,5
slp48,555,1,1 X,73.50882105852702,0.30435159045460064,36,15.57632398753894,0.22346875780360378,8
slp48,556,1,W X,69.75789905621667,0.24976127009911384,35,15.216068167985393,0.4491585020902977,6
slp48,557,0,W,67.27371568360968,0.22941397774854425,34,15.092712376024148,0.3150722625244007,8
slp48,558,0,1,59.99172527927182,0.27248938279068863,30,9.837678307919331,4.404028496728875,5
slp48,559,1,W HA,69.07619313424505,0.3208928773767779,34,14.124293785310734,0.3720000000000001,3
slp48,560,1,1 HA,73.20048800325335,0.306584590465847,37,16.91474966170501,0.4879829505218394,6
slp48,561,1,1 X,63.559322033898304,0.1867508258823557,32,15.937666017354347,0.46154186038634554,7
slp48,562,0,1,56.91056910569106,0.1931525779464176,29,7.302823758519962,6.597318243043912,4
slp48,563,1,1 X,62.831611281764864,0.262715934465769,31,14.483424525265528,0.4672910109224111,7
slp48,564,1,2 X,67.7710843373494,0.2917162035855112,34,11.034279829336475,3.374531054828211,6
slp48,565,1,1 X,70.43226073746719,0.2434467890532673,35,15.463917525773196,0.5556185742035628,5
slp48,566,1,1 X,56.31256952169077,0.1727242225759661,28,16.251354279523298,0.7674289543664612,6
slp48,567,0,1,67.4111398610922,0.2797906077867756,34,16.853932584269664,0.35287391515950833,5
slp48,568,1,1 X,70.04532344458178,0.29073397155222996,35,16.64078100732194,0.07167035649416019,6
slp48,569,0,2,77.8050778050778,0.2874441388582987,39,16.18372379778052,0.5259850234540516,8
slp48,570,1,1 X,59.62171052631578,0.23610054489736432,30,7.234726688102894,6.075445955282259,4
slp48,571,1,1 X,75.15233581584293,0.3041215396578428,38,14.61418550272798,0.9714009676750379,6
slp48,572,1,2 X,68.30412584517731,0.28053790650830496,34,15.822784810126585,0.5172295428530739,6
slp48,573,0,1,64.52060496739281,0.2858086361235965,32,11.918004131574767,1.8162724024771173,6
slp48,574,1,W X,66.58343736995423,0.32283623460665006,33,12.479201331114806,1.6363608404016519,6
slp48,575,1,1 X,73.5795067447881,0.27589233452003264,37,15.131136516476127,0.8290063664143693,7
slp48,576,1,2 X,54.86318070983473,0.08759001640562064,28,11.327594019030359,2.830666804835921,6
slp48,577,0,1,73.86043894203713,0.2948291459576588,36,14.6163215590743,0.5192330883139094,5
slp48,578,1,W HA,70.8502024291498,0.3180031574737353,36,15.89825119236884,0.4151385310953442,5
slp48,579,0,1,72.27948065854638,0.308041102756847,37,9.430008382229673,2.78713488889377,4
slp48,580,1,W X,67.5491266375546,0.28057419807321216,34,10.452961672473869,0.9423771361120064,4
slp48,581,1,2 X,89.74707642099538,0.25083075193385374,45,14.841688654353563,1.8538056951998922,7
slp48,582,1,1 HA,65.94312405550212,0.25422624643218883,33,8.397089009143498,1.6435289944371398,4
slp48,583,0,W,68.42882060915068,0.26239221547234287,35,10.952102803738317,0.7344749417100628,6
slp48,584,0,W,82.40653892536514,0.30116066572415634,42,13.452914798206276,2.184112817598945,6
slp48,585,0,W,67.6876794749077,0.17201251369260995,34,10.842850946942317,1.6302453312308551,6
slp48,586,0,W,73.67990176013099,0.2765909534955103,37,9.633911368015417,0.9476370613267505,4
slp48,587,0,W,75.80931566725857,0.2825645675645675,38,11.424219345011425,1.033917598264001,6
slp48,588,0,W,77.6984460310794,0.2716435596895647,38,15.045135406218657,0.47856452020600104,7
slp48,589,0,W,68.78877798759105,0.2649571617787575,35,12.277470841006753,0.7512622711144226,5
slp48,590,0,W,69.32173440260976,0.27609889908531793,35,15.77287066246057,0.4645720611487523,6
slp48,591,0,W,83.94758394758395,0.2644776743208361,42,16.138948662772822,1.1013962196471627,8
slp48,592,0,W,61.770761839396016,0.13980208232434244,31,9.907529722589167,0.7079039482867715,5
slp48,593,0,W,71.37030995106036,0.23225500411998773,36,14.643670680117152,2.023455350521863,7
slp48,594,0,W,70.48092868988392,0.2548789250526339,35,11.088523378303456,0.8001918519955075,5
slp48,595,0,W,67.14225765841375,0.24654382850722506,33,7.139457401237507,1.1315028354655878,4
slp48,596,0,W,77.33007733007732,0.28860387981796676,39,9.469696969696967,1.1364083773010474,4
slp48,597,0,W,77.0478507704785,0.28149391731397067,39,11.707317073170731,1.3688838519027098,5
slp48,598,0,W,75.69558101472995,0.2545712045260609,38,10.766194150367845,0.874617059060707,5
slp48,599,0,W,78.37206104771072,0.2693282707988962,39,8.449514152936207,1.721474658541333,5
slp48,600,0,W,74.34695244474214,0.2609212873424833,38,18.487136034509323,1.4657638793475571,9
slp48,601,0,W,74.6469401479489,0.26952441950592776,38,10.070493454179255,0.7739586552264919,5
slp48,602,0,W,82.68351707448238,0.28308678405248006,42,15.125324114088158,1.6186254687738189,8
slp48,603,0,W,106.20915032679737,0.20413210712615326,53,19.24001924001924,1.2834717566039386,9
slp48,604,0,W,83.24309691391446,0.18358217568443386,42,15.833919774806473,1.7954084648222963,7
slp48,605,0,W,86.74018289402905,0.17596277692810758,44,12.18125710573331,3.399241891951792,6
slp48,606,0,W,79.77635347061229,0.09091889732537059,40,14.714537963507947,0.8977539974848343,6
slp48,607,0,W,84.00491736101625,0.1985096643820236,42,12.155591572123177,2.4237702861451207,6
slp48,608,0,W,86.71685937079859,0.21407668849264322,44,14.913501690196858,1.8481426784747979,6
slp48,609,0,W,74.727346169382,0.1756129617789564,38,24.170157911698354,0.8672645732416376,11
slp48,610,0,W,65.97031335898846,0.06883857929969213,33,15.164644714038127,1.473347874462672,8
slp48,611,0,W,63.31699346405229,0.012865752035627263,32,13.765677577240748,0.7209906764692285,7
slp48,612,0,W,70.62733693394267,0.2270817726896839,35,15.583259127337486,0.9786167664158447,8
slp48,613,0,W,79.21067259588659,0.2455677349844111,39,11.843663639952625,1.1049144763283718,5
slp48,614,0,W,63.55063550635506,0.1844971792660473,32,10.216243827686021,0.37849570671277094,5
slp48,615,0,W,66.3716814159292,0.21312203077110542,33,12.51042535446205,0.416852971681863,6
slp48,616,0,W,73.10139434141058,0.25033811703275666,37,10.72769533345253,1.0438366730480397,5
slp48,617,0,W,66.82867557715674,0.21002993358746466,34,12.392597488433577,0.5311457803654286,6
slp48,618,0,W,68.69275603663614,0.23475855951853516,34,11.761016151795516,0.622411310951207,6
slp48,619,0,W,73.25240686479698,0.2651750226794772,36,12.264922322158627,0.9798318223042157,6
slp48,620,0,W,72.02634106187406,0.2633348206278502,36,13.515542874305453,0.2390806465516513,7
slp48,621,0,W,71.69192953707497,0.2800735996563935,36,15.54001554001554,0.70807556093965,5
slp48,622,0,W,67.16417910447761,0.21288361689767096,34,12.979521199884626,0.8333599995733469,4
slp48,623,0,W,67.54912663755458,0.269994279434688,34,12.619888944977285,1.334621084802724,6
slp48,624,0,W,81.374321880651,0.28759991203355645,40,13.432835820895525,0.47212804289608645,4
slp48,625,0,W,61.40829694323143,0.22242525835784827,31,14.596172559195589,0.22649405192091818,4
slp48,626,0,W,68.35128417564209,0.271405930413027,34,13.341239252890604,0.31774762871743945,4
slp48,627,0,W,64.61025427261359,0.30205848060002116,32,14.807502467917079,0.4847498323877998,6
slp48,628,0,W,75.20325203252033,0.2750694765812383,38,13.152126260412102,0.6649781951312387,5
slp48,629,1,1 HA,66.10659688748107,0.2709102422851524,33,11.946479770627588,2.6426224550623956,6
slp48,630,1,1 HA,64.99860218059827,0.2613369293359732,32,14.573718727228565,0.37123981467509654,5
slp48,631,1,W HA,62.46529705719044,0.3207885838921883,31,8.650519031141869,3.321307373108769,4
slp48,632,0,W,83.57709987463436,0.3146375533848431,41,7.712082262210797,4.9308866004671685,4
slp48,633,0,1,66.55014788921753,0.28909713480368293,34,7.046664578766051,5.873139156835597,4
slp48,634,1,W HA,60.67961165048543,0.27323718634183014,31,10.894828588030215,0.9844142217583003,6
slp48,635,1,W HA,82.58774948382656,0.3157742073064233,41,15.319148936170214,0.6628359944628501,7
slp48,636,0,W,80.90167335085052,0.3187201559426016,40,14.563106796116504,0.18495404834715024,4
slp48,637,0,W,70.78507078507079,0.2779463451799611,34,13.591881116346501,0.22567374681163083,6
slp48,638,1,1 HA,75.07101312051941,0.31009234940102753,38,11.925584353633328,3.30906865447062,6
slp48,639,1,W HA,77.91142700929467,0.2981821934633504,39,7.494379215588308,3.578,3
slp48,640,0,W,68.37377664566297,0.29612241460089733,35,9.876543209876544,1.4176357077895576,5
slp48,641,0,1,71.66257166257165,0.2792132152886692,36,16.835016835016834,0.557422640372635,6
slp48,642,1,1 HA,64.93506493506493,0.2086664261910738,32,17.293059718699563,0.4079419566556008,6
slp48,643,1,W HA,69.59606986899563,0.2995294117647059,35,15.397249024840896,0.698397709045498,6
slp48,644,1,1 HA,68.90311804008908,0.3282341881604027,34,10.717347813661046,2.1817169018917193,6
slp48,645,1,2 HA,72.33397630201158,0.31640131582068565,36,13.966480446927376,0.8233084476670939,6
slp48,646,0,2,66.57420249653259,0.2650045990166963,33,14.713094654242274,0.5248072662098598,7
slp48,647,1,1 HA,62.78692951660816,0.3259105039849135,32,12.317293480045985,1.8618724338686579,6
slp48,648,1,2 HA,80.06742520016856,0.3151771783292886,39,13.824884792626728,1.6015842157064362,7
slp48,649,0,1,77.12082262210795,0.3310471424530285,39,13.522650439486139,0.869705122440934,5
slp48,650,1,W HA,74.77153143173635,0.3116126909094084,37,15.930814747382792,1.3665670977500746,8
slp48,651,1,1 HA,91.69213670464016,0.2832837551827024,45,14.073935072246202,0.5810302573876854,6
slp48,652,0,1,59.280169371912486,0.2722529960855362,29,16.579165515335728,0.21971572542719833,5
slp48,653,1,1 HA,87.18572587185727,0.30436691870281996,44,14.870414955388753,0.47977477709305844,8
slp48,654,1,2 HA,73.29331285774117,0.32799713288941024,36,16.035430665852168,0.9947447216369081,8
slp48,655,0,1,83.605220228385,0.3375457771849907,42,15.797788309636651,0.6183364779794249,5
slp48,656,1,1 HA,68.11807132362762,0.2813259017150368,35,14.312977099236644,0.5121062389778119,6
slp48,657,0,1,64.86486486486486,0.29568226189611035,33,8.568164508758569,4.223937289096777,4
slp48,658,1,2 HA,78.87285964675745,0.30401467143391997,40,10.369858278603527,2.3164395092468957,5
slp48,659,0,2,68.9799331103679,0.3389196252752181,34,11.227544910179642,0.4946513923967059,5
slp48,660,1,1 HA,70.85301472631288,0.2987228176743584,35,13.765677577240744,0.23642522896021245,7
slp48,661,0,2,83.87888707037642,0.3083854445194093,42,14.584346135148275,0.30333919408257587,7
slp48,662,1,W HA,56.328233657858135,0.08673033432215264,28,15.789473684210526,1.146793791402796,8
slp48,663,1,1 HA,81.61272321428571,0.3177435566370346,40,13.190291945128386,0.1405679906664386,6
slp48,664,0,2,72.93354943273906,0.2651121356038694,37,15.553251370167384,0.5887123271018134,8
slp48,665,1,1 HA,73.27001356852104,0.3093758751078781,37,13.327410039982231,0.7785584970529403,7
slp48,666,1,2 HA,62.88429290106204,0.23865564220348023,31,14.269858886951004,0.33477886565446285,7
slp48,667,0,1,77.00621453661172,0.23513697310691842,39,14.363230130864983,0.23274210811301194,7
slp48,668,1,2 HA,64.40359586743594,0.26679085324463425,33,9.015777610818931,4.446069162754894,5
slp48,669,0,2,62.17187068250899,0.14991885212414824,31,15.476681799422202,0.4669314296553618,6
slp48,670,0,2,63.22000561955605,0.21441625145704066,31,15.065282892534315,0.4842570483626324,7
slp48,671,0,1,63.23089475115584,0.25927284853912913,32,14.976465554129225,1.232695271611383,8
slp48,672,1,2 X,69.4249649368864,0.2755049392180056,34,15.067805123053745,0.4308178269292021,7
slp48,673,0,2,72.41379310344828,0.1878531775790088,36,15.676321289937293,0.3066980167353349,8
slp48,674,1,1 X,61.95786864931846,0.1874270702611196,31,13.49123070004497,0.4350167302019034,7
slp48,675,1,2 X,66.7835941716136,0.15209547047686064,34,15.832805573147562,0.770033142143895,6
slp48,676,0,1,62.13398085987717,0.13464852736484714,30,15.009005403241947,0.3719062247395168,6
slp48,677,1,1 HA,64.02313093762909,0.1072070943650934,32,16.0427807486631,0.5670374137316061,8
slp48,678,1,2 HA,63.110749185667764,0.16328368220397738,32,13.550135501355014,0.3241398874971525,7
slp48,679,1,1 X,62.81237336215049,0.19303596684379148,32,14.50910849588909,0.4262920230181289,7
slp48,680,0,1,66.81965442764579,0.24740911271450397,34,12.460541618209005,1.991518656703974,6
slp48,681,1,1 X,68.25703254274683,0.20249361903129942,34,14.844136566056408,0.33894542333538,7
slp48,682,1,1 HA,68.08803301237965,0.11349429503103392,34,15.664627778606594,0.6899800647815257,8
slp48,683,1,1 HA,68.22880771881461,0.08310998167595841,34,15.182186234817815,0.36718750886524826,7
slp48,684,1,1 HA,59.256232120964455,0.14303015987881149,30,14.014325755216444,0.9117563027232418,7
slp48,685,0,2,62.89733531719193,0.14403537546747391,32,10.242403550699896,4.515598299229017,5
slp48,686,1,1 H,62.197650310988244,0.11971558888558424,31,15.38198598530166,0.39579399804556037,7
slp48,687,0,1,67.88261108063632,0.19477411276807646,34,15.892636411795866,0.4497431365667394,7
slp48,688,1,2 X,62.18046151720326,0.17664029991923008,31,15.250544662309368,0.391970011347703,8
slp48,689,1,1 X,67.70619614279853,0.24490164439422868,34,15.236160487557134,0.893773274755218,7
slp48,690,0,1,64.61923290717064,0.08819182573771274,32,16.352593054041428,0.41157378389765886,8
slp48,691,1,1 X,58.68861305990286,0.1548570588644337,30,10.924981791697016,2.2402585565063693,6
slp48,692,1,2 X,67.65992345544014,0.06550861963906439,34,17.114914425427873,0.28388212558118164,8
slp48,693,0,1,66.1977658254034,0.13601051200183023,33,15.589814654425776,0.5953751385097934,7
slp48,694,1,1 HA,74.02330363262509,0.15053726826205685,37,15.898251192368841,0.3353465868818906,7
slp48,695,1,2 H,59.94212484497727,0.13683982147742607,30,13.177159590043926,2.394083447909775,7
slp48,696,1,2 HA,61.324611610793134,0.09861764547990387,31,14.758937356510335,0.2224190239665263,7
slp48,697,0,2,67.76789495976281,0.13611983461274113,33,19.396551724137932,0.8490925875440336,7
slp48,698,0,1,63.420621931260236,0.08522832161559343,32,15.060240963855422,0.38725702059485,7
slp48,699,1,1 HA,61.31625562065677,0.14095099227115154,31,13.98384089496582,0.44426218485134306,7
slp48,700,1,2 HA,63.36876533115291,0.10840875359674415,32,15.387245683022739,0.50913477805216,7
slp48,701,1,1 H,65.23511823865182,0.19334150485604482,33,12.758718457612702,2.401506934313444,7
slp48,702,1,2 HA,61.923764964909864,0.162594574188549,31,16.211208893006024,0.6851226018690645,8
slp48,703,0,2,67.11864406779661,0.06415980965830764,34,16.40625,0.4374299710717553,8
slp48,704,1,2 HA,66.76557863501483,0.12405538026920629,34,14.807502467917077,0.6237478122874127,7
slp48,705,1,2 HA,68.3985076689236,0.05747397702347036,34,15.803336259877085,0.24535597721587202,7
slp48,706,0,1,66.50041562759768,0.14653647156936736,33,15.113350125944585,0.6307424196928569,5
slp48,707,0,2,63.611491108071135,0.11696117626538256,32,12.628388617612393,2.240894678471079,6
slp48,708,0,2,66.17951192609955,0.1248183054483596,33,17.068082685378343,0.4037452442100366,7
slp48,709,1,2 HA,65.852654685142,0.16629412008546784,33,16.325049882096863,0.6610513511739377,7
slp48,710,1,1 HA,58.78378378378378,0.15867057686272543,30,15.828350334154061,1.1572327145200985,7
slp48,711,0,2,72.43377483443709,0.22529091578377916,36,16.42635517430188,0.5812878422567906,7
slp48,712,1,1 HA,60.11608623548921,0.11476210206920942,30,16.263100831225152,0.7247350473717197,7
slp48,713,1,1 HA,66.01567872369688,0.2225415340447711,33,16.741071428571427,0.36736176538484056,4
slp48,714,1,2 HA,68.733153638814,0.24242511775033332,35,16.152189519023693,0.72386247926584,7
slp48,715,0,1,63.21370309951062,0.1530665250216586,32,15.930814747382794,0.3118450688062512,8
slp48,716,1,1 X,79.25755317707628,0.14502687411074086,40,17.769002961500494,0.17500349202865123,7
slp48,717,1,1 X,62.61782924858605,0.14599280127079148,32,10.95690284879474,2.1185900972108787,5
slp48,718,1,1 X,61.14961271911944,0.1374516642314672,31,13.99906672888474,1.4100926683496133,7
slp48,719,1,2 HA,65.91595715462785,0.22363125340613726,33,17.51824817518248,0.4875930680393232,5
slp48,720,0,MT,67.47258926061289,0.19614646950684583,33,16.907758782641366,0.9346155478175091,7
slp48,721,1,1 X,64.50270495214315,0.1977286213483323,32,16.375545851528383,0.5537749241945383,7
slp48,722,1,1 X,56.75675675675676,0.11909591401342814,29,15.2372659991293,0.674643972622537,8
slp48,723,0,1,64.00550584996559,0.2406947972679132,32,9.89282769991756,5.434831644126614,5
slp48,724,1,1 X,78.97934386391253,0.2332281983485937,40,17.98869282165496,0.5167831424558377,8
slp48,725,1,1 X,60.93290376803474,0.1355166622783099,30,16.15508885298869,0.3682336214959195,5
slp48,726,1,2 X,58.98305084745763,0.190190042012867,30,7.804370447450572,5.848509781702231,4
slp48,727,0,2,71.32867132867133,0.18824647025645352,35,15.437392795883362,0.9439171338393827,7
slp48,728,1,1 X,60.97560975609756,0.10690806018880583,31,17.10933680951605,0.6253674185335091,8
slp48,729,1,2 X,61.467012703182625,0.14503878408511597,31,17.045454545454547,0.940885904727181,8
slp48,730,0,2,69.7292863002461,0.24359419428198462,35,16.719301504737135,0.4711145178073892,7
slp48,731,1,1 X,67.3927842069435,0.21266341094427513,34,15.263846489315307,0.35416680032010284,8
slp48,732,1,2 X,67.65067650676507,0.188810047825267,34,15.560165975103732,1.0174194808435701,6
slp48,733,0,2,62.76150627615062,0.14035003859398593,31,14.09112259276656,0.641409905338752,7
slp48,734,1,1 X,62.643136198302564,0.2062803321750468,32,8.152173913043478,3.8846789657147562,4
slp48,735,0,2,70.53941908713693,0.2030679569890566,35,19.25192519251925,0.4801353550652915,8
slp48,736,1,1 X,59.42275042444821,0.18212532128471653,29,16.25428932635001,0.23471306359515268,7
slp48,737,1,1 X,70.35453165953925,0.09776697102210628,35,16.54324877895069,0.67941391309431,8
slp48,738,0,1,62.56082302238287,0.13765147615949816,31,16.778523489932883,0.5211003742082709,6
slp48,739,1,1 X,54.79637396833988,0.07854674545040345,28,14.79046836483155,0.6791579754045121,7
slp48,740,0,2,66.95494490165993,0.1317440107746838,33,17.042687875344914,0.1792738186150347,8
slp48,741,1,1 X,73.26007326007327,0.16190635153281255,37,13.23918799646955,1.0763345204907253,5
slp48,742,1,1 X,62.292358803986716,0.16678736962572036,31,17.297047970479703,0.4213380590452278,6
slp48,743,0,2,62.15469613259669,0.06244215100572867,31,16.163793103448274,0.20057251390291075,7
slp48,744,1,2 X,70.7261215142126,0.11163356967127326,36,17.3754757570743,0.613205961337957,8
slp48,745,0,1,69.55810147299509,0.13113399470569811,35,14.801240484916832,0.9868804695729313,8
slp48,746,1,1 X,58.85536463266135,0.07916616579936266,30,15.828350334154063,0.36632711550683156,7
slp48,747,0,2,61.39991813344248,0.18000933309137057,31,17.98561151079137,0.6047280380468564,4
slp48,748,1,2 X,75.0625521267723,0.24544109951948417,37,16.343429941163652,0.481008274357105,6
slp48,749,0,1,56.4538611653192,0.0918150463893812,28,16.236276480593784,0.30663093551082693,8
slp48,750,0,1,70.90761750405187,0.19754225381121965,36,15.933232169954476,1.6659039343153454,8
slp48,751,1,1 X,59.60537133461222,0.15492743880951526,30,14.701078079059128,0.46161263221690785,7
slp48,752,1,1 X,66.99147381242388,0.14170345009418453,34,16.894609814963797,0.3983877713064629,8
slp48,753,0,2,66.54120177443205,0.22019942543184398,34,9.51927653498334,3.455390426565426,5
slp48,754,1,1 X,70.16095749071398,0.23221851658807657,35,16.942771084337352,0.4037402905609275,7
slp48,755,0,1,59.393773894046966,0.08049903803680743,30,16.826923076923077,0.1372023680404911,8
slp48,756,1,2 X,69.84619726259348,0.20339430057395602,34,19.475460919241755,1.104415573957557,6
slp48,757,0,2,62.51680559290131,0.08320629928926773,32,14.636526264433241,0.27236658303755906,7
slp48,758,1,1 X,71.64301310043668,0.09042925298772721,36,17.27826230047721,0.18128971063927887,8
slp48,759,0,2,58.60192549183759,0.10686430457284007,29,15.34056044180814,0.3019022358314028,6
slp03,0,1,2 HA,71.95723684210525,0.09096482388084676,36,17.18213058419244,0.3329727573584017,8
slp03,1,1,2 HA,76.59231389411448,0.15325665110537043,39,23.973150071919452,0.7945958469561742,11
slp03,2,1,2 HA,68.92230576441102,0.13001004411293743,34,16.926838442730862,0.5458762578541851,7
slp03,3,1,2 HA HA,69.33115823817292,0.15764407372064057,35,17.9609989736572,0.42551443055699634,8
slp03,4,1,2 HA,68.06930693069306,0.1179864118804778,34,17.508024511234314,0.36912734929831453,9
slp03,5,1,2 HA,63.891178895300904,0.1531592792758697,32,16.087023134671362,0.3447755851008488,8
slp03,6,1,2 HA,73.55946056395588,0.19448935989177177,37,15.892235507794764,1.0366659273353007,8
slp03,7,1,2 HA,70.17061089708311,0.15748929770855402,35,16.40625,1.1198300162552004,8
slp03,8,1,2 HA,72.15503023639363,0.14371009366223433,36,18.06140878988561,0.43535732450482556,9
slp03,9,1,2 H,68.7118267629095,0.058684445089823074,34,17.71479185119575,0.4693516805125982,9
slp03,10,1,2 H,66.69361358124496,0.14388333198512085,34,16.5406427221172,0.21895782838767117,8
slp03,11,1,2 HA,70.41281237056468,0.15844385992333324,35,17.436791630340018,0.5076681987282637,9
slp03,12,1,2 HA,87.93969849246231,0.21939161395119197,43,19.49317738791423,0.6211022460110736,9
slp03,13,1,W HA,92.71701155603333,0.15241570852165728,47,17.43425831759407,0.7161255127420052,9
slp03,14,1,1 HA,69.76744186046511,0.1128914106043294,35,15.951790145338531,0.8236428567987192,7
slp03,15,1,W HA,76.57402155416904,0.1045233744311249,37,19.8873052701359,0.5256453176810386,9
slp03,16,1,1 HA,66.76557863501483,0.12778264373694906,34,19.100169779286926,0.5331366303928727,10
slp03,17,1,1 HA HA,65.62756357670222,0.1353068272482952,33,15.56016597510373,1.206608470051491,8
slp03,18,0,1,67.73399014778325,0.10418208260583081,34,15.892235507794764,0.6765810810122268,8
slp03,19,1,1 HA,66.87099470604625,0.11142009468673056,33,17.349636483807007,0.49983703466678997,8
slp03,20,1,W HA,81.94482381862879,0.11779626479646967,41,17.3754757570743,0.8748229908422175,8
slp03,21,0,1,79.59183673469389,0.10471880257820097,40,15.108275977841195,0.36303473969060057,7
slp03,22,1,1 X,73.19056654920033,0.0850199686057834,37,15.998781045253697,1.8811411213323008,8
slp03,23,1,W HA,71.23899986031569,0.07830673429966419,35,17.61449421238047,0.7606098519864015,8
slp03,24,0,W,85.30805687203791,0.10940851073944029,43,18.00102863020744,0.8538014872274682,8
slp03,25,1,1 HA,69.05890318212593,0.10576235029765758,35,17.790579464588273,0.6555727827399394,8
slp03,26,1,1 HA,68.56905388557973,0.09451390304926119,34,16.856638304703804,0.5125908580486995,8
slp03,27,1,1 HA,66.08811748998664,0.11787814909852633,34,17.030939540164635,0.6513516715262193,9
slp03,28,1,1 HA,67.68189509306261,0.12617349166920921,33,16.486104569006123,0.620154556114351,8
slp03,29,1,1 HA,65.00541711809318,0.11803812943282353,33,16.88374336710082,0.6875874415635573,8
slp03,30,1,1 HA,70.0339558573854,0.19740241512864676,34,17.30674138783583,0.6055881270235047,8
slp03,31,1,2 HA,69.27465362673188,0.14340476747877018,35,19.47103683271134,0.7445614481021696,9
slp03,32,1,2 H,68.03188565145685,0.06310066003301701,34,16.306879950302843,0.24064132001374824,8
slp03,33,1,2 HA,67.84539473684211,0.11388186813451545,34,17.0316301703163,0.5908510637985149,8
slp03,34,1,1 HA,72.992700729927,0.1452828658552381,37,16.426783479349186,0.5473569890568565,8
slp03,35,1,1 X,64.3598615916955,0.16257900664816943,32,15.231003553900829,2.559541017882351,7
slp03,36,0,1,67.2554347826087,0.15475802374572467,34,18.13236627379873,0.5163400042607584,9
slp03,37,1,1 HA HA,68.75954993749131,0.17379366717791486,34,16.706111652512877,0.812993081151371,9
slp03,38,1,1 HA,66.66666666666667,0.17506570195215285,33,17.44693224774644,0.24520807490782193,9
slp03,39,1,1 HA,65.54690700532569,0.13361927022327283,33,17.623363544813696,0.4733946879848199,8
slp03,40,1,1 HA,62.28373702422145,0.1336306684693134,31,18.35985312117503,0.4644234520964062,8
slp03,41,1,2 HA,61.4838092635606,0.08677623842709224,31,16.910935738444195,0.3956506395438134,8
slp03,42,1,2 HA HA,67.45362563237774,0.18460430655864993,33,18.026137899954936,0.8833469024115045,9
slp03,43,1,2 HA,64.51612903225806,0.10004498987955371,33,16.218721037998144,0.40634076380118533,8
slp03,44,1,2 HA,67.23716381418093,0.1347369644410058,34,18.091361374943464,0.805983715716391,9
slp03,45,1,2 HA,63.08706014299734,0.1403716337283126,31,14.76959432847578,0.7566350771673225,6
slp03,46,1,2 X,63.093622795115344,0.12107888227767395,32,18.18181818181818,1.316553075268901,7
slp03,47,1,2 X,63.56801093643199,0.13822649527437808,32,17.73049645390071,1.022622119846818,9
slp03,48,1,2 HA X,68.8360450563204,0.11816932334881271,34,19.178860633612725,0.5109936096819632,10
slp03,49,1,2 HA,64.90872210953347,0.11409364300871457,33,16.990291262135923,1.0472765847176948,8
slp03,50,1,2 HA,60.329802922643786,0.1313214207795345,31,17.303889255108768,0.35925910154207136,8
slp03,51,1,2 HA,64.43120410142718,0.1191384961694201,32,17.658930373360242,0.396071319077661,8
slp03,52,1,2 HA,61.52584085315833,0.11859353551803178,31,16.87017994858612,0.27875993621899176,8
slp03,53,1,2 HA H,69.13379422529484,0.1479824641252514,35,16.853932584269664,0.39604905901019016,8
slp03,54,1,2 HA,66.6851903306474,0.1179531156858521,33,15.022533800701051,0.889478498896966,7
slp03,55,1,2 X,63.89995877422013,0.19394703032611893,32,19.484736956051094,0.6241940581439575,7
slp03,56,1,2 X,65.16255605381166,0.17672408048805807,32,19.751280175566936,0.9247877567646149,10
slp03,57,1,2 HA,65.60962274466922,0.11025311786974552,33,17.39562624254473,0.5191585027912075,8
slp03,58,1,2 H,62.63048016701461,0.08005831208146558,31,19.496344435418358,0.5897217564241631,9
slp03,59,1,2 H,64.81231433972455,0.14897965465123084,33,15.564779128372372,0.4370431258783864,8
slp03,60,0,2,66.01567872369687,0.06628525005610222,33,15.959872321021432,0.2632928066636389,8
slp03,61,0,2,67.50105470397975,0.06938828701589342,33,15.77287066246057,0.22423457105705807,8
slp03,62,1,2 HA,67.92918896665294,0.1110149519624661,34,15.72798082684242,0.4885416866469397,8
slp03,63,1,2 HA,67.99450549450549,0.15852636341363968,34,16.480929210485012,0.6195129093876568,8
slp03,64,1,2 H,67.76180698151951,0.06628363795958264,34,18.368284096127354,0.7564018442600468,9
slp03,65,1,2 HA,66.58595641646488,0.1658514054967101,34,11.055424528301884,5.10477385982964,6
slp03,66,1,2 X H,62.206248272048654,0.13754314070703622,31,17.733116595241615,0.4301043478041114,9
slp03,67,1,2 H,65.52006552006551,0.06794069104741284,33,16.11170784103115,0.4869543833138495,8
slp03,68,0,2,64.64618378979564,0.06281552198532846,32,15.95259799453054,0.43142667927683453,8
slp03,69,1,2 HA,70.14165864392794,0.056336237239432124,35,16.33478531425016,0.3520760585731556,8
slp03,70,0,2,66.25258799171843,0.16438631139787768,33,17.436791630340018,0.7222374955649976,9
slp03,71,1,2 H,64.75421250522211,0.061201293573482904,32,22.779043280182236,0.9306776026100553,11
slp03,72,1,2 HA,65.43075245365323,0.10223013254417702,33,19.135704034444267,1.0549946682329725,9
slp03,73,1,2 HA,69.30831699803976,0.19450395101517665,34,18.987341772151897,0.8571114279952169,9
slp03,74,0,2,62.837837837837846,0.07093254259037293,32,21.303035682584767,0.884645550489008,9
slp03,75,1,2 HA,63.829787234042556,0.08824599049650741,32,16.480498077275225,0.5855660129785161,7
slp03,76,1,2 HA,65.92501030078287,0.08668900953984883,33,17.020586804992707,0.44137817557911835,8
slp03,77,1,2 HA,64.55643481882548,0.11159626950452109,32,22.02283849918434,0.6525204315423747,10
slp03,78,1,2 HA,68.20060622761092,0.08412942061077605,34,16.897328612809783,0.5832900353221564,8
slp03,79,1,2 HA,65.20853144953132,0.0977623873225281,33,16.598166297818526,0.27639073199854913,8
slp03,80,1,2 HA,66.7295767053114,0.11535981160728356,34,16.797312430011196,1.0223521898054506,9
slp03,81,1,2 HA,66.2708822311197,0.12036448552210076,33,18.387986515476555,0.8511045764181978,9
slp03,82,1,2 HA,63.86485372888339,0.09714766643977112,32,17.151257758902318,0.5426995259903993,8
slp03,83,1,2 H,62.90584415584415,0.07683976597957627,32,18.764659890539484,0.62263612969374,9
slp03,84,1,2 H,64.13793103448278,0.07844121323260309,32,18.21335646140503,0.8631314606520533,8
slp03,85,1,2 HA,70.14165864392794,0.231419420310582,35,20.833333333333332,0.7797207477324457,10
slp03,86,1,2 X,67.60447965036876,0.15193541714344552,34,15.146415348367553,1.5771225556549358,7
slp03,87,1,2 HA,66.75010429703796,0.09506962908836872,33,17.57616337462337,0.5136840925498624,8
slp03,88,0,R,58.4388479198553,0.06268336367516229,29,17.806796260572785,1.0783838602278875,9
slp03,89,1,W X,74.20640373780404,0.22481825307029732,37,14.039685511044553,2.394845932414025,6
slp03,90,1,1 HA,72.9631130928253,0.0644592894779333,37,16.687857596948508,0.8260651750736062,8
slp03,91,1,1 H,62.61305134270211,0.08638322882494164,31,22.414823670053796,0.6233606981515598,11
slp03,92,1,R X,69.31802268589833,0.2112564189884417,34,23.936170212765962,0.5139269295229516,4
slp03,93,0,R,68.40128755364809,0.04650140452542667,35,25.636156475503228,0.564050256057051,10
slp03,94,1,R X,73.0025686088955,0.16044240534253643,37,23.68171771392485,0.2854845705112624,6
slp03,95,1,R X,65.49295774647887,0.2300372679393471,32,22.874571101791844,0.5278740380052802,5
slp03,96,0,R,59.32087822173736,0.06687280061837239,30,17.647058823529413,1.9932425843333772,9
slp03,97,1,1 X,72.1947194719472,0.2102821738832401,36,22.488755622188904,1.13983297021976,6
slp03,98,1,R X,64.90787269681744,0.17783894080252738,32,26.78571428571429,0.16169106345126183,4
slp03,99,0,R,61.88969880346581,0.08084542177651265,31,19.41433425012134,0.979211800378243,9
slp03,100,1,R X,67.86399780641624,0.22666485171854805,34,21.228417775261814,0.8525372953718798,6
slp03,101,0,R,57.37704918032787,0.06040273003696413,29,28.244788164088767,0.5462337841426284,15
slp03,102,1,1 X,70.2153270028086,0.19317044604309894,36,24.760647078243643,0.5492942380910252,6
slp03,103,1,R X,68.68322464270848,0.209731578857073,34,21.261516654854713,0.32323984902855024,5
slp03,104,0,R,62.232056423731144,0.07514241293851445,31,9.124087591240874,0.7879999999999998,3
slp03,105,1,R X H,75.79896203223163,0.19148079298789336,38,12.968299711815561,2.405026587979619,7
slp03,106,1,R HA,70.78417765440665,0.08068744430095719,35,17.165277096615988,1.198817376434299,8
slp03,107,1,R H,69.88215949575226,0.1343774573284607,35,17.921146953405017,0.9820794265231301,9
slp03,108,1,R HA,67.83609702617515,0.25661433404449224,34,22.920203735144316,0.6698911649212177,10
slp03,109,1,R H,64.80836236933798,0.0828638289721461,32,21.246458923512744,0.980967323048474,10
slp03,110,1,R H,64.06723615321026,0.05415144293656803,32,18.945374171139882,0.4250258815648761,9
slp03,111,1,R X,62.931384490458775,0.08641713323012286,32,6.882838788620372,4.8321880022293096,4
slp03,112,1,1 X,77.91142700929471,0.15191337377003353,39,15.424164524421597,1.751326735173461,7
slp03,113,1,1 HA,72.98762685944668,0.08441731131100773,36,18.031942297784646,1.0701442969649142,8
slp03,114,1,R H X,69.2276367585177,0.19295039432786937,35,21.949881104810682,0.7051409433581346,9
slp03,115,1,1 HA,74.6474979264584,0.11809956042610618,37,19.27607624759049,0.20314089254067533,7
slp03,116,1,R X,67.63219018991667,0.11402395314864203,34,25.34640081108483,0.38987095300881286,11
slp03,117,1,R H,64.48481486617666,0.07338226854021497,32,15.408320493066258,1.2717730405487713,7
slp03,118,1,1 X,72.5338491295938,0.14788041500772556,36,18.48266150325647,0.8143396473367176,8
slp03,119,0,R,68.1536555142503,0.1951543007518112,34,16.268980477223426,2.477948460204241,8
slp03,120,1,R X H,66.67564655172413,0.1065491087731331,34,17.5284837861525,1.4160914518490675,9
slp03,121,1,R X,69.94489190334887,0.13128028182744814,34,15.26562181966212,2.1656438857762375,6
slp03,122,1,1 CAA,79.72199509403107,0.04402832152884033,40,16.055045871559635,0.6894294594748884,8
slp03,123,1,1 X,72.44432519452643,0.14437588116346994,37,16.73840267814443,1.5360482560446986,8
slp03,124,1,1 X,67.22689075630252,0.1504684352281235,33,15.174506828528072,1.8334401181022157,7
slp03,125,1,R X OA,61.45861786397159,0.0749679635281335,31,21.843599825251207,0.707192873267258,11
slp03,126,0,R,70.32542746828462,0.15961580169973502,35,16.619183285849953,1.8857321211277756,8
slp03,127,1,R X X,68.40796019900498,0.1468448704516485,34,14.763779527559056,2.8036385882159154,7
slp03,128,1,1 HA,71.5356315574329,0.07739041758960781,36,18.679950186799502,0.6117613913937361,9
slp03,129,1,R X,61.42506142506142,0.1171319483887011,31,20.170327207530256,1.0071230753432716,10
slp03,130,1,1 X,70.57846664821477,0.20833962158906652,35,16.25638643752903,1.372141957313604,8
slp03,131,0,R,65.7264138025469,0.15536645189679787,33,13.936203158872715,3.0567456914539397,7
slp03,132,1,1 HA,74.58563535911601,0.18415398816757864,37,16.880011253340836,1.0528493481975474,9
slp03,133,1,1 HA,75.22363784223367,0.13882739650008555,38,16.64025356576862,1.1386324773022007,8
slp03,134,1,R HA,66.52806652806653,0.13829311036707506,33,17.9265013444876,0.8082889334885143,9
slp03,135,1,1 H,67.9198682766191,0.2018126853378376,34,14.838892029395138,1.4004283892685796,8
slp03,136,1,R HA,71.36060894386299,0.15619123809337981,36,22.38805970149254,0.429590502688316,9
slp03,137,1,R HA,70.39337474120082,0.24035731763024878,35,22.055580061755624,0.7880638552807762,11
slp03,138,0,R,71.52588555858311,0.2630799056079614,36,13.11379863033659,3.8899421875167013,7
slp03,139,1,R X CA,67.07317073170732,0.1826135331221069,34,12.470901230462253,2.661248308595048,6
slp03,140,1,1 HA,67.56756756756756,0.1431185141444289,34,23.346303501945528,0.3988332985095402,9
slp03,141,1,1 HA,71.94244604316546,0.16573614750028218,35,20.686484829911127,0.6586894582951329,10
slp03,142,1,1 H,68.75168509032083,0.12065496001890112,35,23.60717658168083,0.8207395689254905,11
slp03,143,1,1 HA,69.81519507186859,0.16985012730034862,35,18.331005586592177,1.0499735273630784,8
slp03,144,0,1,66.28918657643972,0.13388141908046838,33,19.929140832595216,0.7334618069280924,10
slp03,145,1,1 HA,71.88826509653568,0.25504992068380716,36,14.608018178867068,2.54150025684743,7
slp03,146,1,2 H,62.91946308724832,0.046574384948524374,31,21.47458840372226,0.6634533894705791,11
slp03,147,1,2 HA,69.43498978897209,0.16624145527902237,35,20.165162281544074,0.8279749577204886,8
slp03,148,1,2 CA,69.87258528565556,0.12411653191581568,35,20.040080160320638,0.6503845016603639,9
slp03,149,0,2,70.54555227089493,0.1695144951962299,36,22.17112826408277,0.7672128167417691,10
slp03,150,1,1 HA,70.76453448036631,0.22328980966525547,35,16.035430665852168,1.0809960637282259,8
slp03,151,1,2 HA,61.37479541734861,0.080250275181252,31,20.208824520040416,0.5331632020310478,9
slp03,152,1,2 HA,71.60392798690673,0.1809470234795877,36,19.47770884432261,0.8948314690625779,10
slp03,153,1,2 H,70.58823529411765,0.07497921280555817,35,19.551049963794355,0.2569480900642273,10
slp03,154,1,2 HA H,65.52901023890786,0.13824022343370254,33,16.50943396226415,0.6273385311401343,8
slp03,155,1,2 HA,70.84317266286986,0.09888464496766233,35,19.49634443541836,0.8538757228074821,9
slp03,156,1,1 HA,65.27060103345119,0.16387323606983542,33,15.491295367365005,0.8122088803418258,8
slp03,157,1,2 HA,66.63890045814244,0.058748271251161076,33,19.083969465648853,0.20719073338351798,9
slp03,158,0,2,69.60556844547564,0.12131146107534645,35,19.03284928803045,0.5037016557692572,10
slp03,159,1,1 HA H,66.24344465912228,0.08288508611324477,33,15.359859566998244,0.3222269449962752,8
slp03,160,1,2 HA,73.17073170731707,0.0772585845643634,37,17.596782302664657,0.7412602616559208,8
slp03,161,0,2,68.52075775896816,0.13138311341778092,35,18.94205135400589,0.47431239380136403,10
slp03,162,1,1 HA,75.38740751081949,0.08310360928710142,37,15.441176470588234,0.3468971499638779,8
slp03,163,1,1 HA,81.02633355840648,0.13253282612243655,41,18.93043066729768,0.5038727517935455,9
slp03,164,0,W,119.54612994731869,0.16843745456050496,60,22.277227722772277,0.6828827782927966,10
slp03,165,0,W,116.71585725784814,0.17999423956960453,59,22.563176895306857,0.3316373923429021,11
slp03,166,0,W,96.61835748792271,0.18220409801465318,49,21.192427239333142,0.7200595530926591,11
slp03,167,0,W,89.99181892555222,0.15135935019866456,45,19.817968291250736,0.9904565850725514,10
slp03,168,0,W,89.11693221712127,0.07723763909236209,45,18.226002430133658,0.33712905540756943,9
slp03,169,0,W,83.548430919712,0.13727692520570303,42,21.06741573033708,0.2895845299735467,11
slp03,170,0,W,134.67555434634744,0.15546725684931145,67,26.42007926023778,0.5559139621680079,13
slp03,171,0,W,127.6854479124443,0.16519173220843308,64,26.04543481406453,0.5258959550667371,13
slp03,172,0,W,104.10996189439302,0.17934931303498414,52,19.083969465648853,1.1040821225494657,10
slp03,173,0,W,137.11520365640547,0.1575580411536648,69,19.582245430809397,1.7618868673479955,10
slp03,174,0,W,110.87219459750035,0.15207973550218062,56,16.362786348761105,3.3754398413316413,8
slp03,175,0,W,91.48936170212765,0.35692219566565003,44,27.35146634250114,0.5123500322587631,13
slp03,176,0,W,77.858216090698,0.8472028409652627,39,28.04544800805407,0.4593636967775749,14
slp03,177,0,W,72.36388697450035,0.616048659620657,36,28.739564800875872,0.5335519024922142,15
slp03,178,0,W,144.57831325301208,0.08264179733444008,73,30.211480362537763,0.18712104562097154,15
slp03,179,0,W,44.81728338313032,1.8321735790226423,14,24.858444966164896,1.2828691368265985,13
slp03,180,0,W,73.2745036243303,0.5962612058471817,32,28.425655976676385,0.47927479733546047,14
slp03,181,0,W,95.70765661252901,0.41005929827181525,45,29.498525073746308,0.46197773601270936,15
slp03,182,0,W,91.82334936598163,0.36058452168515437,43,29.635901778154107,0.40940893183880067,15
slp03,183,0,W,102.68346111719605,0.18865899819515633,51,27.92096219931272,0.32977438943767917,14
slp03,184,0,W,119.21074266922443,0.1658684779032775,59,29.897494305239174,0.7094004367011884,15
slp03,185,0,W,139.7893030794165,0.09837710196126007,70,27.663498368562912,0.4730448769633826,14
slp03,186,0,W,146.527498996387,0.09294336316200388,74,29.745042492917843,0.5137257268708465,15
slp03,187,0,W,61.80932758943623,0.8707041132856569,23,34.78260869565217,0.2320969624962808,17
slp03,188,0,W,89.35993349958439,0.4851449700539332,44,26.52519893899204,0.5268636762326032,13
slp03,189,0,W,123.93336042259243,0.16995269114242353,62,29.243837905584176,0.5127103649891885,15
slp03,190,0,W,103.43428880475933,0.25131808164603936,52,30.413625304136254,0.3281697121917256,16
slp03,191,0,W,77.61437908496731,0.9241948685881424,39,31.712473572938688,0.2815992424232234,16
slp03,192,0,W,66.64815329075257,0.9481924580484703,33,26.395776675731884,0.5975418516412134,12
slp03,193,0,W,73.08160779537148,0.049074772881118195,37,16.332244517032198,2.412161432307175,8
slp03,194,0,W,73.56031946195881,0.02162266384691613,36,22.374701670644388,0.2789075832601186,11
slp03,195,0,W,83.95904436860069,0.12548321354989223,42,25.15243902439024,0.3669680104057532,12
slp03,196,0,W,87.74316419534756,0.11240774114987118,44,17.85980056556035,1.2116359808127193,9
slp03,197,0,W,81.24576844955993,0.08951731676050172,41,20.657600275434675,0.4176287226712262,9
slp03,198,0,W,91.94932570494484,0.2100101161584577,46,16.685205784204673,0.6995827327771891,9
slp03,199,0,W,77.9647107098892,0.1199387193482237,39,14.977533699450825,0.24444494949442774,7
slp03,200,0,W,73.79065318393003,0.021573875376608414,37,16.14391143911439,0.156540142859685,8
slp03,201,0,W,74.27785419532324,0.035149767749439044,37,16.01993592025632,0.33070161105678864,7
slp03,202,0,W,73.449401523395,0.03190417751972108,37,15.057721264848585,0.3601141794240018,7
slp03,203,0,1,72.55389718076285,0.019996407840675072,36,15.425297487880123,0.2147355278913471,8
slp03,204,1,1 H,73.70001364815069,0.025811041756256353,37,16.284119106699755,0.27149051924665124,8
slp03,205,1,1 H,76.06907894736841,0.03946493853112097,38,16.074709124311084,0.5030168577529718,8
slp03,206,0,1,73.27995657484055,0.016834341737305736,37,15.553251370167384,0.16890717170404929,8
slp03,207,0,1,73.82091592617908,0.031634291442384596,37,16.786570743405274,0.13374358653324472,8
slp03,208,0,1,78.17857632697847,0.037039620921461125,39,14.621918952792091,0.8555096821933288,8
slp03,209,0,1,76.85047863017392,0.03612673904794381,39,16.03298213467705,0.11643970148378359,8
slp03,210,0,1,75.08116883116884,0.03432291974142545,38,17.039922103213243,0.19268584985590892,8
slp03,211,0,2,73.28308207705193,0.029483499363099294,36,17.89442290486132,0.16518777194453588,9
slp03,212,0,2,72.972972972973,0.02882043170999727,37,17.086715079026057,0.23049023840501356,9
slp03,213,0,2,73.23197098619055,0.032248828486869247,36,16.251354279523294,0.3227878560293122,8
slp03,214,0,2,71.57464212678937,0.035227076784421246,36,16.997167138810198,0.16783325057925802,9
slp03,215,0,2,73.7503414367659,0.10675528726027902,37,16.574585635359117,0.30267379895099694,8
slp03,216,0,2,71.42857142857143,0.04480816252170389,36,16.5719696969697,0.16754262327015448,8
slp03,217,0,2,71.31214343928282,0.030909162501281277,36,16.638935108153078,0.16150541786577935,9
slp03,218,0,2,74.16563658838072,0.02968538735172949,37,17.450556755858397,0.19061233229906666,8
slp03,219,0,2,70.76453448036631,0.028092038547563362,35,16.577202399747392,0.1235184857684493,8
slp03,220,0,2,70.8024275118004,0.03197345838060572,36,17.407161803713528,0.21525495087814128,8
slp03,221,0,2,70.91212458286986,0.03293109089302759,35,16.587677725118485,0.20347511506073548,8
slp03,222,0,2,73.07171853856563,0.037672402054331616,37,16.574585635359117,0.17719077692862972,8
slp03,223,0,2,70.78417765440666,0.04715299401194645,35,15.841882920941458,0.22509354064658607,8
slp03,224,0,2,72.36388697450035,0.03663030974257157,36,15.810871856648095,0.17415545483555636,8
slp03,225,0,2,73.39948348511622,0.025089223499392483,37,17.59088624560228,0.18599802500597273,8
slp03,226,0,2,73.8209159261791,0.10392227627497792,37,15.933232169954477,0.11798028199142215,8
slp03,227,0,2,71.83908045977012,0.029328484447717358,36,16.5693545841881,0.1926027952411228,8
slp03,228,0,2,72.83573806881243,0.05869392069482675,36,16.236276480593784,0.21444337057524865,8
slp03,229,0,2,73.62967002999726,0.030001646045377205,37,16.304347826086957,0.13625186761498512,8
slp03,230,0,2,70.49067035245336,0.03923719018260108,35,16.241299303944317,0.13204081001797913,8
slp03,231,0,2,71.14785201246781,0.04464960177622539,36,16.028087314913755,0.19060719304584575,8
slp03,232,0,2,71.64301310043668,0.03380732923796379,36,16.037879945012982,0.19775556959570686,8
slp03,233,0,2,71.66257166257166,0.04164361920400487,36,16.203703703703706,0.18361094627455285,8
slp03,234,0,2,71.55886067068893,0.02435066769723241,35,16.223733003708283,0.14704490498358877,8
slp03,235,0,2,70.24793388429752,0.03229620693980893,35,15.425297487880128,0.2464361489518208,8
slp03,236,0,2,73.31975560081467,0.10953386082242636,37,15.638963360142986,0.17353374076436393,8
slp03,237,0,2,72.41379310344827,0.03885378136720558,36,15.4320987654321,0.21670256112930467,7
slp03,238,0,2,70.92677654687922,0.04556059880275178,36,14.942719574962643,0.1706054577738421,7
slp03,239,0,2,71.95723684210526,0.037891186848874575,36,15.66696508504924,0.2261110436967479,8
slp03,240,0,3,72.88432986907816,0.028123844283524782,37,17.63224181360202,0.8571413333319788,8
slp03,241,0,3,72.8862973760933,0.02613022333292562,36,15.397775876817793,0.236004708050967,7
slp03,242,0,3,70.85976515049265,0.0375692449120994,36,15.97201095223608,0.1895610396550463,8
slp03,243,0,3,71.67235494880546,0.04411487786427149,36,15.904271432899122,0.23686937759198914,8
slp03,244,0,3,71.84891200218968,0.04894391625907667,36,15.463917525773196,0.1629162799897981,8
slp03,245,0,3,71.3121434392828,0.030069524880360382,36,16.226240148354194,0.1658757833748015,8
slp03,246,0,3,72.48377744028717,0.04054421622608771,36,16.045232273838632,0.23061090120612687,8
slp03,247,0,3,72.21182134260496,0.03688554201684642,37,15.90668080593849,0.10456986727952333,8
slp03,248,0,3,71.63927517909818,0.031970791167709206,35,16.183723797780516,0.1003406442971101,8
slp03,249,0,3,72.4734934908066,0.02187816996431954,37,15.362106803218728,0.14667136665320324,8
slp03,250,0,3,71.79054054054055,0.031940255647002064,35,16.10429447852761,0.2680115745292219,8
slp03,251,0,3,73.81082558775287,0.03737035201702738,37,16.138948662772826,0.25308932036265896,8
slp03,252,0,3,71.87842278203725,0.035012114521481084,36,15.24390243902439,0.14809006268709143,7
slp03,253,0,3,70.96512570965126,0.023187892688792122,36,15.76813335335636,0.2904476488710037,8
slp03,254,1,3 H H,73.87140902872777,0.027112021842626576,37,16.047684548372306,0.21073709319666425,8
slp03,255,1,2 H,72.14511474508726,0.035473888068463494,36,15.516477020836414,0.2241195016512577,8
slp03,256,1,2 H H,72.87617990005553,0.030047363971447683,36,16.193707587908698,0.2893280039635828,8
slp03,257,1,2 H,73.39948348511622,0.032002121843233054,37,15.427563914193358,0.06705952275282567,8
slp03,258,0,2,70.56451612903227,0.02995288817800518,36,15.870616686819831,0.193924033096068,8
slp03,259,0,2,71.91780821917807,0.029784532350650372,36,15.933232169954477,0.30495981669052463,8
slp03,260,1,2 H,71.5258855585831,0.035399066054784836,36,15.067805123053743,0.5841084374212263,7
slp03,261,1,2 H H,74.3289745354439,0.04648363577713911,37,18.572018159306644,0.2691286350840843,10
slp03,262,0,3,77.75201200381939,0.028718328333513236,39,18.80288310874334,0.14711560080426542,9
slp03,263,0,3,77.39307535641547,0.03601000168851215,39,15.231003553900829,0.3982589888781195,7
slp03,264,0,3,75.45887151597555,0.037903263898652936,38,15.062401377133838,0.2628844706291324,8
slp03,265,0,3,70.46145344017684,0.06893314548686141,35,13.88674587255053,0.4471385567012633,7
slp03,266,0,3,72.46376811594203,0.04654951281009439,36,14.19782300047326,0.5958422610053771,7
slp03,267,0,3,70.68803016022619,0.031245388231133986,36,15.519917227108124,0.22507776433934998,7
slp03,268,1,3 H,69.20173353837552,0.04738014214420576,34,15.285326086956523,0.23469318032036826,7
slp03,269,1,3 H,70.76425394257987,0.02642052387127578,36,15.286067841024895,0.2892331874711023,8
slp03,270,1,3 H H,72.0164609053498,0.03396228400290353,36,16.357688113413303,0.22234079376360183,8
slp03,271,0,3,69.46393488633174,0.04583966147148143,34,16.246325235958537,0.10779269597761452,8
slp03,272,0,3,71.96710075394107,0.02838568193254321,36,15.052684395383846,0.16071092059969055,7
slp03,273,0,3,70.70707070707071,0.04112856894755117,36,15.581717451523545,0.16861263956839695,7
slp03,274,0,3,72.27422907488986,0.027882903839640004,36,15.138408304498272,0.18170530076618727,8
slp03,275,0,3,70.22858716606994,0.032743101970393686,35,15.269765863590091,0.16420583289139126,7
slp03,276,0,3,71.78996307944756,0.0644976569737385,36,16.736401673640167,0.4963416162281782,9
slp03,277,0,3,72.45376759591498,0.037638712159972,36,15.748031496062993,0.2924266289744033,7
slp03,278,0,3,71.44801306477954,0.046440798390015206,36,13.604208235080717,0.661627568954015,6
slp03,279,0,3,73.03839732888147,0.03864074195425741,36,15.92920353982301,0.3794850311789502,7
slp03,280,0,3,72.56113947863477,0.03611846079052293,37,14.97219449593612,0.23397610204149188,8
slp03,281,0,3,71.57894736842105,0.03172219377430683,35,14.093329157532104,0.10907286045982709,7
slp03,282,0,3,73.25013564839932,0.02594200559557774,37,15.485203028217482,0.16286872696199892,7
slp03,283,0,3,71.62346521145975,0.02701594389411177,36,15.277171540811874,0.2146031933878078,8
slp03,284,0,3,70.93184979137692,0.03285956276416201,35,15.261627906976742,0.21940624886455784,8
slp03,285,0,3,72.55139056831922,0.023802427513922916,37,14.880952380952381,0.04072673159813664,7
slp03,286,0,3,71.63927517909819,0.0310902247679969,35,15.138408304498272,0.31675085168128003,8
slp03,287,0,3,72.93354943273906,0.03849386675533879,37,15.03006012024048,0.3779664888143745,7
slp03,288,0,3,73.79065318393003,0.04107024996391871,37,15.873015873015872,0.2762193745144298,8
slp03,289,0,3,72.6643598615917,0.03549854840377997,36,15.16902629297891,0.10959517343759409,8
slp03,290,0,3,73.39948348511622,0.026535557323507163,37,15.238740264138166,0.10123679612121715,7
slp03,291,0,3,71.38001359619307,0.026638624711696583,36,15.272727272727273,0.27316078841321756,8
slp03,292,0,3,71.4085690282834,0.028432643649746937,35,15.567086730911786,0.2048314389134316,8
slp03,293,0,3,71.43829092393523,0.03624028652407344,36,14.930325149303249,0.1900970512367009,7
slp03,294,0,3,71.84891200218969,0.02805848120171401,36,15.127503241607839,0.2396555351128033,8
slp03,295,0,3,72.07578253706755,0.03611754054048915,36,15.264586160108548,0.17326152358661603,7
slp03,296,0,3,73.45939327982587,0.028060560609659845,37,16.011385874399572,0.18871377503745954,7
slp03,297,0,3,70.83333333333334,0.041930573694866406,35,14.374700527072354,0.3472463102755736,7
slp03,298,0,3,71.2057507120575,0.028186203022335703,36,16.05750114696437,0.3078138849290298,8
slp03,299,0,3,71.0108604845447,0.03376122138199613,35,14.849034812737171,0.27434690124406763,7
slp03,300,0,3,72.47377139701823,0.031575552413284566,36,15.040825096691021,0.09924778309352593,8
slp03,301,0,3,71.54882154882154,0.03476147093538613,35,15.62228779725742,0.26976944889211524,7
slp03,302,0,2,72.65877287405812,0.035495783091572294,37,15.426808364758314,0.1873843346944693,7
slp03,303,0,2,71.61369526667576,0.03884436764782229,36,15.092712376024148,0.2170917233026875,8
slp03,304,0,3,72.55139056831923,0.03158586181611428,37,15.503875968992249,0.19009822022663275,7
slp03,305,1,2 H,72.3040903456824,0.026279253864473936,36,15.77287066246057,0.1651504364713173,7
slp03,306,1,2 HA HA,71.97696737044146,0.02398475706419748,36,15.133680847486128,0.14122165398959027,7
slp03,307,1,W HA,71.00097452317974,0.037864263126929185,35,16.413944036266997,0.2683999452538038,8
slp03,308,1,1 CAA CAA,73.21041214750542,0.016486432880881217,37,16.181229773462785,0.3703156954352789,8
slp03,309,1,2 CAA,77.69901853871319,0.11011935101581395,39,13.681970203709337,0.8705084082815565,7
slp03,310,1,2 H,73.65980084572365,0.05171849252574752,37,17.567831348819055,0.05862498519308039,7
slp03,311,1,2 H,74.65781833264207,0.04591175109804557,37,16.862052352657784,0.24925816466679934,8
slp03,312,1,2 H,78.42597688497524,0.02554144966460459,39,16.362786348761105,0.08506036272037905,8
slp03,313,0,2,81.53281695882593,0.03511680509385786,41,15.751575157515754,0.2563900090383669,8
slp03,314,0,2,77.19393282773565,0.043023668033773374,39,13.157894736842104,0.497058011369565,7
slp03,315,1,R H,78.15713698066638,0.09780057724056263,39,16.347501167678658,1.1717685917676157,8
slp03,316,0,R,100.71338648762065,0.2142637101797689,49,12.322015334063526,1.2381355158283585,7
slp03,317,1,R H,72.60016133369186,0.04337206246501468,37,14.66514583672804,1.5692213214061157,7
slp03,318,0,R,64.64618378979563,0.0658246654110967,32,13.31360946745562,1.4084008267850772,7
slp03,319,1,R H,65.60065600656006,0.062406805518308656,33,12.502083680613437,0.5188134154009513,6
slp03,320,1,R H,66.22516556291392,0.07115476090888087,33,13.976891539321652,0.23232253442143752,6
slp03,321,0,R,65.09869802603949,0.0702348076084208,32,14.927495024168325,0.3411203629817727,8
slp03,322,1,R HA,66.94617257235596,0.08199890254366501,34,15.005001667222409,0.3683162891984129,7
slp03,323,1,1 HA,67.7710843373494,0.029960243016640603,34,14.0625,0.2695048958532829,7
slp03,324,0,R,65.45608108108108,0.05912127960720522,32,18.270401948842874,0.4872412133635661,9
slp03,325,1,R H,63.13645621181262,0.08213143954103207,32,18.99001266000844,0.5978166034479342,10
slp03,326,1,R H CA,68.59756097560977,0.03207062912581002,34,15.913913307062748,0.45030964403419566,8
slp03,327,1,R H,66.75657451112609,0.017490703289492548,34,21.82700080840744,0.44443733327644347,10
slp03,328,1,R CA,74.24721572941014,0.021426590149440438,37,17.448623497479645,0.24340546875989091,7
slp03,329,1,R H,68.89352818371607,0.0726587556034386,34,18.088634308109736,0.8240066747302476,9
slp03,330,1,R CA,73.7100737100737,0.037410634257595186,37,27.889016018306634,0.5907259599537789,14
slp03,331,1,R H,70.18026696023118,0.06851231798927093,35,30.471289274106176,0.4219458838392536,16
slp03,332,1,R HA,73.48938486663037,0.08088827838597454,37,15.426808364758312,1.3786634429362696,7
slp03,333,1,R H,63.6288998357964,0.039349127031319896,32,17.52921535893155,0.6594325327932512,8
slp03,334,0,R,64.61923290717064,0.04383831802146487,32,20.689655172413794,1.0901491378968031,8
slp03,335,0,R,65.96124776693694,0.03347923796922504,33,20.53856686444546,1.1414719541987102,7
slp03,336,0,R,67.31030731574653,0.045041354327247866,34,19.573727707699,0.540755027715878,10
slp03,337,1,R OA,69.71022416621105,0.06320439737669259,35,15.822784810126581,1.8719743587987525,8
slp03,338,0,R,66.60387513455328,0.07448087865743196,34,15.374103177314659,1.299357105990839,7
slp03,339,0,R,63.77725963516665,0.05877387486192416,32,12.5,2.150281841991882,6
slp03,340,1,R OA,63.42494714587738,0.05320400987394341,31,15.77287066246057,0.5372820488346879,7
slp03,341,1,R CA,63.256699768738955,0.1002950071017084,32,16.309412861136998,0.9285114705917251,8
slp03,342,0,R,78.60984691766653,0.22373641496077787,39,14.416146083613647,1.1952500435752624,7
slp03,343,1,1 CAA,64.4814615797958,0.0890210649228597,33,13.562386980108498,0.42365394683239604,7
slp03,344,0,R,64.9895178197065,0.05279706106032514,32,12.437810945273633,0.43316878927272684,6
slp03,345,1,R H HA,63.27391481834263,0.04561760253202739,32,10.335917312661499,3.4676359382149675,5
slp03,346,0,W,62.50868176135574,0.08584316448552493,31,14.315253698107204,0.9353656444882338,7
slp03,347,0,W,65.40400599536721,0.04541595947461641,33,14.538405621516837,0.6614431192476039,5
slp03,348,0,W,60.249307479224385,0.06541945515640406,30,25.391451544646635,0.8808437243158782,13
slp03,349,0,W,62.20624827204867,0.06941072603631868,31,18.42751842751843,1.0698224151699196,5
slp03,350,0,W,64.74237928243863,0.07577887238538193,33,15.988630307337004,1.3554166231171219,7
slp03,351,0,W,55.84666298952013,0.04797850456050945,28,23.13516545148626,0.7805029105573084,12
slp03,352,0,W,66.1521499448732,0.08756711711595855,33,15.770106886280008,1.1682041298030446,7
slp03,353,0,W,61.745919091554285,0.056450708771534144,30,14.443909484833895,2.166459169551398,7
slp03,354,0,W,71.15749525616698,0.0952196858397914,36,15.947752126366952,0.995376413263662,8
slp03,355,0,W,72.29413384742493,0.03028808616049065,36,11.656823127137082,1.3453360026402328,6
slp03,356,0,W,76.12124537100533,0.11216183653485784,38,13.782542113323126,0.5697141583480457,7
slp03,357,0,W,73.51940095302928,0.09150342366933534,37,11.676786548341898,0.1383468105884628,6
slp03,358,0,W,66.40841173215274,0.028508770580296862,33,11.971268954509178,0.34474338282264383,5
slp03,359,0,W,76.41470466749277,0.07440932731341199,38,16.236694930543027,0.7817089540800264,7
slp03,360,0,1,76.99581250844253,0.05776070609830762,39,21.616947686986595,1.2053420427413954,11
slp03,361,0,1,72.453767595915,0.021369900632928165,36,16.462841015992474,0.36324523677650095,8
slp03,362,0,1,72.35391400220507,0.04179702166911134,36,13.380909901873327,2.420763515918067,6
slp03,363,0,1,78.8197251414713,0.04866339725853117,40,14.642717688402968,0.9044551066802601,6
slp03,364,0,1,93.06493864607748,0.14064306630177484,46,21.178962230850686,0.36812905345815883,9
slp03,365,0,1 L,80.92405588601468,0.021711151420168426,40,15.141318977119784,0.8821902037290799,7
slp03,366,0,2,74.42116868798236,0.06570942394407159,37,13.972985561248251,0.8543621402348458,7
slp03,367,0,2,76.71043538355218,0.027360964019599376,38,15.94290920133617,0.3370353339436842,8
slp03,368,0,2,80.51197357555738,0.050329408000340074,40,16.87289088863892,0.15436320805165982,9
slp03,369,0,2,72.80571659700688,0.040038715831456156,37,16.045232273838632,0.15211166682300686,8
slp03,370,0,2,74.99999999999999,0.03386246693120077,37,15.600624024960998,0.2306599228301266,7
slp03,371,0,2,72.75666936135812,0.04476605857119877,37,16.429353778751366,0.16948549593795134,7
slp03,372,0,2,71.73111080748735,0.029638144203656448,36,15.969581749049432,0.2934150782820564,8
slp03,373,0,2,71.38857782754759,0.04282676135186121,35,14.720314033366042,0.22834560272909635,8
slp03,374,0,2,71.41885457760849,0.03621504930161447,36,15.943312666076174,0.26142600397733107,7
slp03,375,0,2,72.63420033204206,0.031862152072543316,36,15.795015795015793,0.16883390917966945,7
slp03,376,0,2,71.49666348903719,0.03359999999999999,36,15.744489428699955,0.18869433224240761,8
slp03,377,0,2,73.33967132962108,0.03010332002525982,37,15.21077792264233,0.21019097244639018,8
slp03,378,0,2,74.1860145624399,0.03619477487697722,37,15.184381778741866,0.36040883814391256,8
slp03,379,0,2,72.42378259070217,0.044529504092162046,36,14.646053702196909,0.1263311345455092,7
slp03,380,0,2,71.1864406779661,0.04716968933368899,36,15.400410677618071,0.05000571395922103,8
slp03,381,0,2,70.33512618949112,0.04865541574140393,35,15.52259399793032,0.2158600369581076,7
slp03,382,0,2,73.42942616263258,0.032022368725087014,37,15.353121801432957,0.24396721091163046,8
slp03,383,0,2,70.73509015256587,0.04165902121321271,35,15.578635014836795,0.31327525876631573,8
slp03,384,0,2,71.6039279869067,0.047438346669059585,36,15.887426236949613,0.17673131919293045,8
slp03,385,0,2,70.74490220557637,0.119711359897803,35,14.754098360655739,0.21406125810669782,7
slp03,386,0,2,69.36887921653971,0.042730992455862496,35,15.308353987461729,0.27152419368281355,8
slp03,387,0,1,69.74835886214443,0.0352729348197148,35,15.030060120240483,0.2134291451512655,7
slp03,388,0,2,69.50122649223222,0.0432608567888317,35,15.618027666220438,0.14488390848805638,8
slp03,389,0,2,70.95553453169347,0.0385591938267831,36,15.837104072398187,0.16212064039108753,8
slp03,390,0,2,68.98954703832753,0.043362101067626814,34,14.853936293117675,0.18843094815401812,7
slp03,391,0,2,69.45390167506469,0.04651107692600344,35,14.448547118317544,0.1457562653503749,7
slp03,392,0,2,69.66261439694033,0.03276613155626753,35,14.720314033366046,0.1422673539502299,7
slp03,393,0,2,72.40380637153496,0.02633386893453416,36,16.216216216216214,0.09776940801118277,8
slp03,394,0,2,71.35091057352541,0.04298662345332985,36,14.603277624533504,0.13638018754773584,7
slp03,395,0,2,78.08219178082193,0.05031931280330872,39,13.97081651660975,0.8552384982499844,7
slp03,396,0,2,69.23076923076923,0.04799663287853397,34,13.23918799646955,0.49087133412602785,7
slp03,397,0,2,72.97297297297297,0.05575696822974541,37,14.186633039092056,0.3059121151935996,7
slp03,398,0,2,66.90827989963759,0.04199330303750826,33,14.54192922927775,0.11043550153822819,7
slp03,399,0,2,68.20060622761092,0.049048541388148,34,14.646394197238108,0.2630409295380568,8
slp03,400,0,2,71.39942880456957,0.049752497629849325,36,14.525500322788897,0.3199972222101657,7
slp03,401,0,2,67.49386419416416,0.03797326399845096,34,14.631767192326453,0.12490885565972584,7
slp03,402,0,2,71.48864592094196,0.02538124528971633,35,15.491295367365003,0.16708204021756878,8
slp03,403,0,2,70.75471698113208,0.03834281456246306,36,14.653207424291764,0.17891028167461168,7
slp03,404,0,2,69.06655504395145,0.03929628922821389,34,14.965792474344356,0.23523570463408372,8
slp03,405,0,2,73.31975560081467,0.04495306193995885,37,14.434643143544506,0.24933422459733753,7
slp03,406,0,2,71.44801306477954,0.051951123026104724,36,14.155394778232147,0.2419439788233816,7
slp03,407,0,2,72.18479307025986,0.03186830041637882,36,14.641288433382138,0.18976125350906956,7
slp03,408,0,2,70.08382575237049,0.03805241331597183,35,14.370110170844642,0.2116527554483733,7
slp03,409,0,2,72.48377744028718,0.049950310002919454,36,14.851485148514852,0.2288988131613325,7
slp03,410,1,2 H,71.70172084130019,0.04231906021100725,36,14.871116986120292,0.1535997685183441,7
slp03,411,0,2,70.97133314778736,0.03233475424647497,35,14.43232841565106,0.2551722729625789,7
slp03,412,0,2,70.67851373182552,0.02606516167341429,36,14.383890043151668,0.25126258951322006,7
slp03,413,0,2,70.14165864392794,0.049221060561188294,35,14.965081476554706,0.31129550091334257,7
slp03,414,0,2,70.77379347533028,0.03447490657961918,36,14.904187366926898,0.20843753040571333,8
slp03,415,0,2,70.10309278350515,0.0384338734680462,35,14.54192922927775,0.11014535850411485,7
slp03,416,0,2,73.12119160460392,0.03776127090349202,37,15.468473777253976,0.2625737602881078,8
slp03,417,0,2,72.5739563173901,0.032096588921693266,36,15.120967741935484,0.0802662236975596,7
slp03,418,0,2,72.04610951008645,0.05418107207714306,36,13.621916149538368,0.8398521033822298,7
slp03,419,0,2,71.47719537100068,0.031235772271351873,36,15.742128935532232,0.25867732638109875,8
slp03,420,0,2,71.24895222129085,0.03641893875919534,35,15.791848398255379,0.2009170810792048,8
slp03,421,0,2,71.04194857916103,0.048086995993443696,36,15.711506808319614,0.18739372498369647,8
slp03,422,0,2,72.05599780400767,0.023683353320207743,36,15.83232810615199,0.09203371165846042,8
slp03,423,0,2,71.84891200218968,0.04982332868880452,36,15.657620041753653,0.2506418427424544,7
slp03,424,0,2,71.57464212678937,0.03508403904795408,36,14.897843359818388,0.214805464909769,8
slp03,425,0,2,71.73111080748735,0.04244818209611932,36,14.771048744460856,0.19497350247319936,7
slp03,426,0,3,71.88826509653569,0.04505177067348548,36,15.76813335335636,0.13624707448647255,8
slp03,427,0,3,71.92766132346897,0.032669326561151874,36,15.853842669485127,0.38378225118748077,8
slp03,428,0,3,73.19056654920033,0.03532634452195627,37,14.732362088721562,0.277920052453139,7
slp03,429,0,3,75.53503986571549,0.026539279065817382,37,15.438906043228936,0.14557640535443347,8
slp03,430,0,3,74.05375754251234,0.027103824157314334,37,15.308725973805071,0.32239451332524605,7
slp03,431,0,3,72.43460764587526,0.03697897300418772,37,15.29497450837582,0.1985630008489054,8
slp03,432,0,3,73.33426456208969,0.02505021894889851,36,15.539440580139116,0.15995305433731707,8
slp03,433,0,3,73.36956521739131,0.0354832598332659,37,15.608740894901144,0.2287123375188434,7
slp03,434,0,3,74.68879668049793,0.025412158070061207,37,15.316541865214433,0.06687965975458367,7
slp03,435,0,3,72.75666936135812,0.027186598005471557,37,15.391380826737029,0.282930437834216,8
slp03,436,0,3,72.20464860404346,0.035679114109986934,36,14.92784873113286,0.19112881054990694,7
slp03,437,0,3,73.11977715877437,0.02797783379165493,36,14.97219449593612,0.12475216246949927,8
slp03,438,0,3,74.67707212055974,0.044427039851627353,38,15.41397533763946,0.21893694926873813,8
slp03,439,0,3,74.65698143664247,0.030525181500271913,38,15.264586160108548,0.1423735306235755,7
slp03,440,0,3,74.1860145624399,0.028328539899534273,37,14.839241549876341,0.18203906784594953,7
slp03,441,0,3,72.80543613923172,0.02947906901861184,36,14.577259475218657,0.1802368811684595,7
slp03,442,0,3,72.91385363219011,0.02935773395904179,37,14.579620929855825,0.09874996483824963,7
slp03,443,0,3,74.94795281054823,0.0388290015069238,37,15.541740674955594,0.23825487981382878,8
slp03,444,0,3,73.53942530300966,0.02479222299406919,37,15.440041173443127,0.1967163778980625,7
slp03,445,0,3,74.35968052877995,0.036558763790321774,37,15.578635014836795,0.1543195730043499,8
slp03,446,0,3,75.13198862867199,0.04383967070517693,38,14.953004841925377,0.17868636301220814,8
slp03,447,0,3,74.28724401017266,0.030082817268562656,38,15.487867836861126,0.23488720697390045,7
slp03,448,0,2,73.16053511705685,0.034028367517680985,36,14.885874958650346,0.2481469098918802,7
slp03,449,0,2,73.10139434141058,0.025851188572622405,37,15.791848398255377,0.21043007467215938,8
slp03,450,0,2,71.85874623597044,0.039866552908626625,36,14.77832512315271,0.12745718235287226,7
slp03,451,0,2,73.10959476396044,0.02937031682164972,36,15.509601181683898,0.2981422753091729,8
slp03,452,0,2,71.50640152546991,0.03195834022918089,36,15.118427683520915,0.158382097753783,7
slp03,453,0,2,73.91185327128387,0.033914198199370305,37,16.35514018691589,0.3023596992905999,8
slp03,454,0,1,75.32431301436742,0.019024026394191977,37,15.83949313621964,0.21716967252972194,7
slp03,455,0,W,76.39726578206674,0.030905987371408487,39,15.915119363395226,0.20331584624257237,7
slp03,456,0,W,76.15257958287597,0.04558317837179412,38,14.843087362171334,0.2175484933038505,8
slp03,457,0,W,74.33920704845815,0.0385643601858401,37,14.358647096362477,0.22952317723682916,7
slp03,458,0,W,73.16081831730119,0.04897605865101491,37,15.718562874251496,0.2008975777223157,8
slp03,459,0,W,75.91733445803459,0.030802236571031285,37,14.800197335964478,0.16799603169916447,7
slp03,460,0,W,73.49938750510414,0.03556996235902171,37,15.328467153284672,0.3556682701160549,8
slp03,461,0,W,73.43941248470013,0.03640970566575163,37,15.463917525773198,0.16166278836781553,8
slp03,462,0,W,75.94417077175697,0.027123288035098468,38,15.527950310559008,0.150749239909637,7
slp03,463,0,W,87.98253989905879,0.03861193542932937,44,13.537906137184114,1.8141435444859373,6
slp03,464,0,W,84.46641944787802,0.05531974011723939,42,16.126555060666565,1.0832046182037627,8
slp03,465,0,W,99.29748716563093,0.18244669678524392,50,15.901862789641072,0.9073684758797872,8
slp03,466,0,W,98.97656881228117,0.17828399490835717,50,16.62971175166297,0.7270405765842785,9
slp03,467,0,W,84.05084050840509,0.036767934714918044,42,18.805829807240247,0.6562710948990517,9
slp03,468,0,W,83.1140047097936,0.1244989558189144,41,17.801513128615934,0.40408878974799595,9
slp03,469,0,W,112.87453824052538,0.15664235624056172,56,16.690510252742012,0.8481151250308665,8
slp03,470,0,W,84.82563619227145,0.08648001879505839,43,17.8491744756805,0.6552158041439478,9
slp03,471,0,W,130.31084566309218,0.1600626708316152,65,16.579819990525817,0.31294884500799275,8
slp03,472,0,W,98.36065573770492,0.18090881681112173,49,16.206204661213153,0.3078764660823345,8
slp03,473,0,W,90.55982436882549,0.1266149234607643,45,16.350046714419186,0.2840994364582906,8
slp03,474,0,W,95.01514734232993,0.15465554139419624,47,14.9402390438247,0.9273072126683081,7
slp03,475,0,W,119.62051423071634,0.17337850108169844,59,13.721185510428102,0.8936017905085017,6
slp03,476,0,W,111.56186612576066,0.1670707080478302,56,14.899957428693062,1.2758176569861193,8
slp03,477,0,W,109.31174089068824,0.1556076103378679,55,18.659295093296475,1.1797603439410067,10
slp03,478,0,W,105.73403822692151,0.18582212975134432,53,14.01650833203551,1.7358531683936351,7
slp03,479,0,W,108.60655737704919,0.17689764293764826,54,19.598236158745713,0.97842513765745,9
slp03,480,0,W,140.01623376623377,0.14630508215247376,70,14.460154241645244,2.017690649122297,7
slp03,481,0,W,99.60699281745492,0.1886751547920881,50,21.554821094984913,0.620736208062652,11
slp03,482,0,W,108.36968375136316,0.19154731849467146,54,18.168054504163514,1.1997415346648626,9
slp03,483,0,W,107.11398544866613,0.194721222712322,54,18.436011676140726,1.0854933210296598,9
slp03,484,0,W,91.56492785793561,0.15276904190734866,45,23.15211799005316,1.1701828072865947,10
slp03,485,0,W,88.66200967221926,0.11019081871429041,45,12.63477088948787,0.6710059314193876,6
slp03,486,0,W,84.17958311063603,0.08300195336881265,43,14.537231465029882,1.2858852549465247,7
slp03,487,0,W,111.77347242921017,0.17209451948381052,56,15.544041450777202,1.5566410724927657,8
slp03,488,0,W,79.81989357347523,0.023817849206601405,40,13.623978201634877,0.2631379866153879,6
slp03,489,0,W,76.00657354149546,0.037236613382355246,38,12.844665182394243,0.7672971784126408,6
slp03,490,0,W,118.70054144106622,0.1678154902896733,58,23.038257469980454,0.8409681944831394,12
slp03,491,0,W,107.43243243243244,0.17998444614576167,54,13.589418372893638,3.1199224605749416,6
slp03,492,0,W,133.4519572953737,0.16092624206329864,66,13.601329907813211,2.5530545539716845,7
slp03,493,0,W,120.47372719847534,0.16947435845265446,60,13.657056145675265,1.8241661717678632,7
slp03,494,0,W,92.71701155603333,0.15251836791673612,47,22.051617118588698,1.1983600316399488,10
slp03,495,0,W,110.9133232917979,0.19896612060040877,55,19.83252534156016,0.775647113347587,10
slp03,496,0,W,112.22962862195621,0.19057840103786355,56,18.903591682419663,0.9146671525751867,9
slp03,497,0,W,113.27749553755322,0.19763502215819714,56,19.548218940052127,0.8278013717741176,10
slp03,498,0,W,87.04453441295544,0.15798903919645685,44,21.361435488464824,0.39935868589527374,11
slp03,499,0,W,153.95003376097233,0.08298721658390219,77,21.139993736298155,1.2719736001608575,10
slp03,500,0,W,143.86059705524787,0.12893838728913462,72,19.258202567760343,1.2826658966656657,10
slp03,501,0,W,151.84235389391284,0.12197712280952068,76,19.543973941368076,1.0395287393814565,9
slp03,502,0,W,148.45444685466381,0.1250822210353676,74,22.304832713754642,0.9688909123322397,11
slp03,503,0,W,149.81778917532733,0.1016638928758989,75,19.69652757513861,1.7666803633291561,10
slp03,504,0,1,134.17890520694257,0.15094296610101085,68,16.971068369161145,1.1694988984472743,8
slp03,505,0,1,87.75510204081634,0.13948582083168223,44,23.7649431081665,0.5611671426442135,12
slp03,506,0,1,76.85916078105524,0.020236729006352597,38,22.127520078675627,0.6560554026589711,10
slp03,507,1,1 H,75.70590642477153,0.01450180714664992,38,16.99304094513675,0.401942223485426,8
slp03,508,0,1,100.4235551304823,0.18558447133762557,50,19.065103798898463,0.72110477655153,10
slp03,509,0,1,73.71007371007371,0.02157158624981789,37,14.853936293117679,0.11473834968696782,7
slp03,510,0,2,73.45939327982587,0.02135039826731198,37,14.478764478764479,0.214705113386444,8
slp03,511,0,2,74.39041190246591,0.02026826260772742,37,15.249068112504235,0.14883846575697046,7
slp03,512,0,2,72.92679538824838,0.02717597979008336,36,15.957446808510637,0.18470671733472876,8
slp03,513,0,2,72.82535401213755,0.029051465613992467,37,15.514184397163122,0.34319126576583964,8
slp03,514,0,2,72.44376983579411,0.04466451817352862,36,13.975155279503106,0.6624627452837548,7
slp03,515,0,2,69.82475355969332,0.0371638102046512,35,14.48109412711183,0.5428341264961967,7
slp03,516,1,2 H,70.73509015256587,0.023861190275928888,35,15.402669796097994,0.09933328767747662,8
slp03,517,0,2,72.60992335619201,0.024154594685989735,37,14.83679525222552,0.16157557571200765,7
slp03,518,0,R,72.08567897844297,0.03730794083006446,36,15.25940996948118,0.1176435293588219,7
slp03,519,1,R H,70.52659860290167,0.035710216911084905,36,15.500442869796279,0.2143611295863851,8
slp03,520,0,R,72.68448013290876,0.030102084814910758,36,15.395141977420458,0.26193807580333855,7
slp03,521,1,R HA,71.69192953707498,0.03255357906903757,36,14.23374980230903,0.09435865384560958,7
slp03,522,0,R,70.94171651133676,0.03495464188944548,35,15.608740894901143,0.07741539160362665,8
slp03,523,0,R,71.1864406779661,0.022799928392297157,36,15.075376884422111,0.3195580281159172,7
slp03,524,0,R,68.62609177873284,0.026109889973985487,34,15.638963360142988,0.2000391798358206,8
slp03,525,1,1 HA,68.81662393739037,0.0255846515407904,35,15.07537688442211,0.23068593368473947,7
slp03,526,0,R,70.18992568125516,0.02272142107744468,35,15.923566878980894,0.28804629257580555,7
slp03,527,0,1,68.87435647697231,0.06198930563295439,34,16.658733936220845,0.34006289934393613,8
slp03,528,0,R,69.44444444444446,0.050754310161798086,35,14.773473407747865,0.2762671814667017,7
slp03,529,1,W X,68.89352818371607,0.06939581842103362,34,16.14142966948501,0.9719558233011312,8
slp03,530,0,1,68.19121091059375,0.06361615840847334,34,14.913007456503728,1.0985333656997205,7
slp03,531,0,2,68.733153638814,0.02843459075768622,35,15.519917227108122,1.726443357503126,7
slp03,532,1,W X,68.95110739657333,0.047380762331546096,34,29.594137542277338,0.4311866871596031,15
slp03,533,0,1,73.13109425785483,0.04462961426156182,37,14.218009478672984,0.2930119451489992,6
slp03,534,0,2,65.74441857279824,0.02605972707071199,33,13.279036827195467,0.5770357354618516,6
slp03,535,1,2 H,67.0391061452514,0.05208646657242168,33,13.969081765691937,0.6855276507917093,6
slp03,536,1,2 H,64.97022198159178,0.020168044030098687,33,14.727540500736378,0.280073799798077,7
slp03,537,0,2,69.39576615729707,0.10796237823790382,34,14.9402390438247,1.3719999999999999,3
slp03,538,1,2 H,65.2439853201033,0.04238347997746291,33,14.672318226279753,0.6773582672576028,7
slp03,539,0,2,65.90690649457642,0.03627477601584881,33,24.975024975024976,0.7687375625010138,11
slp03,540,0,2,71.70172084130019,0.04328034855946255,36,13.988187752564503,1.0321024927571656,7
slp03,541,1,W X,67.08595387840671,0.04485375541691019,33,14.281180577594414,0.31538054614844097,7
slp03,542,0,2,63.85608349354573,0.04232415418003235,32,18.735362997658083,1.2687189405065253,9
slp03,543,0,2,66.11570247933885,0.04365489663256574,33,20.526075718412653,1.0863169625895919,10
slp03,544,0,2,66.63974151857835,0.04557898118838111,34,13.630168105406632,1.2538915423592263,7
slp03,545,0,2,66.64815329075257,0.039899091468353,33,14.597119501751653,1.4134272673186974,6
slp03,546,0,2,67.66917293233084,0.02777688887466622,34,12.462612163509469,0.4908350435737041,6
slp03,547,0,2,65.08958566629342,0.030341517765467403,32,14.132278123233467,0.5221285665427624,6
slp03,548,0,2,65.77144423129624,0.03166918849607612,33,28.661116418725264,0.3962383327323728,15
slp03,549,1,2 H,71.69192953707498,0.07728587800352345,36,17.020586804992703,0.847864448157239,8
slp03,550,0,2,63.71608659906825,0.03330832221568869,32,12.980269989615785,0.5051390303668883,6
slp03,551,1,2 CAA,67.52954417557682,0.057669315931437946,33,13.810035292312413,0.781470124544474,7
slp03,552,0,2,64.77732793522267,0.0505068064719994,33,13.276686139139672,0.19806100070432847,6
slp03,553,0,2,66.64815329075257,0.027311856399739664,33,14.579620929855825,0.5449277220166198,7
slp03,554,0,2,64.42227763923525,0.04546075825481816,32,12.427506213753107,0.5787932273273418,6
slp03,555,1,2 H,66.89189189189189,0.03792215699056772,34,28.579205225911817,0.6602317465736357,15
slp03,556,1,2 H,63.58539587036783,0.03166526276165772,32,28.42832002165967,0.5333251104808283,15
slp03,557,1,2 HA,65.68144499178982,0.04733656092282159,33,25.384615384615383,0.9370894274514691,12
slp03,558,0,W,67.28285986135654,0.04820098722931539,34,14.951407924246201,0.25001399960802195,5
slp03,559,1,1 H,64.6371976647206,0.06115393994214478,32,9.212344541685859,3.1134011948349993,5
slp03,560,0,2,66.38086018531324,0.04583104160937213,33,14.800197335964482,0.4120436870041817,7
slp03,561,0,2,65.96124776693694,0.049018969542412874,33,15.249068112504236,0.24346024087905782,7
slp03,562,0,2,67.61371397350088,0.03618298561641286,34,20.33898305084746,1.497123909367558,9
slp03,563,0,2,67.23716381418093,0.026992499723484574,34,23.1839258114374,0.8867721240544268,11
slp03,564,0,2,66.7835941716136,0.047654711556329755,34,26.66666666666666,0.6129893963193817,13
slp03,565,0,1,69.77698727596113,0.05977593687896315,35,25.03413746017296,0.778679195340545,12
slp03,566,0,2,79.76547586583037,0.05421286605130175,40,15.761821366024519,1.032897972803811,7
slp03,567,0,2,65.93406593406594,0.044620623034646215,33,11.928429423459246,1.3131412719125082,5
slp03,568,0,2,66.8918918918919,0.044214686198883614,34,13.144058885383807,0.25326539439884016,6
slp03,569,0,2,65.70841889117044,0.055092961211029474,33,13.603385731559854,0.23152441675891436,7
slp03,570,0,2,67.34693877551021,0.037084966844264815,34,13.547687861271676,0.9163314684108584,6
slp03,571,0,2,63.95268876358134,0.039972102654660974,32,13.26259946949602,0.21753773618999228,7
slp03,572,1,2 H,66.91902122482088,0.05609620491346359,34,13.897467572575666,0.2913020578178068,7
slp03,573,0,2,68.04123711340206,0.06432561794469557,34,13.386880856760374,0.2713202290037856,7
slp03,574,1,2 H,68.63560732113145,0.03764060874902592,34,14.972550324405256,0.25158078004666584,7
slp03,575,1,2 H,68.47420113432011,0.04027709349977622,34,13.589008002415822,0.44753795618050357,7
slp03,576,1,2 H,68.0225367596537,0.03245317315945453,34,14.177693761814744,0.33793095941824164,7
slp03,577,1,2 H,65.97031335898846,0.039506328606945994,33,20.547945205479454,0.9895040284012099,10
slp03,578,1,2 H,69.2370350257942,0.040917504989098144,35,21.150592216582066,1.106216326041159,11
slp03,579,0,2,66.07019958706127,0.05364218838749962,33,26.10759493670886,0.3274867986740612,12
slp03,580,0,2,66.417600664176,0.04836433991072348,33,26.022842272661556,0.6245626914534325,13
slp03,581,1,W HA,68.91271056661562,0.03878977268103624,34,28.142589118198874,0.40696788220061925,15
slp03,582,0,W,65.852654685142,0.046094841088781285,33,30.19844693701467,0.40700839885031104,15
slp03,583,0,W,67.46626686656671,0.032891618778323854,34,29.812606473594542,0.36910658822268094,15
slp03,584,0,W,66.8828536684232,0.05482112158557891,34,30.35559410234172,0.5676132629938545,15
slp03,585,1,W HA,66.52806652806653,0.04829062408998251,33,32.46753246753247,0.3570516302534784,16
slp03,586,1,1 HA,68.52159468438538,0.04769970343711773,34,31.202329773956453,0.3052342197213296,16
slp03,587,0,1,66.17951192609955,0.04549295962014343,33,32.13711837171934,0.4630086392282546,17
slp03,588,1,2 HA,66.55574043261231,0.041614300426656224,33,30.189185562860597,0.6126051329273114,16
slp03,589,1,1 HA,79.46210268948656,0.10949754349554233,40,14.657025600938049,1.0098256483175698,6
slp03,590,0,W,80.2689352360044,0.04518388173859993,40,14.696276943174393,0.6130912565751439,7
slp03,591,0,W,87.6716052738888,0.06237360177146127,44,16.186218591028208,0.4884574637341015,8
slp03,592,0,1,71.46746528723115,0.034723678917289565,36,13.837638376383763,0.3236096413891279,6
slp03,593,0,1,72.85483000539666,0.07136620910815661,37,18.0474389824682,0.876803098460189,8
slp03,594,0,2,67.57679180887372,0.07163195392262581,34,13.404825737265414,0.5123873534739125,6
slp03,595,0,2,69.77698727596113,0.04936762734584056,35,12.988887285322557,0.3141839517791379,7
slp03,596,1,2 H,68.49315068493152,0.055197716246126335,34,12.95336787564767,0.7046542414546302,6
slp03,597,0,2,75.36636427076066,0.10819523962052678,37,15.374103177314659,1.0538327929778781,7
slp03,598,0,2,80.2359072829516,0.02198271988861963,40,15.360983102918587,0.1322774861166227,7
slp03,599,1,2 H,74.6670254271492,0.06257732105403274,38,14.381591562799617,0.38237154705861687,6
slp03,600,0,2,70.19958706125257,0.0503887997661039,35,13.552584026020961,0.31688887642200403,6
slp03,601,0,2,69.68165049870201,0.056128498149320465,35,13.706140350877195,0.0711325523231099,6
slp03,602,0,2,65.92501030078286,0.057930858572957475,33,13.586956521739129,0.13701581417242806,7
slp03,603,0,2,68.0599477519593,0.05433846246641469,34,14.537231465029882,0.6291090702113763,7
slp03,604,0,1,65.92501030078286,0.03519920986329097,33,13.416815742397137,0.2502372207859307,7
slp03,605,0,1,66.02475928473177,0.06718212187777339,33,12.567024128686327,1.1455949720560055,6
slp03,606,0,2,65.26172671651938,0.05509182675315821,33,15.108275977841195,0.5215536618817112,7
slp03,607,0,2,65.63653767263776,0.034336341898926856,33,15.052684395383842,0.32878564445547204,7
slp03,608,0,2,65.38618716796077,0.04422509892583622,33,15.38236155874597,1.1900855740111247,8
slp03,609,0,2,68.67369589345172,0.04430232557579032,34,13.472247170828094,0.9144654394781685,6
slp03,610,0,2,66.11570247933885,0.05789430023758814,33,30.213508795488114,0.39711457064960765,16
slp03,611,0,2,70.73509015256587,0.050827886523471595,35,23.588614562038053,0.7637977742832195,11
slp03,612,0,2,70.39337474120082,0.08395162555022952,35,12.270942408376964,0.4223333280715602,6
slp03,613,0,2,68.21940463065049,0.053509625988805896,34,12.268935056437103,0.49250770552347706,6
slp03,614,0,W,66.72226855713095,0.06041885053524272,33,13.200352009386918,0.8473162862171887,7
slp03,615,1,1 H,66.53225806451614,0.06118895451198666,34,14.851485148514852,1.1446232068738977,8
slp03,616,0,2,66.54120177443205,0.05217249063152009,34,12.75944198707043,0.15682040683533488,6
slp03,617,0,2,70.0164744645799,0.034218107673183285,35,27.07205331112037,0.4958869884615281,14
slp03,618,0,2,67.61371397350088,0.044105891445914015,34,29.56497254681121,0.5370599480086948,15
slp03,619,0,2,67.39679865206402,0.044169418153287926,33,12.508338892595063,2.001822209887781,6
slp03,620,0,2,68.50262939385553,0.04143469310215966,34,27.064538514920198,0.527757878859449,14
slp03,621,1,2 H,73.62967002999726,0.10079070111919436,37,12.126111560226356,3.399121768927968,6
slp03,622,1,2 H,71.22507122507123,0.08792828246442015,36,16.666666666666664,1.3104032094849933,8
slp03,623,0,2,65.51112324280061,0.06080694347687606,33,15.328467153284672,0.9705252943322887,8
slp03,624,1,2 H,67.05499864535356,0.06442649444451833,34,13.130252100840337,0.5924787253564467,6
slp03,625,1,W HA,65.48431105047749,0.03823529128959264,33,13.486782952706347,0.5283780464780874,6
slp03,626,0,2,67.01868399675061,0.07944934453541727,34,12.855306384802173,1.2837266929616373,7
slp03,627,0,2,66.5188470066519,0.05709640969448078,33,13.979496738117428,1.1313048513405513,7
slp03,628,0,2,68.38294448913919,0.059566136079773124,35,17.28608470181504,0.9881007033698539,9
slp03,629,0,2,66.97334596130429,0.0434788402564502,34,13.290802764486974,0.3507304378008842,6
slp03,630,1,2 HA,67.1915297950319,0.027290230073854848,34,16.216216216216218,0.586136990326128,8
slp03,631,0,1,66.5188470066519,0.03811823710509183,33,21.352313167259787,0.8297262199063015,11
slp03,632,1,2 H,65.77144423129624,0.04456385867493971,33,27.19033232628399,0.5593265792202461,13
slp03,633,1,2 HA,75.99616595919487,0.04928330764041257,38,14.14871875491275,1.087537687724992,7
slp03,634,0,2,69.88215949575226,0.03809440104534341,35,12.629806342969408,0.18323997623032168,7
slp03,635,1,2 H,65.50218340611355,0.06798529252713413,33,17.00955775149846,0.7014610990421263,8
slp03,636,1,2 H,66.42679213949627,0.04478211138389971,33,19.028633562885105,0.9637443983267153,8
slp03,637,1,2 H,66.75657451112609,0.027333803664568664,34,30.94059405940594,0.41304643806719843,16
slp03,638,1,W HA,70.88255733148019,0.05471650750707346,35,17.00198356474922,1.32175754206284,5
slp03,639,1,1 H,68.52159468438538,0.06257786334412714,34,14.623955431754876,1.1484622549393637,8
slp03,640,1,1 H,66.42512077294687,0.0709721553283816,34,15.712290502793296,0.9353207411839475,7
slp03,641,0,2,65.95218466611706,0.05685892630009821,33,13.75726077652094,0.895564378230597,7
slp03,642,0,1,65.89785831960461,0.028403344873447554,33,13.243084167157154,2.621076284446694,4
slp03,643,0,1,65.76243321002877,0.055573009411044136,33,30.3030303030303,0.39035300263564854,16
slp03,644,0,2,66.97334596130429,0.042622911448526646,34,29.816839415022006,0.4743198782876124,15
slp03,645,1,2 H,68.3096705062952,0.08981087394956568,35,28.46299810246679,0.5498363392865191,13
slp03,646,1,2 H,78.44977873139334,0.06083305098418711,40,14.670951515998322,0.802378911965754,8
slp03,647,1,2 H,67.50306832128733,0.047346639964057996,34,16.920473773265655,1.1021572785526876,7
slp03,648,0,2,67.51227495908347,0.038862050295475216,34,12.479201331114808,0.29347027106676404,6
slp03,649,0,2,66.07019958706125,0.033815445805134674,33,13.47103726986978,0.21829338056844516,7
slp03,650,0,2,68.5785536159601,0.04601209566688311,34,13.47305389221557,0.30719953703668806,7
slp03,651,1,2 H,69.10569105691057,0.045097971014441185,35,13.970816516609748,0.47659719773503595,7
slp03,652,1,2 H,66.43598615916956,0.0692367992833291,33,14.213518635502213,1.0752802218750028,7
slp03,653,1,2 H,66.79260558629065,0.059370681902814124,34,13.190291945128386,1.7306930865985453,6
slp03,654,0,2,66.29834254143647,0.03031501278244824,33,31.561228783840644,0.3742440320907676,16
slp03,655,1,2 HA,66.06110652353426,0.06775645725685486,33,32.52914068853348,0.44762456366915343,17
slp03,656,0,W,66.05201596257054,0.03750145830497796,33,12.990762124711315,0.04759084879353276,4
slp03,657,1,1 H H,66.4819944598338,0.05226614583073827,33,14.814814814814815,1.631013999531171,7
slp03,658,1,1 H,65.86169045005488,0.03937003937005905,33,28.62595419847328,0.4300298992927285,15
slp03,659,0,2,64.18219461697723,0.03454692626651608,32,31.525851197982348,0.4045058219605745,16
slp03,660,1,1 HA,66.10659688748107,0.03730092994819298,33,29.652640497034735,0.4141658940027559,15
slp03,661,0,2,65.60065600656006,0.03988244444614698,33,28.101164191087914,0.42860885550861894,15
slp03,662,0,2,66.53728860548932,0.04275438573994487,33,32.18423687598341,0.41247601411745416,16
slp03,663,0,2,77.57212847033205,0.08635993736197034,39,19.511490099725393,0.9996920019513169,10
slp03,664,0,2,84.16586834542218,0.059516833085968085,42,14.589074404279462,0.5152056762972325,7
slp03,665,0,W,70.16095749071398,0.07060597816225714,35,15.206372194062276,1.0239438760129822,8
slp03,666,0,2,69.7292863002461,0.04862112545828663,35,13.46499102333932,0.9984815137664457,7
slp03,667,0,2,65.08474576271186,0.06642277000396778,33,14.695591322603219,0.8570719970709958,8
slp03,668,0,2,68.0973999174577,0.044008514077332424,34,13.517572844698108,0.33231845503305346,7
slp03,669,0,2,67.1892497200448,0.042379240200834174,33,14.910536779324056,0.8074420515843019,7
slp03,670,1,2 HA,67.05499864535356,0.05166310304959023,34,13.810035292312415,0.7199756168710777,7
slp03,671,0,W,69.35944512443899,0.04054114915843538,35,14.073935072246202,0.7820686414887124,6
slp03,672,0,W,69.65310024583448,0.045045152280180335,35,12.85126799177519,0.28587437800544485,6
slp03,673,0,W,69.73882127717762,0.033918485635713015,35,12.82051282051282,0.17459438708045566,6
slp03,674,0,W,68.13489332415692,0.041430437789024964,34,14.159848961611074,0.8280440138597036,7
slp03,675,0,W,67.10044733631558,0.05258957987896205,34,15.673981191222571,1.0574989361696776,8
slp03,676,0,W,73.01808066759389,0.03049737359049737,36,14.356356675705856,0.36052122760741223,7
slp03,677,0,W,67.83609702617514,0.04941115149076887,34,16.48869346733668,0.9866902001238324,8
slp03,678,0,W,75.60277891295465,0.08657049973517175,38,9.889566507334761,2.559469280925247,5
slp03,679,0,W,108.17798339910192,0.169162096465906,54,15.03508185766789,0.5107310664353815,7
slp03,680,0,1,81.43322475570032,0.024169402144033278,41,14.619883040935672,0.43603407468420885,8
slp03,681,0,1 L L,76.98709945900957,0.042905437327079,38,14.012143858010276,0.1754954890208483,7
slp03,682,0,1,75.63368765331154,0.03635327032009181,38,13.338075760270321,0.30928666314602044,6
slp03,683,0,1 L L,81.28979813033465,0.060676107324053014,41,12.988887285322559,0.8052740044371373,7
slp03,684,0,1,80.23535704733885,0.04152059729820852,41,12.707556760420198,0.4528141340550226,6
slp03,685,0,2,83.10810810810811,0.05121830428308557,42,14.43973815941471,1.1591732226030758,6
slp03,686,0,2,81.98961464881116,0.03253244534307252,41,13.337285121517485,0.29631214772413383,7
slp03,687,0,2,71.29277566539923,0.031001566780682922,36,14.0361821584529,0.2552036224054997,7
slp03,688,0,2,67.2834314550042,0.03464011402983542,33,15.723270440251572,1.0249865039761905,7
slp03,689,1,2 H,69.02151847340642,0.04375031388913598,35,13.945704722945331,0.10472363630050299,6
slp03,690,0,2,67.20806496779613,0.04200520801043604,33,13.733748397729352,0.08884683449622731,6
slp03,691,1,W HA,64.52480172066137,0.03936984093186051,33,13.70113262696383,0.2580840173276912,6
slp03,692,0,1,65.03496503496504,0.050068839188144594,32,14.520813165537268,0.40956562355744675,8
slp03,693,0,1,66.58343736995423,0.04252333917979631,33,14.589074404279458,1.3009236035302851,7
slp03,694,1,2 H,64.57688685591282,0.03771252278753039,33,13.433637829124129,0.9077465725630695,6
slp03,695,0,2,64.88975718671504,0.053551029860942304,32,11.042402826855124,2.34361307386693,6
slp03,696,0,2,65.59169171904892,0.04181432170919432,33,17.830609212481427,1.1404661327720347,9
slp03,697,0,2,68.60706860706861,0.025542704478306845,34,18.764659890539484,1.1534399637605763,9
slp03,698,1,W HA,67.92918896665294,0.056939772927601606,34,28.544243577545195,0.4921639293297847,13
slp03,699,0,W,70.83108472746898,0.09130963692797363,36,12.683201803833144,0.20477847109064515,7
slp03,700,0,1,66.815144766147,0.059346440499831156,33,13.661202185792348,0.2629169704171515,7
slp03,701,0,1,65.8616904500549,0.04294182110716777,33,12.739935450993714,2.2617608715335047,6
slp03,702,0,1,66.14303431169905,0.02730813752345626,33,31.03448275862069,0.42861554905169846,16
slp03,703,0,2,65.88881262868908,0.05316586663452408,33,14.90066225165563,1.0689375826284506,7
slp03,704,1,R HA,67.37443854634544,0.04978322153100891,34,19.03553299492386,0.9534065239969779,9
slp03,705,0,W,67.10954446854664,0.09063344067908743,34,27.170126793925036,0.37451576625236693,14
slp03,706,0,W,83.25436577771761,0.03980344330269359,42,13.888888888888891,0.6992491210815596,7
slp03,707,0,W,72.36388697450035,0.04733415731772978,36,13.412017167381975,0.14643715375545918,6
slp03,708,0,W,64.11140217840894,0.051731154857923324,32,16.008537886873,1.1428269043618693,7
slp03,709,0,1,63.28252585737615,0.06336364172466623,32,22.21235006663705,0.7721990416984471,11
slp03,710,0,W,64.04076573474728,0.0543129253544855,32,14.861294583883753,0.9154573841649989,7
slp03,711,0,W,62.66846361185984,0.0490376907007374,32,28.290448605685032,0.541756252141767,15
slp03,712,0,W,75.78861122490781,0.06075829564272132,38,17.760487144790257,0.6288415004220548,8
slp03,713,0,W,91.2232204561161,0.05480144475383326,45,16.960103375868194,0.5788495275200664,8
slp03,714,0,W,75.98576122672509,0.04351536004139809,38,13.756419662509174,0.19275850175802903,6
slp03,715,0,W,68.4931506849315,0.046979041103776306,34,12.394645513138325,0.39375444124479403,6
slp03,716,0,W,65.3505786249149,0.047518253071845984,33,14.007782101167315,0.2524695801257826,7
slp03,717,0,W,72.49378624689312,0.08192189411075575,36,17.332452954770552,0.8449807629738788,8
slp03,718,0,W,84.96291301416049,0.038239370197567,43,15.756302521008404,0.249818219626077,8
slp03,719,0,W,77.84758262769736,0.05693287100220764,39,13.537906137184114,0.12603491579717122,6
slp14,0,0,W,98.07928075194117,0.22694993023425528,49,16.61655325209685,1.3331615943818267,8
slp14,1,0,W,63.49856616140926,0.09467205018572467,32,16.32462686567164,0.49437720045177097,8
slp14,2,0,W,62.893081761006286,0.0403683043983767,31,18.67704280155642,0.6359699285343609,9
slp14,3,0,W,66.13226452905812,0.01472016289285844,34,15.659955257270694,0.18508288270228493,8
slp14,4,0,W,69.805639200657,0.04365387611259714,35,17.427385892116185,0.17003817098474316,8
slp14,5,0,W,70.45171985080813,0.00986342725586974,35,17.74248056775938,0.14839109935352238,8
slp14,6,0,W,68.7238916588061,0.022214120014704217,35,17.51751751751752,0.2071599992906991,8
slp14,7,0,W,70.36590269400884,0.04728501510057098,36,17.63150161622098,0.3450840477333022,9
slp14,8,0,W,69.83431466520608,0.051314755697061794,35,17.238902456543602,0.17009923574196334,9
slp14,9,0,W,68.26644600744724,0.01765041614474416,34,17.10654936461388,0.07903499612352055,8
slp14,10,0,1,71.25407166123779,0.013635966846422539,36,17.271157167530223,0.1904100837665905,9
slp14,11,0,W,67.69693654266958,0.05388229868917421,34,18.867924528301884,0.4707568374437062,9
slp14,12,0,W,65.31816266329541,0.013613973356500622,32,16.1339889366933,0.1101005106662979,8
slp14,13,0,W,65.69942513003011,0.024009112853248027,33,17.546424915923378,0.2983584253879887,9
slp14,14,0,W,78.56567284448023,0.2045921714227968,40,18.76759461995621,0.650485203521187,9
slp14,15,0,W,65.57377049180327,0.0590592922409336,33,15.806111696522656,0.1761687502692477,8
slp14,16,1,1 HA,68.88168557536467,0.019812267703549085,35,16.522423288749014,0.08151223771900253,8
slp14,17,1,1 HA,67.56756756756756,0.06381032499335493,34,16.146393972012916,0.3378385074896839,8
slp14,18,1,1 HA,67.69693654266959,0.03509336883617487,34,16.835016835016837,0.3862611995602384,8
slp14,19,1,1 HA,65.439672801636,0.048018063007580804,33,15.712290502793294,0.35174738410146306,7
slp14,20,1,1 HA,64.65517241379311,0.08222530024268687,33,16.41907740422205,0.4637824965235672,8
slp14,21,1,1 HA,61.601642710472284,0.0699771391241454,31,17.98561151079137,1.0406130061513879,8
slp14,22,1,1 HA,65.18196632265074,0.07038998508310682,33,16.579819990525817,0.26826608782615624,8
slp14,23,1,2 HA,65.53795740032768,0.05529692577350029,33,16.77048394825108,0.7506731672849591,8
slp14,24,1,1 HA,66.47864625302176,0.06778803456992978,34,16.010978956999086,0.3881409380046145,8
slp14,25,0,1,64.50270495214315,0.07657061651322523,32,14.977533699450825,0.6660800752662299,7
slp14,26,1,1 HA,64.20545746388443,0.08072019573811749,33,16.067329762815607,0.4408400144807036,8
slp14,27,1,1 HA,61.467012703182625,0.0726157619865611,31,17.3841059602649,0.7321808631250416,8
slp14,28,1,1 HA,65.0142218610321,0.055769475297872406,33,16.701129314458406,0.47747157197137546,8
slp14,29,1,2 H,64.13793103448276,0.06411877635911187,32,15.380108393144866,0.1930295525645367,8
slp14,30,1,2 HA,67.12774613506917,0.08179258858973326,34,16.47058823529412,0.49760897688601946,8
slp14,31,1,2 HA,67.42950551695954,0.09363807000504641,34,19.127231510342874,1.0508507077014049,10
slp14,32,0,1,64.44683136412459,0.08683893136145793,33,12.065637065637064,4.039493354370074,6
slp14,33,1,2 X,63.085063085063084,0.07516835076903117,32,8.609556607834696,5.353668181723629,5
slp14,34,1,1 X,64.52060496739283,0.08112671708362092,32,17.140058765915768,0.4587906018289071,8
slp14,35,1,1 HA,63.07650569723276,0.052738374152230025,32,16.73306772908367,0.20036375084595826,8
slp14,36,1,2 HA,63.663745892661545,0.07087783160853313,32,16.93480101608806,0.592461813115411,5
slp14,37,1,2 X,64.60127813281466,0.08516500480657813,32,17.384585667374925,1.0284834574373194,7
slp14,38,0,2,65.40400599536721,0.05410738743461931,33,16.881028938906752,0.39921555734275904,8
slp14,39,1,2 HA,62.32686980609418,0.08270966623611108,31,16.031350195938725,0.44004646219335625,7
slp14,40,1,2 HA,63.777259635166644,0.10524034234364549,32,17.28110599078341,0.8864645670140621,8
slp14,41,1,1 HA,60.08287292817679,0.06811977979650535,30,11.604518025684667,4.880401688385906,6
slp14,42,1,2 X,62.88429290106205,0.0667551412918053,31,15.801948907031868,0.8662488095229913,5
slp14,43,1,2 X,60.92607636068237,0.07397585191578851,31,14.925373134328357,0.7588131083035752,7
slp14,44,0,2,63.62889983579639,0.1027215100981125,32,16.56238498343761,0.6087787410509303,7
slp14,45,1,1 HA,64.31535269709543,0.11503585831935882,32,16.634980988593153,0.874721086742418,8
slp14,46,1,1 HA,57.7240241891149,0.04298457245789187,29,14.919011082693949,0.6823953010819869,8
slp14,47,0,2,63.085063085063084,0.11138869892255089,32,17.151257758902318,0.6957728928086713,8
slp14,48,1,2 HA,61.99200991872159,0.09051840819536226,31,16.714954312458215,0.7585949116623442,6
slp14,49,1,2 X,58.94736842105264,0.040135230592259964,29,13.220518244315176,2.0587415185010483,6
slp14,50,1,1 HA,66.28003314001657,0.11033783349332177,33,19.754170324846356,0.8710494309229017,10
slp14,51,1,W HA,93.205457247062,0.26434549484097913,47,16.501650165016503,1.1380323871866365,8
slp14,52,0,W,95.46209186496957,0.3044465926698471,47,15.622675197143282,0.5697214500194324,8
slp14,53,0,W,59.09523162613777,0.0443070037650902,30,15.727980826842423,0.525516733068219,8
slp14,54,0,W,59.983452840595696,0.03477503717415318,30,15.174506828528076,0.11804518908734354,7
slp14,55,0,1,61.80469715698393,0.036691870125864855,31,14.478764478764482,0.26585208920249886,7
slp14,56,0,1,62.24927375847282,0.05357097058005286,31,13.776634827332844,0.40601398990675175,6
slp14,57,1,2 H,59.59720509658858,0.051729838766297734,30,14.317531021317212,0.5359883912507392,7
slp14,58,0,2,60.90730887706525,0.09505800219451724,30,15.418879561418537,0.601129677265138,7
slp14,59,1,2 HA,59.499384489125966,0.048586586229889,30,13.438853217858743,0.4373277438667201,7
slp14,60,1,2 HA,60.383120488617436,0.09816252387716909,30,14.338059582603151,0.450027653471305,7
slp14,61,1,1 HA,59.28045789043337,0.07677271612068294,30,15.525654295431018,1.0780011737527213,8
slp14,62,1,2 HA,57.597366977509594,0.049919118254902514,29,15.055202408832386,0.5022810191737511,7
slp14,63,1,2 HA,62.90584415584416,0.06324423694506709,32,16.984336667295718,0.46726105004471413,7
slp14,64,0,2,58.74947545111204,0.030651097793037835,29,13.25478645066274,0.35844602879032633,7
slp14,65,0,2,63.39468302658488,0.02829663003949571,32,16.61392405063291,0.904552116028836,8
slp14,66,0,2,62.901873077998324,0.026285272598083415,31,15.065282892534315,0.40797167657680455,7
slp14,67,0,MT,64.37768240343348,0.028915895840489942,32,14.261266400456359,0.2791231986059203,6
slp14,68,0,1,74.08423652078476,0.17914732884444237,37,20.033388981636058,0.9386176005168452,9
slp14,69,0,2,60.02483786394369,0.07431040083204549,30,14.195583596214512,0.7151826495534007,7
slp14,70,1,2 HA,58.63323898099474,0.1098114696127039,30,15.49053356282272,0.5579422510937451,7
slp14,71,0,2,61.408296943231456,0.09575487222880913,31,18.025751072961373,0.47213764855566576,8
slp14,72,1,2 HA,58.848255569567044,0.027387990813791507,29,15.147143681477209,0.28920157506557287,8
slp14,73,1,2 H,60.215946843853814,0.014644093175158078,30,14.744429882044562,0.29305441284663974,7
slp14,74,0,2,60.69598057728622,0.019778327083507918,31,15.436636283446047,0.3652488109187367,8
slp14,75,0,2,60.56808688387637,0.02515114831560067,30,15.025041736227044,0.10779404230084136,7
slp14,76,0,2,60.54279749478079,0.014842814954278196,30,14.51378809869376,0.16836072384417147,7
slp14,77,0,2,60.418904403866804,0.03295141204190734,31,14.937759336099585,0.10117751177454842,7
slp14,78,0,3,61.0666304790338,0.04590405452922675,31,14.631767192326453,0.18407848567632482,7
slp14,79,0,3,60.69485140226036,0.014121605376396094,30,15.015015015015015,0.2587559983201679,7
slp14,80,0,3,60.736941557565125,0.015645517639957543,31,15.319521447330025,0.23192539264837292,8
slp14,81,0,3,61.81318681318681,0.04912387968753646,31,15.254237288135592,0.4020923055993764,7
slp14,82,0,3,62.232056423731166,0.07832570175590867,31,15.006431327711876,0.35931272264291075,8
slp14,83,0,3,59.46684894053316,0.0303661367186414,30,14.905597880092746,0.2601606341389017,7
slp14,84,0,3,60.762676351445734,0.016633133129900817,30,15.164644714038127,0.22337083653029755,8
slp14,85,0,3,60.843699296917244,0.02187804581969993,31,15.964725558765394,0.2205018395036417,8
slp14,86,0,3,60.779656280564495,0.019746791909708464,30,14.701078079059132,0.18045374907592135,7
slp14,87,0,3,61.19951040391678,0.02069073866894721,31,15.079707022834983,0.24482496871463588,8
slp14,88,0,4,59.728134010709866,0.02079055854501163,30,15.533310321021748,0.16657597532524163,7
slp14,89,0,3,60.950832994717594,0.0545365932195989,31,14.544279250161601,0.5688335042484362,7
slp14,90,0,4,59.958649207443145,0.024366601574591567,30,15.620351085986314,0.16721878617242616,8
slp14,91,0,3,60.43345373714922,0.018476581572016957,30,15.532544378698226,0.2392819189464467,8
slp14,92,0,3,63.724818418528166,0.13100771676598771,32,16.062413951353832,0.2581997328442,8
slp14,93,0,4,66.72226855713095,0.11346998501806548,33,16.95462619086065,0.8751312438014945,8
slp14,94,0,2,60.0828729281768,0.0548278898278299,30,14.73960039305601,0.3998977647127103,7
slp14,95,1,2 HA,56.10195317911068,0.057453601486165684,28,14.66275659824047,0.48381263591050067,7
slp14,96,0,2,62.82085922723587,0.14145678807614703,32,15.67398119122257,0.45832988743293374,8
slp14,97,0,2,62.517365934981946,0.047910286531762214,31,16.221226633709254,0.300648550670726,8
slp14,98,0,3,61.26616746085773,0.05130908518208275,31,15.763398889055697,0.27869784677302123,8
slp14,99,0,3,62.2923588039867,0.05742380458776075,31,15.64129301355579,0.1945544360106666,8
slp14,100,0,3,61.60164271047228,0.04817468214736867,31,15.285326086956523,0.24806092441620528,7
slp14,101,0,3,61.20783460282916,0.047451683028341844,31,14.91795126802586,0.21677330708984133,7
slp14,102,0,4,64.01431718061674,0.05415759175828659,32,15.930814747382795,0.16360030936550757,8
slp14,103,0,3,63.777259635166644,0.03629868004124574,32,15.697413664224845,0.3188110565772749,8
slp14,104,0,4,63.89995877422014,0.049607156007568196,32,16.29169899146625,0.2529163772426591,8
slp14,105,0,3,63.681183237469185,0.029126442209718037,32,16.248839368616526,0.284698766690518,8
slp14,106,0,3,63.153605867173695,0.05962351532411166,32,15.615704937537181,0.5148974139950361,8
slp14,107,0,2,64.69874646178731,0.04657369831782741,33,16.621814152287477,0.2460184164335869,8
slp14,108,0,3,65.11123168746609,0.06518243628463115,33,15.861027190332326,0.19609577002171202,8
slp14,109,0,3,64.14677886605048,0.047296967363121487,32,16.176244030195654,0.2138914468145189,8
slp14,110,0,2,65.09869802603947,0.03310626789575398,32,17.177211565989122,0.14493791774411566,9
slp14,111,0,3,63.31699346405229,0.07005512917573804,32,16.408813877168306,0.5259415657772686,8
slp14,112,0,3,63.908741066520065,0.04401986118765289,32,17.103762827822123,0.17584408678469363,8
slp14,113,0,4,65.35057862491492,0.037695946400110446,33,16.129032258064516,0.17039561809702342,7
slp14,114,0,4,66.74757281553397,0.12609288630990026,34,16.968325791855207,0.247797152064806,8
slp14,115,0,4,63.53326957234595,0.05826174389124222,32,15.643623361144218,0.5670310793051464,8
slp14,116,0,3,65.21739130434783,0.02927456233660888,33,17.686072218128224,0.13083481952446752,9
slp14,117,0,4,63.62889983579639,0.04169279652407497,32,17.363623209376357,0.23067238673061835,9
slp14,118,0,3,67.17329352693717,0.07143539466295386,34,16.9436824269808,0.32729341513668847,8
slp14,119,0,4,64.56539850041655,0.07067882538611164,32,16.840417000801924,0.29366425365977217,8
slp14,120,0,4,63.68118323746919,0.04414449832731412,32,17.241379310344826,0.32219248904963627,8
slp14,121,0,2,65.19081895966319,0.03680162190719316,33,17.39886907351022,0.19354004753538734,9
slp14,122,0,3,66.85575364667747,0.06585801573775664,34,17.814726840855105,0.5529737787635142,9
slp14,123,0,3,65.91595715462785,0.06806568518717783,33,17.537998997828627,0.33292274031734176,8
slp14,124,0,4,67.71545827633379,0.11886379763204387,34,16.378100140383715,0.5238731736220288,8
slp14,125,0,2,67.76180698151951,0.04827013061554601,34,18.63064741499767,0.2503951876534371,9
slp14,126,0,3,67.58601856908793,0.02779909558484179,34,17.722640673460347,0.41795185129390205,9
slp14,127,0,3,92.23831647991254,0.1536386268303677,46,19.44964702492436,1.3456732676284673,10
slp14,128,0,W,61.719928679193536,0.05443022036414045,31,14.679497634969826,0.24685128226435366,7
slp14,129,0,W,62.34413965087282,0.07846935707650472,31,13.556258472661547,1.0828819572480342,7
slp14,130,0,1,62.6391982182628,0.04377802594402305,31,13.92757660167131,0.21612342152884154,7
slp14,131,0,1,62.38735616248441,0.04227760110928192,31,15.235055136390018,0.4421343410211472,8
slp14,132,1,2 HA,61.08320890457446,0.06152448473755976,31,15.80056179775281,1.3336539614491043,7
slp14,133,0,1,63.1879331430901,0.07105964723484404,32,15.286067841024895,0.8643721798543279,8
slp14,134,1,1 HA,65.59458315700381,0.12047813174567493,32,17.579105976896034,1.3788321589116563,8
slp14,135,1,W HA,58.61743700309931,0.051828308894403916,30,12.135922330097085,1.0653495201106538,6
slp14,136,0,1,63.3445945945946,0.09070038588672047,31,17.36111111111111,1.2793081463561988,7
slp14,137,1,1 HA,64.51612903225806,0.07222188034107117,33,16.850777008050926,0.5530011050822793,7
slp14,138,1,2 HA,61.12984822934232,0.06418433619723483,30,14.418455623197692,1.1366281518401502,7
slp14,139,1,2 HA,59.30470347648262,0.05589083976005753,30,15.241689650166933,0.450652497462721,8
slp14,140,0,1,62.94586655476291,0.08066490356199943,31,14.206787687450669,0.8074500328537707,7
slp14,141,1,1 HA,60.942578548212346,0.05406892720305158,31,14.256296530967843,0.5024124025362254,7
slp14,142,1,2 H,64.20878210439106,0.06886116875216883,32,15.702108568864961,0.7852663658314434,8
slp14,143,1,2 HA,61.93228736581337,0.06977602262477658,31,13.731233980227026,0.8437994074423137,6
slp14,144,1,2 HA,62.24066390041493,0.07438279370929814,31,14.459224985540773,0.7952603598822212,6
slp14,145,0,1,60.357985292077146,0.04395132969192705,30,15.24390243902439,0.4467661580737737,7
slp14,146,1,2 HA,60.38647342995168,0.07249901148751388,31,14.778325123152708,0.6631963007536558,7
slp14,147,1,1 HA,64.68130979652338,0.096748950252703,33,15.274949083503055,0.9676740891731795,8
slp14,148,1,1 HA,60.81364462463303,0.08456151149968044,30,15.205271160669032,1.3516621865934797,7
slp14,149,1,1 HA,59.15952672378621,0.05073350203070598,30,13.479107383555489,0.6689550723994017,7
slp14,150,0,2,84.7457627118644,0.20738186539627348,43,15.266065716778133,1.4000046647152609,8
slp14,151,1,W HA,67.84539473684211,0.1846874211368246,34,16.24883936861653,1.4288063806791276,8
slp14,152,0,W,84.05084050840509,0.23468271897218188,42,20.099540581929556,0.5450020782585351,8
slp14,153,0,W,64.38631790744466,0.2077462018305028,33,16.84762261325346,0.26953457828057775,7
slp14,154,0,W,69.36887921653971,0.18636348752094345,35,19.28728875826598,0.919256132280168,8
slp14,155,1,W X,60.890257558790594,0.04220509349315264,30,16.314481044126786,0.38613014618897396,8
slp14,156,0,1,66.3716814159292,0.05390001967728881,34,18.561484918793504,0.875478012288144,9
slp14,157,1,1 H H,67.78964667214461,0.10753107053069166,34,17.106200997861723,0.7234844504203252,9
slp14,158,1,2 HA,63.89117889530091,0.10492250745306907,32,15.789473684210526,1.9159743511554934,8
slp14,159,1,1 X,61.00867678958787,0.06932615347439636,31,15.650618572067373,0.7894963519839203,8
slp14,160,0,1,64.12024269167127,0.10167086928304504,32,16.332244517032198,0.9642213311839788,8
slp14,161,1,1 X,63.49856616140925,0.10571152311184638,32,18.0099054479964,1.202770863464858,9
slp14,162,1,1 X,61.86417376959033,0.061107409988933055,31,15.123145614287774,0.6545993010215936,8
slp14,163,0,1,65.19967400162999,0.10528977870619732,33,20.689655172413797,0.8504304792280203,8
slp14,164,1,1 X,63.970284770945106,0.09302858925252096,32,20.4160995527902,0.9941766771083108,8
slp14,165,1,R X,59.69534787978592,0.04519257249592074,30,10.102710894089913,1.4419247553183903,5
slp14,166,0,R,63.979086406164015,0.059701093821955896,32,16.028087314913755,0.7266563064854678,8
slp14,167,0,R,70.41309012875537,0.05499910203348593,36,22.995554192856048,1.1107893409643432,11
slp14,168,0,R,68.42687309925353,0.17205991225964062,34,19.19692849144137,0.8561914213538931,9
slp14,169,1,R HA,61.43344709897611,0.035222467577133536,31,17.40644038294169,0.5223935298221064,9
slp14,170,0,R,70.10309278350516,0.12513516567528618,35,18.229166666666664,0.5358397567351262,8
slp14,171,0,R,70.71659482758622,0.10881080378532346,36,11.835253274420074,2.6492403137503397,6
slp14,172,1,R HA,63.19652079369394,0.08791519894782347,32,14.290250873293108,0.836990375625006,7
slp14,173,1,R HA,66.91760769552488,0.08781861633503457,33,16.85077700805093,0.6881876359120543,7
slp14,174,1,1 HA,74.56670697299475,0.07835339769663012,38,22.258862324814505,0.4829739148951378,10
slp14,175,1,R HA,66.33499170812604,0.028822734082664676,33,21.8978102189781,0.8446310437108028,11
slp14,176,0,R,71.03233662562576,0.10796183755080745,36,21.219742219427854,0.7509696119182796,10
slp14,177,1,R HA,70.10309278350515,0.1028007108884445,35,20.038167938931302,0.7367165987941193,8
slp14,178,1,R HA,63.76851343938563,0.02844276067394763,32,17.41293532338309,0.28599186516188785,8
slp14,179,0,R,73.42657342657343,0.1287462937845797,36,19.461563412260784,1.9140791519683817,9
slp14,180,1,R X,74.08423652078473,0.1285283751156784,37,22.36951118475559,0.7970057545836831,10
slp14,181,1,R X,64.33453960595094,0.04691598208499954,33,21.638083026125983,0.7954845405920771,10
slp14,182,0,R,72.15503023639363,0.10988522397929391,36,18.981335020563115,1.8832671079801717,9
slp14,183,1,R X,74.79784366576818,0.09582233377130359,38,21.808665309683047,0.6334610958851379,11
slp14,184,1,R X,63.577281717999426,0.02482865727787592,31,17.96138302649304,0.8074959752221679,9
slp14,185,0,R,71.5551315251465,0.1116651554370275,36,15.182186234817815,1.684767837616408,7
slp14,186,1,R X,70.07419620774938,0.09986315896781525,35,24.107142857142858,0.6149595188925391,10
slp14,187,1,R X,63.59409190371991,0.024378561401020973,32,22.21893052881055,0.6158738831936291,11
slp14,188,0,R,69.45418829802162,0.10700318816427218,34,15.996343692870203,1.6452552931359428,8
slp14,189,1,R X,71.42857142857143,0.10634714046797067,36,25.931617364579328,0.5549682228696177,10
slp14,190,1,R X,63.12788487645941,0.04873287206782694,32,24.254005585770983,0.6857582158301221,12
slp14,191,0,R,72.69454444752148,0.14099707914184112,36,15.037593984962406,1.8112305209442556,5
slp14,192,1,R X,69.71022416621105,0.1098982228116662,35,28.314215188035423,0.5592239762575473,14
slp14,193,0,R,73.66984993178718,0.12218848019088391,37,16.87017994858612,2.409855411023827,8
slp14,194,1,R X,74.74048442906575,0.10177019622417052,37,20.949720670391063,0.7978599948791589,8
slp14,195,1,R X,63.891178895300904,0.024880818935165583,32,20.104244229337304,0.9778442401654218,10
slp14,196,0,R,73.10139434141058,0.19311900635950868,37,24.58344714558864,0.4593352685010033,7
slp14,197,1,R X,68.84561891515995,0.05099502127339505,34,15.107913669064748,1.321461404997497,8
slp14,198,0,R,71.14785201246782,0.10990899389392804,36,13.169446883230904,3.342591409869494,7
slp14,199,1,R X,70.90226609203393,0.11829849057351627,35,21.80549498473615,0.6195106455905338,11
slp14,200,1,R X,62.99959355100935,0.031403387344880004,32,18.796992481203006,1.0582362685147397,9
slp14,201,0,R,68.4931506849315,0.12026637102698327,34,18.99034657382497,0.8510145415913879,9
slp14,202,1,1 X,69.43498978897209,0.10656778144224686,35,22.451355396640608,0.6838308938312342,10
slp14,203,1,1 X,66.92806922660898,0.06732108554019593,34,18.642224638806898,0.6513338237800951,9
slp14,204,0,1,68.19121091059375,0.08360649444679687,34,14.497422680412372,1.8745846354740978,7
slp14,205,1,1 X,72.26428079834824,0.12170328588792648,36,20.761245674740483,0.9714010500303158,9
slp14,206,1,1 X,66.21602979721341,0.04392020463294769,33,19.048962889798222,1.125838924513901,10
slp14,207,0,1,73.12996239030505,0.14349680790021435,36,22.827189719310113,0.5358522000019348,10
slp14,208,1,1 X,75.35584705554004,0.12081922012087846,37,22.654332641117612,0.7303709673857525,9
slp14,209,1,2 X,70.3448275862069,0.09791260844617287,35,16.462841015992474,1.592996713936424,8
slp14,210,0,1,63.75976964212258,0.08428503248710745,32,12.19313932693871,1.9936128410501375,6
slp14,211,1,1 X,65.29723847095633,0.08878194847490113,33,19.40805434255216,1.0179163767225674,9
slp14,212,1,2 X,67.57679180887372,0.0994602882762025,34,15.770501652147793,2.3468080971604732,8
slp14,213,1,2 X,69.46393488633174,0.02627480681015426,34,18.20940819423369,0.38627321936681036,9
slp14,214,0,1,69.1900691900692,0.11221315603592678,35,17.07455890722823,1.752471397769447,7
slp14,215,1,1 HA,65.89785831960462,0.12092869800010253,33,18.137847642079805,1.0553710248059684,7
slp14,216,1,1 X,65.70841889117044,0.09264574666437742,33,18.47615695935246,1.217674464723974,8
slp14,217,0,1,63.61149110807115,0.10383321293411182,32,11.000293341155762,3.102177403050961,6
slp14,218,1,1 X,67.18241042345277,0.10401525635078254,34,19.088016967126194,1.02284939697342,7
slp14,219,1,1 X,69.49175637007767,0.10382397933580231,35,19.462465245597777,1.0325396469138508,8
slp14,220,1,2 X,62.68282490597575,0.05230831673835433,31,17.644464049404498,0.7650057189328718,9
slp14,221,0,1,65.07592190889372,0.1381267533825363,33,15.538674033149173,0.8945573703731299,7
slp14,222,1,1 X,67.43467266085979,0.09427585852168094,33,17.584994138335286,1.3006987133295485,8
slp14,223,1,2 X,64.4122383252818,0.0924648581894765,33,17.917579135974517,0.9639070955693234,7
slp14,224,1,2 X,64.55083378160302,0.06264782518172518,33,15.95744680851064,0.35891264356983277,8
slp14,225,0,1,71.09004739336493,0.08180813791164929,36,19.681810726586846,0.515753574878546,9
slp14,226,1,2 HA,65.9069064945764,0.09553459779053869,33,15.706806282722512,1.7391045314841114,8
slp14,227,0,1,61.855670103092784,0.07322476812299694,31,12.352456766401318,1.4575059367136576,7
slp14,228,1,1 X,64.96227996647109,0.11586134021358208,32,18.87385970430953,1.0401783500919444,9
slp14,229,1,2 X,69.02802956351974,0.09007194349291775,34,19.336126329358688,0.644678989885664,9
slp14,230,1,2 HA,60.983873153543826,0.04759252975928986,31,16.61655325209685,1.1643204552222637,8
slp14,231,0,1,65.25285481239804,0.11531153454880393,33,16.722408026755854,1.75863765454968,6
slp14,232,1,1 X,66.02300156183445,0.100939684857782,32,21.72164119066774,0.802239334997533,10
slp14,233,1,2 X,66.82867557715674,0.11662773061416126,34,19.12289648138705,0.9684580734342608,6
slp14,234,0,2,61.0583446404342,0.032925505142501456,31,12.973533990659057,2.946714400820005,6
slp14,235,1,1 X,63.89117889530092,0.10318144207944649,32,19.900497512437813,0.7676008077119253,9
slp14,236,1,2 X,71.15749525616698,0.11738405829948606,36,19.68503937007874,0.7005978399433824,10
slp14,237,1,2 HA,60.11608623548921,0.03550806711107111,30,15.731515469323545,0.9803149153885875,7
slp14,238,0,1,64.97135671370685,0.13571409011588795,32,21.415459922496428,0.4925263486166325,8
slp14,239,1,1 X,68.38905775075987,0.092542100711192,34,18.688677776047342,1.4415712781545003,9
slp14,240,1,2 X,64.97901719236496,0.08046806431746696,33,15.443447565818502,3.2697300643749707,8
slp14,241,0,2,63.42927295048425,0.10836436013443956,32,16.483516483516485,0.658570573287328,6
slp14,242,1,1 X,68.17242804021484,0.11202374141651852,34,23.09113300492611,0.5634442652117421,6
slp14,243,1,2 X,65.66347469220246,0.10706043853823877,33,18.045112781954888,1.4175016754840184,9
slp14,244,0,2,60.3496115427303,0.060202748998034426,30,11.246063877642825,2.9455141758273715,6
slp14,245,1,1 X,65.17311608961303,0.1169876462495079,33,18.915510718789406,0.7622493030498618,8
slp14,246,1,2 X,63.96148555708391,0.04973084684571212,32,19.26163723916533,0.5523431904169726,9
slp14,247,0,2,72.17486939785537,0.057159311916567986,36,22.911257064304266,0.43047898903430815,11
slp14,248,0,2,65.57377049180327,0.08627282306729044,33,16.281594045588463,0.31088235191900787,8
slp14,249,1,1 HA,66.40841173215274,0.11980713668225279,33,19.888037713612256,0.6891767140653233,10
slp14,250,1,2 HA,67.73399014778325,0.09618714541012618,34,21.28666035950804,0.7765496335285551,10
slp14,251,0,1,73.16053511705685,0.09190049632341382,36,21.858808290155437,1.0834197344462828,10
slp14,252,1,W X,84.55240907260769,0.22513328881448497,43,13.661202185792348,0.8646571574907594,7
slp14,253,0,W,114.28571428571428,0.1819265943018934,57,17.720023626698165,0.7083003129558346,7
slp14,254,0,W,56.75675675675676,0.06947852406407645,29,14.231499051233396,0.32066597366522487,7
slp14,255,0,W,83.04077774777208,0.24030185261214299,42,19.120458891013385,0.9981242407636436,9
slp14,256,0,W,101.94372706266141,0.1799520113808123,51,15.225334957369064,1.566236559399633,6
slp14,257,0,W,74.1147405984079,0.0313443637007113,37,14.121634343814724,0.7865241000757702,6
slp14,258,0,W,72.453767595915,0.009440857795686125,36,13.614086041023779,0.5328228223340288,6
slp14,259,0,W,75.02083912197833,0.021143834287920937,37,15.801354401805867,0.913046302780099,8
slp14,260,0,W,73.45939327982586,0.01938658056937423,37,14.539579967689821,1.0538783400163205,7
slp14,261,0,W,71.27341840890578,0.04664117476729622,36,14.891504751099138,0.6973770098573304,8
slp14,262,1,1 HA,69.70069700697006,0.028147166389861478,35,13.673655423883321,0.6179536120670116,7
slp14,263,0,1,69.10569105691057,0.06454868605922447,35,16.741071428571427,0.5347268461560539,6
slp14,264,1,1 HA,66.11570247933885,0.09271326765894944,33,14.841688654353563,0.8134950658868327,4
slp14,265,1,1 X,62.91066685306863,0.11053655001350861,31,16.86814731515322,0.7858873965142843,5
slp14,266,1,1 X,61.94933920704845,0.0739421996487046,31,15.716680637049457,0.7714986973417388,6
slp14,267,1,1 X,63.25669976873895,0.07215568784400449,32,17.958695001496558,0.4767168971202931,5
slp14,268,1,2 X,63.46967559943583,0.05446793144186363,31,19.614253023864006,0.2485699096833725,5
slp14,269,1,1 X,60.394577909005505,0.07573626754879215,31,12.30113170411678,1.9367149093245501,6
slp14,270,1,1 X,61.50061500615006,0.09641770238567883,31,12.919896640826874,2.362654439396502,5
slp14,271,1,2 X,62.197650310988266,0.0926992748383479,31,14.249525015832806,0.805993107221699,4
slp14,272,1,2 X,59.37755937755937,0.05757790565812743,30,19.042437431991296,1.5229440875743112,8
slp14,273,1,2 X,60.0,0.03983413888475132,30,22.269353128313888,0.7250453610017819,8
slp14,274,0,W,60.107779466629836,0.06977865463085935,30,16.87560270009643,0.23327167309681596,8
slp14,275,0,W,59.818481848184824,0.0129361369243513,30,18.627755355479664,0.8105202033262342,9
slp14,276,0,W,61.76228383200659,0.03568354740711125,31,18.867924528301888,0.8486247698482526,9
slp14,277,0,W,61.29955046996322,0.04022801677106808,31,30.080213903743314,0.4937295706040797,16
slp14,278,0,W,61.2589776087875,0.032372387347005954,30,27.965007887566323,0.5897223095380265,14
slp14,279,0,1,58.7440918298447,0.05486812641302875,30,18.791105543376133,0.7280652443291055,9
slp14,280,0,W,59.96691480562448,0.036761661257438565,30,15.308725973805071,2.8696726100530854,7
slp14,281,0,1,59.188275084554675,0.03525302129185644,29,9.937065253395163,2.4922768706546226,5
slp14,282,1,1 X,58.178413802327135,0.02761446828207606,30,11.239322643488686,2.520445167029031,6
slp14,283,1,2 OA,58.98305084745762,0.06308049328104738,30,9.47867298578199,1.9179999999999997,3
slp14,284,0,2,59.03021784961349,0.06783458271593407,29,15.482158655263934,1.7449046520936204,8
slp14,285,1,1 X,56.91056910569107,0.07188426071662356,29,14.25855513307985,0.21850400453996238,4
slp14,286,1,1 X,59.393773894046966,0.08576848521389344,30,20.64409578860446,0.349963198065168,6
slp14,287,1,2 X,61.0004066693778,0.07972184978619935,31,17.373175816539263,0.6970181059341287,6
slp14,288,0,2,60.2994177987247,0.10522176343606171,30,8.824827180467715,8.050873927717413,5
slp14,289,1,1 X,57.34571272528673,0.058791919478091294,29,8.84433962264151,4.759477282223332,5
slp14,290,1,1 X,60.24930747922437,0.10923423870776147,30,19.334880123743233,0.3228413852033224,6
slp14,291,1,2 X,61.166236237596856,0.049988620927389295,31,16.307302047472366,2.270817082510659,7
slp14,292,0,2,66.88963210702342,0.11755849607748477,33,13.833384568090995,2.195666843783202,7
slp14,293,1,W X,57.22850524594631,0.062246875177696726,29,8.736167734420501,5.739977700305115,5
slp14,294,0,W,57.0021111893033,0.06499872321210923,28,7.051081165778753,7.67179445907033,4
slp14,295,1,1 X,58.42847548690396,0.06482993392667451,30,12.798634812286688,1.5362520626511782,6
slp14,296,1,1 X,60.62717770034843,0.08472603958400844,30,15.075376884422111,0.6809640225445102,5
slp14,297,1,1 X,57.431970463558045,0.03677038515558133,29,6.622516556291391,3.628778306813465,4
slp14,298,0,1,58.610103265420044,0.08993920849379204,29,20.262446931686608,0.9152366483314465,8
slp14,299,1,2 X,61.64383561643835,0.07890810407612701,31,15.285326086956523,2.3355292524155824,7
slp14,300,0,2,57.62107284949926,0.038575396621289566,29,4.531037607612143,7.406,3
slp14,301,1,1 X,57.502738225629784,0.08943450459551332,29,14.825064241945048,1.1159509666647545,6
slp14,302,1,2 X,63.316993464052295,0.08188334637856422,32,20.177562550443906,0.6601798542821493,6
slp14,303,0,2,56.42240178322652,0.04196229282587395,28,11.227544910179642,2.015065259489131,5
slp14,304,1,W X,62.32686980609418,0.07036918517520452,31,17.232890201870998,0.8264453511075895,8
slp14,305,0,1,58.35764902042517,0.06822217605824703,29,18.486566428395367,1.3186504616463002,6
slp14,306,1,1 X,57.77166437414029,0.042496578493726664,29,20.446413358323394,1.1937804446379576,9
slp14,307,1,1 X,59.10326086956521,0.0711240145513296,30,17.971246006389777,0.20949038694465724,7
slp14,308,1,2 X,60.57652137585294,0.06868550049753522,30,20.39891205802357,0.8266107507970927,10
slp14,309,0,1,60.56527590847915,0.08386868042097456,31,20.706791827719496,0.5455190555791795,6
slp14,310,1,1 X,59.15952672378621,0.054528309199549874,30,14.787066246056783,0.4448215822102162,6
slp14,311,1,1 X,58.276675454419326,0.06673049665387988,29,9.71188086759469,6.167735727153037,5
slp14,312,0,1,57.605266767247294,0.056278280872457245,29,10.337698139214334,1.9245633270952662,5
slp14,313,1,1 X,60.822147651006716,0.08566438953129432,30,22.783368141256886,0.8418169337807361,9
slp14,314,1,2 X,61.00867678958785,0.16184513860134603,31,16.452522720150426,1.8179746523905917,8
slp14,315,0,1,58.84001120762119,0.08995826696818011,29,17.931858936043035,1.180695275392145,7
slp14,316,1,2 X,58.13953488372093,0.05064159780823893,29,24.748762561871906,0.6288030870742045,12
slp14,317,0,1,58.79967558799676,0.09034093174016601,30,17.848643503093765,0.45389408456158575,6
slp14,318,1,2 X,61.70300287947346,0.07919158204422154,31,18.54714064914992,0.9960778082057645,9
slp14,319,0,2,60.2076124567474,0.04644283561310582,30,16.025641025641026,0.39993332777685164,7
slp14,320,1,W X,58.075221238938056,0.04137434875250462,29,18.257694314032342,0.9292057613568566,8
slp14,321,1,1 X,63.11360448807855,0.08684903888676926,31,16.679021497405486,0.7237114219232845,4
slp14,322,0,1,65.323897659227,0.06951798328490263,33,15.713858126309487,0.8482206105027351,8
slp14,323,1,W X,103.88375882672459,0.22530443499302866,52,22.02966661771185,0.658591102278189,11
slp14,324,0,W,117.28395061728396,0.09617727553178311,58,13.002773925104023,2.494773544833278,6
slp14,325,0,W,115.79089924160348,0.1563766396615082,58,18.015313016063654,1.288757444207404,9
slp14,326,0,W,127.67710049423394,0.1574453177955242,63,19.2967409948542,1.455362497799088,10
slp14,327,0,W,121.98427758200056,0.1761998360448222,61,23.034398034398034,0.7504490389093719,11
slp14,328,0,W,104.48760884125922,0.22717991983520763,53,15.99431313310823,1.7526200069863656,7
slp14,329,0,W,129.25811229298506,0.15014231530035094,65,19.879251951111762,0.5685603217831621,10
slp14,330,0,W,95.38291401714129,0.23684657999951556,47,28.548770816812056,0.5845943512860482,13
slp14,331,0,W,66.1764705882353,0.12185104335899945,34,23.930384336475708,1.3342163577382036,12
slp14,332,0,W,60.75334143377886,0.05597475621504157,31,16.10923596195152,1.3967004850353417,8
slp14,333,0,W,86.3960504662644,0.22937588594303937,43,23.430178069353328,0.5553458021809474,11
slp14,334,0,W,63.768513439385636,0.03606030329136375,32,17.85410644448223,0.44149061052719285,8
slp14,335,0,W,67.76180698151951,0.10803733667442234,34,12.330456226880395,2.5756731159058206,5
slp14,336,0,W,83.6470096194061,0.25533724757661186,41,15.530629853321829,1.3655366059620013,7
slp14,337,0,W,59.32896890343699,0.03310287355822951,30,18.850987432675044,0.7642758343820691,8
slp14,338,0,W,93.54663774403473,0.2484711056826693,47,19.707669568073577,1.8417898224281726,9
slp14,339,0,W,95.69702728383334,0.241278111744271,48,28.013216491883345,0.45570737003102296,14
slp14,340,0,W,72.94706127553148,0.22970905466680752,36,19.06241174809376,1.1005460373137117,10
slp14,341,0,W,60.975609756097555,0.021140797840510508,31,16.651248843663275,0.2318783205811952,7
slp14,342,0,W,65.08958566629339,0.11779846632301334,32,23.229621286780233,0.8071464274664796,12
slp14,343,0,W,109.65209151211589,0.19727083038620283,55,22.240527182866554,0.9117974650567694,10
slp14,344,0,W,68.3096705062952,0.19186298456005174,35,23.961661341853034,0.5862794865621995,12
slp14,345,0,W,72.79534109816971,0.23652134735600938,36,20.643385515224498,0.8037958385062715,9
slp14,346,0,W,60.934326337169935,0.05403291178120569,31,13.663691018400439,2.1463694369795707,6
slp14,347,0,W,61.11267209890419,0.026231567335013906,30,14.650822073905257,0.4201994235545255,7
slp14,348,0,W,64.60296096904442,0.04127272101521777,33,23.02732575990175,0.9800835882719392,11
slp14,349,0,W,89.2012434112718,0.26700213575151,45,25.47869054972205,0.8479881489893867,12
slp14,350,0,W,63.89995877422016,0.04851304039585163,32,21.36413989555309,1.3876566266840824,10
slp14,351,0,W,66.47278770253428,0.11831571905287987,33,21.156558533145276,2.242599919736019,11
slp14,352,0,W,66.88031210812318,0.12540029655068602,33,20.85070892410342,1.6039622938211484,11
slp14,353,0,W,61.86417376959033,0.03355764526237733,31,17.485064840448782,0.9229700699372652,9
slp14,354,0,W,66.53225806451613,0.1684239698166963,34,18.994211287988417,0.9416331449093308,8
slp14,355,0,W,89.43089430894311,0.2758739681104249,45,19.059720457433286,2.0964698370779815,10
slp14,356,0,W,62.13753106876553,0.02077434315046647,31,14.985014985014983,1.4936505615437634,7
slp14,357,0,W,84.03935501503143,0.23262006616248654,42,23.29192546583851,0.6881458619164452,12
slp14,358,0,W,77.94338848625736,0.20279665183246945,39,22.156573116691284,0.7090681208459452,11
slp14,359,0,W,67.70619614279852,0.04199960645230811,34,15.208574739281575,1.294190472686241,8
slp14,360,0,W,78.99113082039912,0.2692708117919625,39,20.455475248874947,0.8381809828432044,11
slp14,361,0,W,62.52521177894313,0.052757312545799295,32,16.274023558586485,1.23511427216518,8
slp14,362,0,W,93.5032552985178,0.275896906850868,46,22.44668911335578,1.1232822441399133,9
slp14,363,0,W,66.28003314001657,0.11877052454207651,33,12.658227848101266,1.5645860794472126,6
slp14,364,0,W,59.73633617138149,0.022781597596758726,30,25.548826646479938,0.8646529311567878,10
slp14,365,0,W,59.71993410214168,0.016173847447667013,30,22.535211267605632,1.2516100630787528,9
slp14,366,0,W,62.70029260136548,0.03729068993134285,31,20.584602717167556,1.121165179623413,11
slp14,367,0,W,60.24096385542169,0.024022977506459584,30,22.793203481143806,0.8690884747018016,12
slp14,368,0,W,60.96734859775099,0.024275822448591864,31,26.404576793310838,0.9403736255103902,13
slp14,369,0,W,62.17187068250899,0.03352902556823797,31,18.709073900841908,1.0290068026986023,9
slp14,370,0,W,68.66416978776529,0.17714254738391877,34,21.573421544656984,1.3493098087540902,11
slp14,371,0,W,89.77149075081608,0.2192496595736023,45,26.37630190720952,0.6301284550172966,14
slp14,372,0,W,59.02192242833053,0.01672344071618504,29,21.23309216734822,1.0337351667916344,10
slp14,373,0,W,58.09932217457463,0.03860501183493553,29,31.115720847532963,0.5915084142103412,15
slp14,374,0,W,62.35277816267148,0.14487763419137162,31,29.78300950219827,0.4681211250895457,15
slp14,375,0,W,62.44125151067544,0.14376579404705864,32,24.027959807776323,0.9762713347262963,12
slp14,376,0,W,58.27667545441931,0.05146248881566108,29,16.218721037998144,0.9935458659544117,8
slp14,377,0,W,58.39710028191704,0.023970651893508513,30,26.098303610265333,0.7383190367314119,13
slp14,378,0,W,59.53195565895717,0.05405981625616589,30,32.327586206896555,0.7276174819230224,16
slp14,379,0,W,60.190950601909506,0.04506399202170425,30,21.15357495416725,1.0490047854990938,11
slp14,380,0,W,59.62171052631578,0.015385339779890716,30,22.10759027266028,1.048320943223019,11
slp14,381,0,W,59.5482546201232,0.012922893989375692,30,15.585572213151256,1.0396677648289812,8
slp14,382,0,W,60.64408197406943,0.015940436097317164,30,18.659617477841703,1.0404680437187872,9
slp14,383,0,W,59.793814432989684,0.018694616977191606,30,25.43450614667232,1.16228869047238,13
slp14,384,0,W,59.646236116824355,0.015281115310629078,30,28.65329512893983,0.7451155231621087,15
slp14,385,0,W,61.09550561797753,0.05054866622919477,30,17.55669348939283,0.9192103948498407,9
slp14,386,0,W,58.35764902042517,0.022815587224705926,29,28.382213812677392,0.8470395504343348,15
slp14,387,0,W,59.31278974638669,0.01755683822249859,30,25.710612769604342,0.8436531014318359,13
slp14,388,0,W,61.276236089590085,0.019996670353038426,30,18.159806295399516,1.1321201349680166,9
slp14,389,0,W,60.794379897325044,0.02421973483660704,31,25.163563160543536,1.0490291892983723,11
slp14,390,0,W,60.90730887706525,0.0263220699683695,30,17.126080574131464,0.8486558880527081,8
slp14,391,0,W,60.14102032351721,0.04025459996166554,30,23.03504118386151,0.9924321905765463,12
slp14,392,0,W,60.92607636068238,0.04340691189200173,31,19.002375296912117,0.9742113477064409,9
slp14,393,0,1,58.43071786310517,0.029488150508435826,29,18.332428028245516,1.1576002423063214,10
slp14,394,0,W,80.20290649849193,0.2635139070792937,40,22.9869044302034,0.9974124539556266,12
slp14,395,0,W,62.51736593498192,0.128203726761571,31,18.93673727030439,1.2069420598365397,10
slp14,396,0,W,56.29272215520708,0.025690067960920927,29,26.132404181184665,1.0525199066270214,14
slp14,397,0,W,59.38566552901023,0.052422866728220406,30,26.833631484794275,0.7462117661897326,13
slp14,398,0,W,59.99172527927182,0.020219014843375127,30,21.343198634035286,1.1414598372259972,11
slp14,399,0,W,59.958649207443145,0.045981333130225996,30,28.33625691539603,0.8413168007259058,15
slp14,400,0,W,60.2994177987247,0.0179702488970553,30,24.984857662023018,1.1335700935649253,12
slp14,401,0,W,60.2910602910603,0.02127985766985921,30,26.36590010253406,0.854603936855482,13
slp14,402,0,W,61.6185129398877,0.0275135522162362,31,20.391517128874387,1.2663638655615532,11
slp14,403,0,W,61.95786864931846,0.05728385461890635,31,26.111408677021956,0.7259050421215676,14
slp14,404,0,W,60.27435222391574,0.03849190349876692,30,23.41754186772637,0.9471017818185998,12
slp14,405,0,W,63.00813008130082,0.033248786290664634,32,21.08518414394152,0.9887368911899668,11
slp14,406,0,W,61.76228383200659,0.03816781657656385,31,16.519823788546258,1.0832205948664644,8
slp14,407,0,W,59.29661941112324,0.05892351801301182,30,18.566909641039747,1.2258568985825666,10
slp14,408,0,W,58.30903790087464,0.01605793083984183,29,18.948365703458077,1.0579242647751301,9
slp14,409,0,W,58.390101487557345,0.02690383479228591,29,23.633212541358123,1.2111813076496845,11
slp14,410,0,W,63.102184828334906,0.030313519579600268,32,15.669303089091178,0.9901543066716461,8
slp14,411,0,W,65.11693040190448,0.02411902500777553,32,18.827326519634212,1.172519074297658,8
slp14,412,0,W,62.753036437246955,0.03631381318583512,32,19.68503937007874,1.139248875356039,10
slp14,413,0,W,63.36243311743171,0.038711697916205566,31,24.119280806899575,1.2148432949993833,12
slp14,414,0,W,62.482643710080545,0.04059469040267321,31,16.915703411333524,1.3935002691065401,9
slp14,415,0,W,59.46684894053316,0.024783869557631708,30,23.227804542326222,1.0024428434185102,10
slp14,416,0,W,59.95038588754135,0.03134465687901622,30,18.18671696079752,1.031975499757027,10
slp14,417,0,W,61.66072896684023,0.026309609566763915,31,17.457084666860634,1.2034629200768923,9
slp14,418,0,W,60.44185077115464,0.022991907794244162,30,20.12409860808318,0.8828679119777771,9
slp14,419,0,W,61.83866978150337,0.1347221667812028,31,20.897185845639456,0.9956510232003982,11
slp14,420,0,W,60.47546225497011,0.020704362588646413,30,12.820512820512821,0.8963124455233231,7
slp14,421,0,W,68.29137653990358,0.19807516660676464,35,24.25222312045271,0.8238082301118387,13
slp14,422,0,W,74.4666577217228,0.20138877939819422,38,25.769506084466713,0.8513839060938113,13
slp14,423,0,W,78.44756399669694,0.22874330894048364,39,25.936599423631122,0.6518779708571911,13
slp14,424,0,W,76.95423248278655,0.2524296780932691,39,25.259612685938816,0.831861900932013,13
slp14,425,0,W,58.96391969675698,0.04742921686307819,29,23.038257469980454,0.9144487930121195,12
slp14,426,0,W,66.72058228871816,0.2313899074207826,34,26.630083925112977,0.6823192340760171,12
slp14,427,0,W,69.73882127717762,0.235755342070713,35,32.314528073246265,0.3199037941319233,17
slp14,428,0,W,82.66740148801323,0.1740113789382752,41,30.6873977086743,0.40056546697554113,16
slp14,429,0,W,80.44554455445542,0.196623490062051,40,26.92998204667864,0.28746103414871055,14
slp14,430,0,W,86.26591811584281,0.20895604893251482,43,31.748271482997037,0.2492136611201097,16
slp14,431,0,W,98.31460674157303,0.2320014074552663,50,26.63934426229508,0.4548635272280762,14
slp14,432,0,W,71.75071750717507,0.16573974188714163,36,30.331625775141546,0.3607277582271089,16
slp14,433,0,W,101.6122476629183,0.23698761486626257,51,32.35547886108715,0.3920375492220101,16
slp14,434,0,W,70.28112449799197,0.1813102426274717,36,29.84226232769646,0.38547812876362,15
slp14,435,0,W,65.48431105047749,0.12801537993538117,33,28.142589118198867,0.5287527102260834,15
slp14,436,0,W,63.59409190371991,0.04849999731808568,32,29.78300950219827,0.3066709996736182,15
slp14,437,0,W,122.53917235837685,0.18627443466403562,62,30.51881993896236,0.4932127909359784,15
slp14,438,0,W,122.43232213304316,0.17096353087395244,61,28.24098977945131,0.4916278665654272,15
slp14,439,0,W,117.48818365968941,0.18932240398749756,59,28.621752531924262,0.27147669814025677,14
slp14,440,0,W,98.88335799811651,0.19676436392409571,50,28.688524590163933,0.39415691478063364,15
slp14,441,0,W,74.72734616938199,0.20111182560662927,38,27.170126793925043,0.38548578435634745,14
slp14,442,0,W,69.58110767500703,0.15037095239490436,34,30.220175564829475,0.3870315074449392,15
slp14,443,0,W,64.36904921550222,0.03233395081025514,33,32.1845246077511,0.3208690348101543,17
slp14,444,0,W,70.64997981429147,0.17108399655593454,36,27.345393352965925,0.4776573999384667,14
slp14,445,0,W,83.33333333333334,0.18595986978574625,42,28.614252622973154,0.4156211972359407,15
slp14,446,0,W,68.9607132906102,0.12219853180537919,34,27.230290456431533,0.7793988264118985,8
slp14,447,0,W,68.50235057085291,0.14858544080088426,35,30.96188248245493,0.3711628333883781,16
slp14,448,0,W,64.5385149201943,0.048670310945522204,32,27.869086751464916,0.7205436474836164,14
slp14,449,0,W,63.04229934924078,0.025030262640787542,32,17.298544039210036,0.8871266820471583,9
slp14,450,0,W,63.050847457627114,0.0607680292743961,32,25.2486610558531,1.6149145360289772,12
slp14,451,0,W,69.49175637007767,0.16363843170899656,35,30.69577080491132,0.6370258672578027,16
slp14,452,0,W,62.35277816267147,0.06784832758112432,31,24.254005585770983,1.05254166993148,12
slp14,453,0,W,63.58539587036783,0.030705339894273955,32,31.315240083507305,0.5618426826078631,16
slp14,454,0,W,64.09372846312887,0.03751622611143236,32,21.22641509433962,1.2778690595414435,10
slp14,455,0,W,62.00055111600992,0.041103879243799955,31,29.82954545454546,0.6146885058171118,15
slp14,456,0,W,64.02313093762909,0.027510815203729895,32,29.14238134887594,0.709671036179325,15
slp14,457,0,W,107.53415392939267,0.16034043526128797,54,29.37473772555602,0.45632972325559795,15
slp14,458,0,W,114.50381679389312,0.18239575248978743,58,29.57329953527673,0.44431180447050544,15
slp14,459,0,W,91.11771058315337,0.201034283667927,46,28.57561547479484,0.44528148134987167,14
slp14,460,0,W,101.32396649554174,0.20476399683538118,51,27.40688685874912,0.7854607813591041,14
slp14,461,0,W,111.44130757800892,0.21289157291490385,56,29.16261630329121,0.3814786483981423,15
slp14,462,0,W,73.44940152339501,0.09827449589394938,37,24.40347071583514,0.8105230135878656,13
slp14,463,0,W,71.21540965816605,0.1040750749434743,36,24.817316972287326,0.7777891030921485,13
slp14,464,0,W,68.42687309925353,0.020342702082254138,34,24.53896490184414,1.034543856844908,12
slp14,465,0,W,68.91271056661562,0.015339919534115287,34,30.67484662576687,0.7481318956797213,16
slp14,466,0,W,68.47475832438239,0.024445688689454653,35,29.786529869270232,0.7893059539170402,13
slp14,467,0,W,67.75253216534357,0.02473499582303328,34,29.264214046822747,0.8676809344924162,15
slp14,468,0,W,67.33777717317372,0.05446404699487257,34,28.95353646766855,0.8154850816338377,15
slp14,469,0,W,67.92918896665294,0.02153963608942859,34,22.56873204759951,1.11541564724353,12
slp14,470,0,W,66.88963210702342,0.02206807649071392,33,24.40016266775112,0.9428172322000343,13
slp14,471,0,W,71.63323782234957,0.2139419413899815,36,26.58124318429662,0.9246057083840287,14
slp14,472,0,W,63.559322033898304,0.04634791292235351,32,25.146689019279133,0.8966508053120047,13
slp14,473,0,W,61.94933920704845,0.04615028590256933,31,26.422764227642276,0.7148316804401905,14
slp14,474,0,W,64.7451963241437,0.03586911111463463,32,21.091113610798647,1.1023288801442153,11
slp14,475,0,W,65.92501030078286,0.030854244035464554,33,23.965141612200433,1.1688956149621257,12
slp14,476,0,W,63.80351262349067,0.02818107053915037,32,23.23616392057457,1.0677410154307354,12
slp14,477,0,W,65.31500884474077,0.028028724105816864,33,22.38471869870169,1.2224545144912347,11
slp14,478,0,W,77.98604460254481,0.21385538904554804,39,26.635099141757916,0.755629244772564,13
slp14,479,0,W,64.26202321724709,0.05533964751323102,32,21.947650788489675,1.3305412246966586,10
slp14,480,0,W,63.75102824239102,0.024890854356432426,32,24.091108190976783,1.0791731147365784,12
slp14,481,0,W,65.439672801636,0.028455832003299417,33,23.109243697479,1.0391485389252169,12
slp14,482,0,W,66.82444661005151,0.022781228566519415,33,18.627755355479664,0.9671127131829051,9
slp14,483,0,W,64.91750067622397,0.02819463601467483,33,18.44010381095479,1.0007643498599545,10
slp14,484,0,1,65.45752079639983,0.08760199412684622,33,22.708505367464905,1.076043072657817,12
slp14,485,0,W,82.63324610935133,0.2239964062211713,41,20.961430967020682,0.8916917853159801,11
slp14,486,0,W,67.90123456790123,0.04469819207368064,34,21.9120272683006,1.0761083978626953,10
slp14,487,0,W,63.351498637602184,0.035220370607408485,32,25.542784163473815,0.8365757586734152,13
slp14,488,0,W,64.61025427261359,0.03997543470448688,32,25.903007626996693,1.0078577390793912,13
slp14,489,0,W,65.3683780471197,0.030446418098029185,33,19.37046004842615,1.1769994689888352,9
slp14,490,0,W,64.92628161774653,0.061461242868982066,33,22.4703799536974,1.0428344083821675,12
slp14,491,0,1,64.95320575499372,0.041444068599262224,32,22.368028631076644,1.0562881425065798,11
slp14,492,0,1,62.49999999999999,0.04065273866900387,32,23.521026372059872,0.9886940380251347,12
slp14,493,0,1,64.84733855714671,0.06514934765598195,33,25.227750525578134,1.2157175750239948,13
slp14,494,0,W,65.7264138025469,0.029677169255169864,33,17.673048600883654,0.9283743856871538,9
slp14,495,0,1,62.64313619830257,0.0756756318024453,32,24.011525532255483,0.9844260053452468,11
slp14,496,0,1,62.58411843876179,0.059001472670733364,32,16.771488469601678,1.2159472644814824,9
slp14,497,0,W,64.47280053727334,0.053894428051515675,33,23.854272083273095,0.9182636867191839,12
slp14,498,1,1 HA,63.38604143947655,0.08022258317454425,32,14.159848961611077,0.2995522584717991,7
slp14,499,0,1,103.99334442595674,0.22174660854227288,51,23.76836646499568,0.8859705795163827,12
slp14,500,1,W HA,87.32737611697807,0.26502947579369507,44,18.047826740863286,1.150465014678847,9
slp14,501,0,W L,60.2910602910603,0.036995870194049825,30,14.287982219399908,0.06722763981842274,7
slp14,502,0,W,58.89777029869584,0.021962398292889398,29,14.603277624533504,0.09885792274212972,7
slp14,503,0,W,63.042299349240785,0.03445330429580104,32,17.233950883239984,1.022299246796162,9
slp14,504,0,W,58.317134129408494,0.021229551986582787,29,16.604400166044,0.9264770639362854,9
slp14,505,0,W,60.525949631278685,0.02047892684465377,30,16.577202399747396,0.9229850419996533,8
slp14,506,0,W,61.041779706999456,0.017464121952035155,31,18.6181216383947,1.2168023668616035,10
slp14,507,0,W,59.73633617138149,0.019912770536516338,30,17.657445556209538,1.0912524914060906,9
slp14,508,0,W,59.16326243132835,0.01998519860460003,29,22.39140170174653,1.2104378711854649,11
slp14,509,0,W,60.11608623548923,0.01605578858872114,30,26.336791699920195,0.8741846921749762,12
slp14,510,0,W,60.43345373714922,0.05393614932972535,30,26.111726539009343,0.9257486226815,12
slp14,511,0,1,59.296619411123224,0.04888249396674684,30,20.248987550622466,1.2721869572987248,10
slp14,512,0,1,57.94701986754967,0.033014529887209834,29,15.395894428152491,0.9640360735057626,8
slp14,513,0,1,59.19978225367447,0.02319128952066685,30,30.523255813953483,0.5318962611760504,15
slp14,514,1,W X,59.99172527927183,0.049331897869872396,30,24.719841793012524,0.9662013040769507,11
slp14,515,0,1,60.38312048861743,0.03319355552541111,30,17.956007780936705,1.067003163069351,9
slp14,516,0,1,59.02306648575305,0.04766230796421452,30,20.888132446232397,1.2416296738212969,10
slp14,517,0,1,59.45872061235648,0.05217367867737605,30,29.199110122358178,0.6505565592127205,15
slp14,518,0,1,70.07419620774938,0.2158756530455778,35,21.02803738317757,0.8192874953274949,10
slp14,519,1,1 HA,123.4318089842169,0.16051328579075735,62,24.76609796367639,0.6871571064093631,13
slp14,520,0,W,79.44052145573058,0.2362751491124277,40,27.62007058462483,0.7715170481302118,13
slp14,521,0,W,63.38604143947654,0.025854149468606695,32,22.497954731388056,1.0650658925023844,12
slp14,522,0,W,62.10322936792713,0.017427436861327483,31,14.458826769484988,0.31959157609393285,8
slp14,523,0,W,63.54195135282864,0.02003701050062829,32,17.546424915923378,1.098927545382315,9
slp14,524,0,W,64.36904921550222,0.049249206846405144,33,27.284175178396534,0.9281566894855018,14
slp14,525,0,W,62.56082302238288,0.0790455283716641,31,12.905075996558645,0.5997762545779516,7
slp14,526,0,1,60.540831427418276,0.023247843388629046,31,23.741007194244602,0.7711900002780933,12
slp14,527,0,W,60.08287292817679,0.03537816762287107,30,19.508670520231217,1.0311701132544213,10
slp14,528,1,1 HA,60.34961154273031,0.03409659636198398,30,22.768670309653917,1.2216982278778996,11
slp14,529,0,1,57.502738225629784,0.058414423715031076,29,14.19916698220371,0.3375829379574744,6
slp14,530,0,1,58.57740585774059,0.03395675521144207,29,19.4021270480023,0.8301056306426858,10
slp14,531,1,1 HA,57.93103448275861,0.033035540540083674,29,21.57928388746803,1.6719334855929266,10
slp14,532,0,1,56.055363321799305,0.030603979586476888,28,22.970903522205205,1.0094621430156843,12
slp14,533,1,1 HA,57.23630417007358,0.023444245627898236,29,24.28613482484545,1.080692401248247,12
slp14,534,1,W HA,58.36575875486381,0.05452129335013458,29,18.618121638394705,1.0792787715259975,10
slp14,535,0,W,59.031076129732675,0.06193518149082978,30,22.488755622188908,1.3040602328531803,12
slp14,536,0,W,58.749475451112055,0.047797831049758155,29,23.427516683231577,0.8574670366890289,12
slp14,537,0,1,58.487675811168366,0.026629353146097882,29,24.80568877129155,0.8993438497037716,11
slp14,538,0,W,59.05511811023622,0.026092673036829665,30,16.543248778950687,0.7181936524705432,8
slp14,539,1,1 HA,59.9338660788096,0.0308213370199218,30,27.820710973724882,0.6095896616212874,13
slp14,540,1,1 HA,57.01816134027876,0.03607278117692254,28,30.080213903743317,0.5728393220519075,13
slp14,541,0,1,58.60164354034759,0.0381283894031469,30,23.689877961234746,1.3273205470837646,12
slp14,542,1,W HA,58.546433378196504,0.05305954297833854,30,27.214998488055645,0.5532108298128502,13
slp14,543,1,1 X,57.52636625119847,0.059824744044584106,29,20.455475248874947,1.0997542270889438,11
slp14,544,1,1 HA,58.29285218598195,0.017502769460160033,29,20.692826486817907,1.044115692941598,10
slp14,545,0,W,59.71173644474948,0.020188882166656003,30,29.65682813161983,0.4294958601401776,15
slp14,546,0,W,63.17934782608695,0.18491713699554888,32,21.663778162911612,0.8816606149760802,11
slp14,547,0,1,78.32373811755254,0.233620989213128,40,18.865287870318614,1.2092009401171697,10
slp14,548,0,W,80.68965517241378,0.27166615239360337,40,20.85070892410342,0.9078276488409018,11
slp14,549,0,W,61.425061425061415,0.159977998487292,31,21.663778162911616,1.0128063190956107,11
slp14,550,0,W,57.80346820809248,0.019899748742132416,29,26.670617869313972,1.0009761346916428,13
slp14,551,0,W,58.536585365853654,0.028717839154683754,29,21.665864227250843,1.1225162211151634,10
slp14,552,0,W,58.92255892255891,0.028753704286649452,29,22.37136465324385,1.182648214812841,11
slp14,553,0,W,57.330057330057336,0.025527895906003614,29,23.723939611790076,1.1172070252151491,12
slp14,554,0,W,57.84327227654591,0.03866417421007387,29,23.760494218279742,1.1897778616195547,11
slp14,555,0,W,56.54845015358838,0.03272498363916803,28,21.872265966754153,1.303880730741888,11
slp14,556,0,1,60.6779188171293,0.2022422700394884,30,22.73760800363802,1.2352334840021137,11
slp14,557,0,1,59.744540585084465,0.14975817208758746,30,21.13337507827176,1.1808016527808032,10
slp14,558,0,2,56.04760586769998,0.02278786286823558,28,16.271501627150162,1.0380672779109206,8
slp14,559,0,2,57.322232837450535,0.03609596054057768,29,15.160265665607856,1.0882538719416155,8
slp14,560,0,2,59.063422865982275,0.15150853683767748,29,16.246325235958533,0.9051388888801901,8
slp14,561,0,2,59.183673469387756,0.1530186779922848,30,21.486892995272882,1.057492051979588,11
slp14,562,0,2,57.96301407673199,0.027781949800074847,29,13.994713108381276,1.7076415184562463,7
slp14,563,0,W,58.30094392004442,0.040083586136360386,29,16.778523489932887,1.500396392068887,7
slp14,564,0,1,66.20689655172414,0.12376969540238839,33,20.756457564575648,0.8864170074581776,10
slp14,565,0,2,61.830173124484745,0.035711436076790115,31,16.5860400829302,0.2508620138641958,9
slp14,566,0,W,59.67896830840993,0.03865712566968242,30,21.486892995272886,0.9171651105444427,11
slp14,567,0,W,60.207612456747405,0.049188999475910704,30,20.718232044198896,1.1173439935847866,11
slp14,568,0,W,58.951077381759035,0.04641743081507269,30,20.104244229337304,0.9815225260460416,10
slp14,569,0,1,64.21764949592598,0.05167415720040847,32,25.67760342368046,0.7903869657044931,13
slp14,570,0,W,64.82106684672519,0.01928365564409402,33,21.5393452039058,0.9433797962644737,11
slp14,571,0,W,66.74082313681869,0.01997498435543818,33,22.958118825657436,0.9876035608423198,12
slp14,572,0,W,67.96649732253192,0.0253266628886677,34,20.191142818683538,1.6497354454578468,11
slp14,573,0,W,66.72226855713095,0.029705849592294123,33,24.725274725274723,0.9109033367426472,13
slp14,574,0,1,68.3371298405467,0.0430949703630045,35,22.706630336058126,0.9995778308866199,11
slp14,575,0,1,66.66666666666667,0.07218830594460239,34,19.769357495881383,0.8969810477373533,9
slp14,576,1,1 HA,66.97334596130429,0.0641247636067508,34,18.39080459770115,1.5259776374508245,9
slp14,577,0,2,70.65669160432253,0.023774022634992488,35,21.04967723828235,0.98514762345549,11
slp14,578,0,2,66.1521499448732,0.030380915061926618,33,20.017793594306053,0.710009702594111,10
slp14,579,0,2,90.46052631578948,0.22360073626041208,45,18.878478534470702,0.6601874780491065,10
slp14,580,0,W,62.06896551724139,0.05191103500755457,31,17.661900756938604,0.8803238736107181,8
slp14,581,0,W,63.68990549239829,0.04275506797642934,32,18.39362354383814,1.275195671259905,9
slp14,582,0,W,65.2439853201033,0.028729068467320675,33,27.39148756847872,0.6329001155103527,14
slp14,583,0,W,67.2740014015417,0.029840984819539725,33,24.321037697608432,1.1053157919798304,13
slp14,584,0,1,67.1915297950319,0.040721139509331955,34,24.282560706401767,0.772673452671185,12
slp14,585,0,1,69.87258528565556,0.021556395818690153,35,22.48538450007495,1.2522995807713106,11
slp14,586,0,1,71.76052487698195,0.02570133006960804,36,20.94647013188518,1.0281123059181068,10
slp14,587,0,1,72.21458046767538,0.023236846180326676,36,17.187755770175155,1.3892447515077524,8
slp14,588,0,1,70.87270705947748,0.10054384985639171,35,18.998029833943146,0.8941749490486596,10
slp14,589,0,1,63.61149110807114,0.062386262795906915,32,24.61217183770883,1.120023848624485,12
slp14,590,0,W,59.246720270842154,0.06363335667425266,29,20.07696168646478,1.0395796025317157,9
slp14,591,1,1 X,58.8712951684937,0.02821355624947996,30,15.175603410897526,1.3596131502627307,8
slp14,592,1,1 X,59.337061792388496,0.042803535920260774,30,17.062420019906156,0.6568513911076082,9
slp14,593,1,1 X X,57.68438401318501,0.05739569065811867,29,19.95565410199557,1.497368358153731,10
slp14,594,0,1,58.55290673358427,0.0577091581880685,29,18.373909049150207,0.7043974375308303,9
slp14,595,0,1,59.67896830840993,0.026930835797757124,30,10.526315789473683,0.06418722614352478,5
slp14,596,0,2,62.06896551724139,0.033022551217143856,31,14.413177762525738,1.5578134335913112,8
slp14,597,1,1 HA,64.86486486486486,0.039547439866570375,33,14.135702746365105,1.369039585897757,8
slp14,598,0,2,111.06540518305223,0.2314507120290742,55,24.83032610494951,0.6570831302049993,11
slp14,599,0,2,124.0173488750339,0.14580008991340984,62,24.108708357685565,0.9615182209694201,12
slp14,600,0,1,102.73972602739727,0.22584950741588966,50,22.970903522205205,1.0378929704848272,12
slp14,601,0,W,80.29978586723769,0.2305596668977469,41,18.870561923399496,0.6300065451355091,10
slp14,602,0,W,66.66666666666666,0.04936444555394587,34,17.525923762231635,0.8134923171118459,9
slp14,603,0,W,66.47864625302175,0.05726551181099499,34,15.371102327624067,0.33552639118804567,8
slp14,604,0,W,65.59169171904892,0.06284455028083182,33,12.796451117556732,1.4555920307558707,6
slp14,605,0,W,65.29723847095634,0.037765518333527474,33,10.792919844581952,0.8794631089477261,6
slp14,606,0,W,62.76150627615064,0.036857178580342057,32,19.920318725099598,1.0249459916084778,8
slp14,607,1,W HA,63.48122866894199,0.02459884179570057,32,13.424821002386635,1.0360403252555161,7
slp14,608,1,1 HA,62.8633229687711,0.054055430755593235,32,18.26086956521739,1.2359932633063886,8
slp14,609,0,1,60.89025755879059,0.02907826987347634,30,12.858979854264897,1.5363988197513474,7
slp14,610,0,1,59.183673469387756,0.029962481493780887,30,12.842465753424658,1.5414849983052057,7
slp14,611,0,2,59.4018844735764,0.04307646051678326,30,14.788038120276044,1.2202680944047593,7
slp14,612,0,2,59.958649207443145,0.046825503991084025,30,14.511447920025796,1.798621200314903,7
slp14,613,0,1,62.31823847112588,0.19245820325462878,31,16.922859963333806,1.5363983044770648,9
slp14,614,0,2,61.25782738905526,0.1478728583013875,31,10.51745898190997,1.5112726292763987,6
slp14,615,0,2,63.45524017467249,0.18705369915713055,32,16.134815346002153,1.984586830775839,7
slp14,616,0,2,65.08474576271186,0.22549941103027296,33,14.699706005879882,1.5182318394656813,8
slp14,617,0,1,65.47537852953212,0.21077798598288197,33,17.54385964912281,1.684154387222264,9
slp14,618,0,2,61.29955046996321,0.14296722235067266,31,17.533606078316772,1.4985624222345004,7
slp14,619,0,2,63.472563472563465,0.18472057250438445,32,14.281828073993472,1.6245118324830852,8
slp14,620,0,W,61.50061500615007,0.05661896031071806,31,13.194933145672062,1.6377670652446275,6
slp14,621,1,1 HA,59.777380788786594,0.03387491855363581,30,15.652173913043482,1.7952480484756295,7
slp14,622,0,1,60.50911114202253,0.14382496959400276,30,13.00578034682081,1.9584411034176024,7
slp14,623,0,2,60.89309878213803,0.1425532259270979,31,17.150207231670716,1.4698325584909324,9
slp14,624,0,1,62.92286874154263,0.1941882755687539,32,19.40770557791834,1.8517196278721337,10
slp14,625,0,2,64.11140217840894,0.22874802899704122,32,14.247720364741642,2.306614350081088,6
slp14,626,0,2,69.84387838948233,0.25271059257303785,35,15.310586176727908,1.3640673871677653,8
slp14,627,0,2,67.70619614279852,0.10923021408667791,34,14.942365162942936,1.3908458738832132,8
slp14,628,0,2,58.075221238938056,0.15321640025180872,29,18.723252496433663,1.4288223779585418,8
slp14,629,0,W,61.90672719768882,0.1961119408229222,31,16.703786191536743,1.7982315121887313,8
slp14,630,0,W,61.88969880346581,0.19355890289234667,31,10.743446497636443,0.6884296332959526,6
slp14,631,0,W,64.67315716272601,0.22489437918676916,32,13.619030325040859,1.99575645808801,6
slp14,632,0,1,58.86332882273342,0.02855738741102141,30,15.274949083503053,1.7620702110220887,8
slp14,633,0,1,62.59563221588538,0.19039463111011184,31,12.697516930022573,2.083830660639732,7
slp14,634,0,1,62.56082302238287,0.1350819339841153,31,15.090543259557345,1.2661193805144464,8
slp14,635,0,1,58.744091829844706,0.05158214994189198,30,16.324309617739083,1.8869111664304707,9
slp14,636,0,2,61.458617863971604,0.1485716288154939,31,11.606313834726091,1.7515736467531133,6
slp14,637,1,2 HA,60.32450422964915,0.1451611265986402,30,13.568521031207599,1.9579128342872332,7
slp14,638,0,1,58.27667545441931,0.036462729083886466,29,22.101075585678505,1.022187536609599,11
slp14,639,1,2 HA,62.00909466721787,0.1937870996738431,31,15.386869871043375,1.9471232154967828,8
slp14,640,0,2,60.47574250772747,0.02970940741396385,31,15.699760765550238,1.6115353561376284,8
slp14,641,0,2,92.81678773204197,0.22748145191220137,47,26.300409117475166,0.8670230036676586,13
slp14,642,0,2,77.62494893095466,0.23143385406820727,39,29.19099249374479,0.5199469360680286,15
slp14,643,0,1,83.81030253475062,0.2693203555182753,42,23.109243697478988,0.5073236859383263,12
slp14,644,0,W,96.68129456939111,0.2825789785720595,48,24.986118822876183,0.8211639435716976,13
slp14,645,0,W,79.48682192162879,0.3012422111957323,39,20.81727062451812,0.7942059315620823,10
slp14,646,0,W,58.38198498748957,0.042693975104270684,29,17.845003399048267,0.923169341265762,8
slp14,647,0,W,60.835473840746246,0.07299814305096324,31,16.86205235265778,1.3600770686446637,8
slp14,648,0,W,61.49221098660837,0.14711785147364756,31,22.22222222222222,1.1440652662035211,10
slp14,649,0,W,70.88255733148019,0.20297554696159797,35,20.55076037813399,1.4910811647928492,11
slp14,650,0,W,60.316139767054906,0.03328627673362042,30,15.279394644935975,0.27727419568332845,8
slp14,651,0,1,60.76154469349176,0.1431259895647499,31,15.718562874251496,1.6501105961697948,8
slp14,652,0,W,59.31365626323966,0.03141135892297175,29,14.78664976763836,1.6925529081652886,8
slp14,653,0,W,61.46701270318263,0.18918628092144762,31,13.316761363636365,1.715328726512793,6
slp14,654,0,1,62.36141906873614,0.19661328088972582,31,9.764035801464606,1.1298296331748428,5
slp14,655,0,1,58.06719203649937,0.035489291285095696,29,15.408320493066258,1.9644300275991846,7
slp14,656,0,1,59.35325419566109,0.038879428855236486,30,16.81345076060849,1.3320513564898806,8
slp14,657,0,2,56.41454241537817,0.03371924753491676,28,16.66975365808483,1.6508574203189754,7
slp14,658,0,2,64.3420506434205,0.22525854263529474,32,12.545302481182045,1.5478598845574563,7
slp14,659,0,2,62.28234663809268,0.192027139947943,32,15.525654295431023,1.071380265577721,8
slp14,660,0,1,59.87611837577427,0.15425056441733945,30,17.303889255108768,1.6010531228041174,8
slp14,661,0,2,68.97484446848796,0.2709829346380541,35,17.016449234259785,1.294259633922035,7
slp14,662,0,1 LA,100.23666991507729,0.28000534469105326,49,23.215821152192603,0.9298687017365065,10
slp14,663,0,1,121.1498973305955,0.16915258313236153,60,17.947950942267425,1.4895015944939436,9
slp14,664,0,W,123.63194162950951,0.16003724371692887,62,6.558810668998689,3.943687614403555,4
slp14,665,0,W,106.32497273718649,0.23638540388864462,53,25.720966484801245,0.6647680512656057,12
slp14,666,0,W,79.92895204262878,0.25855191745004336,40,16.823216038132625,1.4821739945094166,9
slp14,667,0,W,63.628899835796396,0.03547237350386802,32,18.502202643171806,1.1409964853547256,8
slp14,668,0,W,80.42342590046742,0.1880182681683432,40,20.185406698564595,0.9687865389365664,10
slp14,669,0,W,83.51439435089625,0.24855308593110942,42,18.623258380466268,1.377939345365453,10
slp14,670,0,W,120.21189894050531,0.17807569184276695,60,17.29106628242075,2.6592066486078134,9
slp14,671,0,W,76.97642163661581,0.22089187701098822,38,24.03460983816696,1.283192830403911,11
slp14,672,0,W,97.50812567713977,0.25110334304602333,49,23.3446519524618,0.9370985994675091,12
slp14,673,0,W,63.162184189079056,0.04080317467398273,32,14.895729890764649,1.225858532970727,8
slp14,674,0,W,63.97028477094512,0.049230160886339795,32,15.19976838448176,0.23755351706381392,8
slp14,675,0,W,66.93711967545639,0.12770938082385813,34,16.96592676374947,1.2123653533485685,9
slp14,676,0,W,63.70735717221538,0.09427393829817263,32,18.34488381573583,1.0200827853115104,10
slp14,677,0,W,63.52459016393443,0.010496914962277512,32,16.35514018691589,0.8262892708874257,8
slp14,678,0,W,64.10256410256412,0.01126799635851393,32,13.925421630821601,0.13797423269904027,7
slp14,679,0,W,99.33774834437087,0.22517911238181312,50,22.117369507519903,0.8334118789650169,11
slp14,680,0,W,62.55044390637611,0.08173233642749987,32,14.498757249378626,1.2265647399238615,8
slp14,681,0,W,62.62626262626264,0.05507879135405871,32,19.129167425760613,0.9721785340362213,8
slp14,682,0,W,63.136456211812636,0.05679413139649382,32,19.05972045743329,1.3366731504414648,10
slp14,683,0,W,61.207260447446174,0.018131505351895172,30,17.47669773635153,1.1478630366992433,8
slp14,684,0,W,61.47540983606556,0.016685322891691383,31,13.925421630821598,0.4604196153751732,7
slp14,685,0,W,63.31699346405229,0.018127999052178795,32,11.229225932025752,0.4962025392921723,6
slp14,686,0,W,62.24066390041493,0.017158088471621764,31,14.321176245942334,1.4751609539301127,6
slp14,687,0,W,60.76267635144573,0.07578353301567363,30,16.67990468625894,0.86580687859384,8
slp14,688,0,1,61.70300287947347,0.019982659149038868,31,13.917238819818147,0.6817924610906166,6
slp14,689,0,W,63.68990549239831,0.04028121749439041,32,13.206162876008806,0.41099824276455926,7
slp14,690,0,W,96.3773069036227,0.2268968092862535,48,18.687707641196013,1.055599250557605,10
slp14,691,0,W,73.22175732217572,0.23814740761784925,36,25.506260627608597,0.630080986530126,12
slp14,692,0,W,63.22229775662814,0.059137610908231684,32,20.19144481005085,1.2820725504788557,10
slp14,693,0,W,80.19133370849747,0.21063102659124294,39,16.301394674877738,0.6516621483219317,7
slp14,694,0,W,62.17187068250898,0.03749394025113332,31,15.71621014818141,1.056953805489519,8
slp14,695,0,W,62.19903691813804,0.026044067353791413,32,14.689081116370167,1.3649818883617304,7
slp14,696,0,W,60.59789927282521,0.06726451929178975,31,10.67767653758542,0.927107847016732,6
slp14,697,0,W,60.45865184155665,0.059109201828351415,30,10.606328442637443,1.170170500397271,5
slp14,698,0,W,60.96734859775098,0.14083364497006945,31,15.403046380284101,1.8575387538951162,7
slp14,699,0,1,61.80469715698393,0.1373934496255189,31,14.073494917904615,0.44981428266440016,7
slp14,700,0,1,60.10777946662982,0.053020086831407486,30,13.910355486862441,0.9140610239779156,7
slp14,701,0,1,60.265166733627964,0.1391913790433876,31,13.703636031427008,0.6024462133668034,6
slp14,702,0,W,72.12529193570546,0.26694202382096505,36,9.445843828715365,0.7819207120929846,5
slp14,703,0,W,63.334241351130494,0.18524709712358764,32,16.103059581320448,1.4247708587699286,7
slp14,704,0,W,59.4900849858357,0.02733316741280322,29,14.399999999999999,0.24773821308434069,7
slp14,705,0,1,59.769167353668585,0.027999660266326935,30,14.495087775809306,0.5833577137762235,7
slp14,706,0,2,60.99213879100027,0.14046373988407906,31,16.989947614328187,1.7368539806212844,9
slp14,707,0,W,61.25897760878749,0.20026664745592124,30,10.79758134177944,1.3502625522467844,6
slp14,708,0,W,64.09372846312887,0.2270199283472828,32,14.691478942213514,1.7024620826488746,8
slp14,709,0,1,63.3687653311529,0.2301711981048992,32,12.331469911213414,1.9105343336354883,6
slp14,710,0,1,67.39679865206402,0.27329276883957254,33,12.079239813174423,1.230228336529443,6
slp14,711,0,1,67.78964667214461,0.2685977462885621,34,17.40716180371353,1.5300296382350085,8
slp14,712,0,1,73.47938495033337,0.3003022962546282,37,12.05787781350482,1.3563952226397733,6
slp14,713,0,1,61.94933920704846,0.19435701399457878,31,12.079239813174423,1.6105122663301885,6
slp02a,0,0,2,93.80097879282218,0.028269831354985477,47,22.742935906271537,0.2780941038183162,12
slp02a,1,0,2 L,91.58751696065129,0.08039409105489789,46,22.281639928698752,0.3361275948207763,11
slp02a,2,0,2,92.84176533907427,0.07411226348752181,47,26.490066225165563,0.5411841953839129,13
slp02a,3,0,2 LA,93.64820846905536,0.0807499817109193,47,23.806088587505407,0.4871511381542269,12
slp02a,4,0,2,95.29602595296025,0.02565445769525924,48,22.458146182115154,0.2722215917985241,12
slp02a,5,0,2 L,102.68346111719605,0.08904413287802852,51,16.26142171286975,2.117400948216989,8
slp02a,6,1,MT X,113.882863340564,0.07136511466982125,57,20.28740490278952,0.6383633369798113,9
slp02a,7,0,MT,98.48586359372906,0.12925962882952996,50,21.830883423082522,1.6496384573596725,11
slp02a,8,1,2 X,89.75928192574457,0.10189554690632385,45,19.905632556767916,1.1843424596494019,10
slp02a,9,1,2 X,92.42776940983157,0.07633666821115687,46,26.345201979881843,0.48999672793645244,12
slp02a,10,1,2 X X,84.86270180764456,0.12299285876649517,42,28.744809964867454,0.6214281043603427,13
slp02a,11,1,2 X,84.84848484848486,0.1504597037381757,43,21.971583418778376,1.3537149478379855,11
slp02a,12,0,2,86.97411003236246,0.1313977772979948,44,23.25909219058359,0.37338531712069545,12
slp02a,13,1,2 X,86.4727175224561,0.11818896603662682,44,19.65923984272608,0.645256193736686,10
slp02a,14,0,2,84.54770415177344,0.3852337655689643,42,23.88535031847134,0.39661476614880686,12
slp02a,15,0,2,84.91710473109583,0.14104864794968922,43,22.55639097744361,0.5733355038718604,11
slp02a,16,0,2,85.10063487775226,0.13691585048261828,43,19.979280745893146,0.5575367341050662,10
slp02a,17,1,2 X,81.42217397204506,0.1586253132384614,41,21.477663230240548,0.5500696683148418,11
slp02a,18,0,2,83.98197460057352,0.15268364372932297,42,24.573378839590447,0.607105610435468,13
slp02a,19,1,2 X,82.80597818769354,0.1499855237908558,42,22.27833061042626,0.877419945066215,11
slp02a,20,0,2,80.7971990304336,0.16599168653881435,41,22.907758094074524,0.6737068798817479,11
slp02a,21,1,2 X,84.73436449226631,0.19460433723985276,43,24.87974788522143,0.873101047989292,11
slp02a,22,1,2 X X,92.69431474869542,0.1587781992063453,46,22.946305644791188,1.1304951835368429,11
slp02a,23,1,2 X,94.2622950819672,0.1427715930718705,47,19.21229586935639,1.044009099577202,9
slp02a,24,1,2 X,96.08831947662532,0.1322595360646491,48,24.856884603796324,0.5663134079580474,12
slp02a,25,0,2,97.46852578854744,0.10880024382121373,49,29.239766081871345,0.4519705005122937,13
slp02a,26,1,2 X,99.20367121068969,0.05698824564423495,50,22.597167821633025,0.9304962976820489,11
slp02a,27,1,2 X,94.87144232091296,0.06581781580337238,47,24.365032486709982,0.7821597562502948,12
slp02a,28,1,2 X,84.99730167296278,0.1566293485732068,43,24.638633377135353,0.5522891996046999,11
slp02a,29,1,2 X,87.22109533468559,0.15283367064085585,44,27.18906860011155,0.5906624903570505,14
slp02a,30,1,2 X X,87.89860997547015,0.12112306629073183,44,21.97802197802198,0.8373238322178582,11
slp02a,31,0,MT,95.87923296613629,0.12411884081613464,48,16.627407510045725,1.2451416586075656,9
slp02a,32,0,W,112.37458193979933,0.058172114436035274,57,17.622870569806153,2.0474874575657083,7
slp02a,33,0,W,98.90997174000807,0.1105224727958962,50,23.40823970037453,0.7959433145645487,6
slp02a,34,0,1,94.40278521692554,0.03805692526843546,48,27.422303473491777,0.7532040650689319,12
slp02a,35,0,2,90.83568833266048,0.04858605195366716,46,26.71019439085918,0.12637993863303174,13
slp02a,36,0,2,89.62520369364475,0.06958626253711503,45,28.005170185264966,0.2673610682736033,14
slp02a,37,0,2,93.59739555073251,0.030100524711401656,47,26.34660421545668,0.20821356557364099,13
slp02a,38,0,2,92.99191374663073,0.02253298359553049,47,26.288885643347452,0.10143580345332809,13
slp02a,39,0,2,88.79321942688014,0.1040328539969168,45,25.817555938037867,0.18430409653613236,13
slp02a,40,0,2,85.94815825375169,0.29606078924725104,43,25.23836231071228,0.22016559424417084,13
slp02a,41,0,2,88.81711748082355,0.22752936419338918,45,23.86807464197888,0.13012289169146524,12
slp02a,42,0,2,87.56448547379853,0.0698625088729633,44,24.45319929357424,0.2984424381499537,13
slp02a,43,0,2,92.80430396772024,0.02052118643323527,47,23.95818208218383,0.1526250740315643,12
slp02a,44,0,2,93.06717021850552,0.03771106951155197,47,24.785939612438035,0.13480564522107769,12
slp02a,45,0,2,92.5925925925926,0.016066528353484873,46,26.185627000290957,0.28402738522113596,13
slp02a,46,0,2,93.29367225527312,0.032107569672053145,47,25.56455048998722,0.1672214101124614,13
slp02a,47,0,2,93.80097879282218,0.03539418853753571,47,23.999999999999996,0.17123296199250684,12
slp02a,48,0,2,93.36941813261163,0.014642817293768193,47,25.799054034685394,0.198530993941892,13
slp02a,49,0,2,93.82648898558607,0.01557274532558166,47,24.506163671468887,0.13770539880303947,12
slp02a,50,0,2,95.02628386575012,0.03463589306305293,48,24.422735346358788,0.14404866028160637,12
slp02a,51,0,2,93.77548246806198,0.012757443433108398,47,24.851580836669882,0.17871734355928887,13
slp02a,52,0,2,93.91588403429972,0.03465771053908443,47,24.722804914593954,0.17285698478824238,12
slp02a,53,0,2,93.71180225451582,0.013689784802527352,47,24.68581687612208,0.1961021828427784,12
slp02a,54,0,2,94.41707717569786,0.013946698425628398,47,25.073129962390308,0.13583445807305305,13
slp02a,55,0,2,94.47869203966765,0.009805348638802936,48,25.20623281393217,0.14650800333538888,12
slp02a,56,0,2,95.19308668647042,0.033676758128214426,48,24.762690879075524,0.2141720492190021,13
slp02a,57,0,2,94.3525229044168,0.011601772891049935,47,23.73076369912268,0.10359999361817533,12
slp02a,58,0,2,94.1593886462882,0.012225975631876133,47,25.67394094993582,0.20366066548714473,13
slp02a,59,0,2,94.885598923284,0.012644528874466645,48,25.326170376055263,0.18524551499684488,12
slp02a,60,0,2,96.78720258099207,0.03732282218101353,49,24.82758620689655,0.16531854772596516,13
slp02a,61,0,3,95.21880064829821,0.0128056121693985,48,27.210884353741502,0.32986916598352545,13
slp02a,62,0,2,95.85316111488784,0.010400403934071585,48,25.153717160424822,0.19758767392954676,13
slp02a,63,0,2,95.87923296613627,0.011307945183116747,48,25.24866105585309,0.1654213752964189,12
slp02a,64,0,2,95.59322033898304,0.016602071898057926,48,24.23915970913008,0.3061713391042488,13
slp02a,65,0,2,97.1266693646297,0.031229326495032416,49,25.132644512705948,0.13141114446229013,13
slp02a,66,0,2,95.51551280314321,0.010104389501042275,48,25.77319587628866,0.12888237531434102,13
slp02a,67,0,2,94.91114701130857,0.02939338407897779,48,24.732069249793902,0.173969345958802,13
slp02a,68,0,4,94.59829997258021,0.01797877345360441,47,22.438294689603588,0.6640222887825379,11
slp02a,69,0,2,94.2365473914231,0.014235396124995579,47,26.004045073678135,0.20365875598384886,13
slp02a,70,0,2,95.74901534700528,0.011993660616138097,48,25.959042399769253,0.2907408162302332,13
slp02a,71,0,2,95.63212154096583,0.009797219697809821,48,24.984857662023018,0.19462054625551078,12
slp02a,72,0,2,95.64509564509564,0.024160021825214473,48,26.294820717131476,0.23149389082134175,12
slp02a,73,0,3,95.28314637113124,0.011950099961510207,48,24.570024570024565,0.24191734125523123,13
slp02a,74,0,3,95.19308668647042,0.026089791672522386,48,27.658266748617088,0.19465753403235006,13
slp02a,75,0,2,97.37625101433595,0.029999537033464738,49,24.97918401332223,0.12209832103677762,13
slp02a,76,0,2,96.46962233169131,0.009653480128305874,48,24.193548387096776,0.0896214260096324,12
slp02a,77,0,2,94.98787388843976,0.029089207325013963,48,25.14477293508077,0.11898190709043131,12
slp02a,78,0,4,94.74532992877302,0.011960399423451241,48,25.777222309014217,0.31627584988920737,12
slp02a,79,0,3,94.52054794520548,0.012507237980080153,47,24.899709503389126,0.24520716864634187,13
slp02a,80,0,2,94.3525229044168,0.011297991523999774,47,23.507622168400054,0.16227881322939386,12
slp02a,81,0,3,95.07754551584627,0.010345940215840763,48,24.778495269559997,0.18111792423539655,12
slp02a,82,0,2,95.86619526788142,0.02762485546031435,48,23.56806170547064,0.22970250253190874,12
slp02a,83,0,2,94.50402144772116,0.013576002047657788,48,24.640657084188913,0.3909684556755613,13
slp02a,84,0,2,94.27517420412626,0.018220452165812317,47,24.14398595258999,0.21709547733886986,12
slp02a,85,0,2,93.85201305767139,0.01672913309588656,47,23.578165190054307,0.1514902282531727,12
slp02a,86,1,2 H,87.46948738812043,0.09885812090681577,44,30.104361787530102,0.4768976782870258,16
slp02a,87,0,R,94.80903711672941,0.07170595355661907,48,28.668941979522184,0.5418680462915642,15
slp02a,88,0,R,94.61817205744194,0.04421880654166525,48,29.17071815529934,0.5072551988247078,15
slp02a,89,1,R X,90.64052638646436,0.08391581907696562,46,25.474756831866607,0.6159901254977581,12
slp02a,90,1,1 X,110.44450504499592,0.09212254020741133,55,11.187768040275964,4.227953996911508,5
slp02a,91,1,MT X,101.51597184623714,0.10878988188246183,51,14.572538860103625,2.5312454554143016,7
slp02a,92,0,MT,102.76788161140038,0.0829648986017581,51,9.615384615384615,4.08,3
slp02a,93,1,1 X,99.93201903467029,0.11368196209069259,50,15.015015015015017,1.1061464640814977,5
slp02a,94,1,1 X,93.4199837530463,0.11891875830795043,47,22.245291413317513,0.995779975697443,11
slp02a,95,0,MT,104.29201764941837,0.034709530093188244,53,19.67356455843777,1.7348066672801052,10
slp02a,96,1,1 X,103.16925151719487,0.08531768887734249,52,22.24199288256228,0.9825537338995767,11
slp02a,97,1,1 X,104.56533624931654,0.09079453633208638,52,21.94408322496749,0.8737924719008612,10
slp02a,98,1,1 X,91.62481335686168,0.11047733916571219,46,24.50980392156863,1.043038916732344,12
slp02a,99,1,1 X,91.32728994723314,0.08143667993911695,46,20.023731830317413,1.7256789395681735,10
slp02a,100,1,1 X,99.13258983890955,0.12621715744435597,49,24.54626599226421,1.1508762884884538,12
slp02a,101,1,2 X X,92.3140043763676,0.08630538944303291,46,25.352112676056336,0.8362413261466783,13
slp02a,102,1,1 X,88.98476472967509,0.11028359385865227,45,22.31478726569473,0.5319362367803119,11
slp02a,103,1,2 X,92.07475105715453,0.12371672940957691,46,29.995000833194467,0.4470986716846989,13
slp02a,104,1,2 X,93.41267644616663,0.07511526615726355,46,23.557966876070818,0.8685018924504901,12
slp02a,105,1,2 X,93.19286871961101,0.07870674915754658,47,22.730716775268974,0.9267205835633522,11
slp02a,106,1,2 X,85.08914100486223,0.13344743417194216,43,28.996282527881043,0.45124207282125595,14
slp02a,107,1,2 X,89.82035928143712,0.12915107432770354,45,27.54626359655318,0.847453547277312,14
slp02a,108,1,2 X,84.62055070517125,0.13287748606838887,43,26.73002673002673,0.5875640863391461,13
slp02a,109,1,2 X,85.446900854469,0.132854958166028,43,27.309968138370504,0.9181519482090098,13
slp02a,110,1,2 X,85.80768183056388,0.12118223379212018,43,28.550512445095173,0.6400606480139945,14
slp02a,111,1,2 X,86.03031544448996,0.140512860427714,43,29.490616621983914,0.47494083146054067,12
slp02a,112,1,1 X,93.43263371699389,0.11085346856722049,47,21.73213135866066,1.1903415424382704,10
slp02a,113,1,MT X,96.55751469353483,0.0941680916744256,47,25.011368804001822,0.8685906510021073,12
slp02a,114,1,2 X,83.10249307479225,0.11163511992200305,41,27.089147923165324,0.479412036589035,12
slp02a,115,1,2 X,86.37236084452975,0.12157589568947626,43,19.98815516730826,1.161524073293148,10
slp02a,116,1,2 X,84.75716399838558,0.1317356316415226,43,22.70663033605813,0.710779178085571,11
slp02a,117,1,2 X,89.18694690265488,0.12095820785541303,44,22.549609140108238,1.0390977624843583,11
slp02a,118,1,2 X,92.53050824728443,0.10708218139718124,47,26.777744718833674,0.592834621870964,13
slp02a,119,1,MT X,107.21649484536083,0.11120946173189682,53,15.015015015015017,2.35373891014761,8
slp02a,120,0,2,96.2457337883959,0.08415175238045118,48,29.226618705035964,0.5202677508210352,14
slp02a,121,1,2 X,84.56375838926174,0.10135445537115165,43,21.95550351288056,1.1720270304050158,11
slp02a,122,1,2 X,86.61205854706593,0.13133519923927936,44,29.79145978152929,0.426589799623546,15
slp02a,123,1,2 X,87.39837398373986,0.11953405121418538,44,24.108708357685565,0.5032601154489126,12
slp02a,124,0,2,85.12363194162951,0.11700561065679746,43,25.62642369020501,0.43309224062419877,13
slp02a,125,0,2,86.01856908793009,0.10112868701742588,43,23.47785255908593,0.2855252002888712,11
slp02a,126,0,2,86.13617719442165,0.11117578163327078,43,24.800841725537353,0.541724702125131,12
slp02a,127,0,2,82.55365987892128,0.13824673594700165,41,22.519141270079565,0.37728058524127633,11
slp02a,128,0,2,86.68189759440936,0.10369527266342486,44,23.906114169805846,0.5639454870789323,12
slp02a,129,0,2,80.77544426494345,0.16384675767313794,41,21.12973658261727,0.52955362334706,11
slp02a,130,0,2,82.5082508250825,0.15427041193955504,41,23.09113300492611,0.5418906162686341,11
slp02a,131,0,2,86.07733296898482,0.11273925930912072,43,22.08155454143972,0.6670245572690708,11
slp02a,132,0,2 L,88.58673259167696,0.08044860699033075,44,22.24199288256228,0.8058668872710926,11
slp02a,133,0,2,89.74707642099537,0.08628321614560826,45,22.893772893772894,0.21929924760472846,11
slp02a,134,0,2,86.13617719442165,0.10993529327510339,43,23.094688221709003,0.3043905386177435,11
slp02a,135,0,2,89.27363722440147,0.03911278457685378,45,22.951731812491307,0.2949532530547905,12
slp02a,136,0,2,85.67931456548347,0.1259550724350109,43,21.196420160150726,0.32603203659899577,10
slp02a,137,0,2,86.78686759956942,0.08770746400868039,44,22.646170738402414,0.29005465429697697,12
slp02a,138,0,2,85.74928542262147,0.08478271547631284,43,24.39421044072207,0.45123634605381685,11
slp02a,139,0,2,88.87970235634559,0.05286111480176568,44,21.598272138228943,0.2293451547340819,11
slp02a,140,0,2,89.37034529451591,0.0411908478962648,45,27.969018932874352,0.6042727547475374,14
slp02a,141,0,2,84.29276315789473,0.1187346333086364,42,24.65415696479934,0.46965649385718305,13
slp02a,142,0,2,89.20124341127179,0.08025388433224416,45,23.241400681747756,0.4561550613552369,11
slp02a,143,0,2,87.43391622610818,0.11024641263146429,44,20.894598359387093,0.4320100593250401,10
slp02a,144,0,2,90.84791386271871,0.09229218229937054,46,22.96131366546062,0.3550655392882878,12
slp02a,145,0,2 LA,87.30373578776394,0.08911035568021128,44,26.083176351253442,0.30818374749850497,13
slp02a,146,0,2,83.97050791916986,0.12373616652140731,42,27.485112230874943,0.5526110748075902,13
slp02a,147,0,2,89.11693221712126,0.09750999101172884,45,22.003813994425702,0.47024095950905853,11
slp02a,148,0,2 L,82.76140492531287,0.13201561027520764,42,27.196652719665266,0.3444920108828798,14
slp02a,149,0,2,80.60182697474475,0.15879496213671263,41,25.525990099009903,0.5006389306106499,12
slp02a,150,0,2,81.45533532446376,0.17003893671744716,41,24.77632484514797,0.6580384149542908,13
slp02a,151,1,2 X,82.41758241758242,0.16482718222429213,41,26.124818577648764,0.3933915211197223,13
slp02a,152,1,2 X,82.7502691065662,0.17256294577863496,42,23.066277102875596,0.5975631849436509,11
slp02a,153,0,2,80.6234883095942,0.18173596231896427,41,25.69226377390808,0.602925829232382,13
slp02a,154,0,2,80.97165991902834,0.18274298892159993,41,24.19029700309098,0.42345391983334174,13
slp02a,155,1,2 X,87.00455738157711,0.1588987327080862,43,24.073182474723158,0.6231492919036336,11
slp02a,156,1,2 X,99.39148073022312,0.15525165716097414,50,23.364485981308416,0.5333606659662858,11
slp02a,157,1,2 L X,87.69544527532291,0.07256088247647818,44,24.715089935466153,0.30965984922527856,13
slp02a,158,1,2 X,77.95404814004377,0.14045529449149477,39,23.477852559085928,0.5359655212791211,11
slp02a,159,0,2,83.27691266079891,0.13183343555156174,42,22.509003601440572,0.7584430367535852,11
slp02a,160,0,2,82.79483037156704,0.1623579963438805,42,26.89655172413793,0.6518223157893159,14
slp02a,161,0,2,80.94981111710739,0.16652014893099273,41,24.1196333815726,0.7166777797587979,11
slp02a,162,0,2,80.02735978112176,0.1410227692015285,40,29.243837905584183,0.5987462410942467,15
slp02a,163,1,2 X,100.21816198527408,0.03550579376787747,50,25.003472704542297,0.7623463050929603,13
slp02a,164,1,2 X,95.60618388934093,0.11065525238341024,48,19.2,1.1631367073564483,9
slp02a,165,1,2 X,92.65476030616355,0.09314309985736839,47,23.95818208218383,0.6039589499487035,12
slp02a,166,1,W X,105.99266204647371,0.045312524229742544,53,13.14252336448598,3.12214171505537,7
slp02a,167,0,W,105.00807754442647,0.060912975075466294,53,18.135106543750943,1.7274668593058453,9
slp02a,168,0,W,101.55721056194989,0.06964711049282662,51,29.182879377431906,0.5007833863058957,14
slp02a,169,0,W,99.11003236245955,0.06649008406246681,50,18.06412765316875,1.1557714955820635,9
slp02a,170,0,W,115.68123393316195,0.09351861308933128,58,12.868908716540838,1.1262982908625938,6
slp02a,171,0,W,101.02370689655173,0.028880332408059293,51,28.76318312559923,0.5246751375851537,11
slp02a,172,0,W,98.45947756195578,0.01042919044450624,50,30.00857387825093,0.1587440501857873,15
slp02a,173,0,W,98.63123993558777,0.032694871191810235,50,25.280898876404493,0.39442898248255315,13
slp02a,174,0,W,98.01252382248843,0.0405294817248986,49,29.06110283159463,0.40880116258707533,14
slp02a,175,0,W,109.20857489551028,0.06546543292527192,55,16.248420292471568,2.073428615173964,7
slp02a,176,0,W,98.83017345703912,0.022932238156261085,50,23.926914153132252,0.9198093945563122,12
slp02a,177,0,W,101.55721056194989,0.06366537520505161,51,19.713785046728972,1.1478202638151547,10
slp02a,178,0,W,94.7198710197501,0.03265734970591453,48,24.332694292877157,1.1170159776005337,12
slp02a,179,1,W X X,93.92866866321809,0.026426199979728848,47,28.467153284671532,0.5654818754648906,14
slp02a,180,1,W X,101.51597184623714,0.07220663681407687,51,17.2244094488189,0.7404351726504887,8
slp02a,181,1,W X,96.49603065973174,0.03963070815062094,48,25.90266875981161,0.3863731763528087,12
slp02a,182,0,W,96.43718189124029,0.029359363450562476,49,25.82496413199426,0.6823661447899914,13
slp02a,183,0,W,99.80988593155892,0.07367662382302262,50,23.49423323366082,0.832641996427562,12
slp02a,184,0,W,93.54663774403471,0.021880583273432952,47,25.295109612141655,0.5847193577031012,12
slp02a,185,0,W,93.7882288976485,0.030570257485374865,47,26.389092508429847,0.5193905616735403,13
slp02a,186,1,W X,93.4199837530463,0.03545139647866266,47,22.338049143708115,0.8420190021608774,11
slp02a,187,0,W,91.97438343098514,0.01742176870158017,46,24.115755627009648,0.6416002720470972,12
slp02a,188,1,W X,100.95571409341767,0.05655773687127164,51,22.214908672042128,0.4433159005205215,10
slp02a,189,1,W X,97.23160027008777,0.05667885898247739,49,15.884221673138017,1.7724840071367516,7
slp02a,190,1,W X,94.03107113654947,0.041900413034675094,47,18.844221105527637,1.2466549528352147,8
slp02a,191,1,W X,91.36437466161343,0.07126682950471644,46,19.97780244173141,1.1914079439423293,7
slp02a,192,1,W X,96.5924335927019,0.04475085349899921,49,18.19652244237768,1.2205783692805452,7
slp02a,193,0,W,101.9437270626614,0.06579488125986702,51,19.280205655526995,1.0451003141644664,4
slp02a,194,0,W,94.54204103526888,0.015640135946401196,48,30.421555845284658,0.390259882014798,15
slp02a,195,0,W,97.00889248181082,0.035913089535711075,49,30.335715248752862,0.48103858011136236,16
slp02a,196,0,W,94.08781529427466,0.03103595368286563,48,23.889154323936932,0.673725047775426,11
slp02a,197,0,W,95.33468559837726,0.03596004019352292,48,27.989426216762553,0.35637604982502524,13
slp02a,198,0,W,95.4637779282329,0.022272846114959385,48,29.707172160135805,0.3876389020304166,15
slp02a,199,1,W X,93.18028359216746,0.02586236655414038,47,28.04544800805407,0.4709710979963941,14
slp02a,200,0,W,97.87928221859704,0.02015771151032116,49,25.07598784194529,0.6211960737025558,12
slp02a,201,1,W X,95.6840390879479,0.04374948230955434,48,17.438963627304435,1.2927479985500276,8
slp02a,202,0,W,94.64357631896901,0.03240039233201427,48,18.8626519491407,1.2176024204644913,10
slp02a,203,1,1 X,102.96096904441455,0.13331017099852904,52,22.98498314434569,1.1668874153062068,11
slp02a,204,0,W,96.85396345651874,0.06689015204062634,48,11.595547309833023,3.413170350275532,6
slp02a,205,0,W,92.69210102095649,0.015984869972975397,47,29.7281993204983,0.2920693236132791,15
slp02a,206,0,W,94.94949494949498,0.04322717318521336,48,30.616707974923457,0.452216040116641,15
slp02a,207,1,1 X,92.51810136765889,0.028353160341014046,47,30.023094688221708,0.35339770914424784,14
slp02a,208,1,2 X,94.6944257891202,0.01645438981909377,48,28.266331658291453,0.42802284466551027,13
slp02a,209,0,1,93.7627395026498,0.028363959132916592,47,24.849397590361445,0.5199056494187388,12
slp02a,210,0,1,91.84923118791671,0.020514662025602367,46,27.449324324324326,0.2281840843077381,14
slp02a,211,0,2 LA,88.09068560502594,0.09964523333150244,44,25.4957507082153,0.3407299354164364,13
slp02a,212,0,2,89.44301395853097,0.06621496422715416,45,26.17801047120419,0.3045871522788401,13
slp02a,213,0,2,91.96185286103541,0.02252066266595146,46,26.079397276151838,0.17459922362052152,13
slp02a,214,0,2,89.72267536704729,0.10843103456205862,45,23.930384336475708,0.299467737193566,12
slp02a,215,0,2,89.14100486223661,0.04878422723018455,45,26.21995630007283,0.451555705927359,13
slp02a,216,0,2,87.49321758003255,0.09441837552956506,44,22.6866492506531,0.21149386017698477,12
slp02a,217,0,2,87.13861118616589,0.10764828654715629,44,24.04231447347331,0.34903959660760553,11
slp02a,218,0,2,93.48326784988483,0.050311769021565866,47,19.769357495881383,0.7098612540489868,9
slp02a,219,0,1 A,92.86675639300137,0.015508519519727286,47,27.088036117381492,0.30432493599221655,13
slp02a,220,0,2 L,90.51014810751508,0.03696055525324394,45,28.546332894158983,0.36498637406681067,14
slp02a,221,1,2 X,90.68923821039903,0.02244440044000086,46,27.777777777777775,0.2938162691206871,13
slp02a,222,0,2,90.62835660580022,0.03963049081791866,46,25.850926324859973,0.18666279757894985,13
slp02a,223,0,2,92.80430396772024,0.042400645570574894,47,23.775216138328535,0.21654110368883053,12
slp02a,224,0,2,92.69210102095644,0.03540871273596582,47,23.93385552654482,0.26954016551609944,12
slp02a,225,0,2,92.28876127973747,0.04363566329404322,46,22.9869044302034,0.25229917961233617,12
slp02a,226,0,2,89.2494929006085,0.0253039375631214,45,20.904304738309072,0.25545853230689924,10
slp02a,227,0,2,87.52883701994843,0.05122516282699591,44,20.66115702479339,0.18055716238601258,10
slp02a,228,0,2,90.59186686350826,0.03194983722596145,46,22.078304386223138,0.3217313164738553,11
slp02a,229,0,2,90.76240419524,0.033703544159166536,46,21.878646441073514,0.3169211889413518,11
slp02a,230,0,2,89.84481350394772,0.0428184713366008,45,23.3976176971072,0.5347405951788506,12
slp02a,231,0,2,82.57250268528465,0.07493013204102807,42,21.20307837286006,0.20692982051237555,10
slp02a,232,0,2,90.10238907849829,0.05116453769316568,45,21.266540642722116,0.24827941249057817,10
slp02a,233,0,2,86.60042964554243,0.03973454371582777,44,21.07629619221582,0.6848323590485484,11
slp02a,234,0,2,81.2237714904562,0.1293905328839788,41,23.562676720075398,0.6445046469964355,11
slp02a,235,0,2,86.90853910884259,0.0502569362097234,43,30.152774055213076,0.6207038871761281,16
slp02a,236,0,R,84.4617240917013,0.0869594739713775,43,29.292788394476222,0.4961277814335779,15
slp02a,237,0,R,82.59468170829973,0.11817103123624856,42,29.623360135421077,0.5504919506723981,15
slp02a,238,0,R A,86.50281477413155,0.10391226894447166,43,22.70538048713362,0.6819549923347199,12
slp02a,239,0,R,80.31301482701811,0.1329537001761611,40,30.021443888491774,0.6094205344055139,15
slp02a,240,0,R,88.23529411764707,0.030670036889294688,44,26.36203866432337,0.8785928142964368,13
slp02a,241,0,R,85.94815825375169,0.1170502150124771,43,26.48050072219547,0.6416146986218467,12
slp02a,242,0,R,89.80813716151856,0.023733193270394883,45,31.245660324954866,0.5492073641976124,16
slp02a,243,0,R,91.46341463414633,0.019668361508891494,46,29.825308904985082,0.6671019871237754,15
slp02a,244,0,R,92.7668728152729,0.04249496801079141,47,29.264214046822744,0.6449039162731839,15
slp02a,245,0,R,92.92929292929294,0.011664172926389209,47,26.062550120288698,0.6701212113265945,14
slp02a,246,0,R,93.63550006785181,0.00971308629471705,47,32.875511396843955,0.40928025714525845,16
slp02a,247,0,R,92.29478394630122,0.01575929477802946,45,24.699489543882763,0.5529095405217747,11
slp02a,248,0,R,89.79591836734691,0.15629332457205303,45,21.240441801189462,0.8300029879464291,11
slp02a,249,0,R,100.8606777837547,0.030901546886846935,51,26.15518744551002,0.1704855810129799,13
slp02a,250,0,R,93.1425485961123,0.041893915895221796,47,25.91792656587473,0.6809838470918381,13
slp02a,251,0,R,91.56266956049919,0.017410880662163494,46,30.475416497358797,0.5244958468218155,16
slp02a,252,0,R,87.6239641353077,0.06170450702443198,44,29.615004935834154,0.5999614273315529,15
slp02a,253,0,R,91.79926560587516,0.024417116036820473,46,32.62642740619902,0.4188329022414548,17
slp02a,254,0,R A,91.21621621621622,0.031218861029041676,46,32.45348334054522,0.39156492863040393,16
slp02a,255,0,R,91.27368275480569,0.027685811027156212,45,31.56122878384065,0.5077037806525463,16
slp02a,256,1,R H,90.98261221188838,0.02547469332494505,46,32.33256351039262,0.4305835622520124,15
slp02a,257,0,R,92.29534510433386,0.020408678979634172,47,31.57894736842105,0.45589238496235773,16
slp02a,258,0,R,74.6670254271492,0.15231484826566113,38,30.124802754267677,0.46635477429764133,15
slp02a,259,0,R,76.61290322580643,0.19496646490530908,39,25.384615384615383,0.8187466333285143,12
slp02a,260,0,R,98.41992501339048,0.14299631704655763,50,21.57928388746803,0.5548283240208655,10
slp02a,261,0,R,95.15454177351867,0.07472127171870943,48,24.610336341263327,0.49118224723619647,13
slp02a,262,0,R,88.1870385561936,0.05407876394272285,44,25.19244226731981,0.8196364370188095,13
slp02a,263,0,R,90.8846102060051,0.02850909319956929,46,34.950657894736835,0.2502149110866573,18
slp02a,264,1,R H,92.7668728152729,0.03678250591002187,47,30.06442376521117,0.620163046368963,15
slp02a,265,0,R,92.75440247345072,0.022805995298387984,47,29.927319367250963,0.6024353975018941,15
slp02a,266,0,R L,87.29192042224928,0.07059576498297641,44,32.24419604471195,0.5342462852779917,16
slp02a,267,0,R,91.83673469387756,0.04037160718458786,46,32.45875033811198,0.4052502313386138,17
slp02a,268,0,R,92.81678773204194,0.009563636232951327,47,34.040849018822584,0.310866541976481,18
slp02a,269,0,R,97.10047201618342,0.03252680518519389,49,24.899709503389126,0.5895138298255229,13
slp02a,270,0,R,92.26353198469108,0.07171047412174482,46,25.880661394680086,0.6593541452731521,13
slp02a,271,0,R L,87.74316419534757,0.04384287792601035,44,30.566499116967805,0.5451467651518769,16
slp02a,272,0,R,86.01856908793009,0.1063827855066514,43,32.76897870016384,0.4259964788586873,17
slp02a,273,1,R H,77.47723256762266,0.14948484020636854,39,25.23128679562657,0.6572559116001419,13
slp02a,274,0,R,91.01941747572815,0.024259339553160866,46,30.2989496364126,0.4192525836400879,16
slp02a,275,0,R,90.78681909885675,0.019612039638075174,46,28.917653538969976,0.6686300340614229,15
slp02a,276,0,R,94.83232545354589,0.0198131155125538,47,25.80275229357798,0.7863982592950102,13
slp02a,277,0,R,88.1508815088151,0.03338770398990749,44,27.885027885027878,0.583349398482641,14
slp02a,278,0,R,90.48257372654155,0.022467974464628754,46,32.899246058944485,0.3334020658304324,17
slp02a,279,0,R,89.35824532900082,0.040105233474773766,45,32.094142818935545,0.5215282830297893,17
slp02a,280,1,R H,95.81407991301982,0.027942902398948095,48,28.2333960742135,0.7345644829365471,15
slp02a,281,0,R,93.7245313773431,0.0379469333972234,47,26.619343389529725,0.8092127861899695,13
slp02a,282,0,R,91.42624949207638,0.014784977360671065,46,28.482300284823005,0.7278518014664519,15
slp02a,283,0,R,94.06952965235173,0.030356794488954418,47,27.439024390243905,0.8037882529345373,13
slp02a,284,0,R,100.42849491162293,0.03786933323944325,51,14.097744360902254,1.7025377137281472,4
slp02a,285,0,R A,92.44372990353698,0.024437103402087375,47,20.74370006146281,0.8206067011819311,10
slp02a,286,0,2,89.2494929006085,0.03926041473659257,45,22.57336343115124,0.5674680607752299,11
slp02a,287,0,2,89.17713822456425,0.017981395343865725,45,26.206155086681893,0.610639087083816,14
slp02a,288,0,2,85.57457212713936,0.06060196894042125,43,30.303030303030305,0.43627025263399904,16
slp02a,289,0,R,82.16926869350863,0.10631632047809028,41,30.032342522716768,0.5512137441283338,14
slp02a,290,0,R,93.00082667401487,0.01712951391352308,46,26.7538644470868,0.9054403471362551,13
slp02a,291,0,R,88.90086206896551,0.02086081383165593,45,26.917900403768506,0.7891753079428339,13
slp02a,292,0,R,90.02864547810667,0.06583845744957002,45,26.733996732511507,0.6216418225598689,13
slp02a,293,0,R,83.61658735554045,0.10590701139425482,42,26.793688597796965,0.6203629761858958,13
slp02a,294,0,R,93.94145677331518,0.052053847356124124,47,18.975332068311197,0.5742334020239506,9
slp02a,295,1,R X,93.87755102040816,0.04182708125004567,47,11.60451802568467,1.4409232595804675,6
slp02a,296,0,W L,90.94583670169764,0.025219392890745353,46,17.326017903551833,0.9112030509167537,9
slp02a,297,0,1 L,91.92428162876207,0.037526063370659675,46,22.351666215117856,0.32470385744755526,12
slp02a,298,0,2,90.55540649315803,0.027469974629999918,46,19.893899204244033,0.5067578865252671,10
slp02a,299,0,2,89.47939262472885,0.03730065472582494,45,28.081123244929795,0.7827248700675239,13
slp02a,300,0,R,89.28571428571429,0.03125263625243912,45,34.380477281919916,0.348419665024491,18
slp02a,301,0,R,87.5050875050875,0.03408588395695636,44,26.369168356997974,0.6213035351905191,14
slp02a,302,0,R,84.15435139573073,0.1004216689775566,42,32.454361054766736,0.4793625324323961,17
slp02a,303,1,R H,90.90909090909089,0.08012878522866938,46,24.681201151789388,0.5748440368192633,13
slp02a,304,0,R,88.6858371405536,0.027483428515656584,45,25.33427163969036,0.599109246205472,13
slp02a,305,0,R,90.28727770177838,0.01973627779387554,45,28.621752531924262,0.697943284516992,14
slp02a,306,0,R,83.24309691391446,0.09032502616097911,42,27.079885662704978,0.5397862745774684,13
slp02a,307,0,R,90.93358480398761,0.02933279460784759,46,26.392961876832842,0.8120662260896925,13
slp02a,308,0,R,92.55450431921021,0.024358799459561042,46,32.441200324412,0.47508709727796233,17
slp02a,309,0,R,90.25023929987694,0.02281274835707669,45,32.6619488296135,0.4820446037453381,17
slp02a,310,0,R,88.90086206896552,0.04036527433203973,45,27.337726061965505,0.7129214169496959,14
slp02a,311,0,R,92.77934651068978,0.019983547107794757,47,27.07205331112037,0.5805259398716869,14
slp02a,312,0,R,90.1639344262295,0.02277304481723806,45,30.132583366813982,0.6070996842913581,16
slp02a,313,0,R,90.25023929987694,0.025104574671192637,45,29.376318168122932,0.6378416267604383,14
slp02a,314,1,R H,87.38653299010973,0.06784871664563528,44,33.245601883917445,0.37785504826586613,17
slp02a,315,0,R,89.2610019374481,0.02381249995564033,44,31.499370012599744,0.5220476606594459,16
slp02a,316,0,R A,102.75352585627937,0.1348753735770152,52,11.280315848843768,3.418948815059974,5
slp02a,317,0,W,78.23222618720833,0.07827984460908288,39,27.326552299984815,0.2917234230492223,13
slp02a,318,0,1,85.2157446232923,0.041187035364130875,43,26.494565217391305,0.43063844168353255,14
slp02a,319,0,2,87.6001629770474,0.03147046998920201,44,26.231419411250364,0.3478422375477455,13
slp02a,320,0,2 LA,87.05628289917668,0.04405945145259922,44,27.243832299076736,0.5045300343443941,13
slp02a,321,0,2,84.60918614020952,0.057908207917511015,43,28.240405503258504,0.35175112234505507,14
slp02a,322,0,2,85.50488599348536,0.042342304475539806,43,30.832476875642342,0.31300844351915763,15
slp02a,323,0,2 LA,85.04319654427647,0.07696110275891634,43,29.49438202247191,0.3964981406138043,15
slp02a,324,0,2 L,86.40790015087093,0.02089537700175209,43,25.244798041615663,0.4634662076352868,12
slp02a,325,0,2 L,82.27067050596462,0.06925539690161338,41,25.66295979469632,0.4314919852480847,13
slp02a,326,0,2,85.85445625511039,0.038160420425813295,43,24.793388429752067,0.5453488180360652,13
slp02a,327,0,2,85.06616257088847,0.04107754957838988,43,27.761958997722097,0.5091323167668022,14
slp02a,328,0,2,86.10086100861008,0.037630137003263134,43,23.41089670828604,0.2551411212163519,12
slp02a,329,0,2 LA,84.57095709570956,0.033358435917723396,42,23.779327837666454,0.47509089656612025,11
slp02a,330,0,2,75.12181916621547,0.1037129262617562,38,25.31645569620253,0.33625585496761246,13
slp02a,331,0,2,90.89684890923782,0.10624747259158106,46,15.981735159817351,1.5213570741081055,8
slp02a,332,0,2,85.88957055214723,0.1461449285334747,43,29.461279461279464,0.3985397836900018,15
slp02a,333,0,2,86.84529419684932,0.07456079439338936,44,26.521290702814206,0.4220630547942123,13
slp02a,334,0,2,78.35521028663273,0.09386425494481118,40,26.379870129870135,0.5828049700681135,14
slp02a,335,1,2 H,78.01806734191076,0.07478634387317581,39,28.563656147986944,0.547079220469383,15
slp02a,336,0,2,80.72110856989102,0.06628355753880447,41,25.37355511700028,0.4559819684544067,13
slp02a,337,0,2,78.40772014475272,0.08592974516741272,40,26.30809704764689,0.5443303735375746,13
slp02a,338,0,2,79.52691680261013,0.07711524713844131,40,26.662716634572657,0.4839213664314574,13
slp02a,339,0,2,80.48981838194825,0.07816609366313237,40,23.29554278614691,0.5415310148089397,11
slp02a,340,0,2,79.61350027218289,0.09137005265416553,40,29.897494305239174,0.526670248846855,15
slp02a,341,0,2,78.47996695580338,0.10658002598544519,39,25.280898876404493,0.48678628666889223,13
slp02a,342,0,2,82.97355639503509,0.1953278913209787,42,24.776324845147972,0.4610147021034747,13
slp02a,343,0,2,79.96172772006561,0.12257650403946836,40,28.965517241379306,0.4488330447291245,15
slp02a,344,1,2 H,71.66257166257166,0.11626873866967308,36,31.636670416197976,0.4739144601671862,16
slp02a,345,1,2 H,70.63096999865465,0.11528681536029335,36,30.02144388849178,0.3777243352888291,15
slp02a,346,1,2 X,70.86285952480199,0.07665182144022285,35,26.139410187667558,0.7309388629028936,14
slp02a,347,1,2 X,72.94340132378765,0.10474584172187787,37,27.322404371584703,0.41679509815514126,14
slp02a,348,1,2 X X,73.80073800738006,0.09581637531120543,37,31.490552834149753,0.37664530912901184,16
slp02a,349,1,2 X,75.32573289902281,0.06955091255724583,38,23.331447963800905,0.6104602247078946,12
slp02a,350,1,2 X,75.54103715802368,0.046018003908369784,38,29.37189335743335,0.42091295534389456,14
slp02a,351,1,2 X,79.09680908599243,0.042664940793496475,40,25.528293859027087,0.4167027984333945,13
slp02a,352,0,2,77.48150216389779,0.04939818978593346,38,28.94954507857733,0.4921065091283904,15
slp02a,353,0,2,76.52033830044302,0.06776110880908023,39,25.178346621905163,0.3260516319030878,13
slp02a,354,0,2,76.32565613283342,0.05450436461213776,39,27.3109243697479,0.3132643173813109,14
slp02a,355,0,2,81.84422316191515,0.05283171396046128,41,24.868748273003593,0.4143873657447688,13
slp02a,356,0,2,78.93671569288895,0.059326041703408876,40,23.78206976073796,0.4405157007924099,12
slp02a,357,0,2,80.96073404398867,0.05400731431945123,41,25.323579065841308,0.5692084172095685,13
slp02a,358,0,2,78.16785518376302,0.02879750681729179,39,23.92344497607656,0.2160673295736561,12
slp02a,359,0,2,80.63404548587182,0.04571023274979862,40,24.9100470523111,0.4844979073455552,13
slp32,0,0,W,71.83908045977013,0.024505159806515377,36,8.633093525179858,0.5699999999999998,3
slp32,1,0,W,68.5121107266436,0.022604679460611433,34,7.318858258111734,0.6619999999999999,3
slp32,2,0,W,74.01315789473685,0.1622289191920547,37,6.672597864768684,0.9600666643520124,4
slp32,3,0,W,80.8011049723757,0.19126458984024908,40,9.36183491964425,3.8135541165689517,5
slp32,4,0,W,76.64380798709158,0.20884223790318368,39,8.186283427323994,0.5065578830586779,4
slp32,5,0,W,86.51911468812877,0.22586272555475892,44,7.5,1.505222907080543,4
slp32,6,0,W,67.20806496779615,0.030910152053977357,33,7.6923076923076925,0.12097382637028017,4
slp32,7,0,W,78.76666217853776,0.18280053834133797,40,8.969950665271341,0.6670554699573342,5
slp32,8,0,W,67.78964667214463,0.025265095861099054,34,7.923930269413629,0.3821203998741758,4
slp32,9,0,W,80.63404548587181,0.18596385020527237,40,9.028892455858749,1.0966145884291139,4
slp32,10,0,W,72.81553398058253,0.08309566107137538,37,7.030151538822059,0.8184299331986558,4
slp32,11,0,W,72.86466063958979,0.04192217952113736,37,13.638843426077468,1.4675245006472635,6
slp32,12,0,W,69.59088991986503,0.03368432289382448,34,9.928843289756745,2.4820626502971272,5
slp32,13,0,W,76.52033830044302,0.14390197494597426,39,9.286009079653322,0.8813161874277711,4
slp32,14,0,W,73.59125315391084,0.1518419801595577,36,7.879530730169847,0.842980954048719,4
slp32,15,0,W,74.92912110166058,0.175738965730335,38,8.116883116883118,0.4533019596986832,4
slp32,16,0,W,68.2194046306505,0.04570002401174439,34,6.437768240343347,0.23599999999999977,3
slp32,17,0,W,77.70961145194273,0.18214508235176363,39,10.123165176311792,2.3610783553283445,5
slp32,18,0,W,86.3013698630137,0.2191502864989283,43,7.734616706772087,0.8830875129654793,4
slp32,19,0,W,70.92677654687922,0.07446185710325326,36,5.90318772136954,0.1639999999999997,3
slp32,20,0,W,83.10810810810811,0.22885525846652743,42,11.771630370806356,1.6481805119585657,5
slp32,21,0,W,70.59800664451826,0.02320720565823617,35,7.480053191489362,1.6695622846190021,4
slp32,22,0,W,67.86399780641625,0.018303431663269455,34,6.461339651087658,0.8579999999999997,3
slp32,23,0,W,69.32173440260976,0.023101101697840735,35,6.60647434485796,2.1339999999999995,3
slp32,24,0,W,90.04092769440655,0.2244157151875521,45,8.932559178204555,1.9522999257286267,5
slp32,25,0,W,74.91900647948164,0.10195127669419511,38,8.927242969796161,2.323737291519848,5
slp32,26,0,W,77.48150216389782,0.16354573727601135,38,8.531210009953076,4.1914573837747655,5
slp32,27,0,W,73.11129163281885,0.14636484095118835,37,8.586147681740126,1.6997819467998443,4
slp32,28,0,W,78.63960209705606,0.16211352261403947,40,10.291595197255575,2.9889630308854604,5
slp32,29,0,W,70.47118971949703,0.021674215702017417,35,6.453000645300064,1.674,3
slp32,30,0,W,71.55513152514652,0.03270768492359593,36,5.8015857667762525,1.63,3
slp32,31,0,W,71.44801306477954,0.03211326892137153,36,5.909001378766988,1.6660000000000004,3
slp32,32,0,W,68.22880771881461,0.028525309754714127,34,8.228195282501373,0.3860500831066699,4
slp32,33,0,W,73.28990228013029,0.10768678862536686,37,6.65680473372781,1.0040575459382577,4
slp32,34,0,W,68.67369589345171,0.020420555372622832,34,8.731082654249127,0.20320104986605408,4
slp32,35,0,W,69.37831587539111,0.020915053104565207,35,10.32346868547832,1.2273852967453487,4
slp32,36,0,W,68.01319043693321,0.03642298187704335,34,8.216176739090743,0.8183843161308074,4
slp32,37,0,W,66.83375104427736,0.024040330696560742,33,6.586169045005489,0.5659999999999998,3
slp32,38,0,W,69.00284129346502,0.1158620465934831,35,5.188516084399861,0.7599999999999998,3
slp32,39,0,W,79.9617277200656,0.21063560552977928,40,11.860051393556038,3.7169238625508596,5
slp32,40,0,W,74.83370288248337,0.10748620353616219,37,11.142061281337048,1.872099089257831,5
slp32,41,0,W,68.3985076689236,0.027668774190365387,34,8.458646616541353,1.565993046671096,4
slp32,42,0,W,69.52017448200655,0.03646831112435805,35,7.8301722637898035,0.6506229493510216,4
slp32,43,0,W,68.91271056661562,0.036109821266785476,34,10.206396008165116,2.8718130548874905,4
slp32,44,0,W,70.41309012875537,0.03650422396582264,36,7.040050062578223,1.089696389928049,4
slp32,45,0,W,79.26574885273259,0.15926788875291728,39,11.867088607594937,1.4968874373178498,5
slp32,46,0,W,80.20290649849191,0.18804142954198844,40,9.652509652509652,2.6521040703562146,5
slp32,47,0,W,75.24403470715835,0.18257548745499833,38,6.202191440975811,1.1819999999999995,3
slp32,48,0,W,75.7472362494882,0.17944656417362256,38,7.290991574854179,1.6474605373793394,4
slp32,49,0,W,69.4728238659583,0.023250404617530716,35,9.022556390977444,1.4894791035795032,5
slp32,50,0,W,72.98762685944669,0.1081221380416327,36,13.109023377758357,1.8533070441780553,5
slp32,51,0,W,69.24643584521385,0.04001193593543106,35,7.313505607020965,1.8799063806477172,4
slp32,52,0,W,69.13379422529484,0.040670675015647015,35,9.531878839228977,2.9333436363455427,4
slp32,53,0,W,69.02802956351974,0.020144564761737937,34,9.369144284821987,0.5928372457934808,4
slp32,54,0,W,71.34121483897268,0.028127755193845406,36,9.814612868047982,1.372399682632173,4
slp32,55,0,W,73.20133853876185,0.020314587098427345,36,11.753183153770815,2.251807052125026,5
slp32,56,0,W,70.93635995135793,0.025893723138227607,36,8.556759840273816,0.8186688382164466,4
slp32,57,0,W,70.07419620774938,0.021993393157049564,35,8.39630562552477,1.6637343537957014,5
slp32,58,0,W,73.23197098619055,0.10658538399627152,36,10.230179028132993,0.7366756409709772,5
slp32,59,0,W,129.44983818770228,0.15888753884430334,65,14.548981571290009,1.5051570017775555,6
slp32,60,0,W,77.08953205301596,0.13034571546532017,39,7.869884575026234,1.7980374486274382,4
slp32,61,0,W,72.79534109816971,0.143363491211134,36,7.145125436646554,0.5605933364649357,4
slp32,62,0,W,67.94783802333562,0.028828105865404376,34,6.388415672913118,0.5759999999999996,3
slp32,63,0,W,75.65430752453653,0.13576656802551154,38,12.663571127057828,1.7472305705506261,7
slp32,64,0,W,69.34058463630186,0.026116852134166636,35,8.258396035969902,0.910726205959959,4
slp32,65,0,W,92.51644736842104,0.23608299858783188,46,6.677548597714796,0.4376462295304536,4
slp32,66,0,W,88.82907133243607,0.2122649988859824,45,9.578544061302681,1.3492664673814432,5
slp32,67,0,W,70.65948855989232,0.06296717641853133,36,7.004436142890497,0.31400000000000006,3
slp32,68,0,W,73.92283863700366,0.14993292650041748,36,13.84402399630826,1.975978070053748,7
slp32,69,0,W,66.75938803894297,0.02644688072344262,33,8.517887563884157,0.14711446790396465,4
slp32,70,0,W,66.55574043261231,0.040134150047060925,33,7.62970498474059,1.349445318146188,4
slp32,71,0,W,77.60381211708648,0.17117281607775497,39,10.273972602739727,2.504426481252744,5
slp32,72,0,W,70.92198581560284,0.03204775847901708,35,10.760401721664277,1.9108050659342517,5
slp32,73,0,W,68.34628785848298,0.030031125721669636,35,7.596218771100608,0.5009785979017022,4
slp32,74,0,W,69.71975393028025,0.027114265452035782,35,8.638894221539644,0.9454809475723043,4
slp32,75,0,W,75.27465075274651,0.1447746391069962,38,8.811435284903073,1.0321774179966456,4
slp32,76,0,W,70.12237041110959,0.037389745647500396,35,9.644751647645073,2.3489987228604448,5
slp32,77,0,W,83.94758394758394,0.22528627039567323,42,9.526833915528739,1.0904916322466667,5
slp32,78,0,W,71.85874623597043,0.04681726526112574,36,9.527842473004446,3.2650608297889674,4
slp32,79,0,W,70.46979865771812,0.11052557188640248,36,9.0702947845805,0.771488820398585,5
slp32,80,0,W,93.72453137734313,0.20966052315980854,47,12.396694214876034,2.044816275365589,6
slp32,81,0,W,66.95522791830109,0.04587714660208221,34,8.952551477170992,0.27230130370602346,5
slp32,82,0,W,72.28418009087153,0.10080531246123968,36,9.213759213759213,0.8011791310312567,4
slp32,83,0,W,82.00082000820008,0.20451970565204713,41,10.186757215619695,0.588323040514308,5
slp32,84,0,W,68.9935064935065,0.0462740445307284,35,9.513239257967339,2.745227677261032,5
slp32,85,0,W,69.24643584521385,0.031496251218683956,35,7.894736842105263,2.7656020441608495,4
slp32,86,0,W,69.16192026037427,0.031146933844108538,35,9.873292743129834,0.2761213501343204,5
slp32,87,0,W,72.23445239405613,0.031203558143524684,36,8.051529790660226,0.955059509489679,4
slp32,88,0,W,68.78877798759105,0.0379217916736146,35,9.056148118333669,2.329599297924192,4
slp32,89,0,W,69.48228882833787,0.027521366345738242,35,7.838355687162515,0.28457844066072296,4
slp32,90,0,W,63.97908640616401,0.04191344333946138,32,11.084426380934786,2.009852482148877,5
slp32,91,0,1,65.79849211788897,0.033933528773176534,33,6.743593586093211,2.4744331786402225,4
slp32,92,0,W,76.19439868204284,0.13102890017392688,38,14.901649115835486,2.1119918181659703,6
slp32,93,0,W,62.87550649713567,0.07295429314912791,31,8.349568605622045,2.214890516481571,5
slp32,94,1,1 X,60.76154469349176,0.05921921610048175,31,8.165487207403375,1.3720000000000003,3
slp32,95,1,1 X,60.28270509977827,0.04695493323446971,30,5.683971201212581,0.0,2
slp32,96,0,2 L,65.52901023890786,0.11322260982242019,33,8.145533532446375,0.8179999999999996,3
slp32,97,0,1,60.771165129924555,0.07529670206098275,30,10.369858278603527,2.928713710829381,5
slp32,98,1,1 X,62.61305134270209,0.1424085515534638,31,10.355540214014496,1.908759806785547,5
slp32,99,1,2 X L,66.29834254143647,0.21053978246402744,33,11.271839188427577,1.4324088103610644,5
slp32,100,0,2 L,61.16623623759684,0.06693824683160511,31,10.305736860185503,0.16199999999999992,3
slp32,101,0,2 L,63.62222536406051,0.0639973610567047,31,5.724098454493418,4.409999999999999,3
slp32,102,0,2,65.83459059113977,0.08996726835355179,33,8.118347465271514,1.4648461428498976,4
slp32,103,1,1 X L,57.636887608069166,0.08022557483211235,29,13.054830287206267,2.2170418730070636,4
slp32,104,1,2 X L,60.207612456747405,0.0889895717280272,30,10.550007033338023,3.389466412283798,6
slp32,105,1,2 X,59.646236116824355,0.07701765629833504,30,5.370569280343716,0.0,2
slp32,106,0,2 L,65.55585905490304,0.23243587825462747,33,14.467592592592593,1.2835635395258,6
slp32,107,0,2 LA,59.48311226582798,0.07697070801924939,30,12.82233936458185,1.6896144201825718,7
slp32,108,0,2,65.69942513003012,0.0840740001427314,33,10.035122930255895,4.303130372182558,5
slp32,109,0,2 L L,60.174297966523724,0.06670901548314205,30,8.108108108108107,2.594153426457271,4
slp32,110,0,2,60.049696300386515,0.0723011274608124,30,9.00360144057623,0.7807551899710095,4
slp32,111,0,2 L,64.37768240343348,0.20080354707058595,32,17.21170395869191,0.2524995049500098,5
slp32,112,1,2 OA L,60.96734859775098,0.06399569429960807,31,12.590229981534328,1.7270100868263627,6
slp32,113,1,2 OA L,62.163282221301294,0.171279576521351,31,12.757271644837559,3.3630637460506163,6
slp32,114,0,2 L,61.48380926356059,0.14727202344263793,31,7.378258730939499,0.0,2
slp32,115,0,2,61.58478171616258,0.1552346467627493,31,6.4944436426612775,6.229273116147306,4
slp32,116,1,2 OA,62.744568884091215,0.06498385295318368,32,20.397062822953494,0.89971586626001,6
slp32,117,0,2,68.97993311036791,0.15819923275787107,34,18.055973517905503,0.47247751269240323,5
slp32,118,1,2 OA,62.54343293954135,0.10428209604508129,31,9.462229932187352,2.2799339902725255,5
slp32,119,0,2 LA,63.507238459437296,0.1517533460708675,32,10.474860335195531,0.8871798013931563,5
slp32,120,1,2 X,62.6304801670146,0.15807761806572534,31,13.309671694764862,2.18047578905767,4
slp32,121,0,2 L,60.679611650485434,0.07342588099573609,31,13.323858589447502,2.4831353084356875,6
slp32,122,1,2 X,66.07929515418502,0.18583056799138298,33,16.21371216800494,0.6506029856202314,8
slp32,123,0,2 LA L,65.3327888934259,0.15187448559583666,33,10.150566739976316,4.092760804151642,5
slp32,124,1,2 OA,108.54724194429275,0.23931481639395966,54,14.967925873129012,1.4122863790062308,8
slp32,125,0,W,100.43727794479368,0.20661477675256304,50,11.22754491017964,0.445250491296753,5
slp32,126,0,W,82.9511734556245,0.19877655540027733,42,12.01923076923077,1.7298554852934969,5
slp32,127,0,W,69.949252503086,0.0535356169641952,35,9.163103237629812,3.4695675042671628,4
slp32,128,0,W,68.6451255027042,0.13491589734797174,34,8.76424189307625,0.34999999999999964,3
slp32,129,0,W,101.7915309446254,0.2117987875319403,51,14.042752379466378,1.4584693650841243,7
slp32,130,0,W,69.7084917617237,0.03555215778071724,34,6.9428373061791255,1.8659999999999997,3
slp32,131,0,W,78.37620578778133,0.18806352529491485,40,9.121313469139556,0.6828909136897339,5
slp32,132,0,W,75.13566161124253,0.09659607895321529,37,14.511447920025796,1.1753845706358788,7
slp32,133,0,W,71.52588555858311,0.021753348323081338,36,9.079903147699758,3.3483910564130146,4
slp32,134,0,W,75.81967213114754,0.09602032898951622,38,14.90066225165563,1.3605502154969835,7
slp32,135,0,W,84.55932902516156,0.183477259676943,42,12.913223140495868,2.312225040950816,6
slp32,136,0,W,74.53416149068323,0.016689983689493367,37,11.28158844765343,2.553577694138167,6
slp32,137,0,W,98.18628119459976,0.22321176728738015,49,13.711151736745885,2.5584073170627075,5
slp32,138,0,W,70.00686341798216,0.025489260917989164,35,9.00900900900901,0.3889164434682598,5
slp32,139,0,W,76.68923587121735,0.10312504908469956,38,15.319148936170214,1.4473965900501802,7
slp32,140,0,W,72.97297297297297,0.042733743569995965,37,8.433283358320839,0.8351755637123381,4
slp32,141,0,W,70.09345794392523,0.02932976805427632,35,6.11870283499898,1.2939999999999996,3
slp32,142,0,W,72.52382925818483,0.028565485096099963,36,11.082379017362394,1.2513720469948177,5
slp32,143,0,W,78.94736842105263,0.12897327344515178,39,12.513904338153504,1.769523727510378,7
slp32,144,0,W,70.09345794392524,0.03676315290837697,35,9.092286710107592,1.185297852862309,5
slp32,145,0,W,88.94098179812465,0.21920598145111844,44,10.480349344978167,1.675561696864666,5
slp32,146,0,W,69.31231312856754,0.03355231415963926,35,9.51927653498334,0.5867836057696227,5
slp32,147,0,W,71.87842278203725,0.04075595862282356,36,12.981393336218087,1.789132750804143,5
slp32,148,0,W,71.03233662562576,0.033308747395559994,36,8.149221296631655,1.087246471085967,4
slp32,149,0,W,77.05122865472721,0.09917303057129695,38,11.56515034695451,1.4250305259888294,5
slp32,150,0,W,91.92428162876209,0.23376689455022137,46,13.371367445177395,1.9435709814668463,6
slp32,151,0,W,97.04811969268096,0.25063905820921045,49,10.207553589656346,1.4315488116023152,5
slp32,152,0,W,71.66257166257166,0.0393869759889106,36,7.922535211267606,1.4335609121655375,4
slp32,153,0,W,70.64047362755652,0.03114490163669141,36,11.301563382934638,1.5854169798510422,5
slp32,154,0,W,83.18314154997921,0.19139359968400196,41,10.526315789473683,1.7232364898643482,5
slp32,155,0,W,68.31355230471985,0.05372008531801526,34,7.659574468085107,1.1778820918165889,4
slp32,156,0,W,69.09632841078445,0.051016653770486725,35,10.003334444814937,0.9947482093474711,5
slp32,157,1,W X,67.58601856908793,0.033305773730991736,34,9.363295880149812,2.701823581706745,4
slp32,158,1,W X,64.91693424542791,0.045741889985872995,32,14.572538860103629,1.8240302141747056,7
slp32,159,1,1 X,115.6186612576065,0.21778666698775706,58,16.860247283626826,0.8576049336508169,7
slp32,160,0,2,105.44815465729349,0.21336840657200615,53,12.169398020444588,1.1611156014798871,6
slp32,161,0,2,67.00167504187604,0.03235351603767356,33,9.940357852882704,1.8536234784874734,5
slp32,162,0,2,66.66666666666667,0.029145403504747452,34,11.961722488038275,1.3967762884585349,5
slp32,163,0,2,64.37768240343348,0.027898433300907063,32,12.968299711815563,1.1949106893636676,7
slp32,164,0,1,73.88151593925298,0.1141908192889277,37,13.847858197932052,2.3924473160343576,6
slp32,165,0,W,64.90787269681742,0.039888293552607895,32,8.256880733944955,1.6961456960480201,4
slp32,166,0,W,63.89995877422014,0.026668192810994324,32,13.619030325040859,0.4114411744101457,6
slp32,167,1,1 X,65.07592190889372,0.023832750575625956,33,13.491635186184567,1.6467090089023013,6
slp32,168,1,1 X,64.12908564335953,0.03944590204755714,32,8.782201405152223,1.427750678514985,5
slp32,169,1,2 X,65.43765831691528,0.051773299158187756,32,14.701078079059132,0.4987326159599171,7
slp32,170,1,2 X,65.20853144953132,0.1312001691119337,33,10.026737967914437,1.8845158529447295,5
slp32,171,1,2 OA,63.32561623314723,0.05127275008369105,32,13.51554287430545,0.39527486920144855,7
slp32,172,0,2,72.71468144044321,0.22324888646110294,36,15.789473684210527,0.4345701324297379,6
slp32,173,1,2 OA,64.27090532135453,0.13143251394995453,32,16.39642922208052,0.9302628063557572,7
slp32,174,1,2 OA,64.42227763923523,0.037880583491006925,32,19.27710843373494,0.9331933079485729,9
slp32,175,1,2 X,74.81296758104737,0.21872458582528953,37,16.33097441480675,0.5229595267959718,7
slp32,176,1,2 X,69.65310024583448,0.1094838472230866,35,17.69128704113224,0.5797428309172957,9
slp32,177,1,2 X,87.85072187414872,0.2567113561753739,44,15.725625280814738,0.34101983903029004,8
slp32,178,1,2 X,66.65768920010773,0.013977812669212985,34,15.416238437821171,0.4884868765600859,8
slp32,179,1,2 X,74.87857528332434,0.20106968872116238,38,15.988630307337006,0.601675069193405,7
slp32,180,1,2 X,81.76100628930817,0.250127919935702,40,15.530247004880934,0.5642954791198508,8
slp32,181,1,2 X,75.07101312051941,0.20044456069897654,38,15.432098765432102,0.5219611370317032,8
slp32,182,1,2 X,73.43941248470013,0.19985856109870412,37,17.65893037336024,0.8502392460420798,8
slp32,183,0,2,82.83860278889962,0.2525555582441218,41,15.19536903039074,0.2922498232397643,8
slp32,184,0,2,79.46465913843579,0.23091658865081005,39,16.17873651771957,0.3927306809444635,8
slp32,185,0,2,83.86916410399776,0.24557288123895113,41,15.952597994530535,0.21653599408572674,8
slp32,186,0,2,86.55035032284655,0.25179657412131135,43,20.014825796886583,1.0120203970032506,10
slp32,187,0,3,79.12890572162858,0.2528553572493133,40,22.614201718679325,0.830319552943323,11
slp32,188,0,2,76.33062852427452,0.18580227007398412,38,15.41623843782117,0.22233308345813035,5
slp32,189,1,2 OA,68.83520043190714,0.11501966132513813,35,29.54417557681485,0.5654094416745213,15
slp32,190,0,2,73.88122713200113,0.1823064565001269,36,23.80265435660704,1.0343044295044674,12
slp32,191,0,2,72.40380637153496,0.2472680178532218,36,20.44525215810995,0.985851915857549,10
slp32,192,0,2,86.78881388621024,0.28776169594091855,43,16.2639405204461,0.2436363968653924,8
slp32,193,1,2 X,74.06391441503224,0.2056350296814693,37,25.97198174090981,0.7276609872713352,12
slp32,194,0,3,70.65948855989232,0.15209492202609015,36,23.813723760804375,0.9743454909848298,10
slp32,195,0,2,78.4182305630027,0.25355879098647327,40,24.954627949183298,0.8878107161825627,12
slp32,196,0,2,81.38564273789649,0.2514583578247522,40,18.039687312086592,0.7735864528286414,5
slp32,197,1,2 OA,68.94687035284575,0.11007672693693608,35,22.28495023027782,0.9763514940839697,11
slp32,198,0,2,69.69117245148946,0.15562869483947828,35,28.363047001620743,0.6474633706446494,15
slp32,199,0,2,77.45617611088461,0.22350938059351425,39,21.349274124679756,0.9151842655990104,11
slp32,200,0,2,78.76191792179078,0.2528651770883716,39,17.201834862385322,0.49570959240264867,6
slp32,201,1,2 OA,67.0297444490993,0.01672526158240882,33,28.24858757062146,0.576499783174287,15
slp32,202,0,2,67.2006516426826,0.05204899860016593,34,29.602480969833657,0.43537944979767074,15
slp32,203,0,2,71.21540965816602,0.21564009320142294,36,20.182388996860517,1.0424480210270486,10
slp32,204,0,3,80.6007164508129,0.24512108132551688,40,16.666666666666668,0.6240102563259676,6
slp32,205,1,2 OA,67.25543478260869,0.016403542809789014,34,27.8372591006424,0.5512790077435366,14
slp32,206,0,2,68.20060622761092,0.02546897138115238,34,21.20640904806786,1.0570853008784737,10
slp32,207,0,2,66.14303431169905,0.18247392793218434,33,16.811431773606053,0.7804812617865979,9
slp32,208,0,3,79.73286084230612,0.2585611936491543,40,15.329586101175268,0.20202640091499585,7
slp32,209,1,2 X,76.26438319507626,0.1985931684056532,39,16.816143497757846,0.31507459434235563,5
slp32,210,1,2 X,67.72009029345372,0.12150720143267231,33,15.695067264573991,0.37379728217747277,8
slp32,211,0,2,67.55834584413812,0.023187976999269288,34,15.411712901805373,0.2513025658281999,8
slp32,212,0,4,67.20977596741344,0.10855058106771119,34,15.25165226232842,0.20444070044880985,7
slp32,213,0,2,80.26893523600438,0.2466700143703742,40,14.851485148514852,0.1841614198778577,8
slp32,214,0,4,75.88187038556194,0.2056269075968185,38,15.110812625923439,0.2150059430703151,7
slp32,215,0,3,75.79896203223163,0.19114626358700412,38,14.551333872271623,0.2726405855497103,7
slp32,216,0,2,72.70461154964686,0.17967022853107342,36,15.734265734265735,0.17895499123770997,7
slp32,217,0,3,72.28418009087154,0.17983706003842845,36,15.272727272727273,0.21195609865040924,8
slp32,218,0,3,70.62146892655367,0.14340894572614957,36,14.967925873129012,0.3527681784899285,8
slp32,219,1,4 X,82.61049153242462,0.22428711510026608,41,14.055911291582074,0.3227665134771919,7
slp32,220,1,4 X,72.25046829007225,0.10309554480201699,37,15.533310321021748,0.3523079461052345,7
slp32,221,0,3,79.6135002721829,0.21527841093414982,40,16.902768834513846,0.19907049310354816,8
slp32,222,0,2,79.21462423832092,0.21401267574151014,40,15.627325494865309,0.13036088057263753,8
slp32,223,0,2,76.26769273052082,0.2373712868704495,38,15.077902496230525,0.1226902151309912,7
slp32,224,0,2,82.04567209079721,0.25524245336542273,41,17.308524448290783,0.7990868225668597,9
slp32,225,1,2 H,83.58249524327263,0.2392412356348264,42,15.316541865214433,0.18138234631726297,7
slp32,226,0,2,75.1461174505984,0.1977838950364829,37,14.374700527072351,0.25175384803414635,7
slp32,227,0,3,67.76180698151951,0.10717674185423981,34,15.779981965734898,0.36052569327331446,8
slp32,228,0,2,69.28406466512702,0.15867762361244928,35,15.50044286979628,0.21233627546312234,8
slp32,229,0,2,68.50262939385551,0.1732638131404977,34,14.985014985014983,0.2158518010117126,7
slp32,230,0,3,76.90175973396147,0.23709766890861494,38,15.682174594877154,0.5963030549421438,7
slp32,231,1,3 X,67.03683640303359,0.02850676139730219,34,14.677103718199609,0.15829087149927515,8
slp32,232,1,2 X,65.45752079639983,0.020787240677877367,33,15.429453111606376,0.18656783097724958,7
slp32,233,0,2,69.97455470737914,0.19813633061516475,34,16.153846153846153,0.38880245233122634,8
slp32,234,0,4,72.0658888126287,0.20583298162959845,36,17.621145374449338,0.9384471215790477,9
slp32,235,1,4 X,81.21277747698971,0.2855971988658152,41,16.403686923918137,0.4628007020261727,8
slp32,236,1,3 X,73.87140902872777,0.19714167369222785,37,14.492753623188404,0.15301416056474437,7
slp32,237,0,2,74.25742574257426,0.24081195983588521,36,15.440041173443127,0.2116821516645495,7
slp32,238,0,2,85.02024291497976,0.28071492790426966,43,15.56708673091179,0.27668120607644886,8
slp32,239,1,2 X,72.92679538824837,0.21484085044611087,36,14.758937356510332,0.33097566207938744,7
slp32,240,1,3 X,76.26769273052084,0.2558311166824037,38,15.179991325719243,0.3006843894198971,8
slp32,241,0,2,69.87258528565557,0.19656753508082375,35,15.636634400595682,0.16956703568747283,8
slp32,242,0,2,85.63074352548037,0.2910380445354927,42,16.67284179325676,0.8278024455683184,7
slp32,243,1,3 X,66.97334596130429,0.03148810027830868,34,14.829461196243205,0.21039328252901351,7
slp32,244,1,2 X,64.68130979652338,0.12913697911520156,33,16.09935602575897,0.2197319331571531,8
slp32,245,0,2,72.80571659700686,0.24598732778762966,37,17.918088737201366,0.7696691046236979,8
slp32,246,1,4 X,70.95158597662771,0.11503091204821249,35,16.23125676302365,0.6174285053216069,8
slp32,247,1,4 X,64.86486486486486,0.037523326078587424,33,16.556291390728475,0.3769713895926699,8
slp32,248,0,3,74.05375754251234,0.2677037242001263,37,16.85122773230621,0.1532494298687667,8
slp32,249,1,3 X,79.08611599297011,0.28193082742579156,40,15.93323216995448,0.19771098263136822,8
slp32,250,0,3,77.94338848625736,0.25407615496298663,39,16.682554814108673,0.1501455076563656,8
slp32,251,0,3,78.7348586810229,0.2764728343605968,40,16.719745222929934,0.17487208152806785,8
slp32,252,0,4,85.3427255486318,0.28135970473170463,43,16.008537886872997,0.18821264569629734,8
slp32,253,0,4,82.88437629506838,0.258511875936097,41,15.801354401805867,0.20428231765407995,8
slp32,254,0,4,88.60249697946033,0.22921300858761293,45,16.365336658354114,0.5533435291249819,8
slp32,255,1,4 X,76.61512976256212,0.1957342603056863,38,14.995001666111296,0.07854227453345673,7
slp32,256,1,3 X,81.60133909889802,0.25352144993132125,40,16.51462724127084,0.7291253916403501,8
slp32,257,1,2 X,69.45390167506469,0.16175067318814043,35,15.704457074483996,0.33134481700352886,8
slp32,258,1,3 X,71.68214090660841,0.20874885603988153,36,15.97444089456869,0.1755057996599705,8
slp32,259,0,2,76.37264345672217,0.24009990615972945,38,18.300122000813342,0.2653567828833894,7
slp32,260,1,3 X,65.19081895966319,0.02922942652533572,33,18.88640179071069,0.9747109479731749,10
slp32,261,1,3 X,78.27519912112055,0.2644293495178373,39,18.60176716788095,0.3568189316726343,9
slp32,262,1,2 X,65.59169171904892,0.03933748212583006,33,15.720916304836052,0.25293186950687896,8
slp32,263,1,2 X,73.07171853856563,0.25384091450462276,37,18.650917003419337,0.9696839691363368,9
slp32,264,1,2 X,79.77606717984604,0.191583950194945,39,17.9140127388535,1.1909406179804076,4
slp32,265,1,2 X,76.45875251509054,0.2639758446096842,39,19.663535066637536,0.6259517198279397,7
slp32,266,1,2 X,76.74700417395988,0.20558045651209894,39,15.290519877675843,0.7975228314391173,7
slp32,267,1,3 X,68.46473029045643,0.1548328166182104,34,15.781167806417674,0.22473391674007126,7
slp32,268,0,2,73.82091592617908,0.2277870729810714,37,17.427385892116185,0.08807047270944626,8
slp32,269,1,3 X,75.86112629852379,0.14839435743231677,38,9.778357235984354,0.0,2
slp32,270,1,2 X,68.21000413393965,0.1676080959536296,34,22.0949263502455,0.8537695644234471,10
slp32,271,1,2 X,80.98258874342018,0.20208213676621692,41,15.02575844304522,2.1184109562575055,8
slp32,272,1,3 X,71.36859781696054,0.17673235487458308,35,16.357688113413303,0.3086708834433761,8
slp32,273,0,2,79.58100938647803,0.20766812141540286,40,15.527950310559005,1.7796868638424383,7
slp32,274,1,2 X,72.5739563173901,0.20588545259885832,36,16.856638304703807,0.18147873322305527,8
slp32,275,1,2 X,85.440400111142,0.2752517943042294,42,18.627755355479664,0.44252344570655244,9
slp32,276,1,3 X,76.93345930624915,0.24103895617379323,39,16.46994235520176,0.25712059427435985,9
slp32,277,1,2 X,78.43925985518906,0.27332477015498635,40,16.416510318949342,0.16090762973247238,8
slp32,278,0,4,90.55173382001968,0.26155582262771315,44,18.86001676445935,1.0364726506548811,7
slp32,279,1,3 X,68.13489332415692,0.11829955285500152,34,14.856388246946187,0.1714202114363675,7
slp32,280,1,2 X,73.34450963956412,0.25391719042206795,36,18.354236769654328,0.26082752922189795,9
slp32,281,1,3 X,83.40113913751016,0.21718834982115612,42,19.367333763718527,0.29354613493168885,7
slp32,282,1,4 X,72.35391400220506,0.18285799999799107,36,18.359853121175032,1.00072373810158,9
slp32,283,0,2,81.92244675040962,0.25121433080140954,41,17.937219730941706,0.48868292378596584,9
slp32,284,1,2 X,74.451950916862,0.23295108902201597,37,16.089488201041988,0.22226588233235337,8
slp32,285,0,2,80.61182306738321,0.20705977755056615,40,18.359853121175032,0.3484766850163723,9
slp32,286,1,3 X,70.2576112412178,0.10985873281842727,35,15.574013645802431,0.4818745708592812,8
slp32,287,1,2 X,72.67441860465117,0.23139270268775303,36,18.973998594518623,0.6879020889273539,10
slp32,288,0,2,78.00739017380593,0.23385629036426683,39,17.292490118577074,0.6911253172049427,8
slp32,289,1,3 X,76.12124537100533,0.2140996402454954,38,16.843118383060634,0.32990289232946546,8
slp32,290,0,2,76.22579316028019,0.2459815596430781,38,17.0261066969353,0.1557727282201312,8
slp32,291,0,2,85.2509010257832,0.2413279541197399,42,17.841213202497773,0.1721365736849668,9
slp32,292,1,4 X,82.20304151253596,0.22638725670849938,41,15.553251370167384,0.30173484778418774,8
slp32,293,1,4 X,73.67387033398823,0.2281377027774485,36,16.574585635359117,0.1600571326567039,8
slp32,294,0,2,84.8370589819553,0.26288688582587955,43,18.841262364578427,0.5362776799382947,9
slp32,295,0,3,74.5466756212223,0.2024800506906407,38,16.632345952795816,0.7607888494644146,8
slp32,296,1,3 X,82.94166436273154,0.2750426148799491,41,18.066847335140018,0.3550704155516198,9
slp32,297,0,2,81.54389779831476,0.29096659602091784,41,15.945330296127562,0.25159345243094555,8
slp32,298,0,3,87.2564935064935,0.23071789108717225,44,14.0607424071991,1.9300924744685164,6
slp32,299,1,4 X,67.60447965036876,0.02958718110234744,34,19.23385157877865,0.8163441369912569,9
slp32,300,1,2 X,85.88957055214723,0.2397424354889006,43,17.921146953405017,0.6558919771687147,8
slp32,301,1,2 X,78.89273356401385,0.24433311351536208,39,16.055045871559635,0.1778823275341863,8
slp32,302,0,2,83.87888707037644,0.2914172634142046,42,17.53507014028056,0.7868021559789101,8
slp32,303,0,2,73.26007326007327,0.20607738568044986,37,20.686484829911127,0.9010817093435979,10
slp32,304,1,2 X,76.97642163661583,0.27690671612935946,38,16.47058823529412,0.5692811077067608,8
slp32,305,1,2 X,78.27519912112056,0.23838124449824458,39,16.5406427221172,0.38402040762098527,8
slp32,306,1,3 X,78.11429354529258,0.27703313401237806,39,16.337326902131633,0.13860411985513385,8
slp32,307,0,2,78.92550540016616,0.2821555336199426,39,16.468005018820577,0.20255994325691568,8
slp32,308,0,2,81.85538881309687,0.1996231449506795,41,13.953488372093023,1.863872670901458,7
slp32,309,1,3 X,77.9166081707146,0.2504786710395255,38,16.286644951140065,0.2165706747065658,8
slp32,310,0,2,77.45617611088463,0.26987135542041935,39,16.818500350385424,0.17219102764081531,9
slp32,311,0,2,83.41245083412451,0.2748188262646547,42,17.315303430079155,0.14811137563278773,8
slp32,312,0,3,80.96073404398865,0.27938502107307045,41,16.699137211244086,0.11258330249197712,9
slp32,313,0,3,93.52127947953373,0.2424634129435967,47,19.445794846864366,0.3575076922249366,9
slp32,314,1,3 X,72.59402654867257,0.1383199957507583,36,16.010978956999086,0.638950670383617,8
slp32,315,1,3 X,66.79260558629065,0.16105419468980278,34,17.050298380221655,0.1405809375413324,9
slp32,316,0,2,93.50860550210056,0.24318835224818466,47,19.32678370107908,0.5885080713125352,9
slp32,317,1,2 X,73.55946056395587,0.1683155106076416,37,16.916384726921216,0.29842033087166003,8
slp32,318,1,2 X,76.86084142394823,0.26776191516587344,39,17.18775577017515,0.22046925835034467,8
slp32,319,0,2,80.73196986006458,0.25625487312439543,41,16.755096341803966,0.24554225705568472,9
slp32,320,0,2,73.94221552786526,0.24973257301499813,37,17.358241031575467,0.24541909178432897,8
slp32,321,0,2,78.19810185804037,0.2738367423716462,40,16.77617782748497,0.24193749192715042,9
slp32,322,0,3,79.16102841677944,0.289958966921798,40,17.567341475656686,0.1507835318242273,8
slp32,323,0,2,75.66462167689161,0.2384806056465385,38,16.236276480593784,0.15020638862469685,8
slp32,324,0,3,77.309100773091,0.2454598037061406,39,17.08706265256306,0.1719325923917005,8
slp32,325,0,2,77.82632441288914,0.24225377595975467,39,17.214173002438674,0.2571842724584845,9
slp32,326,0,2,82.79483037156706,0.19731446228186114,42,16.44221735045412,0.4151293872556667,8
slp32,327,1,2 X,74.03345215245406,0.22412551598062247,37,17.793594306049823,0.20633952602446287,9
slp32,328,1,2 X,68.53917484209111,0.22826843300958308,35,17.947950942267425,0.14741438193066506,9
slp32,329,0,2,85.26272008872868,0.22448795327583312,42,19.521717911176186,0.6717706081691874,9
slp32,330,1,3 X,75.05070993914806,0.12319060042121821,38,16.629711751662974,0.44144490029900674,6
slp32,331,1,2 X,73.86130488305294,0.22746794645986207,37,17.28608470181504,0.2009452661796242,9
slp32,332,0,2,81.60133909889804,0.25987116617889117,40,17.403915881073242,0.13903147125740994,9
slp32,333,0,2,85.35739070090216,0.2070014009901809,42,17.543859649122805,0.48801873500336623,8
slp32,334,1,2 X,77.22530822381792,0.17863678930465246,39,16.90276883451384,0.26729422755015225,8
slp32,335,1,2 X,69.89173632999864,0.1850532888742683,35,17.33817701453105,0.7055354313554771,8
slp32,336,0,2,73.38950801848327,0.2311945362249007,37,16.566740296623543,0.19916232739416662,8
slp32,337,0,3,71.72131147540983,0.21389053084153464,36,15.643623361144218,0.2085424637422159,8
slp32,338,0,2,81.60133909889802,0.22265691081629102,40,17.99910004499775,0.3665948035638258,9
slp32,339,0,2,80.45660844450556,0.2906837843067766,40,16.5406427221172,0.23538834607810924,8
slp32,340,0,2,89.45513689346707,0.24567794547448085,45,18.63932898415657,0.9888068567723424,9
slp32,341,1,2 X,76.53061224489797,0.1642693551841961,39,7.358953393295175,5.209816716759067,4
slp32,342,1,2 X,84.35993572576325,0.038655874637510516,43,15.11081262592344,1.073868189718314,7
slp32,343,0,2,90.68425391591096,0.07043923587329169,45,13.589418372893638,0.4187096368606772,6
slp32,344,0,W,92.01199563794985,0.10030172751857208,46,16.51462724127084,1.0960244299377673,8
slp32,345,0,W,91.98691741618971,0.1430024708411245,46,18.575851393188856,1.2659731434750106,9
slp32,346,0,W,96.43718189124029,0.12963785026843905,49,12.955605458628433,1.9880207644790833,6
slp32,347,0,W,90.82152194853448,0.14206002107129528,45,14.500759563596187,1.08154568152459,8
slp32,348,0,W,103.33648520869917,0.15688411619125228,52,13.340448239060832,1.1852550105357074,6
slp32,349,0,W,89.97070721160553,0.12915273260617852,44,13.489208633093524,1.1914730378821001,5
slp32,350,0,W,94.55472103004293,0.14955804516238208,48,17.053759948026638,1.3937884359118615,8
slp32,351,0,W,110.59530311305298,0.15308249298030285,55,17.767249037607343,1.0768430712039707,9
slp32,352,0,W,103.70069133794227,0.009760216307849399,52,23.3446519524618,0.3385288541970491,12
slp32,353,0,W,109.34125269978402,0.009920396469797445,55,22.716946842344388,0.3609101827324909,11
slp32,354,0,W,106.48464163822526,0.02238170745055805,53,23.144901108149806,0.24712722992134042,12
slp32,355,0,W,102.15200217924271,0.08162101690128591,51,20.608439646712462,0.7539258881998675,8
slp32,356,0,W,86.90379951495552,0.1165364964408325,44,11.370527592480292,1.7650679760281187,6
slp32,357,0,W,124.94961708988316,0.17974236389268816,63,15.837104072398189,1.1946536685395908,8
slp32,358,0,W,101.75827218607228,0.16029344186586725,50,14.572538860103625,1.5351884430113312,7
slp32,359,0,W,82.01202843083652,0.12825225144222616,41,14.671361502347418,1.3049606277585544,6
slp32,360,0,W,86.43160927424886,0.14755454812103155,43,24.139040875442547,0.7995142525308726,11
slp32,361,0,W,79.10750507099391,0.13220843026649462,40,17.444758265492606,1.4338669849788177,8
slp32,362,0,W,85.19185482753844,0.13062966530867162,42,12.323365100230038,2.4479939869207192,6
slp32,363,0,W,79.53772943575798,0.16792847793484034,40,11.761016151795515,2.13959188631851,6
slp32,364,0,W,104.38413361169103,0.20194613143113188,51,10.913059294288832,2.5643470903916263,5
slp32,365,0,W,100.76582023377671,0.22935458661208413,51,10.75268817204301,2.1090236603698878,6
slp32,366,0,W,86.8725868725869,0.19881106928398448,43,12.915446874461857,1.5228344099080502,6
slp32,367,0,W,81.42217397204506,0.1864134920009815,41,11.928429423459244,2.1690006915628217,5
slp32,368,0,W,81.4442785394326,0.2172646082545429,41,10.12145748987854,1.480186474738909,5
slp32,369,0,W,71.74004782669854,0.0334293657036666,35,11.179013265762409,2.435964400396689,6
slp32,370,0,W,68.61294228440737,0.03666079432896198,35,11.19402985074627,2.3466179919194348,5
slp32,371,0,W,89.95502248875563,0.1832516898098946,45,13.628929674722878,2.1755567195547902,6
slp32,372,0,W,69.12442396313364,0.02301917359379301,35,11.1474435196195,1.3423027378352472,6
slp32,373,0,W,68.95110739657333,0.03339520428776396,34,14.443909484833895,2.092049393935685,7
slp32,374,0,W,68.16304048471495,0.02765921437021658,34,12.674271229404312,1.029660785566457,7
slp32,375,0,W,69.36887921653971,0.02283565475364529,35,13.302589570769777,1.6190596777141975,6
slp32,376,0,W,70.08382575237049,0.017663129936949188,35,18.41903300076746,0.9747449666451219,9
slp32,377,0,W,69.6626143969403,0.021751983563053197,35,21.167754454048332,0.7804638044137601,9
slp32,378,0,W,69.40664126292869,0.021600973962406612,35,20.627062706270628,1.0722548950692647,11
slp32,379,0,W,70.18026696023118,0.028767773203473807,35,23.11604253351826,1.0279057544347148,11
slp32,380,0,W,72.3666577325114,0.10388288752719409,37,20.686484829911127,0.8683705188597154,10
slp32,381,0,W,68.31882116543872,0.019431718799471406,35,17.6522506619594,1.139657404661594,9
slp32,382,0,W,68.30412584517731,0.03449288930062061,34,16.733067729083665,2.030595529415357,8
slp32,383,0,W,70.30936118923263,0.03891021585598291,36,7.44971442761361,1.9699999999999998,3
slp32,384,0,W,71.83908045977013,0.030639656842539394,36,18.015313016063654,1.7916438680720004,9
slp32,385,0,W,69.95884773662553,0.017519539264928285,35,14.162077104642016,1.5770832430647266,7
slp32,386,0,W,71.17678958785248,0.015663398124810816,36,21.69371685682147,1.164277341699589,10
slp32,387,0,W,72.05599780400769,0.11174454833070226,36,14.851485148514852,2.0833994199041967,8
slp32,388,0,W,74.06391441503223,0.05870821340313172,37,16.33986928104575,1.5005355234524964,8
slp32,389,0,W,67.49386419416416,0.01679914292273496,34,12.61776581426649,2.387323053128755,6
slp32,390,0,W,69.76744186046511,0.029361839980812238,35,16.37331150225133,1.0998262362755309,9
slp32,391,0,W,72.6196880043034,0.03648371867552786,37,18.587360594795538,1.2978117847251305,8
slp32,392,0,W,65.86169045005488,0.020615528128088305,33,18.393623543838135,0.8692824627242861,9
slp32,393,0,W,65.12605042016807,0.034921288034098295,32,30.779753761969904,0.3459130269623019,16
slp32,394,0,W,66.16126809097176,0.033944577991190286,33,29.158567064704247,0.5275316413761939,15
slp32,395,0,W,66.86478454680534,0.028972993346120517,34,20.026702269692922,0.8082489008432276,8
slp32,396,0,W,66.21602979721341,0.028301667353709037,33,11.691348402182387,0.0,2
slp32,397,0,W,73.50882105852702,0.13970399027214356,36,18.179063778215422,1.1470125326255156,9
slp32,398,0,W,66.92806922660898,0.03537857698983282,34,31.81818181818182,0.38099033144301864,15
slp32,399,0,W,64.52480172066137,0.03379325931306418,33,30.63308373042887,0.5273221237746641,16
slp32,400,0,W,66.32582561835014,0.04419399704711038,33,21.11024237685692,1.185416736639977,10
slp32,401,0,W,69.63407973784817,0.015826043972517884,35,32.323232323232325,0.39887458868671993,17
slp32,402,0,W,66.07019958706125,0.02800864821800582,33,31.030202730657848,0.5964513727035926,16
slp32,403,0,W,68.11614146140086,0.039151702785928104,34,23.60852768636429,1.1359785820353194,12
slp32,404,0,W,68.46473029045643,0.11360479561522419,34,28.31421518803543,0.4542318048578046,14
slp32,405,0,W,133.23312380431813,0.15756437286910116,66,27.889680818097307,0.5635597178254985,13
slp32,406,0,W,69.52965235173825,0.033597042216164524,35,14.179927524814875,0.921481174824291,7
slp32,407,0,W,71.67235494880546,0.1516192869105554,36,16.360236833904644,1.1358740947762096,8
slp32,408,0,W,71.78014766201804,0.023411561769557266,36,26.178010471204185,0.740326746989255,14
slp32,409,0,W,68.42687309925353,0.02900796255588646,34,23.741007194244602,1.0597218409400126,12
slp32,410,0,W,68.31355230471983,0.03487161287862461,34,24.560881214647218,0.9218622904993068,12
slp32,411,0,W,64.82982171799027,0.06351180992539891,33,27.628549501151188,0.6753358835094989,13
slp32,412,0,W,67.65992345544014,0.043411880496331094,34,30.18108651911469,0.6310716509014079,15
slp32,413,0,W,66.94617257235596,0.06564506503782305,34,29.043789097408396,0.6228048028758345,14
slp32,414,0,W,65.54690700532568,0.0715898692204421,33,30.044064628121244,0.6560137667932147,16
slp32,415,0,W,65.95218466611706,0.04092600029321213,33,26.82624845233182,0.745280694510107,14
slp32,416,0,W,66.62180349932706,0.049678932425178166,34,30.88114191600329,0.4190617244379267,16
slp32,417,0,W,66.35333149018524,0.05712212793655363,33,32.06498503634031,0.4793644681589712,16
slp32,418,0,W,66.99147381242388,0.03659923677115966,34,26.185627000290953,0.8139808897565648,13
slp32,419,0,W,60.316139767054906,0.06659484041959478,30,30.467163168584975,0.4709132498548845,16
slp32,420,0,W,65.04065040650407,0.06752592094892154,33,30.475416497358793,0.5686497691901404,16
slp32,421,0,1,64.55643481882548,0.061403359261656236,32,25.045220537080837,0.6741047561189746,13
slp32,422,0,1,66.86478454680535,0.08389122346072547,34,17.207472959685347,1.0163502529810744,8
slp32,423,0,1,65.323897659227,0.05958816996686508,33,32.65602322206096,0.409934412098109,16
slp32,424,0,1,58.68861305990285,0.08166891776201365,30,30.33162577514155,0.5095082422187975,16
slp32,425,0,W,64.44906444906445,0.07545110951576,32,23.305084745762713,0.9005376539133179,12
slp32,426,1,1 X,62.69155753691836,0.06579915568522815,31,32.297133629390395,0.34357231771491714,17
slp32,427,1,2 X,60.90958310774228,0.08642797900885778,31,29.049661087287316,0.5684959748928639,15
slp32,428,1,W X,59.97518268302771,0.07567877543360231,30,31.70800450958286,0.35945281872436174,16
slp32,429,1,1 X,61.77076183939602,0.07681030023520428,31,21.91380569758948,0.9413968344964837,9
slp32,430,0,2,66.32582561835014,0.04892963698005535,33,32.50270855904659,0.3740481252459368,17
slp32,431,1,2 X,59.56456250855811,0.08983091528677865,30,16.949152542372882,1.7841950566011555,5
slp32,432,1,W X,67.86399780641622,0.0375295904068579,34,27.326233183856502,0.8000976271791783,14
slp32,433,0,1,66.25258799171843,0.05888853347639079,33,25.77688672490334,0.8800991737046203,13
slp32,434,0,W,66.54651323998337,0.04790469053234767,33,29.134295227524976,0.5943041205940794,15
slp32,435,0,W,75.39736448852057,0.1795560794932332,38,31.16343490304709,0.39252663037755225,16
slp32,436,0,W,68.09739991745771,0.04154906820700705,34,27.65565168061268,0.6275805330344362,14
slp32,437,0,W,68.35128417564208,0.031141373186918772,34,24.882499308819465,0.8593483319094506,13
slp32,438,0,W,68.5595567867036,0.029603563679949114,34,30.64110622250157,0.2865975055326107,14
slp32,439,0,W,70.8693304535637,0.11154988268272904,36,28.199566160520607,0.8199338983315276,14
slp32,440,0,W,70.12237041110959,0.05292718769433942,35,22.473440479433393,0.9860973415145935,12
slp32,441,0,W,74.76117956527759,0.10572985609153077,37,24.557225777645485,0.8345342839418763,12
slp32,442,0,W,79.59183673469389,0.1376099166189478,40,27.829313543599255,0.5609342855694174,12
slp32,443,0,W,70.02608815048744,0.030475130254255554,35,23.622047244094492,0.8336591847773503,12
slp32,444,0,W,76.63628831814415,0.13821924972096275,38,24.190001466060696,0.607115276267766,12
slp32,445,0,W,79.79811758286728,0.1288130816082954,40,22.50716136952667,1.063463109432559,12
slp32,446,0,W,72.50268528464018,0.05700508965797336,37,23.44082966330445,0.9948674898266853,12
slp32,447,0,W,81.69250104733977,0.17351063606707912,40,29.63938745265931,0.5103683854716012,13
slp32,448,0,W,75.7679180887372,0.09742406156641398,38,20.73414222085701,1.571724726942969,10
slp32,449,0,W,79.5053003533569,0.1780287117917282,40,25.011368804001815,0.6391769501114062,12
slp32,450,0,W,74.9375520399667,0.1013092076543665,37,21.827706635622818,0.7088126409707999,11
slp32,451,0,W,74.61683248184997,0.10186790168506488,38,24.615843652096075,0.9882263601235172,12
slp32,452,0,W,80.29096898160856,0.16598763449741866,40,25.2370755582747,0.8553017929507649,12
slp32,453,0,W,97.41577594371533,0.21012296333866567,49,26.315789473684212,0.5105339587891515,14
slp32,454,0,W,67.40196078431373,0.026369696273235703,34,30.54160445228723,0.605265546865359,16
slp32,455,0,W,70.96145818839571,0.0415467385950964,35,29.67133292757152,0.6110502744208716,14
slp32,456,0,W,68.55955678670361,0.024613523274967096,34,30.073034512387228,0.6403038181924552,15
slp32,457,0,W,87.0562828991767,0.21212288651447817,44,30.566499116967805,0.43889914812200564,16
slp32,458,0,W,81.58825129181398,0.15040624987014337,41,29.653284671532848,0.4942371804433013,14
slp32,459,0,W,87.38653299010974,0.21420248402951164,44,31.14186851211073,0.427289545338469,16
slp32,460,0,W,69.71975393028025,0.038807304987788394,35,25.6373735935052,1.0140209837846332,13
slp32,461,0,W,77.0686857760952,0.19218723557511708,39,22.848438690022846,1.0815474099640754,11
slp32,462,0,W,83.98197460057354,0.1840506357660235,42,30.691583685718182,0.5878493533399711,16
slp32,463,0,W,86.75296061690995,0.20323818449589684,43,27.39148756847872,0.4381009043209839,14
slp32,464,0,W,89.41877794336808,0.18381042605704584,45,26.301591583490694,0.6301050161369507,14
slp32,465,0,W,80.42342590046742,0.1961305097564647,40,27.092113184828417,0.5014202052393005,13
slp32,466,0,W,73.45739471106758,0.14555917795080558,36,30.20713463751439,0.7389223261491243,15
slp32,467,0,W,66.80161943319838,0.017001701421906865,34,29.093931837073974,0.5155251730823943,15
slp32,468,0,W,68.26644600744726,0.03591603308422142,34,27.154992340899597,0.9969757820825798,14
slp32,469,0,W,70.37533512064344,0.11270854593388477,36,26.26616379310345,0.6255433803582763,14
slp32,470,0,W,99.1902834008097,0.22601609522765745,50,10.92697140775815,4.25912608406936,5
slp32,471,0,W,66.8430580699067,0.02752924581240831,33,29.30096274591879,0.7367301724096654,15
slp32,472,0,W,97.12666936462972,0.239584231882373,49,28.48616386326642,0.6682714833884534,15
slp32,473,0,W,93.63295880149812,0.22992574646804756,46,30.585493737256048,0.4130989899651221,15
slp32,474,0,W,74.96960691611508,0.15085021281265912,38,29.598308668076104,0.5093551745860161,15
slp32,475,0,W,69.43498978897209,0.11186330016531533,35,21.058542748841777,1.491396178082806,11
slp32,476,0,W,68.34184730084219,0.017116250286646175,34,28.723840787853916,0.44610102269438884,15
slp32,477,0,W,73.45939327982587,0.14753928123104315,37,28.877887788778875,0.6756934457674287,15
slp32,478,0,W,68.17242804021485,0.12122399941799641,34,27.15121136173768,0.7834434686938512,14
slp32,479,0,W,68.26644600744724,0.02089564785244895,34,29.519257801518133,0.40641950780754926,15
slp32,480,0,W,69.2276367585177,0.11743421923677469,35,30.03003003003003,0.315810974205412,15
slp32,481,0,W,69.71022416621105,0.10949067363230873,35,29.444756029164328,0.3897390021487692,15
slp32,482,0,W,77.90567097136439,0.18924051813349374,38,34.11513859275053,0.30377201566306267,17
slp32,483,0,W,97.31044735775106,0.2406103206200617,49,20.988805970149254,1.5504918216130292,10
slp32,484,0,W,69.93965990126166,0.043712809204869404,35,21.97158341877838,0.9392099658755756,11
slp32,485,0,W,67.63219018991666,0.12604475424809197,34,11.547344110854503,1.8936757906252062,5
slp32,486,0,W,68.45637583892618,0.033729229158905784,35,17.600469345849223,1.6519754840795913,9
slp32,487,0,W,68.25481798715204,0.014060669334897576,35,21.27659574468085,0.9589086389108077,10
slp32,488,0,W,70.09345794392523,0.029933259094191526,35,23.61378345285989,0.9482086554767296,10
slp32,489,0,W,111.58561785369886,0.22205718563015764,55,24.88249930881947,0.8155110190685484,13
slp32,490,0,W,82.9511734556245,0.1841778619445292,42,14.520813165537271,1.8744818712685076,8
slp32,491,0,W,85.35428803685139,0.1920179744043017,43,14.71825063078217,2.443450888579093,8
slp32,492,0,W,67.04591629418937,0.04204785414937954,34,24.03075937199615,1.2789042810155888,11
slp32,493,0,W,78.39361848439005,0.16223771075876214,39,15.828350334154061,0.6720939087822639,7
slp32,494,0,W,72.17486939785539,0.11612992020727018,36,15.246484838217857,1.374389399778033,7
slp32,495,0,W,68.69275603663614,0.04071861379813751,34,21.814215597164154,1.225152949635269,9
slp32,496,0,W,68.17242804021485,0.020830859357238867,34,13.18295005126703,1.597547147626288,7
slp32,497,0,W,68.31355230471985,0.01321267721932661,34,16.889514426460238,1.1557948563650904,9
slp32,498,0,W,70.07419620774938,0.0175684523800801,35,22.94279596206791,0.8121552560933162,11
slp32,499,0,W,73.47938495033337,0.11513529347020024,37,22.70663033605813,0.9789499680780424,11
slp32,500,0,W,68.27586206896552,0.01975571658848907,34,18.45270639693822,0.4880599032248015,10
slp32,501,0,W,67.23716381418093,0.022911976730215805,34,22.451728783116298,1.0141959573967942,11
slp32,502,0,W,66.25258799171843,0.02699739570773448,33,13.426823810234223,2.2214570793863104,7
slp32,503,0,W,66.88963210702342,0.024698178070456937,33,18.674136321195146,1.0201347950148547,9
slp32,504,0,W,69.59606986899563,0.009999307934529786,35,24.41912091164718,0.6482044366830091,12
slp32,505,0,W,68.41741534208708,0.013752101433874276,34,25.159342502515937,0.6278771854431405,11
slp32,506,0,W,68.2194046306505,0.016499993043380023,34,29.16261630329121,0.5648051135803664,15
slp32,507,0,W,71.31214343928282,0.012205585874123875,36,28.957528957528957,0.5535175826346569,15
slp32,508,0,W,69.19945725915876,0.04236601105524999,35,29.549931807849678,0.7047453020974332,14
slp32,509,0,W,75.28230865746549,0.1446109723822274,37,23.504273504273502,1.1445006128843105,12
slp32,510,0,W,71.99670872188699,0.03620819616313073,36,9.543502465404803,2.5543459045321173,5
slp32,511,0,W,67.1459576776994,0.02963927605445417,34,27.849185946872318,0.6858778334126739,14
slp32,512,0,W,70.06456930897102,0.05267764474666045,35,28.555887952134896,0.38998440575835064,15
slp32,513,0,W,68.40796019900498,0.028459821371661635,34,14.200703272923993,1.4271261260280526,8
slp32,514,0,W,68.15365551425032,0.0298743004805318,34,30.612244897959183,0.41521721223154184,16
slp32,515,0,W,71.38001359619305,0.1463589102591465,36,24.75656048852946,0.7233930052191547,11
slp32,516,0,W,72.49295207410391,0.10344026725066446,37,10.822510822510822,2.0403560473603624,6
slp32,517,0,W,69.55810147299509,0.06083251725606416,35,16.944365998305564,1.4936903963003847,9
slp32,518,0,W,68.22742474916389,0.0401072955421996,35,23.47751849743882,1.0681660811219873,12
slp32,519,0,W,64.7361826534874,0.05204656523896441,32,25.302220972729824,1.1227879981941775,13
slp32,520,0,W,67.67842493847417,0.017802095397760478,34,32.42805026347791,0.3203372246555183,17
slp32,521,0,W,76.40418502202643,0.1387264204195622,38,27.841233580810965,0.5046666015284,14
slp32,522,0,W,68.42687309925353,0.020860461676115424,34,32.45875033811198,0.3641205157636686,17
slp32,523,0,W,89.56439136924956,0.24145541826238745,45,32.54737451178938,0.4029143609034334,16
slp32,524,0,W,77.15834839427221,0.11928239292634604,38,11.56336725254394,2.7704606403989933,6
slp32,525,0,W,66.14303431169905,0.04448296724590211,33,18.628397957775633,1.8417593306669482,10
slp32,526,0,W,66.79260558629065,0.03539601488310715,34,13.37613697164259,2.3952093520191506,6
slp32,527,0,W,70.32819825853986,0.14706444512664563,36,15.416238437821173,2.0439636563724486,8
slp32,528,0,W,66.18863761720905,0.03346266576350426,33,19.806338028169016,2.136497653221791,10
slp32,529,0,W,64.82643245503974,0.038710537624850855,32,22.271714922048996,0.7612121911793058,9
slp32,530,0,W,69.03086085544125,0.11264741207132452,35,31.26302626094206,0.44116983879982846,16
slp32,531,0,W,83.61658735554045,0.18322823948668407,42,23.351259552787997,1.2464609072844721,12
slp32,532,0,W,71.94737563382213,0.10846828183052089,36,30.45066991473812,0.3917081907066364,16
slp32,533,0,W,92.08731241473399,0.21725270033412505,46,28.602560610187965,0.4669725333879665,15
slp32,534,0,W,68.46473029045643,0.038244681295350344,34,22.104332449160037,1.300802460022274,11
slp32,535,0,W,68.7238916588061,0.036754304410960704,35,17.759360663016132,1.4735466568792452,9
slp32,536,0,W,65.07592190889372,0.07022107945624305,33,17.730496453900706,1.734412484579913,7
slp32,537,0,W,64.15562913907284,0.030180863064488014,32,16.03053435114504,1.5723492367947332,8
slp32,538,0,W,65.45752079639983,0.027369862531624097,33,20.964360587002098,1.3680809917545087,11
slp32,539,0,W,63.72481841852816,0.026055571764580163,32,24.37373053486797,0.8888261297289188,13
slp32,540,0,W,75.18796992481205,0.2096674615777194,37,17.115960633290545,1.588898911196052,9
slp32,541,0,W,64.2620232172471,0.048786822055176905,32,17.889087656529515,1.681242397752329,9
slp32,542,0,W,63.411973271512345,0.0442262652619668,32,25.229357798165136,1.1397918325236427,12
slp32,543,0,W,61.719928679193536,0.03073297179830736,31,24.16756176154672,1.3961636325620608,13
slp32,544,0,W,64.19105466593042,0.13080549301585828,32,24.90315439955728,1.2377262307239925,13
slp32,545,0,W,62.34413965087281,0.137658902121633,31,32.53796095444686,0.46385126926634573,17
slp32,546,0,W,65.852654685142,0.027308137523456264,33,18.88149613378889,2.2691318487339545,8
slp32,547,0,W,86.77685950413223,0.20851140688873857,43,15.851449275362318,1.1776523169390178,8
slp32,548,0,W,62.70029260136547,0.02524933442467124,31,25.136154168412233,1.1179160672131578,13
slp32,549,0,W,63.170764841733444,0.03558671313742078,32,25.069637883008358,0.6334273614410908,13
slp32,550,0,W,62.32686980609417,0.03311931292899791,31,27.157513578756788,0.489226146298644,13
slp32,551,0,W,63.58539587036785,0.03264439626797089,32,23.347955285128062,1.3328349702237108,12
slp32,552,0,W,64.62821403752606,0.04622921672133385,32,28.85804589803491,0.8495648345848981,15
slp32,553,0,W,62.78777731268313,0.0818867510651143,31,28.409090909090914,0.5028740256906155,15
slp32,554,0,W,60.12439530062198,0.05245551878166861,30,23.170902963066986,1.1482378882156277,12
slp32,555,0,W,60.30554811042616,0.038739242234314436,31,32.49566724436742,0.34713240509446347,16
slp32,556,0,W,60.55122494432073,0.0468705810441874,30,27.47252747252747,0.8215362719648149,14
slp32,557,0,W,58.74125874125875,0.052440053238659766,29,27.38059020383328,0.6010476039568099,13
slp32,558,0,W,59.111292295148786,0.06318144793104619,30,27.647809442790297,0.7885872320074725,14
slp32,559,0,W,57.446808510638306,0.050117885720926035,28,26.132404181184672,0.748323253886776,14
slp32,560,0,1,58.2039911308204,0.09503597600221653,29,27.758007117437725,0.6861056899279289,14
slp32,561,1,W X,63.16218418907906,0.14314755200184429,32,28.065630397236617,0.5700258895812536,14
slp32,562,0,1,70.80383173677633,0.11912280308376257,35,27.170126793925036,0.834345011151344,14
slp32,563,0,W,62.64313619830258,0.06042292843745111,32,19.905632556767912,1.0626409216640686,10
slp32,564,0,1,58.42062852538276,0.06055062444999381,30,23.28108024212323,1.2429320818130007,11
slp32,565,0,W,56.43026334122893,0.07164552276859061,28,17.99910004499775,0.8522462965598617,9
slp32,566,0,1,59.44247062038808,0.06607227693090897,30,26.208503203261508,0.4780859987724198,13
slp32,567,0,W,67.67235302410828,0.16935645654949208,33,17.172295363480252,1.2212812943789815,9
slp32,568,0,1,76.44849785407725,0.14489533905470667,39,19.702276707530647,0.9171957261130254,10
slp32,569,0,2,89.99181892555222,0.23727662832042148,45,25.16778523489933,0.85549177776188,12
slp32,570,0,W,64.38659651066186,0.039158686207725196,32,26.9821502698215,0.5749359007235749,14
slp32,571,0,W,67.49386419416416,0.03210634304221733,34,18.56946354883081,1.6755441202085466,10
slp32,572,0,W,65.97031335898846,0.030720514318611267,33,28.95353646766855,0.5395203463092312,15
slp32,573,0,W,64.1025641025641,0.04213649096647395,32,28.33066976609037,0.8452547950997102,14
slp32,574,0,W,62.43063263041067,0.06835931213489174,31,19.508670520231217,1.0769032878388034,10
slp32,575,0,W,64.82982171799027,0.05619386087465427,33,27.45318879346755,0.5454720771792527,14
slp32,576,0,W,66.79654884497634,0.02751249716038151,33,23.26302729528536,1.2196534589792296,11
slp32,577,1,1 X,65.26172671651938,0.1929614193951734,33,27.246052815425454,0.635733113590897,14
slp32,578,0,W,70.32819825853986,0.043140397280866806,36,18.63611264494754,0.7775435837889462,10
slp32,579,0,W,60.91782861784214,0.05523943840731508,31,24.22551754514756,0.5840020378091924,12
slp32,580,0,W,64.9532057549937,0.054438463478787884,32,29.677784058790277,0.5333639106880872,15
slp32,581,0,W,61.4838092635606,0.1479693061264922,31,27.12854757929883,0.7228804970517267,14
slp32,582,0,W,57.41626794258372,0.060120117859403535,29,27.113459399332594,0.4490431641987321,14
slp32,583,0,W,61.88969880346581,0.08308378635784217,31,16.6060414360272,1.8819742998527165,8
slp32,584,1,1 X,62.999593551009355,0.04013338841619067,32,26.383114806523825,0.9700374705210494,12
slp32,585,0,1,59.19172676554633,0.04371086494940871,30,29.370629370629366,0.4874620655047144,15
slp32,586,1,W X,59.00533857825233,0.03686821539107162,29,24.426652191613517,0.831931821458679,13
slp32,587,0,1,58.95107738175904,0.05857702227532971,30,29.556650246305416,0.5903582447487772,15
slp32,588,0,W,56.39097744360903,0.05822125286967196,29,31.38950892857143,0.498231253758957,16
slp32,589,1,W X,58.848255569567044,0.062347773801148566,29,24.937655860349125,0.7915394283714909,13
slp32,590,0,1,62.421972534332085,0.17238453140194065,31,21.434695627322093,1.310476920819287,11
slp32,591,0,2,61.50061500615005,0.13097928589411892,31,28.509367363562315,0.5661233730110317,15
slp32,592,0,2,59.15492957746479,0.1616749068662298,29,22.768041948392437,0.7950992037485969,12
slp32,593,0,2,57.534246575342465,0.06789788250733297,29,24.744308808973937,0.6124150226766159,11
slp32,594,1,2 X,57.86718104160926,0.04078314978177201,29,31.27171646977068,0.4235888992355154,16
slp32,595,1,2 X,57.899090157154674,0.03409111440878187,29,20.52607571841265,1.5335707384651494,10
slp32,596,0,2,59.6625977232204,0.16077919660034704,30,30.233227756982433,0.49935697427301645,15
slp32,597,0,2,59.59720509658858,0.052827406139965026,30,22.476501838986515,1.3528822003167476,12
slp32,598,0,2,65.32389765922701,0.04149397546632523,33,25.769506084466713,0.9767790037783481,13
slp32,599,1,2 X,69.6626143969403,0.11755037203428124,35,21.320277953253317,1.2545470876223532,10
slp32,600,0,2 LA,70.90226609203391,0.10484808585408908,35,13.597220123885782,2.2804682754985994,7
slp32,601,1,W X,70.72612151421258,0.03125374753039831,36,14.518470721084045,2.5428020414932466,7
slp32,602,0,W,72.32788641843021,0.028725177152963483,37,27.177700348432058,0.7307714979721914,14
slp32,603,0,W,73.32971211298208,0.14002363116256705,37,28.62205261005861,0.5532686545265625,15
slp32,604,0,W,66.26173384870238,0.03235351603767356,33,14.889393079977312,3.376767588528825,8
slp32,605,0,W,71.04194857916103,0.11348864907728769,36,16.296756169486265,3.9597188108784307,8
slp32,606,0,W,72.66855066612837,0.05606642885403389,37,15.950174692389487,3.176174775430602,8
slp32,607,0,W,70.02608815048742,0.06042811509078871,35,26.483050847457626,0.6812416898575717,11
slp32,608,0,W,75.10148849797022,0.11226473980835064,38,32.16123499142367,0.28055487876706037,16
slp32,609,0,W,69.91089787525702,0.11182419469431086,35,27.577428935086974,0.6895714817206167,14
slp32,610,0,W,67.63219018991666,0.030901722235148272,34,29.661016949152543,0.4706917185138814,15
slp32,611,0,W,73.19113341698034,0.15283363237086747,36,31.565656565656568,0.34463569170937597,16
slp32,612,0,W,67.55834584413812,0.0240501465701545,34,28.436018957345972,0.3848584155244627,15
slp32,613,0,W,69.9876492383697,0.11292775655564952,35,27.049521431543905,0.4985162363151501,14
slp32,614,0,W,68.40796019900498,0.024485448537501734,34,26.701355607284682,0.46550988778037977,14
slp32,615,0,W,67.70619614279852,0.026879590709201956,34,15.442690459849004,3.4213741229057204,7
slp32,616,0,W,77.07262880155535,0.16558979300402146,38,29.918791850690983,0.38695767843261514,15
slp32,617,0,W,80.41817450743868,0.15865430974291245,41,27.78173528992734,0.6543816088039367,14
slp32,618,0,W,65.81653640477171,0.05507594188935854,33,28.405248207764103,0.359750593878479,15
slp32,619,0,W,64.82643245503972,0.043696045963936066,32,18.942810752300197,0.9431992452957808,8
slp32,620,0,W,67.48466257668711,0.027822340746747026,34,14.919011082693949,2.310206775797088,8
slp32,621,0,W,75.5718954248366,0.14133149568568867,38,29.346003353828948,0.4397372128061606,15
slp32,622,0,W,66.70372429127293,0.016147755261955155,33,30.430078441979983,0.42475772963995473,16
slp32,623,0,W,92.11244541484716,0.20652632749995165,46,27.773821392963963,0.5319929705457198,14
slp32,624,0,W,112.39073123352297,0.1848574433135504,55,24.70152326060107,0.8042008455603613,13
slp32,625,0,W,84.84848484848484,0.1868323123155362,43,27.71067216143243,0.4939744860814254,14
slp32,626,0,W,89.32196508323185,0.23689414241543374,45,16.67593107281823,1.6218816233005418,7
slp32,627,0,W,73.18064778425261,0.1471763450531704,37,30.67484662576687,0.6035291763176547,16
slp32,628,0,W,88.38037818580433,0.23678360342572488,44,26.35046113306983,0.649808433309387,13
slp32,629,0,W,98.63123993558777,0.24215068573565732,50,25.910464948898806,1.1518743662203599,13
slp32,630,0,W,72.09557813787421,0.10330290708515855,36,28.941565600882033,0.4569274492493869,15
slp32,631,0,W,71.91201353637902,0.14988346107264197,35,29.95293110825845,0.3989161847418322,15
slp32,632,0,W,72.35696100763768,0.01968235406978531,37,33.53828954723309,0.36294214414972537,17
slp32,633,0,W,76.28865979381443,0.12995251141394057,38,19.153011278995532,1.3925811366747083,7
slp32,634,0,W,75.16251354279522,0.09756623492389285,38,29.775538250114522,0.4333317190077653,14
slp32,635,0,W,73.96247089439802,0.09943314647180763,37,29.740829910777506,0.35357313130903123,15
slp32,636,0,W,75.32573289902281,0.16504259803843183,38,33.37969401947149,0.36519549559106,17
slp32,637,0,W,76.40750670241286,0.1410340914759575,39,31.021646215359155,0.378039480595465,16
slp32,638,0,W,77.21202003338897,0.18470288462290038,38,18.433179723502302,1.4236428625185462,9
slp32,639,0,W,73.06183195778651,0.025522442315115416,37,20.725388601036272,1.4576388441585935,9
slp02b,0,0,2,79.64601769911505,0.052991210366138804,40,26.8669054836043,0.5011307450841936,14
slp02b,1,0,2,77.858216090698,0.0487077325821722,39,23.38998908467176,0.5415859673219017,11
slp02b,2,0,2,78.3505154639175,0.02265897974051099,39,27.000830794793686,0.6277199088954155,14
slp02b,3,0,2,77.41409751460003,0.06516333622376648,39,27.805504063881365,0.5838263501252677,14
slp02b,4,0,2,77.2043884599756,0.05625436886696445,39,27.40977615349474,0.6037861100312483,13
slp02b,5,0,2,77.90077900779006,0.04066497127991948,39,29.46954813359528,0.6279981801611484,15
slp02b,6,0,2,79.30052867019113,0.05439863091443473,40,24.93954050785974,0.6259837084986997,12
slp02b,7,0,2,76.19439868204283,0.04905297445018517,38,27.030773495980043,0.6066918346644536,14
slp02b,8,0,2,79.30052867019113,0.040393332392551495,40,24.732069249793902,0.6287776501541171,13
slp02b,9,0,2,81.77729317159601,0.025010197920048556,41,26.315789473684212,0.5183863073388066,12
slp02b,10,0,2,81.45533532446376,0.030378281715725812,41,25.027808676307007,0.49824581171234034,13
slp02b,11,0,2,80.88433540037747,0.05899796606663656,41,27.06453851492019,0.5932443343485772,14
slp02b,12,0,2,77.7944588508257,0.03608008942873613,39,25.069637883008355,0.6129390036718354,13
slp02b,13,0,2 L,80.48981838194825,0.06064600727627157,40,22.569966897381885,0.5212207210002304,11
slp02b,14,0,2 L,77.18348002708193,0.016033552078181794,39,23.38998908467176,0.5417041258842321,11
slp02b,15,0,2,79.25755317707626,0.061447282879774565,40,22.951731812491307,0.5082801336024023,12
slp02b,16,0,2 L,77.97537619699041,0.05761886425473468,39,26.25555405951259,0.5797960057503188,14
slp02b,17,0,2 L A,77.762619372442,0.050967807992138986,39,26.595744680851062,0.6499723071023872,14
slp02b,18,0,2 L,77.39307535641548,0.052079738564772673,39,24.139040875442547,0.4192610642547195,11
slp02b,19,0,2 L L,77.51937984496124,0.04588085255941685,39,27.785693929894556,0.5036576276769367,14
slp02b,20,0,2,76.76767676767676,0.03453802753864771,39,23.537803138373754,0.49563649703193025,12
slp02b,21,0,2 L,78.63960209705606,0.02830917870493706,40,23.993020212301875,0.4718484138151094,12
slp02b,22,0,2 L L,78.46916299559471,0.061343047927910094,39,23.17741255794353,0.4662385442724457,12
slp02b,23,0,W LA,97.653600976536,0.07116993552211652,49,12.504168056018676,2.5274044868204224,6
slp02b,24,0,W,93.91588403429974,0.03641942189430403,47,20.152261531571874,0.989924351767458,4
slp02b,25,0,1 A,88.05460750853241,0.06932972768702746,44,19.543973941368076,1.395623158305995,9
slp02b,26,0,1 A,86.79854662898668,0.07557657229691907,44,19.569471624266146,0.706,3
slp02b,27,0,2 L,81.9672131147541,0.030633315197673282,41,18.672199170124482,0.32995622605295866,10
slp02b,28,0,2 LA,81.46639511201629,0.05953948269845818,41,34.98678277095319,0.20055638165419276,16
slp02b,29,0,2,76.520338300443,0.020323423708778425,39,31.59668585872771,0.6230496466753049,16
slp02b,30,0,2,78.61846526004567,0.05035406524717248,40,28.66382478318389,0.7713634436050087,14
slp02b,31,0,2 L,76.22358919497191,0.025990409481990676,39,30.93208688479516,0.42049739859150403,16
slp02b,32,0,2,76.87120701281187,0.06749141732651925,39,30.982590734730007,0.514913267909643,15
slp02b,33,0,2,75.38740751081949,0.01889117633208361,37,33.59462486002239,0.2893924670754234,17
slp02b,34,0,2,75.49993198204325,0.020691903188451825,38,28.472002530844666,0.667436555453442,13
slp02b,35,0,2 A,75.9233926128591,0.06668386435106935,38,21.343873517786562,1.4270900029581908,10
slp02b,36,0,2,75.72656569791239,0.021777814217938167,38,32.253729337454644,0.45125263157127404,17
slp02b,37,0,2,75.60277891295463,0.034339600771618274,38,30.527692978630622,0.6558773528952012,15
slp02b,38,0,2,76.62320204328537,0.051833207892655206,39,32.171581769437,0.4945189581805737,17
slp02b,39,0,2,75.17750243630793,0.016124132668797638,37,30.650738761395782,0.6665909384997224,14
slp02b,40,0,2 L,76.89194658033185,0.02645960701378802,39,25.94033722438392,0.6968713415449559,13
slp02b,41,0,2,74.70946319867183,0.03505058073522524,37,27.334851936218676,0.7105493180162326,13
slp02b,42,0,2,74.98986623429266,0.02076351241413879,38,32.14572729708009,0.49044851921481014,17
slp02b,43,0,2 L,76.8090553833715,0.057892153052391745,39,29.057700290577003,0.6127449780808205,15
slp02b,44,0,2 L,76.10037021801728,0.016394693506264563,38,30.454474465094485,0.5601969222657122,14
slp02b,45,0,2 L,75.07298762685944,0.023829383252044915,37,33.622863547212106,0.4468263085361022,17
slp02b,46,0,2 L,74.9291211016606,0.032745872779267424,38,30.94910591471802,0.5596411548682085,16
slp02b,47,0,2 L,76.23626373626372,0.025356364398031427,38,32.24881754335674,0.48824882545230514,16
slp02b,48,0,2 L,75.65430752453653,0.035175527717187335,38,32.0561746298275,0.5124138155508172,15
slp02b,49,0,2 L,77.70961145194273,0.03684947294751577,39,31.55237694572991,0.46203907482664996,16
slp02b,50,0,2 L A,74.83818770226537,0.029548538765397456,38,28.13040969417196,0.5598552644744562,14
slp02b,51,0,2 L,75.49993198204326,0.03850227432023378,38,33.02600798128527,0.46279416320865585,17
slp02b,52,0,2 L,75.41785568691398,0.02628383589239606,38,32.998762546404514,0.502915437722884,17
slp02b,53,0,2 L,75.28486163863266,0.030680997276231647,38,34.257003654080386,0.3643964629661246,16
slp02b,54,0,2 L,76.78836050114508,0.05850974774956265,39,35.88516746411483,0.12304702933663791,15
slp02b,55,1,2 LA H,74.30713616280629,0.05966509894519783,38,28.842192006592498,0.46620771406430117,15
slp02b,56,0,2 L,75.38712306438467,0.017460045174678827,38,27.000830794793686,0.6180159129335209,14
slp02b,57,0,2,75.67493864194162,0.014441236306591597,38,26.71019439085918,0.6875899133123528,13
slp02b,58,0,2 L,75.67493864194164,0.027258682883611707,38,26.815181518151817,0.6376698706268984,14
slp02b,59,0,2 L L,76.07950651130912,0.02668759831043728,38,28.056112224448896,0.5714694985343505,15
slp02b,60,0,2 L A,75.9649603065973,0.03015770576397808,38,27.70509465907342,0.7255498298225667,13
slp02b,61,0,2 L L,76.00657354149548,0.03292206970231815,38,28.248587570621467,0.6510186101558316,14
slp02b,62,0,W LA,102.24948875255625,0.09202521393618165,51,14.836795252225517,2.6930235795477175,5
slp02b,63,0,W,122.53233492171547,0.13990909747245014,61,25.890475443276326,0.8337486392123407,12
slp02b,64,0,W,84.88278092158448,0.06805759865506479,43,24.719841793012524,0.7597384813210399,11
slp02b,65,0,W,108.87428101889897,0.09604603144659009,54,16.545334215751158,1.0199218793613558,6
slp02b,66,0,1,85.63273073263558,0.08510348509081854,43,27.090858571825507,0.9331203363608455,14
slp02b,67,1,1 A X,89.58870639337584,0.06517890192538034,45,25.751072961373396,0.5805480169632826,13
slp02b,68,1,1 X,79.92895204262877,0.05989620652057655,40,29.71557945379935,0.5082792900902946,15
slp02b,69,1,2 X,77.81569965870308,0.0554972485654735,39,27.675276752767527,0.3734281930768155,14
slp02b,70,0,2 A,76.40418502202644,0.0475206156485195,38,26.1437908496732,0.43075166859804503,13
slp02b,71,0,2,79.86348122866896,0.08384049224200671,40,23.571428571428573,0.46405100888046263,12
slp02b,72,1,2 X,74.88867899068951,0.07671563420695302,38,24.65753424657534,0.6339596902713049,13
slp02b,73,0,2,78.125,0.03426214728883912,39,24.610336341263327,0.5675737837497429,13
slp02b,74,0,2,77.30910077309103,0.027962182613481646,39,27.165710836100203,0.6755419223770565,13
slp02b,75,0,2,74.4666577217228,0.032020811348034466,38,28.812056737588648,0.5556457941177184,14
slp02b,76,0,2,75.88187038556192,0.06161820758679137,38,32.0786997433704,0.5141015204542128,16
slp02b,77,0,2,76.74700417395987,0.06324353842373599,39,31.806615776081426,0.3236353503559214,16
slp02b,78,0,2,76.37264345672217,0.05879848837519705,38,26.200873362445414,0.6241356690122215,13
slp02b,79,0,2,77.31958762886597,0.03073828403250836,39,30.733206497877944,0.41875042491601955,15
slp02b,80,0,2,75.5984880302394,0.05758375542537051,37,32.06955530216648,0.4840506125970254,16
slp02b,81,0,2,77.05826686494524,0.06888144699127763,39,28.676771814829983,0.3630079551610461,15
slp02b,82,0,2,75.07101312051942,0.08090214489703491,38,25.064560230897765,0.5039808470714696,12
slp02b,83,0,2,77.31958762886599,0.07651350070068476,39,29.174770769658238,0.6474510146154152,15
slp02b,84,0,2,78.39361848439003,0.06754819762784263,39,29.85303123086344,0.6033355803242563,14
slp02b,85,0,2,75.28486163863266,0.06710962652438555,38,26.462805057336073,0.6115484899462638,13
slp02b,86,0,2,77.74140752864157,0.09586370749930585,39,23.206751054852322,0.6973013387516142,12
slp02b,87,0,2,76.46734637641224,0.05203336570723153,38,23.98604448320977,0.8577811082974877,12
slp02b,88,0,2,76.72634271099743,0.07167029774563079,39,23.101801940551365,0.5956564110290428,11
slp02b,89,0,2,78.4708249496982,0.16830872357064644,40,25.352112676056336,0.6320492245246585,13
slp02b,90,0,2,78.0608052588332,0.11130811221503736,39,20.140235715351334,0.2920443057880258,10
slp02b,91,0,2,77.8050778050778,0.12079092993044885,39,21.113543947450736,0.6392498690353626,10
slp02b,92,1,2 X,78.60984691766653,0.159715155035214,39,28.00114876507754,0.4653994403233146,14
slp02b,93,1,2 X,83.8445807770961,0.10626723746516185,42,26.446545920820647,0.5273158603047376,12
slp02b,94,0,MT,100.28653295128939,0.08063422071937204,50,21.037868162692853,0.9808339308975805,11
slp02b,95,0,2,79.26829268292681,0.0800433807431255,40,25.854639471416256,0.4389467191154551,13
slp02b,96,0,2,77.29805013927576,0.08507647915024401,38,25.839793281653748,0.41685009295908765,13
slp02b,97,0,2,73.46938775510205,0.12526416531119788,37,25.185392472366026,0.6883380145119273,13
slp02b,98,0,2 A,84.7808105872622,0.11180606988680719,42,23.04147465437788,0.8298954150975894,11
slp02b,99,0,2,74.08423652078474,0.11483122343919883,37,23.14814814814815,0.5874369598673391,12
slp02b,100,0,2,76.54116673562268,0.10166393598619193,38,21.09704641350211,0.4563741155382646,10
slp02b,101,0,2,76.13168724279835,0.09491042257116425,38,21.210407239819006,0.45191078765614795,11
slp02b,102,1,2 X,79.72199509403107,0.1375732188056396,40,23.524379811804966,1.0116086526496808,12
slp02b,103,1,2 X,78.46916299559471,0.10988425035670167,39,22.7147577092511,0.45622410036304095,12
slp02b,104,0,2,69.18068366793273,0.0687260244447921,35,20.998600093327113,0.526296916620689,10
slp02b,105,1,2 X,68.56905388557972,0.32825862723537613,34,21.14164904862579,0.5842882850100625,11
slp02b,106,0,W,89.45513689346707,0.27820956486697407,45,13.972985561248255,1.665841529077721,5
slp02b,107,0,W,84.42776735459663,0.2216091224986083,43,19.78021978021978,1.0587959618778722,10
slp02b,108,0,W,84.88278092158447,0.17543043274954856,43,22.058823529411768,0.864405460417737,11
slp02b,109,0,W,74.69912851016737,0.10244920451703293,37,22.758620689655174,0.9810205514228789,12
slp02b,110,0,W,109.89010989010988,0.1221189462656677,55,20.9351011863224,1.3714036604880417,9
slp02b,111,0,W,111.4563631450959,0.12379382486368276,56,17.19936935645693,1.4837862885200146,9
slp02b,112,0,W,99.9727965179543,0.09123536437032932,50,22.597924338801473,0.6131877443952571,10
slp02b,113,0,W,89.01462876069556,0.046722313522069035,44,21.861905629440695,0.8006083624344678,9
slp02b,114,0,W,93.01698571043408,0.05681049984157443,47,17.268671751331127,1.4332340178770526,9
slp02b,115,0,W,89.82035928143712,0.05150816351891134,45,22.74795268425842,0.8124849783226763,11
slp02b,116,0,W,96.56652360515022,0.08215567877849683,49,12.663571127057828,3.6460665563499157,7
slp02b,117,0,W,97.53454348415062,0.08096484147798695,49,16.506838547398207,1.6372167522590133,8
slp02b,118,0,W,95.63212154096583,0.07543114644649573,48,20.023731830317416,0.7925843959423867,10
slp02b,119,0,W,101.07260726072607,0.1359133418204335,50,14.666340747983378,1.7023028520213437,5
slp02b,120,0,W,109.19385279050958,0.09562053489759147,55,16.894609814963797,1.2908759879734886,8
slp02b,121,0,W,107.51961049499593,0.05718225158876145,54,14.204545454545453,2.9932495480903123,8
slp02b,122,0,W,100.27285129604367,0.00986168400064681,50,9.208103130755063,2.630439253559501,4
slp02b,123,0,W,94.80903711672943,0.0282473713507995,48,24.048972452995187,0.7437635810274726,12
slp02b,124,0,W,92.24598930481282,0.037295326769794954,47,27.95298165137615,0.5646761652466245,14
slp02b,125,0,W,93.50860550210054,0.030366756273570775,47,26.185627000290957,0.8451853182718109,13
slp02b,126,0,W,90.52256206281717,0.020281286411675082,45,31.18070953436807,0.20456896690901627,16
slp02b,127,0,1 L,91.78678270329073,0.09526940099230233,46,27.88104089219331,0.28690818686873976,14
slp02b,128,0,2,88.57456742653119,0.028674710951187028,44,24.988641526578828,0.2751004624910869,12
slp02b,129,0,1,84.95145631067962,0.025088686232458406,43,24.9514832270585,0.174431138912243,13
slp02b,130,0,2 L LA,90.88405397961994,0.11041724023968702,45,29.24415116976604,0.468039344929854,14
slp02b,131,0,2,91.21621621621621,0.10095563137424696,46,26.591815630078305,0.22171127370724494,13
slp02b,132,0,2 L,83.13057583130576,0.02947407334260259,42,23.828435266084195,0.22433724612734285,11
slp02b,133,0,2,86.43160927424887,0.11449334314091263,43,24.39024390243902,0.1613037789108151,12
slp02b,134,0,2,88.76933422999328,0.11293276724385785,45,23.349937733499377,0.27079852289109707,11
slp02b,135,0,2,82.65018142722752,0.07070445227624299,42,24.444444444444443,0.30173449003940345,12
slp02b,136,0,2,84.77997577714977,0.052404237248839455,43,23.087578882561186,0.23666381218935859,11
slp02b,137,0,2,91.89925119128658,0.14639705859556093,46,24.14398595258999,0.25943766269847224,12
slp02b,138,0,2,85.48168249660789,0.09126513169353644,43,22.876315388134817,0.4314331466171787,11
slp02b,139,0,2,83.6734693877551,0.03837707029064102,42,24.244383384515913,0.23449724945081973,11
slp02b,140,0,2,83.69624387588459,0.11608747650401738,42,21.73913043478261,0.20450916849862746,10
slp02b,141,0,2,81.56606851549755,0.0773397698470845,41,21.66238767650834,0.45196307070816155,10
slp02b,142,0,2,78.37876006213813,0.08988329418830682,38,19.346517626827172,0.4725006760724146,10
slp02b,143,1,R L H,87.76704313512042,0.18088117945675214,44,22.44165170556553,0.5820905771441417,11
slp02b,144,0,R,91.63725224002172,0.13639634331291953,46,23.979072809184714,0.7448448060663153,12
slp02b,145,0,R,85.2157446232923,0.13880164153067492,43,24.803637866887144,0.5581878417402754,13
slp02b,146,1,R X,100.5901287553648,0.17876132020098756,51,28.62595419847328,0.391475840037841,13
slp02b,147,0,R,88.199097497607,0.2722453002632254,44,20.12409860808318,1.3232111509505955,9
slp02b,148,1,R X,93.89032521431488,0.2738240435120572,47,24.47345001483239,0.5923769182059176,12
slp02b,149,1,2 X,93.4959349593496,0.20542495030531102,47,24.211298606016143,0.4131946092629561,12
slp02b,150,1,R X,84.51837939361417,0.24862783523474344,43,29.707495429616095,0.36527237142363206,14
slp02b,151,1,R X,90.67705534658786,0.24202624487827049,46,26.73002673002673,0.24749320978339767,13
slp02b,152,0,R,91.9242816287621,0.1881073714926572,46,25.966532025389494,0.3504866458067823,13
slp02b,153,0,2,87.20930232558139,0.20384216420303417,44,25.517436915225403,0.5886115489485026,13
slp02b,154,1,R X,94.20096205237839,0.11007838682006199,48,26.516181669839543,0.24443786495239486,14
slp02b,155,0,R,83.94758394758394,0.1361647181103118,42,26.083176351253442,0.6379455741327433,13
slp02b,156,1,R X,74.49664429530202,0.22611781902116804,38,22.95684113865932,0.9171140823256397,11
slp02b,157,1,R X,93.94145677331517,0.11404668562845453,47,25.203024362923546,0.3778353550894299,13
slp02b,158,0,R,82.8394396551724,0.09536534214821338,42,25.22935779816514,0.44807909573317284,12
slp02b,159,0,R,64.75984889368591,0.2904182328986939,33,28.2333960742135,0.5103308250737046,15
slp02b,160,1,R X,86.46112600536195,0.2340333859594507,44,23.937327723777745,0.48280475324096184,12
slp02b,161,0,R,94.42807393517278,0.21442448053856322,48,23.415547923821414,0.4625812793445061,11
slp02b,162,0,R,80.02735978112175,0.20764426161583552,40,24.82758620689655,0.26008631046037173,13
slp02b,163,1,R X,96.82735887927481,0.27060824133915434,48,19.74333662388944,0.7684991867269606,9
slp02b,164,0,R,107.27297260828497,0.15681882029727937,54,27.793614595210947,0.40261723640854524,14
slp02b,165,0,R,89.67391304347827,0.19086666195181418,45,27.353064945995232,0.4392288023666053,14
slp02b,166,1,R X,94.21081376297104,0.09512614249914418,47,26.369762672135952,0.3741615812572008,13
slp02b,167,1,R X,99.72862957937585,0.15348558316630276,50,24.752475247524753,0.3937647351740208,13
slp02b,168,0,R,76.44628099173553,0.15871684155296598,38,29.061721561029618,0.4459413341117728,15
slp02b,169,1,R X,92.99191374663073,0.19408983946744623,47,19.897197811308242,1.441897967957511,9
slp02b,170,0,R,92.67965077233043,0.10531267694055464,47,24.711696869851735,0.37371290228373616,13
slp02b,171,0,R,60.77965628056448,0.19416986324021895,30,30.919334890751678,0.34483887380759276,16
slp02b,172,1,R OA,75.2134435560374,0.2669994076973538,38,10.400416016640666,4.805468863701023,5
slp02b,173,0,R A,89.85704560925798,0.18905006114739745,45,18.012608826178326,1.9524474384730566,9
slp02b,174,0,1,88.36826962597615,0.10228312015415565,44,20.829717063009895,1.321551266504633,9
slp02b,175,0,W,93.4326337169939,0.02820677096312785,47,23.689877961234743,1.0156961867614023,12
slp02b,176,0,W L,90.57225195553725,0.032172443421389044,45,27.628223292717482,0.20724989917985281,14
slp02b,177,1,W X,102.94711344368189,0.14657243486431223,52,20.884900990099005,1.2633061073974328,10
slp02b,178,0,W,96.7741935483871,0.029257477676655607,49,24.232633279483036,0.6799486611636072,12
slp02b,179,1,1 X,89.61303462321793,0.04033690761204284,45,27.66349836856292,0.49932669458881734,14
slp02b,180,1,1 X,95.5673037820252,0.10046007339616692,48,28.264965937092338,0.2556506492029109,14
slp02b,181,0,2,92.66886326194397,0.12655742657869676,46,24.858444966164896,0.3474188954114167,13
slp02b,182,0,2,84.88278092158448,0.09739574925421086,43,25.659301496792587,0.5442633145413676,13
slp02b,183,0,2,91.4262494920764,0.12776478388037918,46,22.445009726170884,0.2524126779700258,11
slp02b,184,0,2,84.52446399120396,0.11218485637023488,42,22.92621925802418,0.5386369083234683,12
slp02b,185,0,2,81.8330605564648,0.14275629583314356,41,24.538964901844142,0.24768361583624984,12
slp02b,186,0,2,106.85483870967742,0.09515104628491251,54,16.762898118830325,1.1148295335560898,7
slp02b,187,0,W,109.83050847457625,0.07196954850635444,55,17.554125219426567,2.3580195079769806,9
slp02b,188,0,W,96.9435842197388,0.024640611238811085,49,26.99709262079468,0.426580070107615,14
slp02b,189,0,W,96.70920080591,0.05375400501874772,49,23.982558139534884,0.7706400902888006,12
slp02b,190,0,W,100.3344481605351,0.0921121056105005,51,16.82692307692308,0.854540430254049,8
slp02b,191,0,W,95.4250135354629,0.037173665333083084,48,15.231003553900827,2.4125421354984775,7
slp02b,192,0,W,94.36542669584246,0.037365005918596976,47,18.478595626732368,1.296194044115309,9
slp02b,193,0,W,90.0040910950498,0.018953400881073487,45,24.363833243096913,0.6798280828431716,13
slp02b,194,0,W,88.63542668682149,0.036719803508643095,44,20.376974019358123,1.261712229472315,9
slp02b,195,1,W X,91.03169251517195,0.03512404824948426,46,20.23381294964029,0.6657006334181554,10
slp02b,196,1,W X,85.7959961868446,0.04352047502075024,43,21.19974874371859,0.921832206686201,10
slp02b,197,1,W X,90.8846102060051,0.044629481481235585,46,23.089840470193113,1.0593284634089797,12
slp02b,198,1,W X,99.2974871656309,0.07778739486896186,50,13.35113484646195,1.9460657748390726,7
slp02b,199,1,W X,91.33964817320702,0.08164046442848524,46,21.994134897360706,0.9912787700742914,11
slp02b,200,0,W,96.91748552968099,0.07077777232687928,49,15.179625569235958,2.4032294013588373,7
slp02b,201,0,W,93.72453137734313,0.028528631192743355,47,21.89141856392294,1.0562269453105235,11
slp02b,202,1,W X,100.99649878804202,0.09860219875844554,51,18.45667076814906,1.2545190801454473,8
slp02b,203,0,W,105.39116335630321,0.07339973235686334,53,22.058823529411768,0.8058784027382792,5
slp02b,204,0,W,93.95424836601308,0.02250746568012836,47,26.223776223776227,0.56457181415063,13
slp02b,205,0,W,90.25023929987692,0.013686876141486655,45,28.045448008054084,0.38947332059541806,14
slp02b,206,0,W,90.54740019207026,0.050010494766367396,45,25.302867658334616,0.5922181862838131,12
slp02b,207,0,W,89.95502248875563,0.023956399790224958,45,23.94253790901836,0.520246864478778,11
slp02b,208,0,W,90.1639344262295,0.03366239778734408,45,24.372230428360414,1.1373709571704722,12
slp02b,209,0,W,90.87237479806139,0.07490628218721786,46,23.009343187839907,0.5437819203131933,12
slp02b,210,1,W X,89.30987821380243,0.04771852733728974,45,21.760154738878143,1.1245684604425923,10
slp02b,211,0,W,89.2977946150724,0.017999770430124643,45,24.318349299926307,0.8049823364419065,12
slp02b,212,1,W X,90.78681909885678,0.03639671671530718,46,28.58504049547404,0.5241402484068552,13
slp02b,213,0,1,91.24087591240877,0.04203194552295247,46,27.268913438679906,0.6040406742055328,14
slp02b,214,0,1,87.49321758003255,0.08612074736098184,44,24.50252450252451,0.9704669064573637,12
slp02b,215,1,1 X,90.94583670169764,0.12203431211480371,46,25.295109612141655,0.5823652920060856,13
slp02b,216,1,W X,89.68609865470853,0.043943145085439665,45,23.190442726633872,0.6804529361734781,12
slp02b,217,0,W,84.89421910793695,0.03213647202894431,43,24.983344437041975,0.6341739824369965,11
slp02b,218,0,W,81.49959250203749,0.05339625455029594,41,23.173180905298935,0.30110755553456314,11
slp02b,219,0,1 L L,81.59934720522236,0.044559061929084647,41,25.302220972729828,0.2840414680210542,13
slp02b,220,0,2,87.69544527532292,0.07452399514124151,44,23.030861354214647,0.22801438551109013,11
slp02b,221,0,2,79.53772943575798,0.04696943205602991,40,23.230602446956794,0.3245134203696359,11
slp02b,222,0,2,96.64429530201342,0.09978963985415633,49,6.662225183211192,4.3740000000000006,3
slp02b,223,0,W,91.6994973509034,0.07870276635607394,46,17.174753112924,1.503176553169986,9
slp02b,224,1,W X,109.06153224720616,0.10288782230202041,55,18.96813353566009,1.1792781520913547,6
slp02b,225,0,W,98.52546916890081,0.06753275540724388,50,9.450307134981887,4.233666377975478,5
slp02b,226,0,W,88.92481810832659,0.04053077598138101,45,17.0261066969353,1.9905506775764341,9
slp02b,227,0,W L,85.40056933712893,0.02338614043885501,43,21.58894645941278,0.7161023390549704,11
slp02b,228,0,W,86.65860540104798,0.055155182031442686,44,23.902651021295085,0.5032183365248886,12
slp02b,229,0,W L,84.48437709534664,0.03434505446843707,43,26.26586896249818,0.5316125364293894,13
slp02b,230,0,W,85.94815825375169,0.045458410884911114,43,24.221961244862012,0.5190511368301085,12
slp02b,231,0,W,87.24469092384687,0.02231937898339543,44,22.491821155943295,0.3560610960667163,12
slp02b,232,0,W,89.3461486395018,0.05068416219610086,45,6.607929515418502,3.1184628692140404,4
slp02b,234,0,W,94.79628882613957,0.10378771383347617,48,6.909258406264393,3.2920000000000003,3
slp02b,235,0,W,109.07621869108539,0.09820535020724606,55,21.364139895553095,0.6394315376629656,10
slp02b,236,0,W,99.17355371900825,0.1343291976203734,49,22.49887505624719,0.871906508749648,11
slp02b,237,0,W,84.68880225836807,0.04712861737801904,43,24.165202108963094,0.6420809145477276,12
slp02b,238,0,W,83.605220228385,0.030577857249257646,42,27.639971651311125,0.6571310785816402,14
slp02b,239,0,W,85.71428571428572,0.030237157840738157,43,28.06967036130704,0.42014660726659825,14
slp02b,240,0,W,102.43102977328597,0.12092221632107146,51,17.97483523067705,1.0065525321611386,9
slp02b,241,0,W,85.76095834467738,0.08547819337088328,43,16.36214889555495,1.7388671599636358,9
slp02b,242,0,W,100.69817400644467,0.1668723296415556,51,19.365944627743506,1.0533436473944164,10
slp02b,243,0,W,84.7001882226405,0.043466983847596966,43,23.28206575419783,0.6231861613799982,12
slp02b,244,0,W,94.91114701130857,0.06952707084874059,48,19.02044698050404,1.712343350499543,9
slp02b,245,0,W,90.41095890410958,0.11353755704393209,45,16.452522720150423,1.97680922040483,8
slp02b,246,0,W,82.75862068965517,0.037531320253889285,41,22.515010006671115,0.9038127195933708,10
slp02b,247,1,W X,85.53971486761712,0.031650729967616746,43,23.248605083694976,0.6593907491010167,11
slp02b,248,1,W X,81.32285172133369,0.036747244794678155,41,24.533187951478805,0.8898920658646693,13
slp02b,249,1,W X X,83.63933088535292,0.04584265565965615,42,19.4300518134715,0.7719712142013816,10
slp02b,250,0,W,94.96228448275862,0.100730801802972,48,22.202486678507995,0.9881136776707427,11
slp02b,251,0,W,97.90590155017675,0.0976625425750437,49,20.59496567505721,0.9118635375488545,10
slp02b,252,0,W,93.10484415058696,0.10828698829336973,47,14.74201474201474,1.8959644863059364,7
slp02b,253,0,W,87.09154739400488,0.05648189475247477,44,17.740981667652278,0.6596392953728575,9
slp02b,254,0,W,93.53395689304597,0.11997495012645343,47,17.133066818960593,0.1613567476122396,5
slp02b,255,0,W,106.39749011048971,0.14437023001162488,53,11.057054400707651,3.2108093434522083,6
slp02b,256,0,W,107.67980495733441,0.1257696844551416,54,10.393209769617185,2.753867643878333,5
slp02b,257,0,W,98.69773817683343,0.11056367572077591,49,19.79218208807521,0.87831756785345,9
slp02b,258,0,W,95.14170040485828,0.10100525066021344,48,11.686793922867158,2.7462534478813136,5
slp02b,259,0,W,92.46575342465754,0.02677164521754914,46,19.461563412260784,1.365801962218535,9
slp02b,260,0,W,103.42030552926862,0.11756472936283922,52,17.21664275466284,1.0763247651150651,5
slp02b,261,0,W,101.63978858923974,0.061818262673743914,51,12.569832402234637,1.1409064622288525,7
slp02b,262,0,W,111.95548921156195,0.13314760838946643,56,11.001906997212851,2.5751198496380705,6
slp02b,263,0,W,92.63071222725401,0.0756478390673227,46,9.460737937559129,2.93,3
slp02b,264,0,W,91.16693679092383,0.07449790451937408,46,23.786869647954326,0.7207511637174094,11
slp02b,265,0,W,105.74837310195225,0.15300554965376933,53,14.39539347408829,1.4570106382590349,8
slp02b,266,0,W,105.83446404341926,0.07700195955394855,53,14.064697609001403,1.453181796381077,7
slp02b,267,0,W,97.10047201618339,0.05143921709703169,49,15.698587127158557,3.5746483276913645,7
slp02b,268,0,W,87.64777823073788,0.035364745502345196,44,32.99604047514298,0.27796901505983246,16
slp02b,269,0,W,88.1763527054108,0.016932291024514136,45,29.43650126156434,0.43985897554482956,15
slp41,0,0,W ,72.82535401213755,0.10555035074887187,37,33.69366839814685,0.25020479112119337,17
slp41,1,0,W ,65.01677852348992,0.024807772941863752,32,10.671599317017645,5.862784921860942,6
slp41,2,0,W ,89.15304606240713,0.2280384736279066,45,30.991735537190078,0.3830703031335856,15
slp41,3,0,W ,72.48322147651007,0.1499272251444219,37,24.235896054934702,0.7654200734818031,13
slp41,4,0,W ,72.29883518543312,0.10932717914025512,37,29.00953170327393,0.641978129197052,15
slp41,5,0,W ,70.64047362755652,0.13256137892943584,36,17.569546120058565,1.827096877562873,9
slp41,6,0,W ,74.30851795789184,0.1740067758010916,37,22.531749283080703,1.2266579470285368,12
slp41,7,0,W ,77.51396648044692,0.21228969828297878,38,23.09666381522669,1.362932930425964,10
slp41,8,0,W ,77.78384279475983,0.17418327024817576,39,19.234291994870855,1.6248589263724542,8
slp41,9,0,W ,75.81967213114756,0.21469578933372982,38,17.23006235641614,1.1913437448391404,8
slp41,10,0,W ,65.66347469220247,0.061603064047172196,33,21.865889212827987,1.2239189515650128,11
slp41,11,0,W ,71.4188545776085,0.03044035988952958,36,22.718667171525937,1.2129249770698929,9
slp41,12,0,W ,73.10139434141058,0.15237619949598266,37,17.870439314966493,1.915805770426637,9
slp41,13,0,W ,80.23535704733885,0.1366336708136029,41,13.912505796877415,4.619401067478577,7
slp41,14,0,W ,72.92370020256584,0.02642926735343803,37,19.047619047619047,0.766678550632532,5
slp41,15,0,W ,67.7710843373494,0.03275868301887783,34,20.361990950226243,0.9858699486015158,10
slp41,16,0,W ,74.12491420727522,0.05851611575001485,37,19.344141488577744,1.5622604240820612,8
slp41,17,0,W ,78.49077389148995,0.10677192405924424,39,10.78877966914409,2.880009876526275,4
slp41,18,0,W ,73.82091592617908,0.06761209257025251,37,20.709650697224905,1.4224306520881782,11
slp41,19,0,W ,76.0899369344667,0.05338417347947044,38,23.161551823972207,0.806582760787757,9
slp41,20,0,W ,73.9017380593951,0.03352592510760869,37,19.382627422828428,0.944712432567135,10
slp41,21,0,W ,72.11538461538461,0.03464761381187949,36,17.303889255108768,1.6694860506962579,8
slp41,22,0,W ,74.24721572941014,0.03263925531709203,37,25.015160703456637,1.1105055657538363,12
slp41,23,0,W ,72.96311309282528,0.023914198478913903,37,20.320614134116056,1.1850207686881364,7
slp41,24,0,W ,71.41885457760849,0.049891179540259095,36,27.403035413153454,0.7247221871315312,14
slp41,25,0,W ,71.78996307944756,0.020506564404440573,36,23.30837688939116,0.6865192599008976,12
slp41,26,0,W ,70.61755746330657,0.03631389488801382,35,25.01516070345664,0.5726474980516316,12
slp41,27,0,W ,68.04123711340206,0.02783659521309768,34,20.97250271865776,0.9577952047911849,10
slp41,28,0,W ,65.63653767263777,0.030838034551507968,33,19.890968027110652,1.0488079064782827,10
slp41,29,0,W ,69.52965235173825,0.03732602086895996,35,23.474178403755868,0.9954099099812542,10
slp41,30,0,W ,72.51381215469614,0.15062276164820046,36,15.832805573147562,2.374995882101693,6
slp41,31,0,W ,70.46145344017684,0.020205175944497417,35,16.910935738444195,1.1835697416431923,7
slp41,32,0,W ,71.20575071205751,0.013143354027874359,36,15.570934256055363,2.5699054889669037,7
slp41,33,0,W ,67.31030731574654,0.05432223686313469,34,24.989587671803417,0.6219584659230336,13
slp41,34,0,W ,69.47282386595832,0.06171179806780263,35,21.83406113537118,0.8417942741549148,11
slp41,35,0,W ,71.73111080748735,0.015907487647812472,36,26.19463406889982,0.5707341944032766,12
slp41,36,0,W ,71.69192953707498,0.026859817495998865,36,24.901901599758524,0.42642624080018243,12
slp41,37,0,W ,68.71463217461601,0.06894519161164744,35,27.596943107840364,0.46210385881461863,14
slp41,38,0,W ,66.06165754704391,0.022987520070062665,34,21.94265652428321,1.8075107302586062,11
slp41,39,0,W ,95.93141924071303,0.22264090049880947,48,27.45318879346755,0.8593271621435186,14
slp41,40,0,W ,65.5827298811313,0.035724422668533075,33,21.880064829821716,0.950551860503241,10
slp41,41,0,W ,67.60447965036876,0.038046320422667895,34,18.58160421183029,1.4601174610283927,9
slp41,42,0,W ,62.702265372168284,0.03743670343109446,32,9.74025974025974,4.907497393444715,4
slp41,43,0,W ,65.07592190889372,0.05994997914928744,33,9.148200853832078,2.8776033237555327,4
slp41,44,0,W ,66.006600660066,0.030413812651491092,33,16.47748077627243,2.8846061930337887,7
slp41,45,0,W ,67.56756756756756,0.04260601750073256,34,9.04704463208685,2.519252799277331,4
slp41,46,0,W ,67.42032143830019,0.034199007068644205,34,5.092514004413512,5.8180000000000005,3
slp41,47,0,W ,68.0599477519593,0.03327664601309191,34,6.957328385899816,1.4319999999999993,3
slp41,48,0,W ,68.90960680989056,0.02824632137607087,35,12.926577042399174,2.2433069874629283,6
slp41,49,0,W ,71.79978118161927,0.12553472891301953,36,8.114687584527996,2.3740000000000006,3
slp41,50,0,W ,74.6871215179653,0.05266118947149055,38,12.016823552974163,2.6570545722660652,5
slp41,51,0,W ,69.2088478762383,0.03985041233565595,35,16.416510318949342,1.0542923731884175,8
slp41,52,0,W ,68.54057047909167,0.031079506444678502,34,16.7170832669957,1.5883399625819072,8
slp41,53,0,W ,68.59448554135844,0.025255784907230225,35,20.542317173377157,0.8698998563053105,11
slp41,54,0,W ,69.65310024583448,0.05335679991234308,35,18.55451493196678,1.2819072525271213,8
slp41,55,0,W ,69.93965990126166,0.02843751116962405,35,12.580374615599663,1.8730448176402212,7
slp41,56,0,W ,75.28486163863266,0.14941009888196377,38,24.838175523107033,0.5895365317892094,12
slp41,57,0,W ,77.53562447611064,0.1171465964285114,38,24.860629802621666,1.0294531967493814,12
slp41,58,0,W ,71.09004739336493,0.03737684539161339,36,10.608203677510607,2.866805888092182,5
slp41,59,0,W ,68.49315068493149,0.053840723708098184,35,16.598166297818526,1.853523858459219,8
slp41,60,0,W ,69.39719689753709,0.05229898078360094,35,20.554202192448233,0.9831573226028754,10
slp41,61,0,W ,71.86858316221766,0.0408209630019695,36,18.51280468991052,1.410423695206515,9
slp41,62,0,W ,73.09149972929073,0.027746649224904173,37,19.29880990672242,1.0163793583106653,9
slp41,63,0,W ,78.15713698066638,0.0636330372911984,39,23.252208959851185,1.1882376193337763,11
slp41,64,0,W ,72.74686784319007,0.038283381302474,37,14.329384791746271,2.1536772645872455,6
slp41,65,0,W ,91.26106194690266,0.21790588612199432,45,19.011406844106464,0.9280366372078205,9
slp41,66,0,W ,73.05194805194805,0.11178550889985696,37,16.069788797061523,1.5746925064265465,8
slp41,67,0,W ,71.26374372200354,0.04949455546227448,36,14.622258326563768,1.214936852497098,7
slp41,68,0,W ,73.48938486663037,0.02060804110110154,37,14.950166112956813,0.43703038287464124,7
slp41,69,0,W ,77.42461287693563,0.05248907022490294,39,12.149684108213187,2.0424339989336255,6
slp41,70,0,W ,70.3351261894911,0.04351939471388562,35,18.298261665141812,1.0272365842394828,9
slp41,71,0,W ,71.01312051941024,0.043870830809529554,36,19.2280301951289,1.1357221012897585,10
slp41,72,0,W ,74.78776445223015,0.07473218802466566,38,23.018973214285715,1.0899798466557546,12
slp41,73,0,W ,72.46376811594205,0.07489844976885555,37,18.54140914709518,2.6167537140510566,9
slp41,74,0,W ,67.84539473684211,0.049759310492773656,34,16.465422612513724,0.9836700956839428,8
slp41,75,0,W ,74.13509060955519,0.06629228210483229,37,17.881090746535538,1.3067033902152394,9
slp41,76,0,W ,70.7165948275862,0.06075164564832456,36,13.673655423883321,2.2462377434278853,7
slp41,77,0,W ,71.86858316221766,0.15160722614838704,36,9.354536950420954,0.5990158595563226,5
slp41,78,0,W ,73.95234182415777,0.05319565562879902,37,13.715330691862235,3.0763109220117673,7
slp41,79,0,W ,81.77729317159601,0.03714713986298273,41,17.81472684085511,1.0387222920492272,9
slp41,80,0,W ,71.11893795719317,0.035551124440439175,36,16.357688113413303,1.6898676194982172,8
slp41,81,0,W ,76.78836050114509,0.04165296542967707,39,20.685579196217493,0.5524363847391602,8
slp41,82,0,W ,78.83817427385891,0.023729780721169616,39,18.49283402681461,1.8211836123795975,9
slp41,83,0,W ,74.09440175631173,0.05376859425719684,37,22.940790911077126,0.4359471977013656,8
slp41,84,0,1 ,78.02874743326487,0.024060173872168987,39,21.688837478311164,1.1220284488371943,11
slp41,85,0,1 ,73.45939327982587,0.05349824042335469,37,20.83654885013119,0.9129360585022263,10
slp41,86,0,1 ,73.449401523395,0.12602684409322787,37,14.220255964607361,3.978776640571265,7
slp41,87,0,1 ,70.29053420805997,0.06504995882287044,36,21.64056059356966,0.48481126140352127,8
slp41,88,0,1 ,72.60016133369183,0.06241280337151471,37,21.53238830073569,1.3683390478971211,9
slp41,89,0,1 ,74.36687659118317,0.031930530876346036,38,23.393636930754834,0.7946658165543551,11
slp41,90,0,1 ,75.7782632441289,0.07783528524343072,38,20.380434782608695,1.4552916469827544,10
slp41,91,0,1 ,71.3121434392828,0.0564953023150905,36,24.6791707798618,0.6222920214818763,11
slp41,92,0,1 ,73.59956385443643,0.04357185069330318,37,18.094089264173704,2.4321266414395444,9
slp41,93,0,1 ,72.96733842946493,0.0748104543605548,36,23.826714801444044,0.7169051944652371,12
slp41,94,0,1 ,72.66435986159169,0.04444230380332391,36,22.813688212927755,0.891838998923012,11
slp41,95,0,1 ,76.53061224489795,0.03357944233260018,39,28.12229593308336,0.5986518977457236,14
slp41,96,0,W ,71.27882599580714,0.05531676632521283,35,20.759649392588035,1.1256399441875795,10
slp41,97,0,1 ,74.12491420727521,0.03681971425778167,37,26.459693067560412,0.5109096201873674,11
slp41,98,0,2 ,76.562284453028,0.06384696824652829,38,24.10025706940874,1.0418862893809477,11
slp41,99,0,1 ,73.29985068548935,0.03525340365320491,37,15.929203539823007,1.5222819128604996,7
slp41,100,0,1 ,69.96844560296337,0.07712489309521339,35,25.70093457943926,0.47985535010541813,12
slp41,101,0,W ,66.27088223111971,0.041672645404389676,33,25.15840477077898,0.43788492766541215,10
slp41,102,0,W ,73.17073170731707,0.05551376205750947,37,17.953321364452425,1.7608191275653498,9
slp41,103,0,1 ,73.86130488305294,0.07375861531599771,37,21.808665309683047,0.6254107130518313,11
slp41,104,0,1 ,73.03218826075197,0.04732185567675212,37,20.482476103777877,1.310789414394581,10
slp41,105,0,1 ,74.76117956527757,0.04310352166873275,37,24.785194976867153,0.53274774518528,11
slp41,106,0,1 ,73.52941176470588,0.044402202147591226,37,21.665864227250843,0.3570147833851639,10
slp41,107,0,2 ,74.17582417582418,0.055249825428471205,37,22.84843869002285,0.40954316011868636,11
slp41,108,0,2 ,69.24643584521385,0.08009414875232686,35,22.90394225430316,0.37289805400093723,12
slp41,109,0,2 ,71.27882599580714,0.06500817089979555,35,26.805658972449745,0.40664958980538624,13
slp41,110,0,2 ,74.6670254271492,0.06819231174091225,38,27.607361963190183,0.3116593582030797,13
slp41,111,0,2 ,72.8646606395898,0.07566682982524423,37,23.32814930015552,0.8988971020089007,11
slp41,112,0,2 ,72.09557813787421,0.09685308040363749,36,24.732069249793902,0.5309380378160902,11
slp41,113,0,1 ,69.9876492383697,0.08844657058219309,35,24.363833243096913,0.9689462776072206,13
slp41,114,0,2 ,72.81553398058252,0.07389482014623516,37,24.063001312527344,0.7764933253399675,12
slp41,115,0,2 ,70.6404736275565,0.1134032213486235,36,21.76436448055717,1.0353709287014001,11
slp41,116,0,2 ,68.76910252848013,0.09091991854711161,34,23.95122659311947,0.4765606809679415,12
slp41,117,0,2 ,75.17269402681838,0.05791770187015063,38,25.435486357330042,0.5878109551618313,12
slp41,118,0,2 ,73.7402703809914,0.07467485074195551,37,20.25506376594149,1.004040036583068,10
slp41,119,0,1 ,76.23626373626372,0.05595678182045472,38,23.85496183206107,0.747809173519555,11
slp41,120,0,1 ,67.02038536721587,0.049864190557954505,33,22.754854368932037,0.5785327648456914,11
slp41,121,0,2 ,69.3783158753911,0.11024584041459218,35,24.193548387096776,0.6097940039658699,12
slp41,122,0,2 ,72.69454444752145,0.08191392196839861,36,25.213936430317847,0.5536351395717175,12
slp41,123,0,1 ,73.5795067447881,0.09185569735080383,37,24.031459364986887,1.0516146106136974,12
slp41,124,0,1 ,72.35391400220507,0.09075062939007023,36,27.0148581719946,0.43238601580840547,13
slp41,125,0,2 ,74.03345215245406,0.12773332560117506,37,25.78427159432746,0.5643288048646818,13
slp41,126,0,2 ,69.1900691900692,0.08023952033030461,35,23.414218816517664,0.4244329615416023,12
slp41,127,0,2 ,70.47118971949703,0.105897319203712,35,24.426350851221315,0.4713044321546266,12
slp41,128,0,2 ,76.55172413793105,0.05913938420427929,38,26.14068441064639,0.5469115086987175,12
slp41,129,0,2 ,77.3510652734428,0.13601356458343603,39,27.059530968129884,0.461961999399181,13
slp41,130,0,1 ,73.86130488305294,0.06819172318625707,37,28.26086956521739,0.4108112914219415,14
slp41,131,0,2 ,71.16941110801004,0.06941136590114745,35,25.935240490411818,0.5128835351823618,12
slp41,132,0,2 ,71.65279104681316,0.07533205946788836,36,24.912805181863476,0.4035817637108991,11
slp41,133,0,2 ,69.20884787623831,0.0939602360126724,35,8.068854222700377,1.3949661883596558,4
slp41,134,0,1 ,72.5338491295938,0.06918166561411236,36,11.078286558345644,3.8704798668898923,6
slp41,135,0,W ,70.53941908713693,0.14750914580759325,35,13.550135501355014,3.095073073989261,7
slp41,136,0,W ,80.98258874342015,0.15622672626666667,41,28.536838464199235,0.636653232806506,12
slp41,137,0,W ,73.4779566130161,0.12939646400871696,36,13.535462912831617,4.848809437377386,6
slp41,138,0,W ,66.06110652353426,0.048414228280537534,33,21.47458840372226,0.5256044139845097,9
slp41,139,0,W ,67.8082191780822,0.03299597882949433,34,23.130300693909017,0.12914797714250115,11
slp41,140,0,W ,69.416088199265,0.0419228158804902,35,24.240465416936004,0.29229464586269793,11
slp41,141,0,W ,74.30851795789184,0.11214337163858208,37,21.72653534183082,1.0143659300272267,11
slp41,142,0,W ,71.2444022255394,0.03653998648391783,36,23.80265435660704,0.8181928080070004,12
slp41,143,0,W ,67.0005414185165,0.09715346223875423,34,21.60138248847926,0.2134981030360692,11
slp41,144,0,W ,70.9318497913769,0.05476138866556722,35,21.958717610891526,1.1873890011281054,11
slp41,145,0,1 ,69.13379422529484,0.036136802737800795,35,21.263191053709246,0.44425862782287273,10
slp41,146,0,1 ,75.7679180887372,0.10656092884298729,38,25.43156596794081,0.38034555840926143,12
slp41,147,0,1 ,69.91089787525702,0.03835673023506123,35,22.72727272727273,0.27842413688471757,11
slp41,148,0,1 ,70.91212458286985,0.061542794630519135,35,24.60116296406739,0.8469617845350579,12
slp41,149,0,1 ,75.62338193214333,0.11595419866049617,38,23.721665788086455,0.25416704918004007,10
slp41,150,0,1 ,66.65740869323704,0.0541431840123944,33,22.954924874791317,0.6414061000052673,12
slp41,151,0,1 ,74.02330363262509,0.07787256129388026,37,20.439061317183956,0.9214296996288021,10
slp41,152,0,2 ,79.15031795426871,0.10212459678053626,40,23.700086182131567,0.4980703259448176,12
slp41,153,0,2 ,74.63690155997848,0.10907170559446482,38,21.748586341887773,0.3798064770379778,11
slp41,154,0,2 ,72.22451506397029,0.071507978718519,36,22.052337547780066,0.3702790299220305,11
slp41,155,0,2 ,74.80260423881425,0.044276767031541854,37,21.01494396014944,1.1711278936178902,10
slp41,156,0,1 ,73.76041524381914,0.04543276133440643,37,25.7530825659435,0.47113746656012634,12
slp41,157,0,2 ,71.55513152514652,0.1414054699747344,36,21.75489485134155,0.634214474763861,11
slp41,158,0,2 ,75.11165245635404,0.13106751671249603,38,25.295109612141655,0.8651584825914844,11
slp41,159,0,1 ,73.7100737100737,0.05099455308603503,37,26.00554785020804,0.4666743618413165,11
slp41,160,0,1 ,71.84891200218969,0.06721962784296667,36,23.996509598603836,0.5501905905687712,12
slp41,161,0,1 ,72.99270072992701,0.1315835180492687,37,24.691358024691358,0.4764409722095697,13
slp41,162,0,1 ,71.68214090660841,0.08377571612493023,36,27.777777777777775,0.4366539438350084,13
slp41,163,0,2 ,74.12491420727522,0.14563013356606225,37,23.205445544554454,0.8124534694368656,11
slp41,164,0,1 ,76.21532546003846,0.14168053241415013,38,24.221961244862012,0.9560556711201453,12
slp41,165,0,1 ,67.60447965036876,0.08309619150814833,34,17.096452486109133,1.0089319848235558,9
slp41,166,0,2 ,73.25013564839935,0.13125415925214584,37,24.37583099423844,0.8196412035026903,12
slp41,167,0,1 ,68.85519543747392,0.10312979153795955,34,25.850926324859977,0.5520510242118325,13
slp41,168,0,1 ,79.46210268948656,0.1420479125769035,40,27.615833077631173,0.3329778104051713,13
slp41,169,0,1 ,68.32298136645964,0.15399989266927677,34,23.571428571428573,0.6221260269337956,12
slp41,170,0,2 ,68.82591093117408,0.0643734777426092,35,23.94080092861288,0.6846224995880201,12
slp41,171,0,1 ,75.65430752453653,0.1622507865934172,38,24.92447129909366,0.5067854290272957,12
slp41,172,0,1 ,74.38016528925618,0.13157169570660368,37,23.194680686562545,0.7122023308021396,11
slp41,173,0,2 ,73.52941176470588,0.19757192783051608,37,24.057738572574177,0.5920006756752901,11
slp41,174,0,1 ,69.49175637007767,0.1251902358641014,35,22.414823670053796,0.6102663025270197,11
slp41,175,0,W ,71.1671411142741,0.18571150767152977,36,23.1839258114374,0.6570430731694841,11
slp41,176,0,1 ,68.60706860706861,0.051956328345028564,34,20.999580008399835,1.2804437355854414,11
slp41,177,0,2 ,66.14303431169905,0.07323752026796103,33,24.96595551520654,0.47709368070148367,12
slp41,178,0,1 ,71.68214090660841,0.15806933121066766,36,24.332694292877157,0.60490687760887,12
slp41,179,0,1 ,67.7989316531982,0.14039953484522893,34,22.824102251978086,0.5575253895563859,11
slp41,180,0,1 ,69.28891377379618,0.18010400015646508,34,24.90942028985507,0.655580393920198,12
slp41,181,0,2 ,79.19966652771988,0.17575470819162586,39,24.027959807776323,0.6322073098633296,12
slp41,182,0,2 ,65.62756357670222,0.14058071524928303,33,22.665457842248415,0.46027400534898777,11
slp41,183,0,1 ,71.03233662562576,0.151123747104072,36,21.42551064133695,0.506960984692116,11
slp41,184,0,2 ,74.22680412371133,0.12014944398077292,37,22.86585365853658,0.800544259308073,10
slp41,185,0,2 ,68.92230576441104,0.1385074313527794,34,23.7444236580803,0.5336668103440665,12
slp41,186,0,1 ,70.87889833940868,0.09077235936390436,36,24.158125915080525,0.4558802220534514,12
slp41,187,0,1 ,75.24035112163857,0.12165580874939402,37,27.746158224245878,0.6720998798695845,14
slp41,188,0,2 ,73.50939286686632,0.12016264697648375,37,21.97802197802198,0.8378758857969361,11
slp41,189,0,1 ,67.9945054945055,0.0820402821615903,34,23.700086182131574,0.33143414887624706,12
slp41,190,0,1 ,73.61963190184049,0.11156014820116844,37,26.56042496679947,0.5645555774235164,13
slp41,191,0,2 ,72.63420033204206,0.060891445731443325,36,26.015320132967187,0.39615302879344777,13
slp41,192,0,2 ,68.61657887441088,0.1412152945410123,34,23.554603854389725,0.612079182475466,12
slp41,193,0,1 ,73.19056654920031,0.19404912194698293,37,20.930232558139537,0.7622423061817899,10
slp41,194,0,1 ,76.82724252491694,0.18647084932481586,38,25.936599423631126,0.7622533845265775,13
slp41,195,0,1 ,76.66442501681237,0.148625353977292,39,23.605150214592275,0.45166154226403943,12
slp41,196,0,2 ,70.95553453169346,0.12703997121266317,36,28.222013170272813,0.44958202811055514,13
slp41,197,0,1 ,69.70069700697007,0.06499795046010175,35,24.289709995583692,0.5221002721842577,12
slp41,198,0,1 ,73.73020207536865,0.14369549422904115,37,25.018953752843064,0.4849573211178332,12
slp41,199,0,2 ,74.80260423881425,0.18233177601068298,37,24.22871910838313,0.5868926988811498,11
slp41,200,0,2 ,69.93006993006993,0.05686102769549839,35,26.16555661274976,0.5010566025992117,12
slp41,201,0,1 ,67.97583081570997,0.11755351242233592,34,22.354694485842025,1.2071798540399854,11
slp41,202,0,1 ,65.77144423129624,0.06757912029613881,33,18.779342723004692,1.0134510348309878,9
slp41,203,0,1 ,79.24370916168496,0.2046365875497071,39,27.603128354546843,0.4374912062608294,13
slp41,204,0,1 ,70.88846880907373,0.0712032102005039,36,25.045537340619305,0.8679379190961521,12
slp41,205,0,2 ,69.78711405611166,0.12057212862093651,34,24.671052631578952,0.535761140808103,11
slp41,206,0,2 ,68.06930693069307,0.15731017245596907,34,19.40491591203105,1.2931063374680367,9
slp41,207,0,1 ,67.1368506713685,0.11013613747855903,34,21.792822896992593,0.6420618038787231,11
slp41,208,0,1 ,71.56488549618321,0.19544340795812407,36,23.076923076923073,0.9114577335236121,11
slp41,209,0,2 ,78.47996695580338,0.18257381158287808,39,24.652622142536977,0.7600715059880064,12
slp41,210,0,2 ,73.64975450081833,0.17323073886839163,37,24.087591240875913,0.6004945620138991,12
slp41,211,0,2 ,67.29200652528547,0.11164603649733715,34,22.238695329873977,0.4761453559576109,11
slp41,212,0,1 ,69.08696830127336,0.12258688042606827,35,18.317814074187147,0.9377962198686878,9
slp41,213,0,1 ,77.2148469249526,0.16387847669738007,39,24.299368216426373,0.8560916773336836,11
slp41,214,0,2 ,70.51991150442478,0.16813308289570453,35,23.507622168400054,0.5391426312762738,12
slp41,215,0,2 ,74.43669527896995,0.18651772554645873,38,23.94080092861288,1.1197173196986183,12
slp41,216,0,1 ,73.92197125256672,0.08800694417045864,37,21.929824561403507,1.287113566602937,10
slp41,217,0,2 ,70.58349018553375,0.10313650949996676,36,20.897832817337463,0.7839087878409843,10
slp41,218,0,2 ,72.56113947863479,0.15415896877678245,37,26.331187829139843,0.46901409597390803,13
slp41,219,0,2 ,69.10569105691057,0.20659694474472431,35,22.058823529411764,0.8192093749463564,10
slp41,220,0,1 ,68.29470198675497,0.09846737374105219,34,21.192427239333146,0.55893842236869,11
slp41,221,0,1 ,68.95619253650622,0.1596945180660439,35,24.93074792243767,0.5716906700500037,13
slp41,222,0,1 ,75.94417077175697,0.17010170978786143,38,24.254005585770983,0.701232916587481,12
slp41,223,0,2 ,76.36213538800219,0.15138864405422092,38,25.67294227477828,0.7984623238729729,12
slp41,224,0,2 ,63.46390064146307,0.12179537948584053,32,23.711666139740753,0.5226247602247716,11
slp41,225,0,2 ,70.45088566827697,0.17922849627654364,36,24.311183144246353,0.5650250731899722,10
slp41,226,0,2 ,74.95948136142626,0.13012354639539958,38,22.09854313308234,1.2028111927613987,10
slp41,227,0,1 ,75.55132044650149,0.040553943730318155,38,18.072289156626507,1.8313612423549865,9
slp41,228,0,2 ,85.71428571428572,0.17749256253741327,42,25.87694077055779,0.4377254339829427,13
slp41,229,0,1 ,65.60065600656006,0.09106376543389802,33,24.947081947384337,0.6320094151406657,12
slp41,230,0,1 ,69.63407973784817,0.12145826742813189,35,23.50092579404643,0.5254486316118921,12
slp41,231,0,2 ,78.84908009406557,0.17737604231635015,39,26.568265682656822,0.3835395097712302,13
slp41,232,0,2 ,83.59385619138236,0.22706448858202127,42,25.352112676056343,0.28051539866625663,13
slp41,233,0,1 ,67.67842493847417,0.15220980156172614,34,23.12673450508789,0.46567696958299315,11
slp41,234,0,2 ,74.8482805124747,0.2014014884068772,38,26.02113231351522,0.5668756185814916,12
slp41,235,0,2 ,84.06232914160742,0.22333708314277362,42,24.807056229327447,0.810646381325147,13
slp41,236,0,1 ,69.84387838948233,0.07502193450877848,35,23.15172094459021,0.27024403786207746,11
slp41,237,0,1 ,71.02272727272727,0.1719263629747174,36,23.434171282488286,0.3666832352880649,12
slp41,238,0,2 ,85.9598853868195,0.2358324667660337,43,21.139993736298152,1.1688932826279905,10
slp41,239,0,1 ,66.60387513455328,0.19012661191508776,34,22.358026531524818,0.49502953447243925,11
slp41,240,0,2 ,78.77280265339968,0.20228928026118254,39,21.1954217888936,1.220334445961434,11
slp41,241,0,1 ,64.74237928243862,0.1818912793401597,33,19.28020565552699,0.9058763712560342,9
slp41,242,0,1 ,72.22451506397027,0.23460365882631468,36,22.04261572373255,0.4803806823759673,11
slp41,243,0,1 ,72.61410788381743,0.24409513033459151,36,23.464163822525595,0.5389176787439895,12
slp41,244,0,1 ,97.6271186440678,0.2328568796254233,49,18.76824690671486,1.6054781526901671,10
slp41,245,0,W ,105.33707865168542,0.23058742376807975,51,21.86588921282799,0.8083079721107405,10
slp41,246,0,W ,68.14427312775331,0.22306679543351368,34,11.276499774470004,2.022629417367403,6
slp41,247,0,1 ,77.0478507704785,0.22391371507916621,39,20.212606677646352,0.6405315693687741,10
slp41,248,0,1 ,80.18092105263159,0.22390361408956058,40,18.723994452149793,2.1263347238910177,10
slp41,249,0,W ,74.87857528332435,0.2236291409798779,38,21.920210434020166,0.7383160298950578,11
slp41,250,0,1 ,74.86482739498128,0.14238961503261327,37,24.84815019326339,0.4748707426471147,13
slp41,251,0,1 ,68.28528072837634,0.14898986474918285,34,22.67230955259976,0.5542395150113352,11
slp41,252,0,1 ,73.30980179201737,0.05604187147146936,37,26.004728132387704,0.45820779147160867,12
slp41,253,0,2 ,71.06033161488088,0.10158910384859807,35,23.20385012031626,1.0361589086383505,10
slp41,254,0,2 ,72.70461154964687,0.051214028690329344,36,19.676432006996063,1.334111772762021,10
slp41,255,0,1 ,74.14829659318637,0.1639614057814493,38,25.569502556950255,0.6689721238432427,12
slp41,256,0,2 ,75.77826324412887,0.07369738531250071,38,23.70042660767894,0.9462895117246096,11
slp41,257,0,1 ,67.7710843373494,0.06803682900466557,34,22.939287352806243,0.2953530768419385,11
slp41,258,0,2 ,71.96710075394105,0.09595373034617746,36,28.13446833068822,0.4649746955003265,14
slp41,259,0,1 ,71.46860986547085,0.0478897233812885,35,25.295109612141655,0.6033626980967132,12
slp41,260,0,1 ,68.69612068965516,0.0872043299137683,35,22.016732716864816,0.5022096773261144,11
slp41,261,0,2 ,73.37953526294334,0.06821127309893708,37,23.692939504027798,0.9699590919208915,11
slp41,262,0,1 ,71.17678958785251,0.12385555774236968,36,20.035618878005344,0.8506457677683598,10
slp41,263,0,1 ,70.78333558042335,0.16752687509038966,36,20.65167508031207,1.3055750542279145,10
slp41,264,0,2 ,75.15233581584293,0.14783616778541864,38,22.033621674555246,0.9946573328923601,10
slp41,265,0,2 ,67.67842493847417,0.16003883826142362,34,22.042615723732546,0.7022096553024602,11
slp41,266,0,1 ,72.61968800430338,0.15994289104258974,37,23.892267593397044,0.6732560084340592,12
slp41,267,0,2 ,72.68448013290876,0.11772737791271867,36,19.422863485016645,2.1234222666368034,8
slp41,268,0,1 ,66.33499170812604,0.07649019545013597,33,24.582104228121924,0.4783197257065613,11
slp41,269,0,2 ,72.7247541210694,0.17640302649076642,36,22.28090443967651,0.7638866181784432,10
slp41,270,0,1 ,58.357649020425185,0.0434837525369405,29,19.127231510342874,0.27464581006753835,10
slp41,271,0,1 ,68.92823354507365,0.24184976319706725,35,23.636005515067954,0.6813602204414343,9
slp41,272,0,1 ,85.79599618684462,0.250749606339402,43,23.577491354919836,0.9616482517012133,11
slp41,273,0,1 ,67.06408345752608,0.19251865972791926,34,21.86270222999563,0.3643929746852977,11
slp41,274,0,2 ,71.88826509653569,0.18997730476699212,36,19.874130506790326,1.2734233388783167,9
slp41,275,0,1 ,70.07419620774938,0.12668419717213664,35,19.32678370107908,1.5937935092100228,9
slp41,276,0,1 ,68.6683721556483,0.10780021249120424,35,19.424460431654676,2.167235435318177,10
slp41,277,0,2 ,76.15257958287597,0.2040084502467886,38,24.685816876122082,0.7272369082088428,12
slp41,278,0,2 ,78.1035900246643,0.19457905414059684,39,18.770856507230256,1.2108141531962067,10
slp41,279,0,1 ,79.33279088689993,0.24590076733659422,40,20.42900919305414,1.1990041701345329,9
slp41,280,0,W ,80.85694540428473,0.22061893689996143,40,14.027431421446385,1.6625597399458731,7
slp41,281,0,W ,68.73315363881402,0.2550627305973815,35,27.022600720602686,0.5410171015154986,12
slp41,282,0,W ,72.83573806881243,0.2481675799839738,36,22.593764121102573,0.2790867965346982,11
slp41,283,0,W ,71.545380212592,0.19890659483633963,36,21.994134897360702,0.4515927368769343,10
slp41,284,0,W ,74.56670697299475,0.2082379377404369,38,24.256144890038808,0.40765161596637883,11
slp41,285,0,1 ,72.23445239405613,0.1711378868822758,36,22.317738469168457,0.6767200489798998,10
slp41,286,0,1 ,72.95325587679005,0.14833978346358972,37,24.092515258592996,0.308732635139209,11
slp41,287,0,W ,66.50544135429263,0.2170369965034525,34,22.67729521715228,0.5908055853404075,12
slp41,288,0,1 ,81.4111261872456,0.22694448660410327,41,29.213483146067418,0.44133675371253045,14
slp41,289,0,1 ,65.69043383057343,0.07869313423037616,33,20.32826381569041,0.9236843028643633,10
slp41,290,0,2 ,73.06889352818372,0.18294248008707045,36,21.888224135415147,0.7118405439422513,11
slp41,291,0,1 ,72.55139056831923,0.19883745455354562,37,29.101995565410203,0.371719446543728,8
slp41,292,0,2 ,80.40739748056822,0.1566498005105656,41,18.201122402548158,2.4744586781758953,9
slp41,293,0,1 ,66.43598615916956,0.13052867261640255,33,24.70799640610961,0.40935765041148703,12
slp41,294,0,1 ,73.35475757999161,0.1688126506527522,36,16.432953549517965,2.3668935252773835,6
slp41,295,0,1 ,69.30289441500203,0.1333414588066225,35,22.953328232593726,0.8972781062747491,9
slp41,296,0,1 ,64.56539850041655,0.12387459672103547,32,22.519141270079565,0.9172156998220211,11
slp41,297,0,1 ,81.57715839564922,0.21427494020533527,41,10.247651579846284,5.925773789135053,5
slp41,298,0,1 ,64.78607099473614,0.15925760382160722,33,20.519835841313267,0.31195441262395307,10
slp41,299,0,2 ,82.66740148801321,0.1977188913584132,41,17.81472684085511,2.046021505263324,9
slp41,300,0,2 ,62.621764542165316,0.08156295455386321,31,21.466051836539993,0.7953280866611582,10
slp41,301,0,2 ,68.77022653721683,0.15756310319325803,35,33.527045149754144,0.3103195772103332,6
slp41,302,0,2 ,84.99730167296276,0.2490503687365278,43,17.87842669845054,3.7663982036650645,8
slp41,303,0,2 ,66.55909640984268,0.1857174606939573,34,25.84721424468696,0.5438929633260166,13
slp41,304,0,2 ,71.49666348903719,0.2422632334583898,36,22.87166454891995,0.5146256460336538,7
slp41,305,0,2 ,80.39027071595439,0.24270225371413923,40,16.27654627189583,1.461949941910824,8
slp41,306,0,1 ,69.51069919585662,0.19121845692792364,35,15.998781045253695,2.559183670865475,8
slp41,307,0,1 ,79.88529291274067,0.2271977998059981,40,23.784355179704015,1.1819832674130561,10
slp41,308,0,2 ,69.64964119881807,0.26178838214251104,34,22.983702465524445,0.5540994928114302,12
slp41,309,0,1 ,76.24673718917434,0.3049141995734767,38,22.59716782163302,0.5156395640367406,11
slp41,310,0,1 ,95.19867549668874,0.23864931838256156,47,24.16520210896309,0.645985850470631,12
slp41,311,0,1 ,72.67833109017498,0.22586973193075066,37,20.50736746164363,0.6738786204219038,10
slp41,312,0,1 ,78.34471675371636,0.24449440646546378,40,20.157903578027888,0.7765859578951964,9
slp41,313,0,2 ,75.98142676234697,0.21299426179020775,37,23.02025782688766,0.6340781024448015,11
slp41,314,0,2 ,76.90232056125203,0.2722088166999678,39,22.08805772345752,0.5841272464112592,11
slp41,315,0,2 ,76.6850531413965,0.2689261913590641,39,23.592324630386912,0.8047176896278594,11
slp41,316,0,2 ,82.40626287597858,0.2696805332240353,41,25.337837837837842,0.6502877684673007,12
slp41,317,0,2 ,69.79608594498426,0.21265905913580535,35,21.90491643680026,0.37539325881724633,10
slp41,318,0,2 ,87.51215446589804,0.2563272603510851,43,24.597495527728086,1.0444754308358979,12
slp41,319,0,2 ,69.04020576688778,0.17934340066844334,35,18.627755355479664,1.4170924458199612,9
slp41,320,0,1 ,72.29413384742496,0.2825279700800454,36,25.160109789569997,0.5520416800649436,12
slp41,321,0,1 ,77.9114270092947,0.22757992112358016,39,26.211278792692607,0.48081473554515297,12
slp41,322,0,1 ,79.82075339588292,0.2331737668353072,39,25.10460251046025,0.38080791308304857,13
slp41,323,0,1 ,61.5090213231274,0.1256268902566467,31,19.241733181299885,0.24244760156820047,10
slp41,324,0,1 ,76.53061224489797,0.21895081516052747,38,26.94207453973956,0.5837993376723433,13
slp41,325,0,1 ,71.0996749729144,0.231239118221633,36,23.497579037311308,0.3641788680495949,12
slp41,326,0,1 ,79.5593635250918,0.2635954104948055,40,23.488881929220167,0.5680315484196279,11
slp41,327,0,1 ,77.256709135267,0.2246016849836771,39,22.138406034765495,0.4806592181063599,10
slp41,328,0,1 ,75.98576122672509,0.29065660535279114,38,16.682554814108673,1.6022533112680366,8
slp41,329,0,1 ,88.9532478278858,0.2498029336872273,44,24.63789756607436,0.521203692673218,12
slp41,330,0,1 ,85.35428803685137,0.2529476656187009,43,17.184942716857613,1.5557633732253073,8
slp41,331,0,2 ,72.52382925818483,0.22906215892866555,36,23.324521847302133,0.39824193651598266,11
slp41,332,0,2 ,78.53403141361258,0.25418435083719515,39,22.09131075110457,0.630177117959705,11
slp41,333,0,1 ,75.56160653505788,0.27495473297666173,38,21.349274124679763,0.6355575819703514,11
slp41,334,0,1 ,90.75907590759077,0.28171986554843464,45,21.72863351038146,1.309295315130327,10
slp41,335,0,1 ,76.95507487520798,0.2522896291485142,38,23.554603854389722,0.4932263155460254,12
slp41,336,0,1 ,64.39551308683008,0.2238246675185787,32,17.431725740848346,1.9029335248505133,9
slp41,337,0,2 ,89.30987821380245,0.22613263130771014,45,25.557620817843866,0.30354250046208825,12
slp41,338,0,1 ,60.72874493927125,0.1632731862043898,31,19.357960961445396,0.5951518713740215,9
slp41,339,0,1 ,95.0806118230674,0.24993242186828257,47,24.988641526578828,0.4330831233557101,12
slp41,340,0,2 ,74.41673370876912,0.2669508152540311,38,21.80232558139535,0.32644073819846003,10
slp41,341,0,1 ,74.85837604531967,0.2126900576618375,38,20.629190304280556,1.1056119346316773,9
slp41,342,0,2 ,83.75209380234507,0.19558895674347263,41,25.28735632183908,0.4762575870851805,12
slp41,343,0,2 ,89.51580089515801,0.24475649899778534,45,18.770856507230256,1.446202007644015,10
slp41,344,0,R ,70.19958706125259,0.3901670478904076,35,22.465178972592483,0.7071249960226267,11
slp41,345,0,R ,97.54775775640158,0.2808561192536531,49,24.13515687851971,0.8053426599901437,11
slp41,346,0,R ,78.21075740944018,0.19015817879857,39,22.388059701492537,0.3885563022265886,11
slp41,347,0,R ,76.55172413793102,0.24233092575004161,38,22.51914127007957,0.5718865621781999,11
slp41,348,0,R ,61.56792994937748,0.1766215791522152,31,29.545454545454547,0.4555095462727012,14
slp41,349,0,R ,88.01341156747695,0.2735880014873151,43,19.64779508077427,1.76180221981027,10
slp41,350,0,R ,61.95786864931846,0.06663212438456395,31,18.808777429467085,0.40026491227685695,9
slp41,351,0,R ,76.91269734178923,0.2663634032743201,39,23.76152073732719,0.4479223663549206,12
slp41,352,0,R ,61.0440639910188,0.10865394127056155,30,21.666907410082334,0.7053102579716248,11
slp41,353,0,R ,66.80161943319838,0.33865772964933144,34,25.056947608200453,0.43819886801985725,12
slp41,354,0,R ,86.21869440262762,0.18592059358818055,43,23.55897596984451,0.3193495890086599,11
slp41,355,0,R ,66.07929515418503,0.2776274482107272,33,25.333947489636113,0.6374847267656725,12
slp41,356,0,R ,72.9673384294649,0.19465846595344097,36,22.27502227502227,1.4127105294433109,11
slp41,357,0,R ,65.08958566629339,0.28501832644584374,32,27.908973808501504,0.3859840264040123,14
slp41,358,0,R ,71.46746528723114,0.24038021583163893,36,16.08455882352941,1.3739999702937942,8
slp41,359,0,R ,64.91693424542788,0.10295221808760183,32,28.544243577545192,0.4576754932731893,15
slp41,360,0,R ,72.43460764587526,0.1866889867608097,37,22.990107287167337,0.8139124163493289,12
slp41,361,0,R ,74.05840033855269,0.12480052328514052,36,18.87320005592059,1.5126415779059745,10
slp41,362,0,R ,67.93851221520724,0.11882151657311323,34,20.904304738309072,0.9797017434774927,10
slp41,363,0,R ,72.77628032345012,0.122113891384788,37,23.232892143058294,1.097630204629821,12
slp41,364,0,R ,63.611491108071135,0.11975208522055981,32,23.975588491717527,0.7314131233610683,12
slp41,365,0,R ,70.862859524802,0.24529208632252436,35,20.551967116852612,0.9595270944053427,8
slp41,366,0,R ,56.527590847913864,0.1507740572065719,29,25.817555938037863,0.8409359864658744,13
slp41,367,0,R ,71.05043187517414,0.34872239382993103,35,19.593613933236572,1.631565422652448,10
slp41,368,0,R ,62.26650062266502,0.2709575120444778,31,20.598736610821206,1.1077830834599345,11
slp41,369,0,R ,79.54854500951863,0.10112716491897535,40,25.19468621163536,0.807009785187534,12
slp41,370,0,R ,82.67240220459739,0.14422488883816387,42,23.470505398216247,0.6840197657962817,11
slp41,371,0,R ,84.31477516059957,0.05087283510355918,43,17.02127659574468,0.9432364496773861,9
slp41,372,0,R ,76.98709945900958,0.05913622213537249,38,25.57181417815031,0.5444421201764447,13
slp41,373,0,R ,66.84672518568534,0.14077513345823423,34,21.246458923512748,0.5721942172219344,10
slp41,374,0,R ,56.611685770198505,0.19663082605692803,28,26.599674892862424,0.3407382507960554,13
slp41,375,0,R ,83.7190307650422,0.2614345451844953,42,19.940915805022158,0.7122440974279728,10
slp41,376,0,R ,74.77768795472917,0.12668056258917895,38,24.314765694076037,0.5263512951921114,12
slp41,377,0,R ,76.41470466749277,0.14474541263100868,38,24.122807017543856,0.7394107101923176,12
slp41,378,0,R ,73.97260273972603,0.034719333213145534,37,24.80457005411906,0.5733831742062282,12
slp41,379,0,R ,72.8744939271255,0.12247993032874135,37,18.732438339057136,1.7769960607722237,9
slp41,380,0,R ,68.92230576441102,0.1874894891452449,34,22.54283137962128,0.4611262733785617,11
slp41,381,0,R ,66.98240866035184,0.1676994118822073,34,20.83622725378525,1.1614369720307685,11
slp41,382,0,R ,75.34533277521976,0.1266469282866523,37,29.730141789906995,0.5029160881459017,14
slp41,383,0,R ,68.5785536159601,0.08600083284880854,34,26.395776675731884,0.4105874847637566,12
slp41,384,0,R ,78.74545699286581,0.23268840711571487,40,27.981058975462762,0.5776908122483974,14
slp41,385,0,R ,68.3096705062952,0.06955399187298401,35,21.987686895338612,0.5752127954070563,11
slp41,386,0,R ,73.35959788072273,0.08132506029569708,37,20.411248866041728,0.9981697819410518,10
slp41,387,0,R ,80.44554455445545,0.09478221689248072,40,22.26510316164465,0.7042387095296593,11
slp41,388,0,R ,70.96512570965126,0.07917913557373611,36,21.057557323350494,0.6109198892744541,10
slp41,389,0,R ,76.63628831814415,0.0382837050781,38,25.836084397875698,0.460238947601014,13
slp41,390,0,R ,77.72020725388602,0.06023113375725392,39,22.026431718061673,0.8799018127041222,11
slp41,391,0,1 ,71.72131147540983,0.09173448820662058,36,24.268274746286224,0.17831089944112818,12
slp41,392,0,W ,69.1533948030176,0.14336345381514481,34,20.636792452830193,0.7617436496322775,8
slp41,393,0,1 ,71.76052487698196,0.09756104943750318,36,21.435376309939663,0.9619734859414375,10
slp41,394,0,1 ,64.76323119777159,0.08371180928356273,32,19.976324356318436,0.8887193171588867,10
slp41,395,0,1 ,66.94617257235596,0.1531343300787531,34,23.434171282488286,0.6421134525536848,12
slp41,396,0,1 ,78.36570663094439,0.13873484896339774,40,23.562676720075398,0.6817628913339299,11
slp41,397,0,1 ,71.41856882789526,0.12110660464475634,35,19.681810726586846,0.6505949200539457,9
slp41,398,0,1 ,67.7989316531982,0.0927742404322825,34,22.529288074496844,0.3755392922185374,11
slp41,399,0,1 ,71.87842278203725,0.08390346250547806,36,22.0978196817914,0.8384572499537469,11
slp41,400,0,1 ,77.92207792207792,0.1700693357056716,39,18.44167819271554,1.0066855268652668,9
slp41,401,0,1 ,71.33152173913044,0.11503468864580257,36,18.677042801556418,1.2924557052371273,9
slp41,402,0,1 ,102.72565401999728,0.15234590115917132,51,18.527667984189723,1.8762014390784376,6
slp41,403,0,1 ,70.91719573146023,0.11992520117786343,36,20.962732919254655,1.1705939402027956,10
slp41,404,0,1 ,71.5844014180529,0.18092926569152232,36,21.607605877268796,0.69285219202944,11
slp41,405,0,1 ,85.15815085158148,0.1754875036735614,43,19.565217391304348,1.1736681340519086,10
slp41,406,0,1 ,66.65740869323706,0.05824503734224917,33,12.386457473162677,1.2784790964266879,6
slp41,407,0,1 ,75.91300779647108,0.10577470993689941,38,13.073794305636259,2.8666353486661365,7
slp41,408,0,1 ,73.17073170731709,0.20837999477450378,37,13.508645533141209,1.855409561255951,6
slp41,409,0,W ,68.15365551425032,0.1368577713788182,34,10.53740779768177,0.5127221469763131,5
slp41,410,0,W ,83.50305498981669,0.20906809458572614,42,13.023094287202637,0.2781124952245045,6
slp41,411,0,W ,73.94221552786526,0.17051334982673877,37,9.505703422053234,1.6640312497065672,5
slp41,412,0,W ,77.64609726195343,0.027466423723028887,39,9.206690194874941,0.7149678314441847,5
slp41,413,0,W ,71.00351636461997,0.12866734200238686,36,8.853039543576628,0.6564740834353037,4
slp41,414,0,W ,67.90123456790123,0.0889227850890253,34,9.737098344693282,1.0679868913053197,5
slp41,415,0,W ,67.31030731574653,0.06402364117992447,34,14.299332697807436,1.3715486137939115,6
slp41,416,0,W ,77.9967159277504,0.03190915081629681,39,8.639308855291576,4.274865494960046,5
slp41,417,0,W ,69.7292863002461,0.050891022722790974,35,13.39764201500536,2.0414921601612877,6
slp41,418,0,W ,72.27948065854638,0.05258209337036589,37,10.43115438108484,0.8927261618211939,6
slp41,419,0,W ,74.12491420727522,0.05859960392568291,37,13.134851138353767,1.11940555653436,6
slp41,420,0,W ,78.20002743860613,0.03324999739653835,39,17.288575133266104,1.5161067739443683,9
slp41,421,0,W ,68.18181818181817,0.07851963660978911,34,10.714285714285715,1.1250742197739667,5
slp41,422,0,1 ,70.94594594594594,0.06303041054174743,36,7.738607050730868,2.6837234499023097,4
slp41,423,0,W ,65.48431105047749,0.08032395346345947,33,12.126111560226352,0.5137657053560504,6
slp41,424,0,W ,71.43829092393523,0.13007772872480547,36,14.191106906338696,0.5240966831924558,7
slp41,425,0,W ,71.60392798690673,0.06073358348776488,36,12.09677419354839,2.2436156533595497,6
slp41,426,0,W ,69.90131578947368,0.1319290991299184,35,12.052064920456374,1.0077097994958666,6
slp41,427,0,W ,70.36423841059603,0.1262508076646885,35,10.530010530010529,1.797047578668968,5
slp41,428,0,W ,63.43792633015006,0.08892672567356706,32,10.668563300142248,0.9423162950941681,5
slp41,429,0,W ,74.43142660234321,0.18579914151484747,37,10.992232155943134,1.9079095995355753,6
slp41,430,0,1 ,72.95325587679005,0.10502604027479313,37,19.956760352569432,0.9547752353302845,9
slp41,431,0,1 ,69.51069919585662,0.14557885887809788,35,12.175324675324676,2.096409120377032,6
slp41,432,0,W ,67.53990994678674,0.16442181861073582,34,8.820070560564483,0.5455011966582252,4
slp41,433,0,W ,71.1960943856794,0.16388922092283517,36,11.057054400707653,2.209125220534137,6
slp41,434,0,W ,67.52004501336334,0.1768024586226108,33,8.422234699606962,1.376,3
slp41,435,0,W ,86.98053292834462,0.24315576411753595,43,13.711151736745888,0.5515766492519422,6
slp41,436,0,W ,72.36665773251138,0.1393719599125898,37,13.04631441617743,1.7334875251930717,5
slp41,437,0,W ,82.81573498964804,0.2513295645163935,41,5.966587112171837,3.6079999999999997,3
slp41,438,0,1 ,70.93635995135793,0.04519765209722781,36,19.553527782304055,1.1203257338827846,9
slp41,439,0,W ,86.00195776814432,0.19805488396218118,42,12.612991381122557,1.6547492257136729,5
slp41,440,0,W ,66.43403569990605,0.03363630903626473,34,8.341056533827619,0.9282892269594046,4
slp41,441,0,W ,97.47139426472664,0.18650698228844956,47,12.161504783525213,0.4175248974612172,6
slp41,442,0,W ,92.44372990353699,0.2310707548821675,47,16.802688430148823,1.5668840260275831,8
slp41,443,0,W ,73.2421875,0.03901413663203194,36,13.009540329575021,2.042674325486077,6
slp41,444,0,W ,70.95553453169347,0.033659810711631426,36,13.164823591363875,1.6737648102406741,6
slp41,445,0,W ,70.09345794392523,0.05554436488599213,35,13.895321908290875,1.5029371244333545,7
slp41,446,0,W ,73.23026851098454,0.05180733538795448,37,10.942914462885282,2.0148496221802756,5
slp41,447,0,W ,74.05375754251234,0.05420491527072221,37,9.432479169941834,1.7088063085089547,5
slp41,448,0,W ,73.49938750510414,0.04216765479738126,37,14.093329157532104,2.1976322612201424,7
slp41,449,0,W ,72.98762685944669,0.034267804846234186,36,14.439274827530882,3.418657371282215,7
slp41,450,0,W ,66.26173384870238,0.08219945255292153,33,9.092746009294807,1.3124606237479617,4
slp41,451,0,W ,66.51437785541522,0.07808074274436352,34,10.445682451253482,1.9656876659327138,5
slp41,452,0,W ,66.82867557715674,0.07218891652754934,34,14.153168737222833,1.354001312981474,7
slp41,453,0,1 ,75.91300779647108,0.2035627735509337,38,18.39201261166579,0.6450616170536876,8
slp41,454,0,W ,66.57700067249496,0.15561408317815986,34,12.257405515832483,1.9021364304381536,5
slp41,455,0,1 ,76.46734637641224,0.20348639853824566,38,13.10997815003642,3.010760627408887,7
slp41,456,0,W ,68.41964046149718,0.2156119800742925,35,17.433751743375176,1.4118121121452387,6
slp41,457,0,1 ,69.79608594498426,0.04079639715417584,35,16.66296378582537,0.5433961354297616,6
slp41,458,0,W ,68.24762167379016,0.20739482492770941,34,8.615738081562318,1.1465007631920705,4
slp41,459,0,W ,81.85538881309687,0.22500088888713307,41,8.761682242990654,2.9827879575994003,4
slp41,460,0,W ,75.86112629852379,0.2576293564750535,38,9.937065253395163,0.6699999999999999,3
slp41,461,0,W ,86.20689655172414,0.2396775611802935,43,15.943312666076174,0.7129671957546311,7
slp41,462,0,W ,75.52047897673152,0.20751367543624835,38,11.733416770963705,1.6432798422666786,6
slp41,463,0,1 ,66.70260072766473,0.1426052235033191,34,8.437631837997468,2.7773388342080265,5
slp41,464,0,W ,70.69586914333242,0.13437251325453098,35,15.075376884422113,1.2160710505558465,6
slp41,465,0,2 ,74.80792559644156,0.13551462391334543,38,18.257694314032342,0.33261462655138657,8
slp41,466,0,2 ,70.69754915162942,0.15501811349066302,36,18.645121193287757,0.2803854489805061,9
slp41,467,0,2 ,70.8502024291498,0.06661494592363011,36,19.817968291250732,0.4225949232253061,10
slp41,468,0,2 ,73.07171853856563,0.02574423104500821,37,23.25909219058359,0.21121607752479146,12
slp41,469,0,2 ,69.33115823817292,0.037219632427823425,35,21.243449936269652,0.1957668000453601,11
slp41,470,0,2 ,71.09967497291441,0.057295111448694876,36,20.51983584131327,0.30289858955689375,10
slp41,471,0,2 ,65.43075245365323,0.06154673021371647,33,19.395506707612736,0.30965101323909805,9
slp41,472,0,2 ,69.79608594498426,0.06064257985400589,35,21.357380161366873,0.2099566092738635,10
slp41,473,0,2 ,65.07592190889372,0.05261178575186362,33,19.173412867490413,0.5197401059931567,10
slp41,474,0,2 ,72.9369269241456,0.10739914490595635,36,21.686746987951807,0.31425396665047145,10
slp41,475,0,2 ,71.07080005414917,0.03545547365703775,36,22.938968441540382,0.2662300006068822,12
slp41,476,0,2 ,72.55139056831922,0.04276421141302359,37,22.143489813994684,0.2106614345341833,11
slp41,477,0,2 ,68.89099013913278,0.034221545652574084,35,21.513944223107572,0.2552473503810435,10
slp41,478,0,2 ,71.45773785218456,0.04217375138782948,36,20.756457564575648,0.2097193892376721,10
slp41,479,0,2 ,71.16941110801004,0.11013172358495252,35,20.87198515769944,0.21361647876509904,10
slp41,480,0,2 ,72.82535401213757,0.041424481340398056,37,21.802325581395348,0.34998514254179414,11
slp41,481,0,2 ,73.30980179201738,0.019939414407488986,37,21.745433458973615,0.31281841378026326,11
slp41,482,0,2 ,69.07761072734661,0.03921743133372234,35,21.984464311886267,0.14095729849851688,11
slp41,483,0,2 ,69.64358869315855,0.03189710967370449,35,21.68256721595837,0.1407272539346945,11
slp41,484,0,2 ,69.2276367585177,0.04154340707356917,35,21.36752136752137,0.2580749245212845,10
slp41,485,0,2 ,69.63407973784818,0.04296228328973134,35,22.00488997555012,0.32455644946432494,10
slp41,486,0,2 ,70.44198895027624,0.059684986201344395,35,20.601565718994646,0.2860011188789302,11
slp41,487,0,2 ,68.73315363881403,0.06314173653561934,35,20.55107322271274,0.29881808331086696,10
slp41,488,0,2 ,69.66261439694031,0.05146073855335491,35,20.70107645597571,0.23059713788336578,11
slp41,489,0,2 ,70.15130674002752,0.023069625321117553,35,20.161290322580648,0.16861263956839723,10
slp41,490,0,2 ,70.15130674002751,0.04888854636208694,35,21.103642332343284,0.20217288775503467,10
slp41,491,0,2 ,72.93354943273906,0.10408116490935758,37,21.425510641336952,0.24359605908142276,11
slp41,492,0,2 ,72.54387177007047,0.10449589778101927,36,20.0,0.2025087103750794,10
slp41,493,0,2 ,69.35944512443899,0.03891842235517671,35,20.352781546811396,0.2723788211704835,10
slp41,494,0,2 ,71.29277566539923,0.031658174299855006,36,22.06206795116929,0.19064060427936125,11
slp41,495,0,2 ,75.81967213114754,0.019430007742575715,38,21.75805047867711,0.2935694807026098,11
slp41,496,0,2 ,69.1900691900692,0.047978224587848985,35,20.730958230958233,0.3505227137283776,10
slp41,497,0,2 ,69.85344473359815,0.033959267275812,35,22.358026531524818,0.3304273596420249,11
slp41,498,0,2 ,68.50235057085293,0.02400951368530494,35,21.62075592568866,0.15492825898492096,10
slp41,499,0,2 ,69.17272219116825,0.02224102051552683,34,21.19974874371859,0.25434961842916476,10
slp41,500,0,3 ,69.04955320877336,0.05100457948094154,35,21.279949558638084,0.2857594602735008,10
slp41,501,0,3 ,68.86308398595733,0.048414587867078876,35,22.174770039421816,0.13994425698015753,10
slp41,502,0,3 ,70.50041470832181,0.048264553535982094,35,19.270916974466033,0.12545816035635143,9
slp41,503,0,3 ,71.84891200218968,0.10964497810884818,36,21.714653369792504,0.2863581457795832,10
slp41,504,0,3 ,71.67235494880546,0.03274240837388796,36,20.131225767968978,0.1921151917823789,10
slp41,505,0,3 ,67.16417910447763,0.04386941135375824,34,19.5964581216432,0.1290252152598069,10
slp41,506,0,3 ,70.0164744645799,0.06626193174527828,35,19.598236158745713,0.1126399129971256,9
slp41,507,0,3 ,69.54861584617483,0.051350886017766904,35,20.642201834862384,0.16681060451235638,10
slp41,508,0,3 ,69.42553770759596,0.029900874297201164,35,19.96450754214729,0.2619380758033386,10
slp41,509,0,3 ,70.26729126481125,0.03535680707061052,35,20.881670533642694,0.14752476251651972,10
slp41,510,0,3 ,69.60556844547564,0.02901115404156702,35,20.092275636255394,0.232605425453959,10
slp41,511,0,3 ,72.0658888126287,0.037888773847585364,36,20.82176568573015,0.27926875944151003,11
slp41,512,0,2 ,73.09941520467837,0.030564965939080348,36,21.25314861460957,0.36008284369154225,10
slp41,513,0,2 ,71.47719537100068,0.033097505917503565,36,21.20307837286006,0.2784280388888773,10
slp41,514,0,2 ,67.59524784924211,0.032680100683998126,34,20.182388996860517,0.2699516188934786,10
slp41,515,0,2 ,69.64358869315855,0.048516968101599535,35,20.026702269692922,0.23626726862225803,10
slp41,516,0,2 ,73.7402703809914,0.15007664708408167,37,20.27027027027027,0.18217451950137148,10
slp41,517,0,3 ,71.65279104681316,0.15350217973590302,36,20.065398335315102,0.2566596439635693,10
slp41,518,0,2 ,67.98516687268231,0.029522555228462734,34,20.618556701030926,0.25039009565076653,11
slp41,519,0,2 ,67.53069577080491,0.03676305887306328,34,19.973368841544605,0.3697620856713138,9
slp41,520,0,2 ,71.13962895801367,0.025761482473622414,35,19.986675549633578,0.2617021207403563,9
slp41,521,0,2 ,71.52588555858311,0.1185380331628733,36,19.04157410345922,0.20074610830598935,9
slp41,522,0,2 ,75.11165245635404,0.02731778733257857,38,20.113230035756853,0.2419533676119542,10
slp41,523,0,2 ,68.93190363459128,0.017805396361148345,34,20.224719101123597,0.17890531325567482,10
slp41,524,0,2 ,68.90029721696838,0.02784037544988057,35,19.043588658484975,0.146424041741785,10
slp41,525,0,2 ,67.1915297950319,0.06264497602458073,34,19.050642959199873,0.17801053339620104,9
slp41,526,0,2 ,69.83431466520608,0.11042071166232285,35,18.97133220910624,0.2293255812643287,10
slp41,527,0,2 ,67.46626686656671,0.04614251091056179,34,18.659617477841703,0.11722521059908564,9
slp41,528,0,2 ,71.10930516050385,0.11855489041290673,36,18.74414245548266,0.18130361276047424,9
slp41,529,0,2 ,70.55893746541228,0.1101447930341056,35,19.172391755871544,0.12157199513045752,9
slp41,530,0,2 ,69.93006993006993,0.02197859921672471,35,19.644935972060537,0.3226342193664101,10
slp41,531,0,2 ,69.42553770759596,0.036012300858856414,35,18.947368421052634,0.1510143481041895,10
slp41,532,0,2 ,70.44143298000806,0.11459022289738978,36,19.38610662358643,0.28078995708536303,9
slp41,533,0,2 ,69.33115823817293,0.03696589656224397,35,19.441244239631335,0.22122978389889236,10
slp41,534,0,2 ,70.85976515049265,0.02551004604032678,36,19.263698630136986,0.16880231699305026,10
slp41,535,0,2 ,71.36859781696053,0.024398082629300172,35,18.729514593413455,0.10931491206601224,9
slp41,536,0,2 ,70.29634734665748,0.025017917454728856,35,19.427255720247516,0.3109694915765179,10
slp41,537,0,2 ,63.961485557083904,0.1331809187834041,32,20.81406105457909,0.8201658368891013,10
slp41,538,0,R ,69.68165049870201,0.051803327837953675,35,24.958402662229613,0.257269579164806,12
slp41,539,0,R ,70.6024744486283,0.04975223510516069,36,25.66295979469632,0.4189399320507257,13
slp41,540,0,R ,72.85483000539665,0.07551175200826706,37,16.32208922742111,1.2696186154004787,8
slp41,541,0,R ,70.18026696023118,0.03465879158179111,35,19.357960961445396,0.792980296098207,9
slp41,542,0,R ,65.87976942080704,0.09041259591450741,33,17.038193951441148,0.6981230192451757,9
slp41,543,0,R ,71.48692810457516,0.10653390377274846,36,20.728968733805495,0.39958947683841733,9
slp41,544,0,R ,70.50041470832181,0.049696100673446486,35,14.551333872271623,1.3099036436148865,7
slp41,545,0,R ,75.29507529507529,0.021189189189189175,38,17.456359102244388,0.942991505577774,8
slp41,546,0,R ,71.06033161488088,0.048121098682472996,35,15.459363957597171,1.8423906386285518,8
slp41,547,0,R ,73.04206681996483,0.04049859012939999,37,17.258737235725587,1.0439127118681906,9
slp41,548,0,R ,73.4294261626326,0.026240106895295646,37,16.987542468856173,1.3842873359860763,8
slp41,549,0,R ,69.2404532102392,0.03665820087593029,34,22.11664482306684,0.5831920675509235,10
slp41,550,0,R ,75.1421608448416,0.02452315135785136,38,17.470881863560734,1.537836487154759,8
slp41,551,0,R ,75.49993198204325,0.040813925064637976,38,17.757483510908166,1.90694336035233,8
slp41,552,0,R ,70.69586914333242,0.032633012346543935,35,20.849420849420852,0.4948772637461126,10
slp41,553,0,R ,72.33397630201158,0.02127556805160244,36,21.263191053709246,0.368439887386374,10
slp41,554,0,R ,72.54387177007047,0.03497703036367187,36,21.1433046202036,1.1826074560316826,10
slp41,555,0,R ,72.48322147651007,0.027259158614951064,37,13.372956909361069,4.0050399359917614,7
slp41,556,0,R ,74.85837604531966,0.05082116053304462,38,16.783887468030688,1.0353626595230745,8
slp41,557,0,1 ,77.2148469249526,0.11433168446245406,39,16.810758885686838,1.1222644746317187,8
slp41,558,0,1 ,67.36526946107784,0.0664505588214032,34,21.686746987951807,0.6675194545646009,10
slp41,559,0,1 ,68.97032186150203,0.12315891173206522,34,16.93548387096774,0.4066179071917266,8
slp41,560,0,1 ,72.23445239405613,0.028396263048190686,36,19.410496046010064,0.23676920053289804,10
slp41,561,0,1 ,73.55946056395587,0.03759875884476328,37,14.08891671884784,1.1344935238050307,7
slp41,562,0,1 ,66.11570247933885,0.09680779927257928,33,21.80232558139535,0.6486219237737806,11
slp41,563,0,1 ,65.95218466611706,0.02805240631389757,33,21.875,0.5449098034331471,8
slp41,564,0,W ,77.39307535641548,0.04631112416694988,39,13.496490912362786,0.4973182482073224,6
slp41,565,0,W ,67.33777717317372,0.12366143536639816,34,20.664319608143273,0.8760059755137531,10
slp41,566,0,1 ,67.32861806311209,0.21818370369555645,34,16.749082788323495,0.9893116964097116,8
slp41,567,0,1 ,69.64358869315855,0.02711222352297692,35,16.762117614191926,0.7962347329776566,9
slp41,568,0,1 ,72.75666936135812,0.19742903084962513,37,19.19692849144137,0.7478260158619784,9
slp41,569,0,1 ,66.6851903306474,0.039483382580523675,33,19.81505944517833,0.5912156966793085,10
slp41,570,0,2 ,69.77698727596115,0.039757917972681765,35,21.29471890971039,0.7070348223390415,11
slp41,571,0,2 ,67.0953312831982,0.12215947568649758,33,18.298261665141812,0.6083642001301522,9
slp41,572,0,2 ,65.164268259571,0.03722146558103266,33,17.491254372813593,0.34013010715889047,8
slp41,573,0,2 ,74.59593866556155,0.198560094457852,37,18.140589569160998,0.46052768646412556,9
slp41,574,0,2 ,70.14165864392793,0.108244309087485,35,18.34488381573583,0.306944801407535,10
slp41,575,0,2 ,64.94385062914355,0.03562982423476152,33,17.465069860279442,0.3463074014896744,8
slp41,576,0,2 ,69.1900691900692,0.12014414641152941,35,17.381228273464657,0.20871990801071183,9
slp41,577,0,2 ,68.63560732113145,0.02311690257307418,34,18.867924528301888,0.3632960225491053,9
slp41,578,0,2 ,65.63653767263777,0.028965226997211668,33,17.462165308498253,0.41165519552168894,9
slp41,579,0,2 ,68.77865777407253,0.024268470855947043,34,18.6075360521011,0.21385450661606364,9
slp41,580,0,2 ,66.53225806451614,0.12831057363204765,34,17.98561151079137,0.3647135862563939,9
slp41,581,0,2 ,72.34726688102893,0.14821905710430386,37,19.788918205804748,0.27668513994551036,10
slp41,582,0,2 ,69.85344473359814,0.07003400064022289,35,19.255455712451862,0.37746758506894046,10
slp41,583,0,2 ,66.55014788921753,0.07942178554002342,34,18.323408153916628,0.24526669158285644,9
slp41,584,0,2 ,64.93506493506494,0.08206095295571457,33,18.79993733354222,0.29322644832961436,9
slp41,585,0,R ,67.74325988777885,0.1418801211540787,34,18.072289156626503,0.3868229569195705,9
slp41,586,0,R ,71.27882599580714,0.19137199051670353,35,18.679950186799502,0.537602910045034,10
slp41,587,0,R ,67.74325988777885,0.1274763162432084,34,20.408163265306126,0.48878261471173917,10
slp41,588,0,R ,67.88261108063632,0.11504722550109785,34,18.278750952018278,1.1043820670402071,9
slp41,589,0,R ,68.36072365695345,0.035912760329075644,34,20.90009753378849,0.47556972149202265,11
slp41,590,0,R ,66.16126809097175,0.048085698237625714,33,20.53544265287496,0.5702213561957571,10
slp41,591,0,R ,73.5795067447881,0.2509752582365712,37,23.194680686562545,0.5232178896024103,11
slp41,592,0,R ,76.42522721013496,0.19159788668619246,38,25.765817348983678,0.5474518751046119,13
slp41,593,0,R ,70.46979865771813,0.026275774518187137,36,21.256495040151155,0.4156921938165305,10
slp41,594,0,R ,68.714632174616,0.06748266469695811,35,15.395894428152491,0.4509987103470407,8
slp41,595,0,R ,68.41964046149718,0.15659932784328565,35,16.1339889366933,0.4071235083121684,8
slp41,596,0,R ,68.51155292853305,0.20301246829625277,35,22.831050228310502,0.4284941921744946,12
slp41,597,0,R ,71.1864406779661,0.19820813632674733,36,18.140589569160998,0.8772261681003367,9
slp41,598,0,R ,73.89162561576354,0.181196026446498,37,21.03786816269285,0.41499451134255305,10
slp41,599,0,R ,78.09288943690916,0.25043016730829565,39,21.907404702789545,0.35635510379395435,11
slp41,600,0,R ,91.31493506493506,0.2959836632128349,46,22.232103156958647,0.8794762987141836,11
slp41,601,0,R ,95.81407991301982,0.26278742611927236,48,21.297742439301434,0.7169469715397366,11
slp41,602,0,R ,101.59848279599024,0.2512480973062284,51,23.31496396778296,0.43135059851931945,12
slp41,603,0,R ,100.92854259184497,0.2627082214168411,51,24.487978628673194,0.28120966561101324,12
slp41,604,0,R ,101.42127777011177,0.25379052252027895,50,25.072177480626046,0.4793543867528215,12
slp41,605,0,R ,95.7801221543587,0.23600217870898466,47,19.844186388358075,1.4205544387950244,10
slp41,606,0,R ,72.61410788381744,0.15242432716008322,36,17.177211565989122,0.3037153272391764,9
slp41,607,0,R ,76.61290322580646,0.2754031042056247,39,13.990362194932379,0.3664126392773894,7
slp41,608,0,R ,95.19308668647042,0.29287219744801013,48,4.337140378776927,12.314,3
slp41,609,0,W ,110.550020472226,0.2491417256328276,55,17.158544955387786,0.8956835155343655,6
slp41,610,0,W ,96.39844691391085,0.23659070083632244,49,17.918088737201366,1.8257791180082827,8
slp41,611,0,1 ,84.36213991769547,0.3924260696068485,42,18.386859524393234,1.2008620903334406,6
slp41,612,0,1 ,88.9956208504026,0.36350275024146184,43,16.556291390728475,1.0247315095509977,7
slp41,613,0,1 ,87.41021818674618,0.34289616250188354,44,18.96034128614315,0.7204011035527362,9
slp41,614,0,1 ,91.9476177208136,0.3191244737591683,45,18.430753027909425,0.4471493381547656,8
slp41,615,0,1 ,94.94977294619513,0.3043001826062803,47,18.99635903118569,0.5802031971645795,9
slp41,616,0,2 ,106.17626648161,0.24176226005791762,52,18.945374171139882,0.3693873305894505,9
slp41,617,0,1 ,100.91995056982014,0.2849265642618711,50,18.301052310507853,0.3945424565240096,9
slp41,618,0,W ,112.12976022566995,0.22973341927160768,54,22.780615766947395,0.7328556621106255,12
slp41,619,0,W ,117.45646010530581,0.21075235818462507,59,17.059301380991062,1.0777218602975747,8
slp41,620,0,1 ,98.05285118219749,0.2968951265365582,48,20.294266869609338,1.1946404270741888,9
slp41,621,0,W ,123.72431147770165,0.17745215862585817,60,19.36039007600746,0.5850516490864421,10
slp41,622,0,W ,107.51961049499594,0.24966770083484294,54,18.532818532818535,0.6631559017305055,9
slp41,623,0,2 ,117.5834572239492,0.20101825213950686,59,26.223776223776227,0.7442436876901722,13
slp41,624,0,W ,119.42347288949895,0.19752948575031723,59,21.024762498053267,0.33380292847985676,10
slp41,625,0,1 ,104.21008753647352,0.2669512734564119,51,17.697623461992247,0.42552747579100136,8
slp41,626,0,2 ,124.8124403219206,0.17490945021733165,62,20.47005307050796,0.52678910906747,10
slp41,627,0,W ,114.31682090364727,0.22719370500046154,57,19.255455712451862,0.5866856057549051,9
slp41,628,0,1 ,106.72433035714286,0.2572729548902384,52,16.85122773230621,0.29038243607985925,8
slp41,629,0,1 ,115.36876802637002,0.2069099059583022,57,21.3857998289136,0.70351847168358,11
slp41,630,0,W ,108.73942811115586,0.2422370026071549,55,21.166509877704613,0.3239259174564456,10
slp41,631,0,2 ,113.59026369168359,0.21731927748671295,57,19.988155167308264,0.7586259183224742,10
slp41,632,0,1 ,120.68730396836222,0.1878868045049882,60,20.996640537513997,0.834768854234512,11
slp41,633,0,W ,114.81683980317113,0.22211892383705314,57,20.463847203274216,0.6128033942464743,9
slp41,634,0,1 ,103.43400910219279,0.26873033621085657,51,18.025751072961373,0.5932050614230792,8
slp41,635,0,2 ,115.54054054054055,0.20708452083352816,58,19.940915805022158,0.6618056855543768,10
slp41,636,0,1 ,108.31828912651022,0.24847657730147446,53,18.572976319455194,0.319686956255647,9
slp41,637,0,W ,121.22844827586206,0.1861739210762047,61,22.62443438914027,0.5591622304841413,11
slp41,638,0,W ,119.25976696367375,0.20789923700372276,59,18.351429882244993,0.7077314109180121,9
slp41,639,0,1 ,105.791401057914,0.2538495454318883,53,19.797624285085792,0.6948189212545477,10
slp41,640,0,1 ,115.12050626093982,0.20410518775879344,58,18.36547291092746,1.068433900622776,9
slp41,641,0,1 ,104.35138453144184,0.2709481891140074,52,18.015313016063654,0.30014621436893063,9
slp41,642,0,2 ,121.1631663974152,0.18312516666659082,61,21.32701421800948,0.41264889568628577,10
slp41,643,0,1 ,101.61224766291828,0.28600295383090013,51,18.75586120662707,0.5608413322857009,9
slp41,644,0,W ,117.59042772658506,0.20064879684101214,58,18.936737270304388,0.6156173254206095,10
slp41,645,0,W ,121.47388311513023,0.19064031286401334,61,19.143117593436646,0.7778912362986256,8
slp41,646,0,2 ,102.27737624437475,0.2765369964398977,51,19.86426088395961,0.8799850851008783,9
slp41,647,0,W ,119.30439471555675,0.19026023998684174,60,19.392372333548803,0.3292962192312568,9
slp41,648,0,W ,107.27297260828497,0.26505761378584375,54,17.523364485981308,0.6923698433640795,9
slp41,649,0,1 ,108.7102402362099,0.24302475501493379,55,23.696682464454973,0.666704241365349,12
slp41,650,0,W ,117.47732893652102,0.201474087517241,58,20.366598778004075,0.5163990704871572,9
slp41,651,0,1 ,107.4740095532453,0.24623948795569178,52,16.445114430587914,0.5120095213958427,9
slp41,652,0,W ,117.63115197404001,0.20791940265972803,59,19.352064220183486,0.40342288568121426,10
slp41,653,0,W ,105.6910569105691,0.2606286437459022,53,19.398642095053347,0.3959583311410432,9
slp41,654,0,W ,114.45615982241954,0.21153007015200556,56,19.50585175552666,0.2115676933959646,10
slp41,655,0,W ,110.0992252276743,0.25747484328484244,55,18.74330596215637,0.41972352416167225,8
slp41,656,0,1 ,102.86654779865587,0.2678515290230765,51,24.410089503661517,0.799197097091825,13
slp41,657,0,1 ,107.62149722485448,0.2450860166785892,54,22.53944402704733,0.3888002057612624,11
slp41,658,0,1 ,100.418410041841,0.277573563822878,49,18.567228841095467,0.628917919922783,9
slp41,659,0,2 ,114.09210344350713,0.20762323155415854,56,21.607605877268796,0.3675118501490802,11
slp41,660,0,1 ,104.92387875462899,0.2816967756884961,52,16.191210485736313,1.2599988338187023,8
slp41,661,0,W ,108.04566458276705,0.23993173349737013,54,18.923465096719934,0.7114854570232307,10
slp41,662,0,W ,115.24214569899851,0.2175799055660298,57,23.685457129322597,0.3729667009265036,11
slp41,663,0,1 ,107.66522210184182,0.24629330400649063,54,22.812111157196185,0.693226162516025,12
slp41,664,0,1 ,116.81923760076513,0.19767470659540062,58,20.42205582028591,0.5463661775769068,9
slp41,665,0,1 ,105.39116335630321,0.2653389369830405,53,17.115960633290545,0.7962862236658375,9
slp41,666,0,1 ,105.22696011004126,0.2587842632127813,52,25.44333076329993,0.765903129191796,12
slp41,667,0,1 ,111.44744083654372,0.2240456547634463,55,20.27369488089204,0.8169882190093074,9
slp41,668,0,1 ,110.5241206728764,0.22992878616435392,54,19.438444924406046,0.6406801940992956,10
slp41,669,0,1 ,122.36573759347382,0.18199529908458867,61,19.97928074589315,0.7024345670506643,10
slp41,670,0,2 ,105.2124879658919,0.27704802998555567,52,19.887305270135894,0.8300668647765673,9
slp41,671,0,2 ,115.91648590021691,0.21768783011910356,58,21.330383946911045,0.4631401142549614,10
slp41,672,0,1 ,100.2941963091736,0.29231562120420457,51,20.48830459279495,1.0384766487504666,9
slp41,673,0,W ,127.04804221049709,0.17031483880168538,62,19.271948608137045,0.5132450140473306,10
slp41,674,0,2 ,102.82258064516128,0.28164073575551685,52,16.53543307086614,1.0303029869402298,8
slp41,675,0,1 ,113.15320257852144,0.2183984863568775,56,19.338203695745598,0.5643828487826326,10
slp41,676,0,W ,103.6197844708483,0.2804380116888579,51,20.66431960814327,0.8697083944392079,10
slp41,677,0,W ,112.79737489745693,0.22535885359258018,56,24.22907488986784,0.6840041563838726,12
slp41,678,0,W ,130.09892939422687,0.16929660316660225,65,19.377063298406775,1.6441675442546135,10
slp41,679,0,1 ,107.94353722668143,0.23763444652977983,53,18.107741059302853,0.2981539032110765,9
slp41,680,0,1 ,117.1875,0.20279035929886166,58,23.151396099340534,0.5593618560023674,12
slp41,681,0,2 ,100.62893081761005,0.2876565153674315,49,23.252208959851185,0.8335551811367978,11
slp41,682,0,2 ,115.99511599511601,0.20099144839238758,58,20.884900990099005,0.4712301736340849,10
slp41,683,0,W ,101.7915309446254,0.2807393210791819,51,19.590770570309097,0.5523702462016656,10
slp41,684,0,2 ,113.44884488448842,0.21491943983696474,56,23.812960023091357,0.7836761010806433,12
slp41,685,0,W ,115.86935899173328,0.22096321221217669,58,21.47629653197582,0.4378497402782471,10
slp41,686,0,1 ,95.66061278247606,0.3114059222192068,47,20.391517128874387,0.8655175561477653,11
slp41,687,0,2 ,117.52577319587628,0.19847082999803978,58,21.4081826831589,0.67672938953962,10
slp41,688,0,1 ,103.5883547731889,0.2633003439543705,52,20.92698806386607,0.7717956615645598,10
slp41,689,0,2 ,118.9995966115369,0.18857887615234623,60,22.821576763485474,0.5639654171450028,12
slp41,690,0,W ,126.63398692810458,0.1917426735539131,63,20.81085247417913,0.7041383141344453,10
slp41,691,0,W ,109.00282599919258,0.2479515086005406,55,19.452449567723345,0.5480484794272028,10
slp41,692,0,2 ,106.68855149774313,0.24432671646526546,53,19.97336884154461,0.43469120585128523,10
slp41,693,0,1 ,114.39267886855241,0.21930011588333984,56,21.95550351288056,0.5404584720401744,11
slp41,694,0,W ,113.13131313131315,0.21327618149206615,57,21.853146853146853,1.0348506365654901,11
slp41,695,0,W ,101.33765707336848,0.2824073540118954,51,21.496130696474637,0.45775731561603694,11
slp41,696,0,2 ,102.83640274230409,0.26855373827630125,52,18.49283402681461,0.7123634956958419,9
slp41,697,0,W ,110.46269278866193,0.22509350139811346,54,23.481527864746397,0.3934658307909341,11
slp41,698,0,1 ,103.69141435089173,0.2601631611124065,51,19.373587342589605,0.701643071653957,9
slp41,699,0,2 ,120.64900845929829,0.18351267990547138,59,23.14814814814815,0.5043110151483904,11
slp41,700,0,2 ,93.0546190155091,0.3185877746121549,47,24.61951656222023,0.7702487738086435,12
slp41,701,0,2 ,119.31342450460508,0.19791723151982377,58,19.80924431401321,0.3567745769606239,10
slp41,702,0,2 ,99.3103448275862,0.29567319609475745,49,22.992029429797675,1.0564623230385455,11
slp41,703,0,2 ,118.01410743353226,0.1918759508104272,59,21.624219125420467,0.40043087904017705,10
slp41,704,0,1 ,111.20097048119693,0.25396884301650174,56,23.44082966330445,0.9864676442859848,12
slp41,705,0,W ,105.53375727235829,0.25513318253101136,53,25.312895513992405,0.7870933165063015,13
slp41,706,0,W ,110.88295687885008,0.24577667269190984,55,20.815264527320032,0.6145044751667802,9
slp41,707,0,2 ,92.92400881057269,0.31621369864361754,46,19.976324356318436,0.940572770072826,10
slp41,708,0,W ,118.1904632522755,0.19223302595118658,59,24.736147757255935,0.5456803459902143,11
slp41,709,0,W ,101.5434606011373,0.2738233474340711,51,21.240441801189466,0.8205223702008374,11
slp41,710,0,W ,120.1792504073873,0.18781523495724564,60,23.85875616351201,0.4704926779451515,11
slp41,711,0,W ,100.91995056982014,0.2760735706470817,50,22.779043280182233,0.8352977912098175,11
slp41,712,0,W ,119.50549450549448,0.19998791877898658,59,20.331325301204817,0.6092115933172142,10
slp41,713,0,W ,100.30021834061135,0.2885811157915631,50,21.30009466708741,0.7754219560191362,10
slp41,714,0,2 ,112.85909712722297,0.21982773120095353,56,22.639956092206365,0.5362777126862227,12
slp41,715,0,1 ,105.7197072377338,0.25034825447905573,53,21.53007033156308,0.5314765846206209,11
slp41,716,0,1 ,103.30857528696826,0.25483191797851273,52,20.721094073767095,0.6518121201696084,11
slp41,717,0,1 ,116.26325809083492,0.19742978851023793,58,21.163191722840573,0.5015736224777296,10
slp41,718,0,1 ,102.12418300653596,0.28982603333724183,51,19.121813031161473,0.8716209392438867,10
slp41,719,0,1 ,112.96727372312748,0.21471495307588656,56,22.844958879074017,0.6619515390117316,11
slp41,720,0,W ,109.1791346542661,0.26828996658995563,55,24.648939348670453,0.5621552386989684,12
slp41,721,0,1 ,109.64004964832438,0.24191819182185093,54,18.453021682300477,0.481964469644807,9
slp41,722,0,2 ,110.77680525164112,0.2709385810061768,55,21.36413989555309,0.8685301902398238,10
slp41,723,0,2 ,98.81965413121054,0.29661979966879415,49,22.886786695148,0.6846340920520977,11
slp41,724,0,W ,117.52577319587631,0.2016780572624683,58,19.404915912031047,0.9838753308558288,10
slp41,725,0,2 ,88.611072949581,0.33717438792785964,44,17.16247139588101,0.38436887045054585,8
slp41,726,0,W ,113.929201139292,0.2105506749803806,57,19.57905041605482,1.126071822753771,9
slp41,727,0,W ,104.65116279069768,0.27909171074493766,52,25.030339805825243,0.6253158408567996,12
slp41,728,0,2 ,107.25849973016727,0.2727507909209874,54,21.89070861034539,0.7578819087788816,10
slp41,729,0,2 ,95.89227421109904,0.312512121630003,48,19.463667820069205,0.5144835598280411,10
slp41,730,0,2 ,103.42030552926862,0.2602453874107839,52,18.870891649630444,0.2698698760514038,9
slp41,731,0,1 ,108.98815931108719,0.23482229220481546,55,23.120397328309643,0.6499087875223457,10
slp41,732,0,2 ,107.29023383768912,0.2322452794406922,53,19.920318725099598,0.30217581343023175,10
slp41,733,0,1 ,110.87866108786612,0.2601751251822836,54,22.23869532987398,0.520514360993047,11
slp41,734,0,2 ,93.91588403429971,0.3075170273614166,47,20.080321285140563,0.5582958196352739,10
slp41,735,0,W ,121.10016420361248,0.18677706479477743,60,23.14021254713747,0.4643936176335388,10
slp41,736,0,2 ,89.0760944620909,0.33345117369003563,44,21.632535333141043,0.7099029792866065,11
slp41,737,0,2 ,113.39092872570194,0.21585274648070918,57,23.427516683231577,0.545842044175861,12
slp41,738,0,1 ,101.83299389002038,0.28057341285303566,51,18.75586120662707,1.4423518988097184,9
slp41,739,0,1 ,107.40842743045995,0.2427127261921412,53,23.700086182131567,1.0242818568704855,12
slp41,740,0,1 ,108.87428101889893,0.25204568799303956,54,21.03786816269285,0.9815543229434063,10
slp41,741,0,1 ,98.97656881228117,0.28717007544004,50,19.100169779286926,0.4005462936207666,10
slp41,742,0,2 ,109.93485342019544,0.25364970498604206,55,23.141005862388152,0.9255792564659172,11
slp41,743,0,1 ,107.78199566160522,0.25106052593438355,54,19.04627539503386,0.5851863478656992,10
slp41,744,0,W ,116.93548387096772,0.22018649537773674,59,21.73213135866066,0.8857705301593439,10
slp41,745,0,2 ,94.93670886075951,0.3172820746490684,48,17.98830760005996,0.2278371128679435,9
slp41,746,0,2 ,115.2895964864123,0.2094750971512619,57,21.168501270110077,0.43655450976939875,11
slp41,747,0,2 ,94.65020576131688,0.31648475655900954,47,20.093770931011388,0.3649328705392267,9
slp41,748,0,W ,116.73948661933368,0.19780993579362113,58,21.360759493670887,0.7071263354740704,10
slp41,749,0,W ,98.05256707067956,0.30924153406178945,49,25.133282559025133,0.7822221366558096,12
slp41,750,0,2 ,112.40632805995004,0.21872853686592011,55,25.11033328260539,0.6876622272911136,12
slp41,751,0,2 ,116.60635303578609,0.2290137153258996,59,20.46384720327422,0.8221143472777981,9
slp41,752,0,2 ,98.12108559498955,0.301132746040497,48,26.197060107699023,0.6820624767733688,13
slp41,753,0,1 ,122.55920232654756,0.2013554300056512,60,20.645358617525616,0.9970839458449466,10
slp41,754,0,1 ,93.89032521431488,0.33117255166937687,47,21.685701893884634,0.78422659990592,11
slp41,755,0,1 ,124.8465002046664,0.1811074653392633,62,19.46246524559777,1.1810827270615996,8
slp41,756,0,1 ,94.2622950819672,0.32458413119415186,47,19.173412867490413,0.5780365232597523,10
slp41,757,0,W ,111.51662611516626,0.22638711524822525,56,22.189349112426036,0.5424772806302584,11
slp41,758,0,W ,95.77503056649913,0.33263415793329576,48,22.67764152528137,0.847247278318015,10
slp41,759,0,W ,106.47181628392485,0.25374577001718623,52,21.51771625304834,0.6075984200111123,11
slp41,760,0,W ,113.23806956052846,0.26142025747904113,57,19.575856443719413,0.9868996909514156,9
slp41,761,0,2 ,101.53715978000282,0.28403607703169603,49,17.120495679112995,0.8045681818116309,8
slp41,762,0,W ,126.61674608577263,0.16868174690159318,63,18.38235294117647,1.3246614661867386,9
slp41,763,0,W ,88.48950473315956,0.32939394337129474,44,18.49283402681461,0.36033560745505006,9
slp41,764,0,2 ,102.47301543926767,0.26956544585684566,51,20.13422818791946,0.36922501420016374,10
slp41,765,0,W ,124.96585632340889,0.1764093112491641,62,20.86875869531612,0.9730004504331998,10
slp41,766,0,W ,109.65209151211589,0.23642821117578272,55,19.124521886952827,0.7306277361891547,10
slp41,767,0,W ,106.04380371499862,0.2536748744858379,52,19.6367206676485,0.604689796507267,9
slp41,768,0,W ,114.91108071135432,0.2364716404448827,57,17.296050735082158,0.6823100468262212,9
slp41,769,0,W ,105.10712841935049,0.25370041270814686,53,16.4576802507837,0.9948641995318778,8
slp41,770,0,W ,111.35105952220275,0.2517461032386952,56,17.386264850767894,0.7802198408141132,9
slp41,771,0,W ,104.95156081808396,0.2672237278200781,53,17.98830760005996,0.30666879528246754,9
slp41,772,0,W ,109.97371697330199,0.2343258039859681,54,19.249964351917868,0.6609535946804341,10
slp41,773,0,W ,104.88100040338847,0.26465012070757216,53,18.672199170124482,0.9487170284125821,10
slp41,774,0,W ,111.26373626373625,0.21923783679130934,55,19.782393669634025,0.4116491224331712,9
slp41,775,0,W ,113.9188069594035,0.21088910250109896,56,21.93623866627669,0.30735412800221174,11
slp41,776,0,W ,121.29934210526315,0.19436064352883933,60,23.88535031847134,0.7992778558856055,12
slp41,777,0,W ,113.8245033112583,0.2204414624046652,56,22.091310751104565,0.9962152377874974,11
slp41,778,0,W ,113.39092872570194,0.22088874288811974,57,25.884383088869715,0.6429961119633617,11
slp41,779,0,W ,112.45314452311537,0.23125220052339737,55,17.4679753784728,1.036562923260113,8
slp45,0,0,W ,86.90379951495554,0.18547064364439714,44,14.9402390438247,1.2242670110256644,8
slp45,1,0,W ,96.95663883652033,0.1834447388785577,49,15.718562874251496,0.9955919170554381,8
slp45,2,0,W ,79.23269391159297,0.024710624404266978,39,13.07531380753138,0.17067208324737806,6
slp45,3,0,W ,82.5503355704698,0.037567436884870804,42,15.688032272523532,1.0526275772211797,8
slp45,4,0,W ,102.60193133047211,0.1602527799429108,52,16.674606955693186,0.8728327796459581,8
slp45,5,0,W ,80.9279741030483,0.04793787646527536,41,13.178703215603585,0.4227786181916015,6
slp45,6,0,W ,80.56741495661754,0.028369312345767745,40,11.865211200759372,0.2002782065028544,6
slp45,7,0,W ,79.85257985257985,0.02907868669186878,40,15.477594339622643,1.0244673678332084,8
slp45,8,0,W ,81.57715839564922,0.044128788789179335,41,15.587885985748217,1.317049020518591,8
slp45,9,0,1 ,80.29096898160857,0.030204388132503358,40,11.971268954509178,0.1436885520840126,6
slp45,10,0,1 ,80.2029064984919,0.029232748471003694,40,12.596573731944913,0.5238833457936986,6
slp45,11,0,1 ,79.30052867019116,0.04082772774790682,40,12.615643397813288,0.46730546754772734,6
slp45,12,0,2 ,81.01539292465569,0.040155198916205136,41,13.11379863033659,0.7452048189741007,7
slp45,13,0,2 ,81.37800081378,0.03743140392771824,41,12.505210504376823,0.7790070603017665,5
slp45,14,0,1 ,77.63552165622446,0.06600260214798133,39,12.195121951219512,0.5580537608510494,6
slp45,15,0,2 ,79.05405405405405,0.034070430204690354,40,12.059816690786302,0.601855264993171,6
slp45,16,0,2 ,79.28780080678816,0.026767698729828447,39,12.415163052474755,0.28606460808705425,6
slp45,17,0,2 ,79.83078602620088,0.03320543510401687,40,12.118274357731462,0.08407234979468577,6
slp45,18,0,2 ,80.25792289751682,0.04265828320004546,40,13.005028611062945,0.36515947201188675,6
slp45,19,0,2 ,81.42217397204506,0.024107882528335022,41,12.939958592132506,0.17801393203904017,6
slp45,20,0,2 ,79.38661962274392,0.028485875480782418,40,13.276686139139672,0.2622536177062195,6
slp45,21,0,2 ,78.21075740944018,0.04072147132836454,39,12.083131947800869,0.248033546118262,6
slp45,22,0,2 ,78.39361848439005,0.031217758991546687,39,12.112403100775195,0.3680660810235032,6
slp45,23,0,2 ,77.80507780507779,0.033101539410688156,39,12.34771155745802,0.14374199108124244,6
slp45,24,0,2 ,75.2193898871709,0.062178059724561294,37,11.975091809037202,0.4871770109518718,6
slp45,25,0,2 ,76.86084142394822,0.04644431926774002,39,11.773940345368917,0.18814462522219458,6
slp45,26,0,2 ,74.61655382064392,0.05841222178894575,37,12.278978388998036,0.5299636213930159,6
slp45,27,0,2 ,75.24403470715835,0.04840563930708423,38,12.092873266688166,0.4183594626633893,6
slp45,28,0,2 ,77.20127973292529,0.03209263436403541,38,11.861458168590858,0.15581732894643013,6
slp45,29,0,2 ,76.92307692307692,0.03214441099001096,39,12.120232708468002,0.5310614277086974,6
slp45,30,0,2 ,76.45681223308995,0.03291709931508563,38,12.831479897348164,0.15717506163510794,7
slp45,31,0,3 ,76.72103953552667,0.03789740485014055,38,11.668611435239205,0.230937220906462,5
slp45,32,0,3 ,78.29229122055675,0.037781753281171886,40,12.402844385645775,0.2612045941403021,6
slp45,33,0,2 ,78.13570938999314,0.050132345621986686,39,12.264922322158625,0.3259742321104537,6
slp45,34,0,3 ,77.46670290839904,0.031084550945433078,39,12.321340561853129,0.18696053059402684,6
slp45,35,0,2 ,77.01661937576003,0.03762903929597393,39,12.429565793834938,0.1541822298450764,6
slp45,36,0,3 ,78.60790110185435,0.0431086574194812,40,13.043478260869566,0.4887469693000664,6
slp45,37,0,3 ,76.7634854771784,0.036819025158015245,38,13.023094287202637,0.3899489197318029,6
slp45,38,0,3 ,78.75103619784471,0.028517574889220992,39,12.504168056018676,0.3674308642452347,6
slp45,39,0,4 ,75.2134435560374,0.06897263407524978,38,12.0598166907863,0.4232854356105346,6
slp45,40,0,4 ,78.13570938999314,0.028793081655955798,39,13.246982631733884,0.2681160611045563,7
slp45,41,0,4 ,77.82632441288912,0.030555340103888003,39,13.84828435143868,0.4872530713659542,7
slp45,42,0,4 ,78.99113082039912,0.027906452356085937,39,13.431232091690545,0.21156029873300888,6
slp45,43,0,4 ,78.40772014475272,0.030972660846641922,40,12.76595744680851,0.18026646942790003,7
slp45,44,0,4 ,77.52992383025027,0.04868577522378866,39,12.533422459893048,0.24904810780248854,6
slp45,45,0,4 ,78.039430449069,0.031296986836460025,39,12.759441987070433,0.08536416109820329,6
slp45,46,0,4 ,79.0433725172274,0.031825956682206336,40,13.109596224436286,0.14827865658954423,6
slp45,47,0,4 ,79.52691680261012,0.039459064249919705,40,13.349154553544944,0.34859463883172703,7
slp45,48,0,4 ,78.66409053270772,0.027623106470495554,39,13.20190107375462,0.391292422620219,6
slp45,49,0,4 ,78.3132530120482,0.036276388069389535,40,12.953367875647666,0.2755068057235611,6
slp45,50,0,4 ,78.58817041224322,0.05162758179709821,39,13.567293777134585,0.20658906069780167,6
slp45,51,0,4 ,76.9438444924406,0.04858370849679901,39,13.129102844638949,0.6573431371817919,7
slp45,52,0,4 ,78.68580894533407,0.02617224005668007,39,13.86108116433082,0.3478575698312299,7
slp45,53,0,4 ,78.4367689555525,0.028096588450352428,39,14.274385408406031,0.3240610367747957,7
slp45,54,0,4 ,78.397212543554,0.03179851095798827,40,13.187972569017056,0.21919999999999987,6
slp45,55,0,4 ,78.5234899328859,0.05130091960579009,40,13.23918799646955,0.2701940043746346,6
slp45,56,0,4 ,78.76666217853777,0.04806657666447598,40,14.623955431754876,0.9538654335419238,8
slp45,57,0,4 ,80.14796547472255,0.025963105365820315,40,13.719512195121949,0.38923286374896726,7
slp45,58,0,4 ,78.53403141361258,0.0359297560306364,39,13.934045517882025,0.31019778636648365,7
slp45,59,0,4 ,79.06473847817271,0.029407115384545535,40,13.609556933313172,0.4858664654225708,7
slp45,60,0,4 ,78.5551228682691,0.04774246053361805,40,14.263074484944532,0.35593008052456343,7
slp45,61,0,4 ,79.50530035335689,0.04541169697580374,40,17.77251184834123,1.0220964449880172,8
slp45,62,0,4 ,77.36156351791533,0.037822738620923585,39,14.757554462403373,1.1904819809382987,8
slp45,63,0,M ,113.38647608576137,0.14421735661983695,56,15.022533800701053,2.4155747418230167,7
slp45,64,0,2 ,74.1860145624399,0.06669878855767718,37,15.77287066246057,1.0047938428686087,7
slp45,65,0,2 ,72.70461154964686,0.05924300699281748,36,12.118274357731458,0.4502614351685029,6
slp45,66,0,2 ,73.19056654920033,0.048898483906917416,37,12.083131947800869,0.38336280466419814,6
slp45,67,0,2 ,74.39041190246591,0.030971711505505248,37,12.073406310367032,0.25357097625714187,6
slp45,68,0,2 ,72.79590186033971,0.05353249849448209,37,14.191106906338693,1.2228316864284035,7
slp45,69,0,2 ,72.7247541210694,0.050200447188836705,36,19.023462270133166,1.1519809026194836,9
slp45,70,0,2 ,73.02231237322515,0.06068040137565926,37,15.090543259557345,0.9814298606770488,8
slp45,71,0,2 ,74.39041190246591,0.060259828356710794,37,14.498356852890007,1.4473558788356096,6
slp45,72,0,2 ,71.0108604845447,0.06727683858788717,35,19.73035185794147,1.3537248612624353,9
slp45,73,0,2 ,74.28807263722658,0.04013726448077894,37,15.452538631346577,1.0590231925925793,8
slp45,74,0,2 ,73.8512035010941,0.06005018477372092,37,17.712177121771216,1.1970387420630964,9
slp45,75,0,2 ,72.94340132378765,0.08109885752190363,37,16.990291262135923,1.1659305121591395,8
slp45,76,0,2 ,74.23700852350838,0.05236576018264388,37,11.687704534829361,0.7415382930098756,6
slp45,77,0,2 ,73.09149972929075,0.024223241568765402,37,12.776831345826237,0.3020781355874668,6
slp45,78,0,2 ,73.86130488305294,0.02475434866397774,37,17.508754377188595,1.3247632056410716,8
slp45,79,0,2 ,73.83100902378999,0.047098006563146826,37,17.814726840855105,1.394053083637779,9
slp45,80,0,2 ,72.77515941225394,0.02565300634806526,36,14.348182563541949,1.1550729988416581,8
slp45,81,0,2 ,74.14526980639846,0.024015170102702314,37,22.605492297387812,0.7866104185791616,10
slp45,82,0,2 ,74.42116868798234,0.02323683750607964,37,18.561803932352536,1.479724231899017,10
slp45,83,0,3 ,73.0816077953715,0.06570219005313124,37,19.943493435266745,1.0989002457002184,9
slp45,84,0,3 ,74.50331125827816,0.02425787386488031,37,17.366854118425405,1.1122234395982835,8
slp45,85,0,3 ,74.05375754251233,0.06614760897295915,37,19.307780320366135,1.0203902424629412,10
slp45,86,0,3 ,73.44940152339501,0.028427078031906434,37,18.794375609076983,1.1612796687860345,10
slp45,87,0,2 ,72.6241527182183,0.02427165979878084,36,17.857142857142858,1.3070210403815232,9
slp45,88,0,3 ,73.29985068548935,0.025283332722966834,37,18.532818532818535,1.2628648977622272,9
slp45,89,0,4 ,73.80073800738006,0.02283029176822366,37,18.317814074187147,1.1017484967087543,9
slp45,90,0,4 ,74.08423652078474,0.028913451096695228,37,19.876325088339225,1.1120639470022498,10
slp45,91,0,4 ,74.00301493764562,0.023735944508875017,37,21.243115656963024,1.0083569816633076,10
slp45,92,0,4 ,74.51359183110252,0.02268272851399287,37,23.454157782515992,0.9167140744064509,12
slp45,93,0,4 ,75.1421608448416,0.04618506932111028,38,21.876519202722413,0.6849960259414324,10
slp45,94,0,4 ,77.97537619699041,0.08471088193381969,39,14.191106906338693,1.921461943417043,7
slp45,95,0,4 ,72.31404958677686,0.04268995962824542,36,16.863406408094434,1.220317991344879,9
slp45,96,0,4 ,74.12491420727522,0.02266966211144119,37,12.849800114220445,0.7960960299416704,7
slp45,97,0,4 ,74.45666756104106,0.022446950691019343,38,15.098137896326119,1.1173868324503085,7
slp45,98,0,4 ,74.47665056360707,0.0428039852598692,38,19.31330472103004,1.0817549527401191,10
slp45,99,0,4 ,75.46913244492794,0.04353469351919315,38,21.872265966754153,1.0177980939262954,11
slp45,100,0,4 ,73.47938495033337,0.03145582832802958,37,20.340515293054093,1.0362892965638697,10
slp45,101,0,3 ,73.81082558775286,0.04595757571317375,37,17.114914425427873,1.0564368298720959,8
slp45,102,0,3 ,74.27730192719486,0.022492203015573864,38,20.33071293033342,1.1206837912631733,11
slp45,103,0,4 ,74.67707212055974,0.04802847949863765,38,21.270561542824733,0.9744919496845523,11
slp45,104,0,4 ,73.37953526294332,0.05720431219176866,37,23.03793580095223,0.8189426353536613,11
slp45,105,0,3 ,74.68879668049793,0.020099751242241757,37,19.293983135629556,1.364623658154534,10
slp45,106,0,2 ,75.7782632441289,0.021000817403828018,38,15.332943925233645,1.3619510614840573,8
slp45,107,0,2 ,75.03041773692037,0.03211302173704621,38,23.817925194071982,0.9041706383254636,10
slp45,108,0,2 ,74.8482805124747,0.04805815809550449,38,19.713785046728972,1.049687266772676,10
slp45,109,0,2 ,74.59593866556153,0.02136195996001613,37,22.841480127912288,1.008507887921557,11
slp45,110,0,4 ,74.48275862068965,0.03895613234028219,37,17.311021350259665,0.9927013649633006,9
slp45,111,0,4 ,75.07101312051941,0.039311235864025545,38,19.93024414549078,0.8230697115068687,9
slp45,112,0,4 ,74.65698143664245,0.04730467896065344,38,20.095266448347722,0.9193681136492944,10
slp45,113,0,4 ,75.26444263628966,0.0445019512708168,38,17.42738589211618,1.1176622833359982,8
slp45,114,0,4 ,74.76117956527757,0.021769556271245234,37,19.264729491090062,0.9679606138681471,9
slp45,115,0,4 ,74.33920704845816,0.021252160384009268,37,17.74622892635315,1.4091327119898962,9
slp45,116,0,4 ,75.16251354279522,0.021860304204812737,38,17.558528428093645,1.4303833081252262,8
slp45,117,0,4 ,74.28807263722658,0.034024500976012347,37,20.473157415832574,1.1521003042752445,10
slp45,118,0,4 ,85.20421963754394,0.036326061807466954,43,18.29826166514181,1.1346783685256365,9
slp45,119,0,3 ,75.36636427076064,0.027235370974135174,37,15.17341040462428,0.9916355485885375,8
slp45,120,0,2 ,75.3973644885206,0.055002277660521855,38,21.183448665442732,0.8669439658939901,11
slp45,121,0,2 ,74.4724865535788,0.03240541792835128,37,19.91701244813278,1.0805969415096455,9
slp45,122,0,2 ,75.38712306438468,0.024507895896743348,38,21.216407355021218,1.0325390495709539,10
slp45,123,0,2 ,74.31874483897606,0.05357030686656348,37,24.851580836669893,0.5121027457671188,13
slp45,124,0,2 ,76.90232056125204,0.07240207829771364,39,22.202486678507995,0.9217152705689537,11
slp45,125,0,2 ,71.16714111427409,0.05981369715497395,36,26.749888542131075,0.3363336636932636,13
slp45,126,0,2 ,73.13109425785481,0.05425681956340421,37,16.398563173512414,1.271091704972139,8
slp45,127,0,2 ,74.6268656716418,0.04524527748986777,38,23.263027295285358,0.6666880529903022,11
slp45,128,0,2 ,74.33920704845815,0.06977494686401804,37,17.17089125102208,1.0554281073554552,8
slp45,129,0,2 ,74.33920704845816,0.05765114327563376,37,22.58695979521156,0.9193274933341219,11
slp45,130,0,2 ,75.78861122490781,0.017678898788705693,38,19.940915805022158,1.1814157650364003,10
slp45,131,0,3 ,74.68712151796528,0.04740636074109032,38,19.566280776129133,1.0695754999063882,9
slp45,132,0,2 ,77.06868577609518,0.05243880485716322,39,18.85211562630917,1.2199628409641556,10
slp45,133,0,2 ,75.58218711698217,0.025966208304321843,38,20.820481184454042,1.1136057329212443,10
slp45,134,0,2 ,84.10831509846828,0.041724857244526854,42,21.45922746781116,0.8163789969534168,10
slp45,135,0,2 ,83.77605230894974,0.0439951324980584,42,20.22926500337154,1.554802881396867,9
slp45,136,0,2 ,83.40113913751016,0.029770648181704634,42,26.493965263467764,0.47424559975701286,13
slp45,137,0,2 ,84.81588746379809,0.025674297301763124,42,14.236902050113898,1.4111614507206467,6
slp45,138,0,2 ,84.631918323482,0.0327973230476661,43,22.32142857142857,1.0942175286477547,10
slp45,139,0,2 ,86.21869440262762,0.036790144593749886,43,16.835016835016834,1.3481720958394,9
slp45,140,0,2 ,83.92467248908298,0.030680406271280856,42,21.606914212548013,0.8331034942303179,10
slp45,141,0,2 ,86.01856908793009,0.02565637217352787,43,22.841480127912288,0.7096343847362528,11
slp45,142,0,2 ,84.07382091592618,0.03292534775348146,42,22.058823529411768,1.0536109338840407,9
slp45,143,0,2 ,88.03057185751331,0.02948411677902269,44,21.830530401034924,1.0490773841927445,10
slp45,144,0,2 ,85.10063487775226,0.030625971223435258,43,22.146759190905062,1.1177864554556027,11
slp45,145,0,2 ,83.90177353342429,0.0415927967039505,42,20.205421788179827,1.2314884286910697,9
slp45,146,0,2 ,85.4353132628153,0.025569965374472058,43,18.572976319455194,1.5277983342051398,9
slp45,147,0,R ,86.70520231213872,0.0665313355093009,44,22.32475070695044,0.9186571939521291,11
slp45,148,0,R ,83.47245409015025,0.04381963030423693,41,24.74876256187191,0.9403851505659576,12
slp45,149,0,R ,84.34864104967195,0.038256444627742844,43,21.223912274495934,0.5656562560424837,9
slp45,150,0,R ,82.9176216799245,0.0712634678923084,42,16.98479456486574,1.797192004778793,8
slp45,151,0,R ,85.06224066390041,0.0388679792327453,42,17.047876118766872,1.2153163168492391,9
slp45,152,0,1 ,86.9155100390783,0.09526553366108725,44,20.349713596623456,1.267392696410067,10
slp45,153,0,1 ,78.8091068301226,0.037175490501365205,40,20.563594821020562,0.6180977588587204,10
slp45,154,0,2 ,81.06984478935698,0.04569227891449209,40,17.74248056775938,1.572746252740792,8
slp45,155,0,2 ,77.92207792207793,0.022659957727465575,39,22.912423625254583,0.5711213142192783,10
slp45,156,0,2 ,79.03269386652256,0.037970887495197066,40,20.859085290482078,0.879817040464299,10
slp45,157,0,2 ,78.99113082039912,0.030182455324547133,39,20.86230876216968,1.0161795117005656,11
slp45,158,0,2 ,78.17857632697847,0.03767082973259791,39,21.949078138718175,1.1433861290045457,11
slp45,159,0,2 ,82.8505994880776,0.0420540996013208,42,23.34267040149393,0.652961744668093,11
slp45,160,0,2 ,77.2765246449457,0.04206336310502164,38,25.240936209270313,0.6042855216994175,12
slp45,161,0,2 ,78.38283828382839,0.01380834385836345,39,24.899709503389126,0.6047400727217898,13
slp45,162,0,2 ,84.631918323482,0.12687844808937868,43,20.949720670391063,1.1201128514573877,11
slp45,163,0,1 ,73.65980084572365,0.06605824216571836,37,18.241834607366226,1.3558469602399221,8
slp45,164,0,2 ,81.41112618724559,0.09425815614576809,41,19.604995643334302,0.8942889305800584,10
slp45,165,0,1 ,82.46289169873556,0.0850167042409902,41,22.641509433962263,1.0008448431200512,11
slp45,166,0,1 ,75.23383489223261,0.04673422359708986,38,23.937327723777745,0.9601352521803054,12
slp45,167,0,2 ,78.45836200963522,0.035551063505097714,39,18.87385970430953,1.089044994479108,9
slp45,168,0,1 ,77.49830047586674,0.04921016042644726,39,24.346696964778445,0.7432177608211472,11
slp45,169,0,2 ,82.28195282501372,0.05651336125200835,41,24.586805081273052,0.6534573861818042,13
slp45,170,0,1 ,75.34618517512897,0.07441812263081361,38,24.841915085817526,0.6876379981712221,12
slp45,171,0,2 ,79.79811758286726,0.044895202685750396,40,20.569861343897607,1.0233118829939107,10
slp45,172,0,1 ,76.59398288711014,0.1049746986803902,38,21.8850306390429,1.0368586403169913,11
slp45,173,0,2 ,110.5198526401965,0.15987479669192373,55,25.865785313981892,0.6853893459600576,13
slp45,174,0,W ,89.61303462321794,0.12407978638130288,45,27.78173528992734,0.7260014181608723,14
slp45,175,0,W ,74.73014115693331,0.06941412671534752,37,22.925263640531867,0.8405808467958332,11
slp45,176,0,1 ,75.33595764897515,0.041054045157730826,38,22.928767960868235,0.2858855715141986,11
slp45,177,0,2 ,73.33967132962108,0.023161003837602355,37,23.950183618074405,0.6829045028406241,11
slp45,178,0,2 ,73.1809311402286,0.02503457201388444,36,25.80140734949179,0.6286569180889978,12
slp45,179,0,2 ,71.76052487698196,0.05065500760949866,36,26.332588573252476,0.3484167733245406,12
slp45,180,0,2 ,71.82925160760705,0.08159263672260468,36,27.132951462164602,0.8843119107846257,13
slp45,181,0,2 ,69.86301369863014,0.09155148682836577,35,24.30044182621502,0.5296533093441157,12
slp45,182,0,2 ,76.50951199338296,0.055627688582524544,38,19.50585175552666,1.0456122076988623,10
slp45,183,0,2 ,70.064569308971,0.05151235280347311,35,20.24898755062247,0.9420521859152253,10
slp45,184,0,2 ,72.41379310344827,0.04146067721470598,36,21.067415730337075,1.0082650445195451,11
slp45,185,0,2 ,70.82152974504248,0.055250494503281546,36,23.90265102129509,1.1416369282889625,12
slp45,186,0,2 ,70.49067035245336,0.06858419925568317,35,16.844469399213924,1.3812211987947476,9
slp45,187,0,2 ,70.25761124121779,0.05147472252303582,35,22.974421810384438,0.8008504479614156,11
slp45,188,0,2 ,71.78014766201804,0.06735143287417189,36,20.86230876216968,1.1125423138020412,11
slp45,189,0,2 ,74.87857528332435,0.07326843089399672,38,14.795331251027456,1.5590174968728079,7
slp45,190,0,W ,79.71113230685381,0.058961068736594936,40,28.725626740947074,0.6926162640713819,12
slp45,191,0,W ,96.21946226286337,0.17861163678475664,48,23.123169415754585,0.7739706454381845,11
slp45,192,0,W ,107.18702762127249,0.1895929460900394,53,26.392961876832842,0.8534390559508173,13
slp45,193,0,W ,79.09680908599242,0.055318098708356106,40,15.062401377133838,1.7047126994761028,8
slp45,194,0,W ,90.5189754593,0.14140029161616252,46,25.57108762359359,0.47124753580257583,11
slp45,195,0,W ,91.50061000406667,0.10776237232396516,46,26.85950413223141,0.8883819211745714,14
slp45,196,0,W ,93.63550006785181,0.1565844560339741,47,20.911752404851526,0.9528232574827296,11
slp45,197,0,W ,81.30081300813008,0.04133763418484421,41,16.405395552314985,2.317194472249194,7
slp45,198,0,W ,78.10359002466429,0.03904057126869625,39,17.49416861046318,1.0117432924393017,8
slp45,199,0,W ,81.09203946479253,0.12469639128699755,41,7.77336327517706,1.9784878625410427,4
slp45,200,0,W ,75.26132404181185,0.03518610135259462,37,21.103642332343284,1.1292912668714385,10
slp45,201,0,W ,102.15200217924271,0.19173875560251244,51,11.227544910179642,0.7880182738997872,6
slp45,202,0,W ,79.27903509960699,0.031184210168602643,40,9.388202159286497,0.9519217404808024,5
slp45,203,0,W ,78.9900081015393,0.05024489664031356,40,10.599208592425098,0.6677264110397313,6
slp45,204,0,W ,81.45533532446375,0.037475858896094706,41,14.87603305785124,1.8736569115561745,7
slp45,205,0,W ,78.05011639052445,0.055886013790537266,39,10.850694444444445,0.207084137490055,6
slp45,206,0,W ,79.41895194135216,0.035721767977373725,40,11.803588290840414,1.6277304936628791,6
slp45,207,0,W ,79.30052867019116,0.11923702216854169,40,9.431984908824145,0.4834248189279853,4
slp45,208,0,W ,76.71043538355218,0.02775326960384007,38,10.672358591248667,0.2147091055358389,5
slp45,209,0,W ,77.46670290839901,0.036905809585530504,39,9.756097560975611,0.7974634787875866,5
slp45,210,0,W ,76.15257958287597,0.029635427834050772,38,9.57548675390999,1.0058648020484662,5
slp45,211,0,W ,79.30052867019114,0.05748605868209082,40,10.605203619909501,0.207732135212634,6
slp45,212,0,W ,123.31536388140162,0.14717810383633104,62,22.013501614323452,0.8075606726432386,11
slp45,213,0,W ,87.35440931780364,0.15439044064729301,43,10.689470871191876,0.8782089728532725,5
slp45,214,0,W ,76.17348339280812,0.03862925236212805,38,10.51156271899089,0.31525481756826507,6
slp45,215,0,W ,78.14587229495058,0.0328221153454922,40,13.243863676496556,1.3105006066385474,6
slp45,216,0,W ,82.06811653672548,0.07752928478968447,41,16.940948693126813,1.3120171726103624,8
slp45,217,0,W ,76.80905538337151,0.03752229254287549,39,15.040106951871659,1.3913517008849903,7
slp45,218,0,W ,78.47996695580338,0.02685118525474226,39,18.432550518842163,1.2327627909559211,10
slp45,219,0,1 ,79.01134521880064,0.027720783080491463,40,11.200716845878137,0.4022051217973237,6
slp45,220,0,1 ,77.8050778050778,0.04276897936083895,39,11.349878934624698,1.4352601994063656,6
slp45,221,0,1 ,81.73273395995096,0.03848103428963417,41,12.495834721759412,0.5392118693055633,6
slp45,222,0,1 ,79.4836956521739,0.03017825629801519,40,13.347174847990507,1.5719464226097388,7
slp45,223,0,W ,75.97535934291582,0.0649759409314475,38,13.462976813762156,1.3450381242015244,7
slp45,224,0,1 ,84.68880225836806,0.14458664202530674,43,12.746069961761789,1.068318096615215,7
slp45,225,0,W ,92.20051905477392,0.12674614270800522,46,14.002987303958179,0.7526099653871187,6
slp45,226,0,1 ,76.19439868204284,0.03606794983240967,38,14.574898785425102,1.6624647030505306,7
slp45,227,0,1 ,75.5718954248366,0.035808760777629685,38,18.265457989446624,1.53844224565301,10
slp45,228,0,W ,87.74316419534757,0.16554564547439088,44,17.699115044247787,1.4382354930029133,7
slp45,229,0,W ,83.49171870757534,0.06971781313390221,42,13.091289928434282,2.4220406602697655,6
slp45,230,0,1 ,79.64601769911505,0.023868586085258648,40,18.315018315018317,1.515317935102876,10
slp45,231,0,W ,86.47906657515443,0.11457649515773462,43,15.066724063710721,1.4683570716266252,8
slp45,232,0,1 ,77.079107505071,0.03246425692726287,39,14.520813165537271,1.4310052410805487,7
slp45,233,0,1 ,76.15257958287596,0.03196601555519234,38,14.763779527559056,1.5676457325738948,8
slp45,234,0,2 ,82.79287981233614,0.12346299040603222,41,16.531202644992426,1.4761177967899444,9
slp45,235,0,1 ,75.90262582056891,0.03427521492165283,38,14.239218877135883,1.5563941581457457,8
slp45,236,0,2 ,73.93209200438116,0.03795644027071941,37,14.145224302842518,1.0872137014649241,8
slp45,237,0,2 ,78.07149705519791,0.023631754776042655,39,13.957816377171216,1.3917943653986948,7
slp45,238,0,2 ,76.21532546003846,0.03564191686946735,38,13.908205841446453,1.2674062752987563,7
slp45,239,0,2 ,74.72734616938199,0.0403728423427341,38,12.048192771084338,0.4012221329886973,6
slp45,240,0,2 ,75.5924816126396,0.04934634828552305,38,16.324309617739083,1.2918412247640962,9
slp45,241,0,2 ,77.2462393278222,0.026017892841704887,39,12.131996117761245,0.23855028819936464,6
slp45,242,0,2 ,76.37264345672217,0.0556316803344084,38,15.95744680851064,0.984364624661875,8
slp45,243,0,2 ,75.38712306438468,0.029693737426714925,38,13.763572411683743,1.2064546775112974,7
slp45,244,0,2 ,72.95325587679007,0.05226664777021576,37,14.193344898281028,1.3994444929645795,7
slp45,245,0,2 ,74.45666756104106,0.0516168386067714,38,16.99235344095157,1.2750729390901525,9
slp45,246,0,2 ,80.72110856989103,0.0589839808761667,41,21.601382488479263,0.7451371954210848,11
slp45,247,0,1 ,74.75754310344827,0.12736741054162518,38,19.019442096365175,1.2746359828942884,10
slp45,248,0,2 ,71.09004739336493,0.04853040284192992,36,24.318349299926307,0.5642870144799931,12
slp45,249,0,2 ,72.97748123436197,0.03673961327604672,36,23.461939520333683,0.5797961327531906,10
slp45,250,0,2 ,74.43669527896996,0.0496615278503341,38,20.97315436241611,1.2288294267309845,11
slp45,251,0,2 ,70.7261215142126,0.08621234345072233,36,23.62881283116139,0.7660786917696322,12
slp45,252,0,2 ,69.51069919585662,0.0768177639490469,35,20.50861361771944,0.9929240857185407,11
slp45,253,0,2 ,71.01312051941024,0.043018515235433506,36,21.843599825251204,0.7325616424574793,11
slp45,254,0,2 ,68.95110739657335,0.07394078488507871,34,19.29949964260186,0.9714681265937932,10
slp45,255,0,2 ,71.02272727272728,0.036231635742420304,36,21.894613924974458,0.6469904481520574,11
slp45,256,0,2 ,69.82475355969332,0.10602317432905739,35,21.04967723828235,1.11582249484405,11
slp45,257,0,2 ,72.82563462338744,0.046060687562991386,36,22.109071419000404,0.9797415074842973,12
slp45,258,0,3 ,69.21824104234527,0.05415906343585656,35,20.908837468636744,0.963947218472049,11
slp45,259,0,2 ,71.52588555858311,0.06353812932051918,36,25.27025129861014,0.5151891777676321,13
slp45,260,0,2 ,70.35453165953925,0.04120284869380307,35,23.096304591265394,0.7785942832125341,12
slp45,261,0,2 ,68.6451255027042,0.045544476692662185,34,26.804123711340207,1.0275641559895694,14
slp45,262,0,W ,83.55978260869564,0.15612158351738623,42,21.530070331563085,0.6802447794728013,11
slp45,263,0,W ,80.39027071595439,0.03247996398530212,40,21.435376309939663,0.8412578471741579,10
slp45,264,0,W ,66.6759272121128,0.06221321704429051,33,18.331805682859763,0.6525021072762908,9
slp45,265,0,1 ,68.54057047909167,0.06535772862134807,34,28.680688336520074,0.5460622675116822,13
slp45,266,0,1 ,68.53917484209113,0.040608690497781846,35,19.37984496124031,1.1538981276043778,10
slp45,267,0,2 ,71.98683669271905,0.03493779895640775,36,23.444826508283843,0.9869173014999788,11
slp45,268,0,2 ,72.43377483443709,0.046631652559266684,36,23.601773709054495,0.4080904129282712,12
slp45,269,0,2 ,70.49067035245334,0.04569751607886961,35,21.07629619221582,0.9528366911491181,11
slp45,270,0,2 ,68.28528072837634,0.052085399958998975,34,23.25909219058359,0.9932374313533106,12
slp45,271,0,3 ,68.15365551425032,0.02722500875901376,34,21.246458923512748,0.9390497324423239,11
slp45,272,0,2 ,68.1635926222935,0.04881601643116338,35,18.49283402681461,1.0819435059188627,9
slp45,273,0,2 ,70.85976515049263,0.06634814793717965,36,26.162790697674417,0.4260996231973092,13
slp45,274,0,2 ,68.43633347158854,0.038004204494090525,34,19.233509046872776,1.2178895325850563,10
slp45,275,0,2 ,67.90123456790123,0.05681966058681717,34,24.98107494322483,0.5550884971510592,12
slp45,276,0,2 ,69.31231312856754,0.044606701127376906,35,19.27710843373494,0.9502051094369047,9
slp45,277,0,2 ,69.9780461031833,0.06066984794629858,35,21.171489061397317,1.118856916678804,11
slp45,278,0,2 ,67.28285986135653,0.057164849500068435,34,20.065398335315102,1.0977392705796944,10
slp45,279,0,2 ,67.7710843373494,0.049927624385380856,34,21.894258838793384,0.8640379506982976,10
slp45,280,0,2 ,68.76910252848013,0.04006972802209822,34,23.393636930754834,0.6197697637026188,11
slp45,281,0,2 ,67.55834584413812,0.05613390785124419,34,24.57673402512288,0.30824377077602433,13
slp45,282,0,2 ,68.59756097560975,0.04458200932613464,34,22.764900662251655,0.8264930591720079,12
slp45,283,0,2 ,68.24762167379016,0.04198421147116893,34,23.43084351036637,0.5980351298451668,12
slp45,284,0,2 ,68.99350649350649,0.04395845789789772,35,25.10810433812247,0.7541396127744222,13
slp45,285,0,2 ,68.70229007633588,0.044001836508964234,34,25.626423690205016,0.3200513847632735,13
slp45,286,0,2 ,68.55760182820272,0.034378918461785236,35,25.651988029072253,0.48762588118351546,13
slp45,287,0,3 ,68.4931506849315,0.05538315734631838,35,20.134228187919465,0.9487946036946037,11
slp45,288,0,1 ,100.91100210231254,0.2103908895101898,49,18.37913530544372,1.1590053441443238,8
slp45,289,0,2 ,82.79287981233614,0.09455955795158943,41,23.830155979202768,0.71345584283081,12
slp45,290,0,2 ,66.84672518568534,0.07518826081124647,34,24.354243542435423,0.5477848404300348,12
slp45,291,0,2 ,68.40796019900499,0.05787570989753172,34,23.148148148148152,0.930033977873927,11
slp45,292,0,2 ,68.16304048471495,0.06384784484297608,34,26.77376171352075,0.3685145858714414,13
slp45,293,0,2 ,70.04532344458178,0.04884676980533333,35,24.513445253305605,0.2250912028196057,12
slp45,294,0,3 ,67.33777717317372,0.05804934413456907,34,23.598398169336384,0.5925704198484252,12
slp45,295,0,2 ,73.67990176013099,0.05233545643251809,37,21.290017347421543,0.8449717651795338,10
slp45,296,0,2 ,69.36887921653972,0.038842775977969715,35,24.586499776486363,0.8127537111827433,12
slp45,297,0,3 ,71.11978803514155,0.06750245413967475,35,24.954627949183305,0.45966139172364945,12
slp45,298,0,2 ,79.63517560577183,0.1795161295334103,40,19.707669568073573,1.2360832293984092,9
slp45,299,0,2 ,82.92880258899676,0.15302910960946078,42,16.823216038132625,1.386898608406541,9
slp45,300,0,2 ,69.57132817990161,0.06657646790699799,34,20.128224243327868,1.071994656334572,10
slp45,301,0,2 ,65.92501030078286,0.09108778389553673,33,16.388325269236773,1.4519184775000702,8
slp45,302,0,2 ,68.77950101146325,0.06447885305547459,35,13.64463311097635,1.2620906817217568,7
slp45,303,0,2 ,71.03064066852367,0.04825881779332859,35,14.499758337361044,1.2364826457873694,7
slp45,304,0,2 ,68.91891891891893,0.06107185625390454,35,14.233749802309033,1.2996356754448106,7
slp45,305,0,2 ,71.47719537100068,0.07552720823434077,36,11.831519167061053,0.4240935745799504,6
slp45,306,0,2 ,68.05059114654935,0.05553076398171578,34,16.666666666666668,1.3056676453064158,9
slp45,307,0,2 ,71.12857336404282,0.06150695331523461,36,13.927576601671307,1.267852777993828,7
slp45,308,0,2 ,69.7292863002461,0.037306548308746044,35,12.226931855233126,0.14482872643229316,6
slp45,309,0,2 ,70.74518258994745,0.07397596962279476,36,14.420765902900175,1.2330978153505188,7
slp45,310,0,2 ,69.82475355969332,0.04049657168624403,35,15.564779128372368,1.5643451782566065,8
slp45,311,0,2 ,70.66899986539238,0.0538216556066877,36,13.611615245009073,1.240092469670441,7
slp45,312,0,2 ,69.82475355969332,0.04578692942941681,35,11.861458168590861,0.17745940380830758,6
slp45,313,0,2 ,69.96844560296337,0.06586270715489628,35,14.797763893456102,1.355299064987339,7
slp45,314,0,2 ,69.92048258842884,0.045309241172636516,35,14.157621519584712,1.16693501675686,7
slp45,315,0,2 ,69.90131578947368,0.023547052210840955,35,12.191157347204161,0.23156649153105038,6
slp45,316,0,2 ,69.46336148188504,0.04480484402877559,35,13.47305389221557,1.1662696467322167,7
slp45,317,0,2 ,68.39850766892359,0.06925742825305986,34,11.618900077459335,0.142098557346653,6
slp45,318,0,2 ,69.00284129346504,0.05042888720128437,35,12.331469911213414,0.14586788543061827,6
slp45,319,0,3 ,70.62733693394267,0.02121075655820949,35,17.179670722977807,1.3028713482151644,9
slp45,320,0,2 ,70.00686341798216,0.043106530948113,35,12.303485987696515,0.26567565856802855,7
slp45,321,0,3 ,70.03570447679209,0.050749401278279205,35,12.57123700972176,0.26610554297120537,6
slp45,322,0,2 ,71.44801306477954,0.024451801820006995,36,17.494168610463177,1.3482566218518441,8
slp45,323,0,3 ,70.51016175860639,0.04334603664389125,35,11.635122556624262,0.37398096208229636,6
slp45,324,0,2 ,69.4539016750647,0.024475395455415275,35,14.634146341463413,1.348411411006794,7
slp45,325,0,2 ,70.3448275862069,0.021585590477514762,35,12.466755319148936,0.12144200261853393,6
slp45,326,0,2 ,70.08382575237049,0.043823016183335034,35,12.276968407267965,0.35797117202367007,6
slp45,327,0,2 ,69.359445124439,0.04279976716296659,35,12.280989028983134,0.16448902698964463,6
slp45,328,0,2 ,69.90131578947368,0.04965876639209613,35,11.457378551787352,0.42343660682562617,6
slp45,329,0,3 ,70.4225352112676,0.02092708429626204,36,14.668901927912826,0.8752830912315845,8
slp45,330,0,3 ,67.90123456790124,0.07371271761570058,34,14.470383947520741,1.5726229808825762,6
slp45,331,0,3 ,70.3448275862069,0.02617693324111965,35,12.481278082875686,0.2763811860456496,6
slp45,332,0,2 ,69.63407973784818,0.05863640826058858,35,12.51738525730181,0.18132352914672226,7
slp45,333,0,3 ,69.71022416621105,0.04660189936280982,35,12.855673637298596,0.5008370593316754,6
slp45,334,0,2 ,71.545380212592,0.05199510181012149,36,13.211978860833822,0.36280144554410043,7
slp45,335,0,3 ,70.35453165953925,0.03351950317987434,35,12.230919765166341,0.19275850175802875,6
slp45,336,0,3 ,70.1706108970831,0.022059999968629142,35,14.710689767898009,1.2501747433414614,7
slp45,337,0,3 ,70.24793388429752,0.024004613166789368,35,11.874604179860672,0.22646359530838506,6
slp45,338,0,3 ,69.03086085544126,0.060620551062099924,35,11.878365536902123,0.3904245893895518,6
slp45,339,0,3 ,69.54861584617483,0.051670636451279346,35,14.290250873293111,1.3854667885670238,7
slp45,340,0,4 ,70.00686341798216,0.0450600522025693,35,12.481278082875686,0.32284138520332223,6
slp45,341,0,3 ,69.70069700697009,0.046219724964332576,35,12.212994626282365,0.20332279754124968,6
slp45,342,0,3 ,70.69754915162942,0.06846219871623484,36,11.755485893416928,0.38420827684993997,6
slp45,343,0,4 ,69.27465362673186,0.08503693478022718,35,11.053795136330141,0.6742296344718169,6
slp45,344,0,2 ,71.3024582371316,0.03286106808852031,36,12.825994014536127,0.1282653499585916,7
slp45,345,0,3 ,68.63140896245457,0.05651187216418981,35,14.310701224359994,1.1914079439423295,7
slp45,346,0,4 ,69.17272219116825,0.042641521516105056,34,11.574074074074076,0.46278461512889546,6
slp45,347,0,2 ,70.74518258994746,0.054043247987710964,36,12.37828024426473,0.6758054157817915,6
slp45,348,0,3 ,70.76453448036631,0.03828666232659523,35,11.602722772277227,0.3373155199512768,6
slp45,349,0,2 ,76.95423248278655,0.040909466967129084,39,18.55779427359491,1.1008977412705931,8
slp45,350,0,2 ,80.42342590046742,0.041745227713091755,40,16.05995717344754,1.5351959701180389,7
slp45,351,0,2 ,77.69901853871319,0.026925978352685877,39,24.172282449457956,0.997351202680181,12
slp45,352,0,R ,80.61265618702137,0.01623299109837742,41,19.9468085106383,1.2972401473898347,9
slp45,353,0,R ,80.72110856989103,0.036866109097652276,41,25.316455696202535,0.62366764653406,13
slp45,354,0,R ,85.91299604527478,0.04142287864554377,43,18.50836303811352,0.8834198420252687,10
slp45,355,0,R ,83.92467248908297,0.036016520764716314,42,18.495684340320594,1.174402543139844,10
slp45,356,0,R ,84.55932902516156,0.013100081512477385,42,17.78568252556692,1.1872319697514888,9
slp45,357,0,R ,80.67769261799113,0.021695852138139234,41,21.758050478677113,1.2775817155861302,11
slp45,358,0,R ,79.95079950799509,0.021216643386914338,40,13.408820023837903,1.5073591329061418,7
slp45,359,0,R ,75.3243130143674,0.0188362010271658,37,17.078724788549124,1.065555713978315,8
slp45,360,0,R ,76.82976142337242,0.029967480065828774,39,15.267175572519083,1.0895987028871381,7
slp45,361,0,R ,82.15801725318363,0.021031167347534487,41,18.248175182481752,1.451307456514068,10
slp45,362,0,R ,81.84422316191515,0.03912019938599495,41,17.945266935845673,1.0870518616883005,9
slp45,363,0,R ,77.00846399333982,0.01488362452616273,38,21.343198634035286,1.0295704735471,11
slp45,364,0,R ,78.20002743860611,0.01866841437537905,39,21.29001734742154,0.8421646418311667,10
slp45,365,0,R ,75.62338193214335,0.029485185890507935,38,18.337408312958434,1.043294780970364,9
slp45,366,0,R ,79.9617277200656,0.01722771645728697,40,14.420765902900175,0.5903102762295624,7
slp45,367,0,R ,82.02323991797677,0.013211737205984696,41,16.181229773462785,1.113433813543875,8
slp45,368,0,R ,83.52573679206844,0.011033451920095179,42,16.522423288749017,1.0829007152937307,8
slp45,369,0,R ,79.19317720319481,0.037036009628528724,40,17.429193899782135,0.8929657048285785,9
slp45,370,0,R ,77.752871952928,0.01474477287875827,38,17.59788825340959,1.227170627907953,9
slp45,371,0,R ,79.48369565217389,0.03666003167510171,40,16.533480297602644,0.9561249918289972,9
slp45,372,0,R ,81.23476848090984,0.041564889029083195,41,13.054830287206263,0.483856728105886,7
slp45,373,0,R ,80.60182697474477,0.04691097952505363,41,23.710303204483406,0.6314871860265278,12
slp45,374,0,R ,80.99352051835854,0.05807030222067044,41,12.601512181461773,1.7857161650783762,7
slp45,375,0,R ,78.65323582171932,0.018916055997888037,39,14.421096003296249,1.320057883703033,8
slp45,376,0,R ,75.60277891295463,0.019294798838941227,38,19.77587343441002,0.9880789442144791,9
slp45,377,0,R ,76.8911055694098,0.0377917866481194,38,12.209018394921051,0.46387308609144384,6
slp45,378,0,R ,79.41895194135216,0.016509316398389845,40,17.162471395881006,1.3873386650088622,8
slp45,379,0,R ,82.20304151253596,0.018438817749519644,41,16.079632465543646,1.0039884542794955,8
slp45,380,0,R ,78.97934386391252,0.01638973075318006,40,14.54898157129001,1.2472454984217554,7
slp45,381,0,R ,77.02702702702702,0.05936991412829487,39,12.193469719550198,0.3237234759619526,7
slp45,382,0,R ,80.35714285714286,0.059186508049070906,40,15.426808364758312,1.3853205004217937,7
slp45,383,0,R ,74.39041190246591,0.188519737316878,37,13.125273443196736,1.617140549103743,7
slp45,384,0,1 ,67.0913526701003,0.027484965420218326,34,12.016021361815755,0.6431657812898804,7
slp45,385,0,2 ,69.87258528565559,0.04012592634940563,35,14.701764211705402,1.345629478674405,8
slp45,386,0,2 ,83.04077774777208,0.19684884600552302,42,15.847860538827257,1.309611138213681,7
slp45,387,0,W ,71.66257166257166,0.032828857390275086,36,15.14059120403749,1.1878426337057362,8
slp45,388,0,1 ,70.70567031748233,0.02322538880451966,35,15.313935681470136,1.9645779869138986,7
slp45,389,0,1 ,70.87889833940868,0.04913966767058473,36,10.312822275696115,0.7081835920155166,5
slp45,390,0,1 ,72.74686784319009,0.052075325310292964,37,11.189019841861853,0.7210463507986153,6
slp45,391,0,2 ,91.68704156479218,0.20583039404109177,46,13.155971349217952,1.8471187172338315,7
slp45,392,0,W ,81.5771583956492,0.16965420713910986,41,17.515691139979566,1.8464235023417568,9
slp45,393,0,W ,87.6001629770474,0.10488296807856447,44,29.27237245609144,0.37811476499894064,15
slp45,394,0,W ,107.14285714285718,0.18817254225943103,54,21.07728337236534,0.8642983024139036,10
slp45,395,0,W ,108.06035068642113,0.19716489657140857,54,27.649769585253452,0.5103188545736218,13
slp45,396,0,W ,89.51580089515801,0.12469423760768569,45,23.93385552654482,0.6041892320284875,12
slp45,397,0,W ,72.51381215469614,0.073477804506545,36,19.31330472103004,0.8371889472116394,10
slp45,398,0,W ,69.9876492383697,0.03275176637514444,35,28.297779712668703,0.5653186146720047,14
slp45,399,0,W ,74.6971736204576,0.12107210391431268,38,22.189349112426033,0.8526768307968606,10
slp45,400,0,W ,89.11301464492954,0.18176134811617756,44,18.679950186799502,1.7293439218385682,6
slp45,401,0,W ,76.86980609418282,0.10431205641353894,38,23.201856148491878,1.0059761428582688,9
slp45,402,0,W ,85.30805687203791,0.14529029506911273,43,17.067273503057887,1.6701897347307582,9
slp45,403,0,W ,84.28093645484951,0.18816707488974352,43,16.06569082470546,2.1595563330359213,7
slp45,404,0,W ,75.44861337683524,0.0397596871795605,38,15.511892450879008,1.035579616860598,8
slp45,405,0,W ,71.63323782234956,0.04118474058608183,36,12.906556530717605,1.9661754143514256,6
slp45,406,0,W ,72.7549889135255,0.031561071345722634,36,13.896609227348526,1.6558562256427942,6
slp45,407,0,W ,76.6850531413965,0.02930118695184042,39,12.003841229193341,1.6038425857920098,6
slp45,408,0,W ,77.03743749155291,0.03291977994090089,39,13.21779997062711,2.196758116457573,7
slp45,409,0,W ,75.54103715802368,0.029650804326767435,38,15.516477020836412,0.9371365853448667,8
slp45,410,0,W ,115.21053353449459,0.15676081806890602,57,21.055586749017404,0.9648663327114279,11
slp45,411,0,W ,69.99725500960747,0.04638995237829955,35,21.917007597895967,0.919542842938816,11
slp45,412,0,W ,77.26718178121187,0.04525642544789999,39,20.488304592794947,1.0485159750809714,9
slp45,413,0,W ,67.2554347826087,0.03846112368215987,34,20.965988507532227,0.9175060130324036,10
slp45,414,0,W ,74.59677419354838,0.056356996282173055,38,26.143790849673202,0.49375601262161856,13
slp45,415,0,W ,73.98273736128237,0.047096826974979,37,30.241935483870975,0.42250950961402717,15
slp45,416,0,W ,79.27903509960699,0.05468927227803564,40,23.26302729528536,0.9851762075892819,11
slp45,417,0,W ,76.58341382641093,0.018948856621848816,38,24.834437086092716,1.2531641407398968,12
slp45,418,0,W ,77.21484692495258,0.04535413134342777,39,29.049661087287316,0.542663499297113,15
slp45,419,0,W ,73.47795661301609,0.029904883226930103,36,24.38663907774165,0.978834118431187,12
slp45,420,0,1 ,71.27341840890578,0.02833824847323158,36,21.204410517387615,1.4240440442626765,11
slp45,421,0,1 ,72.74490785645004,0.058192193880033674,36,26.890482398956973,0.6506987979240739,12
slp45,422,0,W ,71.61369526667576,0.0315879594730883,36,19.917379758040717,0.7755816614517437,10
slp45,423,0,1 ,68.93755068937551,0.031061497211122013,35,30.202790162519776,0.4841312859553866,15
slp45,424,0,1 ,71.11893795719317,0.0472645701539402,36,25.712949976624593,0.6546311055071555,12
slp45,425,0,1 ,69.05691964285714,0.03129151420658133,34,26.335040234089252,0.9750671201968041,13
slp45,426,0,1 ,81.09203946479252,0.1457133830504254,41,22.263450834879404,0.7477345785771846,9
slp45,427,0,W ,69.86301369863016,0.05871189406917743,35,26.007802340702213,0.5589183005293946,13
slp45,428,0,1 ,65.88881262868908,0.07423347880168353,33,19.67930029154519,0.899947213815522,10
slp45,429,0,1 ,67.95716639209225,0.05300449588499109,34,24.07002188183808,1.152151275650672,12
slp45,430,0,2 ,69.67213114754098,0.05015298395218333,35,23.965141612200437,0.8517011077012312,12
slp45,431,0,2 ,74.98958477989169,0.049741430181923896,37,18.447348193697156,1.3831174028259496,9
slp45,432,0,W ,69.21824104234528,0.03135421032637104,35,20.775623268698062,0.9627017537465415,10
slp45,433,0,1 ,68.94150417827298,0.06449828978164196,34,21.824530772588393,1.1120230932853867,11
slp45,434,0,2 ,68.39850766892359,0.03614764133782922,34,21.291696238466997,1.422402755902842,11
slp45,435,0,2 ,66.26506024096386,0.06540739042159598,34,18.217701533323215,1.194832101175726,9
slp45,436,0,2 ,68.01319043693321,0.07230971037748687,34,20.278491280248748,1.0743854801699435,11
slp45,437,0,2 ,65.57377049180329,0.08096912991998866,33,17.644464049404498,1.321342404526548,9
slp45,438,0,2 ,66.09749380335995,0.055963715923801914,33,17.001295336787564,1.2444082275261177,8
slp45,439,0,2 ,64.42227763923525,0.07101910164996128,32,21.990910423691542,1.0917647365618657,11
slp45,440,0,2 ,64.0407657347473,0.09121804958581024,32,23.53679585752393,0.611110595555338,11
slp45,441,0,2 ,64.67259498787388,0.07939104168607439,33,23.909578321982316,0.5794524631277301,12
slp45,442,0,2 ,66.01567872369688,0.06852542867432498,33,24.087591240875913,0.9394638175378601,12
slp45,443,0,2 ,64.93506493506494,0.06782329983125265,33,23.737933217281213,0.6214549380284946,11
slp45,444,0,2 ,65.46644844517185,0.039442996843546255,33,25.07598784194529,1.0270095238036845,12
slp45,445,0,2 ,67.11864406779661,0.0486732702414408,34,23.6017737090545,0.9753371275598476,12
slp45,446,0,2 ,66.25258799171843,0.04837209293590676,33,30.374620317246034,0.5582181970838602,13
slp45,447,0,2 ,65.56481355006147,0.05672507712643501,33,22.96131366546062,1.0102904581937586,12
slp45,448,0,2 ,66.66666666666667,0.03196873472629157,33,19.771528998242534,1.126503341219092,10
slp45,449,0,2 ,71.3024582371316,0.1085513364867574,36,23.873945567404103,0.5650516436574625,11
slp45,450,0,2 ,62.752754148654304,0.05350123570743224,31,23.29192546583851,0.56983570199903,12
slp45,451,0,2 ,66.28918657643972,0.0392330775621796,33,25.97027845909681,0.9818913155515508,13
slp45,452,0,2 ,68.4931506849315,0.0818951984515073,35,12.95709761013533,0.5316272712677139,7
slp45,453,0,2 ,65.46644844517185,0.08703303970332188,33,22.81211115719618,1.1672405546401712,12
slp45,454,0,2 ,67.5491266375546,0.029786137006322464,34,21.40478833042651,1.3207483101505118,10
slp45,455,0,2 ,66.17951192609955,0.031679794427994644,33,22.280904439676508,0.7188874806786825,10
slp45,456,0,2 ,69.71975393028023,0.11442801941088372,35,21.837593011970235,0.9692653702803437,10
slp45,457,0,2 ,63.21112515802782,0.05190915140897604,31,22.888056595921764,1.0002534554834648,12
slp45,458,0,2 ,65.59169171904892,0.02945229193118932,33,19.460862044111288,1.0670828817590552,10
slp45,459,0,2 ,66.18863761720905,0.03139665587287921,33,27.075812274368236,0.9524214753283686,13
slp45,460,0,2 ,64.98781478472786,0.058927391763084154,33,25.761124121779865,0.9949707583227537,12
slp45,461,0,2 ,66.82867557715674,0.06410666043279536,34,20.652622883106154,1.3656108376840013,11
slp45,462,0,2 ,65.99752509280903,0.03528787858457915,33,17.84121320249777,1.1036081732209126,9
slp45,463,0,2 ,66.23845845042152,0.02819999413867825,34,26.05811749842072,0.8503625284265918,12
slp45,464,0,2 ,67.47546346782988,0.06131081153150702,34,24.77632484514797,0.8036159253994133,13
slp45,465,0,2 ,66.28918657643972,0.057360564632855555,33,22.25519287833828,0.8573583105838963,12
slp45,466,0,2 ,66.24344465912228,0.03768205806481381,33,12.78590708907515,1.4735506627040538,7
slp45,467,0,3 ,69.05890318212593,0.08440674303570891,35,14.020563493123245,0.4845801886000639,8
slp45,468,0,M ,78.99113082039912,0.15383323704565474,39,15.177797051170858,1.4954127407863431,8
slp45,469,0,2 ,64.29756637168141,0.11111722864417055,32,18.531228551818806,1.403097666496668,10
slp45,470,0,2 ,64.30006697923643,0.08715637885433286,33,16.077170418006432,1.388541681045261,9
slp45,471,0,2 ,66.07929515418502,0.09290317540321213,33,16.522423288749014,1.2734554630321904,8
slp45,472,0,2 ,66.63974151857835,0.08565675624144987,34,16.73840267814443,1.0342664560164447,8
slp45,473,0,2 ,69.71975393028025,0.05779584640431954,35,14.83679525222552,1.119356958257731,8
slp45,474,0,2 ,72.42489270386267,0.07362836275830896,37,14.720314033366046,1.2385503046476787,8
slp45,475,0,2 ,91.16693679092381,0.21261478991097701,46,17.062420019906156,1.22715677482545,9
slp45,476,0,1 ,61.88118811881188,0.09626408122105219,31,12.163477132662992,0.5732735472704107,6
slp45,477,0,2 ,66.35333149018524,0.07664814087764948,33,11.667703795892969,0.886934856683398,6
slp45,478,0,2 ,67.18241042345277,0.12163042971438887,34,12.726244343891402,0.8948583997234176,7
slp45,479,0,2 ,69.16192026037427,0.10085173605030238,35,13.39086445469424,1.5213702887711311,7
slp45,480,0,2 ,71.39942880456957,0.12335638100517493,36,11.117699377408833,0.8921359537648957,6
slp45,481,0,2 ,68.6221743810549,0.12012980292239311,35,15.357612988152699,1.617837306721664,8
slp45,482,0,2 ,64.52060496739283,0.07712157786996429,32,16.62444585180494,1.3260273029478937,8
slp45,483,0,2 ,66.88031210812318,0.04728883985677806,33,11.489850631941783,0.3898050794948675,5
slp45,484,0,2 ,66.39839034205231,0.09640502255928188,34,12.110447279186177,0.32156218683172294,6
slp45,485,0,2 ,67.46626686656671,0.06251044357189889,34,11.195700850873264,0.15171341404107944,6
slp45,486,0,2 ,69.84387838948233,0.06779941921340286,35,12.455023526155548,1.1646336572311293,7
slp45,487,0,2 ,67.25543478260869,0.10666735536967747,34,15.062401377133842,1.3547671235986183,8
slp45,488,0,2 ,66.16126809097176,0.06489402418559045,33,12.43368700265252,0.5505290546374461,6
slp45,489,0,2 ,69.66261439694031,0.1239154193063499,35,13.372956909361069,1.0573820921922639,7
slp45,490,0,2 ,65.39509536784742,0.061324954137773315,33,10.615711252653927,0.6007408759190604,6
slp45,491,0,2 ,64.69002695417791,0.10283360345723572,33,10.375237765865467,0.4099304819112625,5
slp45,492,0,2 ,67.28285986135653,0.0862747655452081,34,14.310701224359994,1.357085930301476,7
slp45,493,0,2 ,64.45799833656778,0.07253701914693052,32,11.032656663724625,0.3956450934865741,6
slp45,494,0,2 ,66.09749380335995,0.04250808746579878,33,11.722413254141921,0.4661165519481153,6
slp45,495,0,2 ,67.11864406779661,0.04086484700625726,34,11.722413254141921,0.3376398080795568,6
slp45,496,0,2 ,67.31030731574653,0.0455018743496316,34,11.284983448690944,0.1483218122866628,6
slp45,497,0,2 ,69.4539016750647,0.06157528376657518,35,11.174016686531585,0.3163653584070163,6
slp45,498,0,2 ,65.8165364047717,0.07605497600420369,33,16.131510216623138,1.5235408810814794,8
slp45,499,0,2 ,66.39004149377594,0.03933112635051277,33,13.582855418050105,1.450926447327898,7
slp45,500,0,2 ,67.29200652528547,0.07175286634832856,34,16.013420771694374,1.5141627982458943,8
slp45,501,0,2 ,68.22880771881461,0.034858970754411765,34,20.365062603710967,1.3671044646565786,10
slp45,502,0,2 ,68.37016574585637,0.02894407387194948,34,24.151348450288474,1.1537988944737678,13
slp45,503,0,2 ,68.16304048471495,0.06928160816902769,34,19.751280175566933,1.5797261209728573,10
slp45,504,0,2 ,66.67564655172413,0.06729751113222071,34,11.441647597254002,0.1189823516325007,6
slp45,505,0,2 ,68.28528072837634,0.07157224223528183,34,14.66992665036675,1.2510917898646234,7
slp45,506,0,2 ,67.65992345544012,0.0610810477851417,34,16.01342077169437,1.5024531776466141,8
slp45,507,0,2 ,68.0599477519593,0.03776725397630768,34,10.737294201861129,0.17223240113288804,5
slp45,508,0,3 ,69.30289441500203,0.029588410711677438,35,11.053795136330141,0.2497230465936213,6
slp45,509,0,2 ,69.0376569037657,0.03564502059352679,34,11.689526184538652,0.3814532212473764,6
slp45,510,0,2 ,68.99350649350649,0.028633467001499366,35,11.441647597254006,0.17764684066990896,6
slp45,511,0,2 ,68.40796019900498,0.03568580367628057,34,14.251781472684085,1.3690225223372574,7
slp45,512,0,2 ,67.59524784924211,0.03217171558600129,34,11.349878934624698,0.10900568792498867,6
slp45,513,0,2 ,68.71182676290948,0.029170094249603713,34,14.20070327292399,1.2903044412154863,8
slp45,514,0,2 ,67.89192154711289,0.03343653445779471,34,12.080536912751677,0.29941869606882515,7
slp45,515,0,2 ,67.53990994678674,0.03530457793460356,34,11.106175033318525,0.26197526600807175,6
slp45,516,0,2 ,68.10676940011007,0.03163473814470307,34,16.40625,1.3616909056202804,8
slp45,517,0,3 ,68.91271056661562,0.030790264760803952,34,16.73840267814443,1.4175043317790055,8
slp45,518,0,3 ,67.91055014405269,0.04002129827836842,34,13.666180758017493,1.5263480075002556,6
slp45,519,0,3 ,68.10676940011007,0.03436743071350502,34,14.457831325301203,1.2852408334627403,7
slp45,520,0,3 ,67.5491266375546,0.03793377826577506,34,11.676786548341896,0.22512005685855713,6
slp45,521,0,3 ,68.61657887441088,0.030605040487049835,34,13.4750711184309,1.3280550524064214,7
slp45,522,0,4 ,68.69612068965516,0.0643072210962432,35,12.055939559556341,0.1619362837661776,6
slp45,523,0,4 ,69.88215949575225,0.050743946406303614,35,11.006750807161726,0.36857693905072225,6
slp45,524,0,3 ,67.15506715506716,0.05437306090396343,34,10.936930368209989,0.42803270903051327,5
slp45,525,0,3 ,72.51381215469613,0.09475450557377531,36,15.604101649576458,1.4826412174197225,8
slp45,526,0,3 ,65.99752509280903,0.12922938665411984,33,16.63761685945175,1.5759620838700146,8
slp45,527,0,3 ,65.62756357670222,0.07092910192579631,33,14.486754966887418,1.2994695307026207,8
slp45,528,0,2 ,66.86478454680534,0.04191381248189763,34,11.207411835026898,0.35305840876546213,6
slp45,529,0,2 ,69.70069700697007,0.05660828799651332,35,11.058684753759952,0.46107769410371596,6
slp45,530,0,2 ,68.77022653721683,0.03466498088350808,35,11.90098381466201,0.194691140014126,6
slp45,531,0,2 ,67.6137139735009,0.13060278418164115,34,10.572314632083451,0.9702631395657572,6
slp45,532,0,2 ,66.86478454680535,0.056779566676042816,34,10.636789107927955,0.37008453088449955,6
slp45,533,0,2 ,68.9935064935065,0.030247880191103717,35,13.058618688334303,1.4046734693712826,7
slp45,534,0,2 ,74.95835646862855,0.06810304465556608,37,12.752933174630165,1.6788022396935263,6
slp45,535,0,2 ,69.25583921781642,0.08165994134679039,35,14.755065905961047,1.6151257040862177,6
slp45,536,0,2 ,74.92715415568198,0.17396760731544744,37,15.450264861683344,1.3569283439490256,8
slp45,537,0,2 ,67.48466257668711,0.10655269393132229,34,11.673151750972762,0.5356117997206559,6
slp45,538,0,1 ,65.3327888934259,0.07646475903970402,33,10.857763300760045,0.2711530932886439,5
slp45,539,0,2 ,66.79260558629065,0.043104161964896755,34,11.132551580822325,0.2644674649177098,6
slp45,540,0,2 ,75.50335570469798,0.13062584396324917,37,13.517572844698108,0.9344735891874574,7
slp45,541,0,2 ,67.78964667214463,0.05056071276130439,34,11.435105774728417,0.3976568872784678,5
slp45,542,0,1 ,68.76095456383982,0.03728595197300014,35,10.936930368209989,0.7555527777726716,5
slp45,543,0,2 ,69.10569105691057,0.06154054561283366,35,10.407993338884264,0.45364585306161437,6
slp45,544,0,2 ,68.79777623349548,0.03878749999815045,34,10.932944606413995,0.28798611077619707,5
slp45,545,0,2 ,68.91891891891893,0.03205704258409929,35,10.452961672473867,0.37739104387889244,5
slp45,546,0,2 ,69.85344473359815,0.06109055052397056,35,11.840858856962425,0.10563029868366365,6
slp45,547,0,2 ,68.77950101146325,0.05390508125832971,35,11.389521640091116,0.1303533658944027,6
slp45,548,0,2 ,69.18068366793271,0.04826856815030126,35,11.72607879924953,0.2743125224994294,6
slp45,549,0,2 ,68.21940463065049,0.059147540850092904,34,14.021312394840155,1.5818761519158193,6
slp45,550,0,2 ,68.45526206610428,0.03954600022844225,34,10.692899914456802,0.49112703041066674,6
slp45,551,0,2 ,72.92370020256584,0.03556302004978947,37,11.184014315538324,0.5386644224375694,6
slp45,552,0,2 ,70.8136628714246,0.07751718193284432,35,12.442969722107009,0.892148717049648,7
slp45,553,0,2 ,73.28990228013029,0.01823305910823643,37,10.209290454313425,0.13524422353653404,5
slp45,554,0,2 ,72.97748123436196,0.03845404360256219,36,13.09090909090909,1.3752796887259777,7
slp45,555,0,2 ,73.74027038099139,0.048445846055157296,37,16.437069505322476,1.612251461624459,8
slp45,556,0,2 ,76.47788342290204,0.03666251830352715,38,16.136468418626098,1.0882475708726413,8
slp45,557,0,2 ,74.07407407407408,0.013936363306911212,37,10.638297872340425,0.49445727823544083,5
slp45,558,0,1 ,74.47665056360708,0.02238647196634771,38,15.398152221733392,1.146150682831495,8
slp45,559,0,R ,82.7836855566025,0.04556609361758943,42,12.76161306789178,1.8171900946241153,6
slp45,560,0,R ,77.8901339163706,0.04422556135322999,39,17.520440513932922,1.8155033034665509,8
slp45,561,0,R ,75.93378027089888,0.031750304117303674,38,19.31054212559004,1.0378863612002192,10
slp45,562,0,R ,80.01641362330733,0.06649524311559417,40,14.218009478672986,2.155208442023979,8
slp45,563,0,R ,71.93751712798027,0.023661835283417715,36,14.92113116384823,2.1871967334971054,8
slp45,564,0,R ,75.10148849797021,0.05407221316599775,38,15.254976027894813,1.8212544678695215,8
slp45,565,0,R ,75.01041811362688,0.040260111068027064,37,16.431603450636725,1.9752644759626492,9
slp45,566,0,R ,89.75928192574459,0.14832695067829266,45,14.725130890052357,1.5413788920602516,7
slp45,567,0,R ,70.89241034195163,0.043808327406704435,35,12.630515325025259,1.5707966895814367,6
slp45,568,0,1 ,72.9828355183133,0.020536928497191697,37,12.726964194807397,1.5916393561356792,6
slp45,569,0,2 ,79.5593635250918,0.17775083951066323,40,13.996889580093312,1.672787161861571,7
slp45,570,0,2 ,98.45947756195578,0.17676559092701488,50,15.523358959195741,1.4312746994571386,8
slp45,571,0,2 ,71.63323782234957,0.08636507230521905,36,11.84459886291851,1.2786808202205895,6
slp45,572,0,W ,70.38365995031742,0.020756622322579726,35,11.406844106463879,0.3568932613541477,6
slp45,573,0,1 ,69.23703502579419,0.01822428510186474,35,13.856812933025404,1.368028752134496,7
slp45,574,0,2 ,68.54057047909167,0.01863515640337225,34,11.47227533460803,0.3353147774852758,5
slp45,575,0,2 ,66.81063571332164,0.04410589144591402,34,12.83880171184023,1.677500786553881,7
slp45,576,0,2 ,91.26106194690266,0.13863776452347362,45,17.99370220422852,1.2900712189642864,9
slp45,577,0,3 ,94.00544959128067,0.21370544893285168,47,12.776831345826237,0.9498900989061839,6
slp45,578,0,W ,145.67035338548692,0.11812041355652897,73,15.286067841024892,0.9325129533487806,8
slp45,579,0,W ,122.90045063498565,0.15704508906680273,61,15.62228779725742,1.9732847967003873,7
slp45,580,0,W ,68.10676940011007,0.052339500610443325,34,9.613843935266784,0.24334954283910218,5
slp45,581,0,W ,77.720207253886,0.04892098893005678,39,11.361484567316797,0.2845821498267239,5
slp45,582,0,W ,69.77698727596115,0.052803612123482585,35,10.25010250102501,0.4219922274165723,6
slp45,583,0,W ,74.1656365883807,0.03442705654310606,37,10.32346868547832,0.17525296003206345,6
slp45,584,0,W ,70.26729126481125,0.0467809442765411,35,10.578279266572638,0.29749621846336133,5
slp45,585,0,W ,69.16192026037429,0.04046511590909302,35,13.148667601683028,1.3960295698874006,6
slp45,586,0,1 ,71.06118029236599,0.0658265872716848,36,16.685205784204673,1.6680503589520312,9
slp45,587,0,1 ,69.64358869315855,0.03208832964886112,35,11.481935088793632,0.33509019681273866,6
slp45,588,0,1 ,69.82475355969332,0.05079574403881439,35,12.813211845102504,1.4930356846222916,7
slp45,589,0,2 ,68.98417421885567,0.04911634376573134,35,12.921751615218952,1.1555787390836778,7
slp45,590,0,2 ,68.6451255027042,0.05115036620855274,34,10.217983651226158,0.6718214048391132,5
slp45,591,0,2 ,68.11614146140086,0.04262601369068966,34,11.219147344801794,0.6838947287412004,6
slp45,592,0,2 ,69.42553770759596,0.030338345784065024,35,13.763572411683745,1.3287857447894131,7
slp45,593,0,2 ,67.70619614279853,0.035342012552197294,34,11.12924766285799,0.6947639599173234,6
slp45,594,0,2 ,66.60191480505064,0.0376528136398862,33,10.585744530698657,0.19772708463940894,5
slp45,595,0,2 ,67.99450549450549,0.037895414532735996,34,11.529592621060724,0.5197414741965471,6
slp45,596,0,2 ,72.13520197856553,0.06685040259063975,36,13.218188227000352,1.2553919547296772,6
slp45,597,0,M ,94.88448844884488,0.23258371259578628,47,14.650481372959398,1.760191455263794,8
slp45,598,0,1 ,68.19121091059374,0.1550115846258844,34,18.6046511627907,1.4022606747677124,9
slp45,599,0,1 ,67.01868399675061,0.051181952742166616,34,18.936405239072116,1.431128837666267,9
slp45,600,0,2 ,67.17984604618614,0.023795679754947126,33,11.170688114387845,0.4779382386878037,6
slp45,601,0,2 ,66.29834254143647,0.03370459909270544,33,13.515948819607136,1.5586730766905548,6
slp45,602,0,2 ,65.08474576271188,0.049779356916296126,33,16.091954022988507,1.6136849450995123,8
slp45,603,0,2 ,71.95723684210526,0.09358067129923961,36,17.329592341970624,1.4616043742883282,8
slp45,604,0,2 ,70.52966394689531,0.0944867028963412,35,15.081873024992818,1.7294000375262857,8
slp45,605,0,2 ,64.27090532135452,0.04320904826812611,32,20.0160128102482,1.2606058226107002,11
slp45,606,0,2 ,65.10240065102401,0.03152553528490831,33,16.26677511183408,1.3456647985289651,9
slp45,607,0,2 ,66.76867436361107,0.033876383735576034,33,16.24915368991198,1.1479659184836455,9
slp45,608,0,2 ,65.89785831960461,0.08839541843331021,33,12.571588210643943,0.9950314344559954,7
slp45,609,0,1 ,65.27947776417788,0.060776100360256734,33,18.447348193697156,1.6182712226323495,9
slp45,610,0,2 ,62.45662734212354,0.05498201726221237,31,14.749262536873154,1.3603901401191252,7
slp45,611,0,2 ,63.42062193126023,0.05598037414381933,32,18.31222340912559,1.344728132374719,9
slp45,612,0,2 ,66.64815329075257,0.058531508608611844,33,13.284132841328413,1.379107763092581,7
slp45,613,0,2 ,69.14316702819956,0.12724017558828274,35,16.411378555798688,1.5125667871913246,8
slp45,614,0,2 ,68.26644600744726,0.08627101891848826,34,14.342629482071715,1.4041147468145978,7
slp45,615,0,2 ,69.58657388456815,0.09882219887059475,35,13.473053892215567,1.7848826914456373,7
slp45,616,0,2 ,65.59169171904892,0.05673127444364351,33,15.77287066246057,1.4117093994768997,8
slp45,617,0,2 ,63.611491108071135,0.039668553953184776,32,15.212981744421908,1.5551896531107892,8
slp45,618,0,2 ,65.17311608961303,0.06473105417803729,33,14.26533523537803,1.3681028226465046,7
slp45,619,0,2 ,64.69115191986644,0.055553444751205903,32,16.166281755196305,1.523761404002126,8
slp45,620,0,2 ,66.93711967545639,0.04407556746523998,34,11.269722013523667,0.7430660805069761,6
slp45,621,0,2 ,63.58539587036786,0.06675022165934191,32,14.191106906338696,1.2556432614401276,7
slp45,622,0,2 ,63.77725963516665,0.0740944078153738,32,18.15156557253063,1.45413883449965,9
slp45,623,0,2 ,65.07592190889372,0.029223278392404895,33,17.323873948193366,1.36234323943741,8
slp45,624,0,2 ,67.36526946107786,0.05458530530788992,34,21.43163309044149,1.0615783720479615,11
slp45,625,0,2 ,64.38659651066187,0.036370620840917696,32,13.681970203709334,1.5013836581263595,7
slp45,626,0,2 ,66.70260072766473,0.03594956164618425,34,19.18465227817746,1.2740666191373198,9
slp45,627,0,2 ,65.12890094979647,0.08577550641062984,33,17.54385964912281,1.5605511846780291,9
slp45,628,0,2 ,65.439672801636,0.05356056735136402,33,20.167314012548548,1.4136738932806285,10
slp45,629,0,2 ,66.5949145701601,0.052929046186486334,34,22.040816326530614,1.1050801657977154,10
slp45,630,0,2 ,65.79849211788897,0.07361035507997499,33,21.100014066676046,1.3509231806435182,11
slp45,631,0,2 ,65.27060103345119,0.05107286461517506,33,20.949720670391063,1.445640803703788,10
slp45,632,0,2 ,64.52955870108242,0.03424147584515173,32,18.75293014533521,1.4177424836690196,9
slp45,633,0,2 ,65.18196632265074,0.05421946145066363,33,22.24199288256228,1.0813801551720839,11
slp45,634,0,2 ,65.01677852348993,0.05720540058770312,32,21.79598953792502,1.16771475969091,11
slp45,635,0,2 ,73.12119160460394,0.09168134562604582,37,22.609278177859654,1.2859833917864636,10
slp45,636,0,2 ,66.60387513455328,0.1254161850296894,34,18.248175182481752,1.2851841446712164,8
slp45,637,0,2 ,64.71619253067279,0.06460444547397648,33,19.28020565552699,1.3563205127599203,10
slp45,638,0,2 ,65.52987598647125,0.03393131337061903,32,15.58094672800119,1.7041189955576483,8
slp45,639,0,2 ,62.51680559290133,0.06653787073099945,32,20.454545454545453,1.2825031080750728,10
slp45,640,0,2 ,65.99752509280903,0.050480039372013175,33,19.754170324846356,1.3744539117611603,10
slp45,641,0,2 ,64.79481641468684,0.03083828789021853,33,20.788420080073916,1.1570446815321043,10
slp45,642,0,2 ,63.25669976873895,0.07334050984971136,32,15.398152221733394,1.6224840617436727,8
slp45,643,0,2 ,65.78947368421053,0.0775306391048081,33,22.369848156182215,0.9757516280639359,12
slp45,644,0,2 ,65.19967400163,0.031558477466443136,33,18.521059130196186,1.4495160196969281,10
slp45,645,0,2 ,65.04406210658833,0.07744085722902534,32,18.337408312958434,1.3408468302614667,10
slp45,646,0,2 ,65.19967400162999,0.028034576865007238,33,15.697413664224845,1.7897343549321754,8
slp45,647,0,2 ,64.47587354409319,0.07435953382419441,32,21.582733812949638,1.2929185589200891,11
slp45,648,0,2 ,65.96124776693694,0.054925944461611226,33,24.648939348670453,1.022571963965179,12
slp45,649,0,2 ,64.98781478472786,0.046340452091018704,33,22.30031085281795,1.04330282918644,12
slp45,650,0,2 ,64.40443213296398,0.032037958755961625,32,20.07434944237918,1.2226917885863728,10
slp45,651,0,2 ,63.45524017467249,0.07710020238025293,32,18.275967103259216,1.4447307707666506,9
slp45,652,0,2 ,66.80584551148226,0.04872355051717804,33,20.245950809838035,1.245779284099458,10
slp45,653,0,2 ,64.72491909385113,0.09430800602281866,33,14.01650833203551,1.4654881628848302,7
slp45,654,0,2 ,65.35947712418302,0.07953615530059271,33,23.196963306621676,0.823232250852076,12
slp45,655,0,2 ,65.45752079639983,0.027804844452001508,33,20.930232558139533,1.2556871514124137,10
slp45,656,0,2 ,64.48481486617668,0.07540806781072518,32,22.22222222222222,1.0325063357352018,10
slp45,657,0,2 ,66.09749380335995,0.02812361107681586,33,18.488085456039443,1.4598216024950141,10
slp45,658,0,2 ,64.27978988111694,0.1143014616770899,32,18.06412765316875,1.2995952254452154,9
slp45,659,0,2 ,63.899958774220146,0.0766119184996138,32,20.18842530282638,1.2140627843915013,10
slp45,660,0,2 ,63.2137030995106,0.09993129794019733,32,21.058542748841777,0.7004137063193439,11
slp45,661,0,2 ,66.77458518818293,0.05848858521584331,34,22.815265486725664,0.7849685365069005,12
slp45,662,0,2 ,64.9804359977641,0.06497719122748147,32,20.907542202261116,1.151206688438776,10
slp45,663,0,2 ,65.06710044733633,0.10243038794713218,33,21.56411730879816,1.1774238998763358,11
slp45,664,0,2 ,64.86486486486486,0.08330066026148893,33,20.926988063866066,1.037367227857184,10
slp45,665,0,2 ,66.16126809097173,0.02634832774579821,33,18.17692204120102,1.5913452341717014,10
slp45,666,0,2 ,65.17311608961305,0.07864546633468456,33,18.713612420293874,1.1681219283560142,10
slp45,667,0,2 ,64.61165701978732,0.11040882833813606,33,23.44749182890437,0.748263620845616,12
slp45,668,0,2 ,67.1368506713685,0.0848015454577886,34,23.183925811437398,0.7735819871927545,12
slp45,669,0,2 ,66.60191480505064,0.05186264913210663,33,21.309845148458585,1.0892954787384368,11
slp45,670,0,2 ,66.70260072766473,0.03365072038683275,34,22.28826151560178,0.8184140761252827,11
slp45,671,0,3 ,66.4819944598338,0.02770830200499482,33,24.901901599758524,0.8614022778571697,12
slp45,672,0,2 ,65.70841889117044,0.07902046807631552,33,20.150456743686192,1.314534381444624,11
slp45,673,0,3 ,73.39948348511622,0.05888710689127708,37,17.120844628334996,1.333855220779227,9
slp45,674,0,M ,89.7714907508161,0.1946200366809285,45,16.606698034874068,1.0776395501279636,9
slp45,675,0,2 ,61.31625562065676,0.07354261047553015,31,11.088113542282676,0.5156023273803173,6
slp45,676,0,2 ,61.17455138662316,0.12347156217796335,31,15.20417028670721,1.6736408314369788,8
slp45,677,0,2 ,66.20689655172414,0.032618054816313,33,20.101849370142055,1.3264663433348016,11
slp45,678,0,1 ,64.12024269167127,0.1523321853484289,32,19.255455712451862,1.3200378782444084,9
slp45,679,0,2 ,60.78814980435999,0.10417838903522093,30,14.399999999999999,0.7428545543300443,7
slp45,680,0,2 ,62.24899598393575,0.1019220897692666,32,14.281180577594414,1.267248287519941,7
slp45,681,0,2 ,70.160957490714,0.06881709371619271,35,19.23076923076923,0.965753131556461,10
slp45,682,0,2 ,70.13201320132015,0.019757701840217173,35,18.272874932322686,1.544189331448066,10
slp45,683,0,2 ,72.10548001648124,0.027671306880770834,36,19.857686579513484,1.2315842439719664,9
slp45,684,0,2 ,70.75471698113208,0.03830703031335855,36,16.327165293111495,1.5696401251398295,8
slp45,685,0,R ,70.12237041110959,0.041686422075624674,35,16.126864668727322,1.695017920259252,9
slp45,686,0,R ,73.53942530300966,0.062171705683971075,37,13.408820023837903,1.0449233890046146,7
slp45,687,0,R ,70.11273027220236,0.034870397713220896,35,16.990291262135923,1.6081129008999389,8
slp45,688,0,R ,74.86482739498129,0.031029058463572522,37,20.908837468636747,1.1977394708366256,11
slp45,689,0,R ,73.55946056395585,0.033775401963230235,37,20.525451559934318,1.0783866468016006,11
slp45,690,0,R ,79.59183673469389,0.031649959259129196,40,16.979301423027163,1.1014169723309948,8
slp45,691,0,R ,75.7679180887372,0.03935135135135135,38,22.607385079125848,1.173471090398055,11
slp45,692,0,R ,80.95765292001107,0.11744615339831481,40,19.91040318566451,1.1314679624275714,9
slp45,693,0,R ,71.44801306477954,0.03872178103510493,36,22.59036144578313,1.035422232714751,11
slp45,694,0,R ,76.34112792297111,0.02026039399038741,38,14.978601997146935,1.6450665391914536,8
slp45,695,0,R ,84.66409691629956,0.16829915858873917,42,20.639046017428527,1.2474482794394897,10
slp45,696,0,R ,68.75954993749131,0.02987036576856472,34,20.804438280166433,1.2436691235569404,10
slp45,697,0,R ,73.51940095302928,0.05222588639627424,37,18.75293014533521,1.2870002913752585,9
slp45,698,0,R ,72.22451506397029,0.10097930278941689,36,14.177693761814748,1.4051493870759793,6
slp45,699,0,R ,66.9733459613043,0.05254709724460326,34,15.732694036559785,0.9355893046303894,8
slp45,700,0,R ,67.86399780641624,0.061413530034171084,34,23.531089560752992,0.9025851577231639,12
slp45,701,0,R ,72.71747912739025,0.021738059018149306,37,16.37043966323667,1.3687946134747722,8
slp45,702,0,R ,73.95234182415777,0.04716401641553064,37,21.252479455936523,1.2017890663506636,11
slp45,703,0,R ,78.84097035040432,0.04224196915299311,40,18.779342723004692,1.1907774771131674,9
slp45,704,0,R ,77.45617611088463,0.024387681373391853,39,15.688032272523532,1.3441622836912064,8
slp45,705,0,R ,73.43941248470013,0.057079866074747486,37,16.958733747880157,0.9572794785223384,9
slp45,706,0,R ,75.69558101472992,0.02406322327515716,38,21.70767004341534,1.02018194455695,11
slp45,707,0,R ,77.81569965870307,0.040537797416615805,39,17.554125219426563,0.7802845634766844,9
slp45,708,0,R ,82.33841086867025,0.020216577356219345,41,18.976665729547374,1.0179685410744694,10
slp45,709,0,R ,81.57715839564922,0.040340426373552375,41,21.83723977289271,1.1779554490726718,11
slp45,710,0,2 ,81.0153929246557,0.015350570021989425,41,18.88871399338895,0.9293254273934399,9
slp45,711,0,2 ,81.65487207403375,0.04104826427511887,41,20.28245192307692,1.3764031852604317,10
slp45,712,0,2 ,77.92207792207793,0.02662408881564136,39,22.727272727272727,1.0488934428937262,12
slp45,713,0,2 ,84.76912474155755,0.030321222956379797,42,19.84418638835808,1.2617003616029978,10
slp45,714,0,2 ,86.35694202704512,0.034350151917022904,44,16.98994761432819,1.6026695698115692,9
slp45,715,0,2 ,73.23026851098454,0.047473969475679806,37,19.376715646697885,0.940422112670688,9
slp45,716,0,2 ,75.53075666848122,0.022094821884937194,38,19.247219846022244,1.0543522498039575,10
slp45,717,0,2 ,76.98709945900957,0.015408344906849813,38,18.718801996672212,1.154675904505002,10
slp45,718,0,2 ,81.16883116883116,0.018529975715040767,41,19.72818939061815,1.421964837821245,10
slp45,719,0,2 ,83.76464178697901,0.03187035008833638,42,14.388489208633096,1.250537484444189,7
slp45,720,0,R ,75.95456411660051,0.04758942986542281,38,18.674136321195146,1.4875089915694626,9
slp45,721,0,R ,70.56870070568701,0.08176402877417481,35,18.85211562630917,1.1700742616508482,10
slp45,722,0,R ,73.78057111627272,0.025417744360880262,37,14.638226683396068,1.379354241103053,8
slp45,723,0,R ,88.06663025669033,0.14498043731446664,44,17.891754882958104,1.3098823420445058,9
slp45,724,0,R ,61.957868649318456,0.07596736141264879,31,15.586034912718205,1.978719747715679,6
slp45,725,0,R ,67.00961147962637,0.05747934511443398,34,10.366275051831376,2.076336774225222,6
slp45,726,0,R ,68.27586206896552,0.03734828508152367,34,11.918004131574763,0.2853276011885286,6
slp45,727,0,R ,66.74757281553399,0.0721094973933744,34,11.177347242921014,0.618276313633314,6
slp45,728,0,R ,68.0973999174577,0.05712525506148941,34,9.778357235984354,0.7404377083860602,5
slp45,729,0,R ,68.03188565145685,0.04340781900934258,34,9.943652635067947,0.5379405171577986,5
slp45,730,0,W ,69.45390167506469,0.034251461717097385,35,10.750761512273787,0.42995232293825336,5
slp45,731,0,W ,69.90131578947368,0.02009665227160863,35,12.35924196649272,1.4969420682028933,7
slp45,732,0,W ,70.40309221424629,0.027387264991908643,35,11.155734047300312,0.6538334956240772,6
slp45,733,0,W ,72.79590186033971,0.025014563659231142,37,13.518385003604903,1.4463584064816022,6
slp45,734,0,W ,74.68712151796528,0.052447253408217105,38,11.057054400707651,0.7973660639881784,6
slp45,735,0,W ,72.6196880043034,0.07971306567625015,37,10.58201058201058,1.127263944247309,5
slp45,736,0,W ,71.08042242079611,0.025665731938099238,36,11.009982384028186,0.5269844779497781,6
slp45,737,0,W ,72.58399004562422,0.031012518867879972,36,17.248814144027595,1.1890936674627446,9
slp45,738,0,W ,70.13201320132013,0.042451519264795144,35,11.293479897605783,2.3294310378287655,6
slp45,739,0,W ,70.22858716606996,0.03657215458992649,35,14.30615164520744,1.3740543414775608,7
slp45,740,0,W ,67.80821917808218,0.019315751481111837,34,12.289038177945274,2.119191694962964,6
slp45,741,0,W ,71.74091281770976,0.052025237203903736,36,9.722897423432183,0.5597597699013391,5
slp45,742,0,W ,68.26644600744724,0.030323871620930042,34,11.269722013523667,0.2928699370027589,6
slp45,743,0,W ,70.54555227089492,0.02555148464075892,36,11.032656663724625,0.4235967894118178,6
slp45,744,0,W ,74.70722842912907,0.057562263427767366,38,10.44022968505307,0.706984441130072,5
slp45,745,0,W ,68.28223323068684,0.02985014475456548,35,9.56175298804781,0.22468422285509962,5
slp45,746,0,W ,72.59040193574405,0.0383104601646168,37,10.905125408942203,0.33260787723684493,5
slp45,747,0,W ,74.12491420727522,0.04904558222513491,37,11.696818465377417,0.6114564906843332,6
slp45,748,0,W ,71.1767895878525,0.035627826776500504,36,12.564567918469915,1.5394205258978313,7
slp45,749,0,W ,71.14785201246781,0.026713048099674255,36,12.157562003566218,1.504573082306074,6
slp45,750,0,W ,73.87140902872777,0.059418997668680154,37,12.72264631043257,1.553899181628804,7
slp45,751,0,W ,65.89785831960461,0.04729429141027488,33,10.371650821089023,0.15137701278595778,5
slp45,752,0,W ,66.3716814159292,0.0240831891575846,33,10.418475429762111,0.23703797164167603,5
slp45,753,0,W ,67.90123456790123,0.030325325131853376,34,12.289038177945274,1.6919150806113172,6
slp45,754,0,W ,68.93755068937551,0.04015402869901407,35,10.995455211845771,0.36311012103768187,6
slp45,755,0,W ,67.01868399675061,0.041305420238109576,34,12.525050100200401,1.6536477980513264,6
slp45,756,0,W ,67.69693654266958,0.05748701294626404,34,10.328800137717336,0.36380626712578756,5
slp45,757,0,W ,67.53069577080491,0.04049101749406053,34,11.422479439537007,0.3272811635276311,6
slp45,758,0,W ,69.805639200657,0.05387361860880446,35,11.001100110011002,0.2408235868846735,5
slp45,759,0,W ,69.54861584617481,0.024880336450066612,35,10.751146788990823,0.28966629075541417,6
