record,window_index,label,heart_rate,rr_sdnn,breath_rate,breath_amplitude_mean,spo2_mean,spo2_min,spo2_std,spo2_drop_count,spo2_max_drop
slp59,0,0,73.0618319577865,0.07592288160111738,13.850415512465375,0.09958404935374392,103.24804705882353,8.117647058823529,42.21630531398555,2329,115.41176470588235
slp59,1,0,87.41021818674615,0.048510000195663094,23.32155477031802,0.1410889612884345,116.09309803921569,113.82352941176471,1.8168954276462694,3945,5.058823529411754
slp59,2,0,79.87438558164935,0.023951737579356317,25.137111517367458,0.15048564561115899,116.00699607843137,114.11764705882354,0.6751164319990249,0,2.823529411764696
slp59,3,0,84.73436449226631,0.08353379969575177,24.756189047261817,0.13883514401545635,83.71653333333333,61.8235294117647,25.884750014769114,4860,55.76470588235295
slp59,4,0,84.79138627187078,0.04499150839507827,26.08695652173913,0.12767541446499392,63.46109019607843,61.64705882352941,1.1996688247100362,728,3.294117647058819
slp59,5,0,91.46341463414635,0.10206403218894826,25.0208507089241,0.20713684005866104,46.39237647058824,-22.41176470588235,52.429398011841656,3079,111.88235294117646
slp59,6,0,82.5536598789213,0.02583331182794805,24.027959807776323,0.1263177896224544,87.59701176470588,83.47058823529412,2.2448999017149354,2205,5.941176470588232
slp59,7,0,85.28496006497903,0.03601272136028104,24.771055397087526,0.21061055563183861,83.21877647058824,-20.647058823529413,7.338997119799753,66,105.35294117647058
slp59,8,0,77.34056987788331,0.05110111642345002,28.512593061935686,0.13615723568164556,89.2476862745098,84.58823529411765,4.554472010297107,5144,11.588235294117638
slp59,9,0,82.5309491059147,0.13156519296531283,22.970903522205205,0.18474366816042742,26.584054901960787,-21.352941176470587,57.72584467783903,4504,119.05882352941177
slp59,10,0,75.92339261285909,0.034703881431526355,23.249260250810202,0.13536773282625914,-20.612690196078432,-23.823529411764707,0.08007995850361548,1,3.2941176470588225
slp59,11,0,75.1421608448416,0.03730779327441618,20.522955305564,0.15087399566434906,-22.04474509803921,-34.529411764705884,2.4386020345931554,435,13.117647058823533
slp59,12,0,81.48852369957898,0.0662503584895961,23.996509598603836,0.193966981923692,-21.522164705882354,-23.470588235294116,0.07634730091859793,0,2.0588235294117645
slp59,13,0,77.12082262210795,0.03501277962176246,23.23060244695679,0.15928656564773952,-21.534658823529412,-23.11764705882353,0.10923942826391975,0,1.647058823529413
slp59,14,0,75.9649603065973,0.028627631250257676,22.284950230277822,0.16416615884853705,-21.52974117647059,-25.0,0.08356465646935994,1,3.529411764705884
slp59,15,0,78.56650585802895,0.028065811064220486,21.034180543383,0.22556665589457595,-21.527058823529412,-25.41176470588235,0.08577753474615708,1,4.0
slp59,16,0,84.91710473109585,0.033623364082805536,18.03503950532463,0.274827010855771,-21.522980392156864,-23.764705882352942,0.09182588877065095,0,2.3529411764705905
slp59,17,0,77.08953205301596,0.09612549507453316,15.342652574156151,0.10651887173213832,-21.53745098039216,-24.823529411764707,0.11365971728850296,1,3.3529411764705905
slp59,18,0,82.65601322496212,0.02234256028301145,21.466051836539993,0.13510420957588015,-21.552870588235294,-23.823529411764707,0.0849891483676233,0,2.3529411764705905
slp59,19,0,82.10180623973727,0.037706232906510304,23.067244512791838,0.14209451053330172,4.843364705882355,-23.58823529411765,48.38159900823249,5786,117.29411764705883
slp59,20,0,92.96685529506871,0.14897964235904554,21.425170607840023,0.21561749738903938,93.99580392156862,91.94117647058823,0.680866818665521,0,2.941176470588232
slp59,21,0,79.58100938647804,0.037783423795905005,21.508459994264413,0.13802818286597043,95.19357647058824,93.76470588235294,0.6473235697963113,0,2.17647058823529
slp59,22,0,83.75323437287213,0.019711180495492343,22.35469448584203,0.18531106271865969,94.17186666666667,92.47058823529412,0.650227200986493,0,2.882352941176478
slp59,23,0,85.10063487775226,0.024627658068726566,24.239753195240194,0.15284348521981306,95.15981960784313,94.47058823529412,0.3028340183343266,0,1.117647058823536
slp59,24,0,79.3220338983051,0.0685785037519581,22.039377020276227,0.1681000944522808,95.15015686274509,94.23529411764706,0.4393064664587927,0,1.588235294117652
slp59,25,0,76.56228445302801,0.03508603638012972,22.02319776831596,0.17426578198507148,95.04157647058824,93.58823529411765,0.3643985126014639,0,2.0
slp59,26,0,76.44849785407725,0.03496955541745109,19.91737975804072,0.16651895495000685,95.45118431372549,94.52941176470588,0.4967111720149444,0,1.647058823529406
slp59,27,0,79.5053003533569,0.04956701412117629,24.236548715462916,0.19321676023002932,94.44631372549019,93.58823529411765,0.6374277159342363,0,2.17647058823529
slp59,28,0,77.09995942107399,0.043977959727893874,21.693716856821467,0.16576999413314025,95.1951294117647,93.70588235294117,0.5609961403852118,0,2.294117647058826
slp59,29,0,74.96960691611508,0.05339402439187065,18.081625624246602,0.21803081557672066,95.07097254901961,92.70588235294117,0.5354406521548464,1,3.235294117647058
slp59,30,0,72.76647352108881,0.06886478072782456,15.928398058252425,0.21688656988428556,1.7182196078431367,-24.470588235294116,46.43420975245938,5994,119.23529411764706
slp59,31,0,74.30851795789184,0.033903821846548034,19.841269841269842,0.16712921931930558,-21.55089411764706,-23.58823529411765,0.1155593531745188,0,2.1176470588235325
slp59,32,0,78.09288943690915,0.04160345713314415,19.023462270133166,0.21803081557672066,-21.556698039215686,-24.11764705882353,0.13650305203235763,0,2.647058823529413
slp59,33,0,74.02330363262509,0.05199275828017058,20.907542202261112,0.20509043701863666,-21.557011764705884,-24.176470588235293,0.14326218324732126,0,2.7058823529411775
slp59,34,0,74.06391441503224,0.15848865675810256,17.685699848408287,0.23904332738325573,-21.578674509803925,-24.823529411764707,0.12953447278080316,1,3.3529411764705905
slp59,35,1,70.92198581560284,0.09635351576356724,10.750761512273787,0.31689364340311155,-21.58250980392157,-23.529411764705884,0.08480099960964138,0,2.058823529411768
slp59,36,1,68.92823354507365,0.10471255761933901,20.85505735140772,0.2862694677801218,26.829419607843136,-23.647058823529413,57.336867916850466,5780,121.0
slp59,37,1,87.07978938841636,0.24254786038109302,22.404779686333086,0.26380064327412384,95.91233725490196,71.88235294117646,2.146884686944977,2173,26.058823529411768
slp59,38,1,81.03727714748786,0.17784667553822875,16.9414953693246,0.20457726016263547,94.22882352941176,87.23529411764706,3.7969739818288355,3567,11.117647058823536
slp59,39,1,86.13617719442166,0.20836336654269821,12.600806451612904,0.17142880919391013,96.41845490196077,93.76470588235294,1.3564700755856163,1939,4.529411764705884
slp59,40,1,78.69249394673125,0.2301671461946225,12.338908692075679,0.2516300300000416,95.85160784313726,93.41176470588235,1.0581346662565545,705,3.529411764705884
slp59,41,1,84.38529088913282,0.2150108888683205,18.773466833541928,0.22496563795511507,93.65167058823529,86.58823529411765,3.7445343113843874,4064,11.705882352941174
slp59,42,1,84.95145631067962,0.21720324974705205,14.299332697807436,0.09778099553536138,95.37623529411765,91.11764705882354,2.2010614907981356,3686,7.235294117647058
slp59,43,1,83.1530557057869,0.2094543490375779,14.970059880239521,0.3414310263556934,91.34555294117648,83.0,5.3830708054355165,4635,15.058823529411768
slp59,44,1,93.50860550210055,0.1983086326906167,17.875763444063757,0.15561741417117084,96.12591372549018,92.82352941176471,1.425905629439644,1867,5.058823529411754
slp59,45,1,76.94384449244059,0.11497898157918321,9.073037955542114,0.326713351890918,92.80374117647058,85.82352941176471,3.145524072372221,3252,10.294117647058826
slp59,46,1,75.12520868113523,0.18222574522339652,11.867088607594937,0.11338434588674881,94.67257254901962,86.76470588235294,2.969822542783451,3120,11.058823529411768
slp59,47,1,85.30805687203791,0.20674883159302102,20.325203252032516,0.17374702124611627,93.12392156862744,86.58823529411765,3.4098433174330056,3798,10.588235294117638
slp59,48,1,83.42376559956593,0.1679005966367647,21.63877668782458,0.2457701050902983,91.26100392156863,82.47058823529412,5.692904071594866,4799,15.82352941176471
slp59,49,1,73.97260273972603,0.14044409282656406,7.708119218910585,0.2517340523357175,94.13770980392158,87.70588235294117,2.6809769046574092,4980,10.588235294117652
slp59,50,1,98.32036050798854,0.19908441467545035,14.33349259436216,0.26196985016622765,93.62181960784315,83.70588235294117,5.113879941586692,2169,13.705882352941174
slp59,51,1,77.19393282773564,0.12267923176241843,12.382367508667658,0.32600600000832175,90.95109019607843,83.3529411764706,3.2184615217446946,4170,11.588235294117638
slp59,52,1,92.96685529506871,0.23268895811519172,8.964589870013448,0.2392513720546076,94.88058039215686,83.3529411764706,4.575208112062366,2164,14.705882352941174
slp59,53,1,82.36239453595822,0.21938485195179988,12.458471760797343,0.20977837694643123,90.95160784313725,84.3529411764706,3.5942115546710487,4732,11.705882352941174
slp59,54,1,90.373818978502,0.1943838538681341,18.094089264173704,0.2879338251509364,91.09027450980392,82.23529411764706,5.432233837847038,4171,14.764705882352942
slp59,55,1,92.86009079653323,0.22158796597890118,23.094688221709006,0.30013911253691056,93.37229019607842,84.6470588235294,4.8921019379116455,3650,13.64705882352942
slp59,56,1,84.92855217039633,0.18569191562462992,21.536252692031585,0.3807217485738538,91.98630588235294,82.88235294117646,4.9591095459208105,3744,14.176470588235304
slp59,57,1,84.73436449226631,0.176016207252115,7.774706288873531,0.39549292023983385,91.24368627450981,79.0,5.569311916509581,3977,17.82352941176471
slp59,58,1,87.85072187414873,0.23461254435940765,8.058017727639,0.13772557243491326,92.8361882352941,79.0,6.1006210536116185,3070,18.764705882352942
slp59,59,1,90.13930620049166,0.2153243949052738,21.791767554479414,0.40048599235227794,91.81874509803922,82.0,5.9262227024173395,3361,15.529411764705884
slp59,60,1,99.43181818181819,0.17923556498391172,15.08548441166611,0.4563459866102449,88.64670588235293,79.70588235294117,6.710321225403214,5213,18.0
slp59,61,1,85.14664143803216,0.19412498019705743,18.332925934979222,0.2876564322558006,88.3893882352941,79.82352941176471,6.029085279302163,5625,17.35294117647058
slp59,62,0,78.1035900246643,0.20399989136926117,8.74805598755832,0.1782942833485206,95.39161568627452,89.58823529411765,1.7171582747823781,1224,7.294117647058812
slp59,63,1,94.3267259056733,0.1993179485457252,8.949880668257757,0.20737892840350686,92.13199215686275,84.88235294117646,3.9985635810648965,3675,11.529411764705884
slp59,64,1,94.40415925571213,0.20890976335478612,19.079114729076572,0.31643594512613754,91.57315294117649,81.58823529411765,6.029181322915289,3228,15.588235294117638
slp59,65,1,84.51837939361417,0.12082648115687569,16.048502139800284,0.35528085733425824,89.90872156862744,83.3529411764706,4.899604340001949,4662,12.588235294117638
slp59,66,1,83.36722244814965,0.10411022393092931,16.462841015992474,0.1953019352315329,91.53487843137256,83.94117647058823,4.563177236736656,3551,12.0
slp59,67,0,75.33595764897515,0.09560632698178577,8.375209380234505,0.21865494959077614,92.93547450980392,81.3529411764706,4.634299212899289,2745,15.294117647058812
slp59,68,1,83.63933088535292,0.18229455607749448,7.366181044360779,0.2955274556552783,92.12809411764705,81.41176470588235,5.222652524736899,3499,15.64705882352942
slp59,69,1,87.00930797248077,0.20206955198622445,13.684050478941765,0.1837331654710042,91.78948235294118,81.6470588235294,5.8042482325612434,3667,15.588235294117652
slp59,70,1,93.01698571043407,0.1990139777177275,19.854401058901388,0.33861350709224286,90.4827137254902,79.94117647058823,6.502639170286673,3659,17.058823529411768
slp59,71,1,89.30987821380243,0.15850197485538736,18.820577164366373,0.26712935801575316,88.74483137254902,78.76470588235294,6.5700593761171975,5101,18.117647058823522
slp59,72,1,77.9967159277504,0.1214685760122706,20.150456743686192,0.25235818634977303,88.28322352941176,78.3529411764706,6.67529542243589,5063,18.52941176470587
slp59,73,0,91.38911454102356,0.2129590049229611,14.572538860103629,0.19163886298237384,95.89432941176472,87.6470588235294,1.2300186329924645,267,9.47058823529413
slp59,74,1,83.68485508232413,0.20732871129457014,20.12265235722499,0.1402221084911352,93.39898039215687,90.29411764705883,1.367893462376982,1443,4.470588235294116
slp59,75,1,84.631918323482,0.18362448124740527,17.39562624254473,0.22224372017159524,92.76202352941176,86.82352941176471,3.0328905519740976,3027,9.117647058823522
slp59,76,1,81.61044613710554,0.1993352954195518,20.154517971111854,0.12903392838732555,93.80861960784314,91.3529411764706,1.247574284861466,1157,3.823529411764696
slp59,77,1,87.39837398373984,0.1684667342903821,16.590298625375258,0.17595378079581248,92.44566274509803,89.6470588235294,1.4142248785591762,1730,4.411764705882362
slp59,78,1,78.63153538419094,0.16918736847344581,13.953488372093023,0.24139126010279788,92.56189803921568,86.6470588235294,3.065108212759322,3114,9.117647058823536
slp59,79,1,83.5030549898167,0.2164543660080573,12.644889357218124,0.2077950177462105,91.23403921568628,83.94117647058823,3.848066581843492,3756,12.0
slp59,80,1,93.83924928600572,0.18400182870793402,21.69197396963124,0.34517583044002637,90.42165490196079,81.17647058823529,5.332199114568116,4124,15.0
slp59,81,1,86.98583951449763,0.1351775468505243,17.358241031575467,0.14001406381978337,95.06427450980392,87.3529411764706,2.1001205651848145,1333,9.235294117647058
slp59,82,1,72.72727272727273,0.1470461001031838,16.226240148354194,0.22281584301781276,93.18294901960783,85.11764705882354,3.9788284591907552,2649,11.411764705882348
slp59,83,1,79.61350027218289,0.22896998876008667,17.40644038294169,0.12686101737542865,92.5657725490196,88.05882352941177,2.143229174843786,2366,6.882352941176464
slp59,84,1,79.1503179542687,0.14222516433511764,18.785222291797123,0.2749756141924509,89.17416470588235,81.47058823529412,4.664918694312304,4538,13.235294117647058
slp59,85,1,94.89753816531424,0.2219163997292879,20.120724346076457,0.20887685003724,92.42362352941177,85.11764705882354,4.0012781799111945,3178,11.17647058823529
slp59,86,1,91.04397086592932,0.2325023764646899,15.380108393144866,0.11624496011783651,93.7200549019608,90.88235294117646,1.7716159656164387,2741,4.82352941176471
slp59,87,1,91.38742730545555,0.21716284783392123,22.151119862170813,0.20221942055398134,91.0163843137255,84.3529411764706,4.199912952570054,4333,11.35294117647058
slp59,88,1,88.4046052631579,0.2115998345807285,14.955134596211368,0.19330322035318853,92.6626274509804,88.6470588235294,2.2035334565111233,2824,6.411764705882362
slp59,89,1,91.82424159978233,0.19915939890660322,17.81472684085511,0.29896019273258356,91.61901176470587,85.11764705882354,4.109252224787427,4177,11.294117647058812
slp59,90,1,89.72040617610237,0.17131883685557403,18.12031891761295,0.3273236162602167,90.18212549019609,81.88235294117646,5.249021776843692,4300,14.352941176470594
slp59,91,1,87.79093507554104,0.1746216244801129,17.273146015660988,0.3312764650159015,89.18304313725491,80.17647058823529,5.74507599677763,4345,15.705882352941174
slp59,92,1,79.279035099607,0.14584622597279043,18.963337547408347,0.14723618598242558,91.47253333333333,82.52941176470588,4.97193413960462,3309,13.411764705882348
slp59,93,1,86.62369057211927,0.19328625400431354,13.721185510428102,0.19417502659504385,93.26282352941176,83.3529411764706,2.8490446258837046,1072,11.882352941176464
slp59,94,1,89.8815198147896,0.14879202302442993,12.847965738758033,0.33049382077605427,94.8274274509804,93.58823529411765,0.5740959757508471,0,2.058823529411754
slp59,95,1,77.51937984496124,0.1256553347768997,19.37984496124031,0.16061048628361482,94.25421960784315,92.58823529411765,0.5078523691189055,0,2.235294117647058
slp59,96,0,76.95423248278655,0.03120568880589589,18.659617477841707,0.2026817420458743,93.60574117647059,92.05882352941177,0.7866046219545612,0,2.411764705882348
slp59,97,0,76.40750670241286,0.04874945841023117,25.652985074626866,0.14486843948465947,93.639231372549,92.41176470588235,0.5076154532985856,0,1.7058823529411882
slp59,98,0,81.08108108108108,0.04339585233636966,16.486104569006123,0.21725064805915123,93.99900392156864,92.6470588235294,0.3861888127094041,0,1.8823529411764781
slp59,99,0,77.55102040816325,0.08985898463210883,13.331358317286329,0.29839550005320004,95.17520784313726,91.94117647058823,1.0296753822382023,524,4.235294117647058
slp59,100,0,80.49369466058492,0.05885269747428745,24.958402662229616,0.23141502276702186,89.91414117647058,87.29411764705883,1.4252604543619969,2691,5.058823529411768
slp59,101,0,80.90614886731392,0.058465716449899084,20.47432178809077,0.19736504488910522,91.78827450980393,87.94117647058823,1.4552690721237402,1232,5.176470588235304
slp59,102,0,77.84758262769736,0.05860918026282516,17.75448089279675,0.26983393874332695,92.59990588235293,91.88235294117646,0.45494427497588497,0,1.767647058823485
slp59,103,0,74.53666398066076,0.02992466801864801,19.82961222091657,0.17163685386526195,94.42616470588234,93.58823529411765,0.39163252035991575,0,1.2941176470588118
slp59,104,0,73.35959788072273,0.06474212855534289,14.710002801905295,0.2058602023026384,93.61823529411764,92.76470588235294,0.49682927754564565,0,1.764705882352942
slp59,105,0,64.24426637192593,0.03564514669391029,10.44022968505307,0.39911289752135576,95.2048,94.52941176470588,0.2089844293687204,0,0.941176470588232
slp59,106,0,76.90232056125201,0.21394135422374844,12.394645513138325,0.30818350649584814,95.28959215686275,94.52941176470588,0.31162528104477655,0,1.294117647058826
slp59,107,0,77.80507780507783,0.21284668639975898,9.844134536505333,0.28768417154531417,95.36148235294117,94.41176470588235,0.4048636703349574,0,1.529411764705884
slp59,108,0,86.32502055357634,0.24854289199451618,13.692377909630308,0.20941182204928757,95.39648627450981,94.70588235294117,0.3057571685516509,0,1.117647058823536
slp59,109,0,76.71601615074024,0.18934954997982523,11.278195488721805,0.3595011920959668,94.64807843137254,93.94117647058823,0.326676138553449,0,1.294117647058826
slp59,110,0,89.15304606240714,0.23720512795315518,11.428571428571429,0.34435554002155344,95.21885490196078,94.52941176470588,0.2936060160692373,0,1.0
slp59,111,0,78.3289817232376,0.23115226241820053,12.036591237361579,0.24063833653028646,95.59610980392158,94.58823529411765,0.3808807845325663,0,1.5882352941176379
slp59,112,0,79.23269391159297,0.18824643481778522,9.706643658326142,0.3477466681645883,94.96347450980392,94.29411764705883,0.23002062338375912,0,0.941176470588232
slp59,113,0,78.77726905467277,0.22471628690183554,11.148272017837236,0.3382806356180799,95.17713725490196,94.52941176470588,0.19698773861767496,0,0.941176470588232
slp59,114,0,74.727346169382,0.11523005857340898,14.212620807276863,0.23127632631945402,94.67223529411766,93.58823529411765,0.38889671525051617,0,1.470588235294116
slp59,115,0,70.46979865771812,0.02948925781586598,11.711430356027483,0.26165084833682156,93.9314980392157,93.41176470588235,0.17153754232682702,0,0.764705882352942
slp59,116,0,71.72131147540983,0.06128634698308109,12.347711557458016,0.25450798128707536,93.45480784313725,93.05882352941177,0.14897147953459064,0,0.6470588235294059
slp59,117,0,70.85976515049265,0.03366757054084017,10.770059235325792,0.22760087045890492,92.54428235294117,91.23529411764706,0.6416719406724652,0,2.117647058823536
slp59,118,0,72.71747912739026,0.06339723871386838,14.175014175014175,0.20707379621885746,92.71322352941176,91.88235294117646,0.36884256585328756,0,1.294117647058826
slp59,119,0,70.12154400961666,0.032048127074442156,12.197601138442772,0.2801945633766482,93.25909803921567,91.70588235294117,0.32745697070956165,0,1.8823529411764781
slp59,120,0,72.74686784319009,0.06481302643035369,10.28101439342015,0.19323189075158217,92.19430588235295,90.76470588235294,0.8082791103800818,0,2.470588235294116
slp59,121,0,73.71007371007371,0.11639969453949993,11.252813203300827,0.2795288204283224,92.22490980392158,91.05882352941177,0.7054090798607708,0,2.588235294117638
slp59,122,0,69.13379422529484,0.0506009559929933,14.905597880092746,0.20804467135183263,93.49907450980392,91.70588235294117,0.5483914376088971,0,2.64705882352942
slp59,123,0,75.13198862867198,0.1588069471316292,12.771392081736911,0.1859919361885384,91.07312941176473,89.0,0.8336964569493334,0,2.941176470588232
slp59,124,0,75.32573289902281,0.15194924376511024,14.862521674510775,0.2591404426358428,90.84273725490196,86.58823529411765,2.090759073632204,2334,6.294117647058812
slp59,125,1,74.59677419354838,0.15170491521443574,12.639029322548028,0.19459111593774747,91.69075294117647,89.76470588235294,0.8911718400708009,0,2.882352941176464
slp59,126,1,76.35163021048287,0.12695040817526188,9.689922480620154,0.28678957945850136,90.0636,87.70588235294117,1.223354351956058,1636,4.470588235294116
slp59,127,1,71.45773785218456,0.11393981941788213,9.981700216270172,0.2083775428259956,92.21740392156863,90.05882352941177,1.0664979549102562,805,3.411764705882348
slp59,128,1,73.47938495033338,0.15537525264919913,9.552619009711828,0.23167854601740084,91.42803137254901,87.70588235294117,1.859196347555044,2106,5.529411764705884
slp59,129,1,86.41479099678456,0.26038144835590304,5.248425472358292,0.1643552903679478,93.76541176470587,91.94117647058823,0.584468299070381,0,2.588235294117652
slp59,130,1,81.37800081378,0.23024749727195734,14.132278123233467,0.30922372985260727,88.90589019607843,79.47058823529412,5.982280416776219,4508,16.117647058823536
slp59,131,1,80.50089445438282,0.24692294379206678,5.8490933905244695,0.25145665944058176,93.63221960784315,88.82352941176471,2.3306887677604124,2189,6.882352941176464
slp59,132,1,93.25584538451142,0.2691073390385064,13.42882721575649,0.2230238876891646,92.40716862745099,90.29411764705883,1.1638674371430067,1197,3.647058823529406
slp59,133,0,87.54071661237786,0.21562048264602834,17.905102954341988,0.3616648566780259,88.04427450980393,79.76470588235294,4.813129400255753,4332,14.17647058823529
slp59,134,1,92.15017064846417,0.2623868409829038,9.83606557377049,0.10995160880944357,93.69080784313725,-21.705882352941178,9.975976159026986,68,117.11764705882352
slp59,135,1,86.71685937079859,0.2283114777700797,19.369834710743802,0.3613735941381333,90.04249411764707,83.23529411764706,3.9593439064101545,3857,11.352941176470594
slp59,136,1,100.92854259184499,0.2430142580179196,27.573529411764703,0.07586695681963498,93.10028235294118,88.17647058823529,2.547049533760173,2510,7.235294117647058
slp59,137,1,94.61127108185933,0.2401154889113213,20.29769959404601,0.29386309828446366,89.67840784313725,83.0,3.485592879754992,3500,10.588235294117652
slp59,138,1,83.85601308971911,0.17803303639044343,16.88048615800135,0.28515989619957866,88.24550588235293,79.70588235294117,5.371177382061892,4745,15.294117647058826
slp59,139,1,82.82828282828282,0.2376910146417065,4.134509371554575,0.08758680663912156,94.25055686274511,88.94117647058823,1.4993001178237868,1133,6.64705882352942
slp59,140,1,83.98197460057352,0.20685213863430266,21.116846550915064,0.3760407434684375,89.65852549019608,80.82352941176471,5.378278711170052,3490,13.941176470588232
slp59,141,1,80.04926108374386,0.2076399554151672,19.276076247590492,0.30945158830218317,87.5875843137255,77.58823529411765,5.931314123768642,4690,17.17647058823529
slp59,142,1,87.33920108327693,0.23778683911124257,25.08361204013378,0.19878668347667613,90.28870588235294,82.05882352941177,4.774677656348121,3836,13.17647058823529
slp59,143,1,85.40056933712893,0.23411648940697216,20.352781546811396,0.23113762987188607,90.29411764705883,84.41176470588235,3.1719087068026806,2843,9.176470588235304
slp59,144,1,78.35051546391753,0.09689363617545757,20.491803278688522,0.3552214159995863,84.35778039215687,74.47058823529412,7.0152744289335365,5175,19.17647058823529
slp59,145,1,98.76543209876543,0.24135537422370912,4.380201489268506,0.1744801310404037,92.41459607843137,80.11764705882354,4.046057082125576,2480,15.411764705882348
slp59,146,1,86.7635189669088,0.24900652357543973,19.2740122068744,0.4343972737826266,89.80724705882352,77.47058823529412,7.6591949358214855,2771,18.529411764705884
slp59,147,1,81.98961464881116,0.15168374995364534,19.11233807602463,0.3501094612177984,83.27606274509805,74.05882352941177,7.3722347483956145,5982,20.470588235294116
slp59,148,0,92.96240187302026,0.2471154915678892,4.99001996007984,0.11622762306189054,93.58654901960786,87.41176470588235,2.749381378394066,2163,8.588235294117652
slp59,149,1,92.32663110381617,0.19558432111666485,20.37351443123939,0.35059688016210844,86.15387450980391,75.41176470588235,5.985199519871669,3829,16.705882352941188
slp59,150,1,84.8370589819553,0.09735644120442638,18.900614269963775,0.29870591591204243,93.30550588235295,77.76470588235294,4.1658881058706285,795,17.352941176470594
slp59,151,0,67.91055014405268,0.12611397471698543,12.931034482758621,0.25572851002567276,94.11624313725491,93.11764705882354,0.3209377320459945,0,1.411764705882348
slp59,152,1,68.11614146140086,0.1849429266937991,15.889830508474578,0.233738188263784,92.51754509803921,90.76470588235294,0.7385655155406775,0,2.588235294117652
slp59,153,0,80.09309967141293,0.22416285054273621,19.841269841269842,0.14063819783383888,92.48233725490196,90.58823529411765,0.9131061098908668,1,3.117647058823522
slp59,154,0,94.33962264150944,0.23954013914346292,18.34488381573583,0.26701047534640926,90.10884705882351,82.05882352941177,4.71650360935134,3975,13.17647058823529
slp59,155,1,94.64357631896901,0.21625339327769985,16.741071428571427,0.19955644876067788,90.4090274509804,82.23529411764706,4.469533351285627,3810,12.82352941176471
slp59,156,1,88.74546187979024,0.2513302624564863,14.506769825918761,0.08513187951716991,93.61167843137255,91.3529411764706,1.1329197529924584,1027,3.823529411764696
slp59,157,1,89.61303462321794,0.23527502809047798,14.749262536873154,0.3423375067094407,91.66427450980392,84.11764705882354,4.49064872776254,3993,12.470588235294116
slp59,158,1,80.80808080808082,0.15724296486647663,19.03955997461392,0.3030319241576123,88.53709803921568,79.47058823529412,6.165424293817817,4840,16.764705882352942
slp59,159,1,86.11262985237836,0.2554461838322646,6.664691943127962,0.0942442361223802,94.71893333333334,82.70588235294117,2.5746159332275895,829,13.588235294117652
slp59,160,1,88.00654932460088,0.2512899591928224,22.06531332744925,0.26553434886872246,91.1548156862745,83.58823529411765,4.573057479408398,4007,12.470588235294116
slp59,161,0,92.45308861799754,0.2472377613094002,18.791105543376137,0.21911264786775017,92.85338039215685,87.94117647058823,2.621623028622932,2917,7.705882352941174
slp59,162,1,84.60918614020952,0.25668848745480727,18.05985552115583,0.12149808806947028,93.44638431372549,91.0,1.4773513838478545,2370,4.470588235294116
slp59,163,1,84.55240907260769,0.1953576637351229,19.426906265177273,0.28062914557902763,91.98085490196077,87.58823529411765,2.1911892918026443,2585,6.705882352941174
slp59,164,1,102.76788161140038,0.24948838530079914,15.184381778741866,0.09752093969617157,95.47155294117647,93.3529411764706,0.5873141740227912,0,2.823529411764696
slp59,165,1,87.58826724606192,0.23846656324262427,17.092625752889465,0.13184831046922396,93.80869019607843,87.58823529411765,2.1708411257609086,1809,8.058823529411754
slp59,166,1,93.67363562313332,0.2526349608436126,15.114437886857639,0.14313473389006087,93.92418823529411,87.11764705882354,3.063212120191352,2114,9.058823529411754
slp59,167,0,79.33279088689993,0.22347995422594039,19.6174595389897,0.22325504843511113,93.29285490196077,89.52941176470588,1.9969997731737807,2658,6.120588235294065
slp59,168,1,89.8829431438127,0.23043289381199003,17.870439314966493,0.13300989321760504,93.7366431372549,87.94117647058823,2.285977216953865,2126,7.941176470588232
slp59,169,1,92.11244541484717,0.2454839473266261,17.8117048346056,0.23207383089296935,94.18847843137256,87.58823529411765,2.659738908179661,1913,8.764705882352942
slp59,170,1,85.33116619260463,0.21153144215555325,17.67974406465735,0.20497601244939317,93.27410196078432,84.76470588235294,3.440255860731465,2620,11.588235294117652
slp59,171,0,95.0413223140496,0.2598625781953104,15.230635335073977,0.14214652170113967,93.76613333333333,84.23529411764706,4.297144546042282,1722,12.235294117647058
slp59,172,1,92.01199563794985,0.24125079824597678,18.19126819126819,0.2470530472303013,91.92127843137254,86.52941176470588,3.2786535353096142,4000,9.470588235294116
slp59,173,0,91.63725224002172,0.2826060591908072,18.48144155244109,0.05917715096229908,95.92392156862745,93.11764705882354,0.6843381084481234,58,3.411764705882348
slp59,174,1,93.68635437881873,0.2591655214063443,15.91793420587195,0.25488444307333097,93.54567058823531,89.58823529411765,1.9304619359578776,2479,6.235294117647058
slp59,175,0,104.23905489923558,0.2527661369724988,22.04909598706453,0.06604472657823633,96.10847843137255,94.52941176470588,0.4862087836036736,0,2.117647058823522
slp59,176,1,92.70455461507458,0.18505861739312648,18.229166666666668,0.3971052664428106,91.97947450980392,89.23529411764706,1.7204076448169145,3410,5.235294117647058
slp59,177,1,82.9511734556245,0.23210746449513533,18.447348193697156,0.08460483301641195,95.98646274509802,94.29411764705883,0.49841955056096215,0,2.17647058823529
slp59,178,0,70.2717173069201,0.16339356268387878,19.08050154461203,0.33973694831754275,92.84686274509804,88.41176470588235,2.501340717004618,3512,7.64705882352942
slp59,179,1,80.35714285714285,0.2643747663715603,23.496240601503757,0.05223812566125108,96.5113725490196,95.23529411764706,0.3696456526144084,0,1.647058823529406
slp59,180,0,89.69828757814624,0.2253141058189472,17.853600476096013,0.2988710307305756,94.54596862745097,92.11764705882354,1.3934191720715274,2143,4.294117647058812
slp59,181,1,89.37034529451591,0.21816081338285243,17.65299260255548,0.14095026484086665,96.08458823529413,93.82352941176471,0.7161270208800955,0,2.941176470588232
slp59,182,0,85.6210926882305,0.2854760276420363,17.030939540164635,0.18534468609988825,95.57355294117647,93.41176470588235,0.9261891882139819,0,3.0
slp59,183,1,85.80768183056388,0.223792826124841,17.769880053309638,0.26380064327412384,94.90798431372549,92.88235294117646,0.9883445372548043,301,3.294117647058826
slp59,184,0,89.93050824362992,0.26023427144221,16.380655226209047,0.09939334173833807,95.96927058823529,94.17647058823529,0.4822980536920667,0,2.235294117647058
slp59,185,1,91.48877183254784,0.23946144809544384,15.770106886280008,0.3108187389996381,94.53541960784314,92.05882352941177,1.2433607331507832,1499,4.117647058823522
slp59,186,0,111.02139685102948,0.21346890458130074,14.853936293117675,0.1975235551148971,95.7769882352941,94.47058823529412,0.5013720594137496,0,1.8823529411764781
slp59,187,1,98.05285118219753,0.27908725317463556,16.859344894026975,0.227548859291067,95.38966274509804,94.52941176470588,0.26627351364276913,0,1.17647058823529
slp59,188,1,111.65245635403978,0.23306491416529437,17.717407352724052,0.18677788272475646,93.88773333333334,91.76470588235294,1.1003393109611437,645,3.411764705882348
slp59,189,0,104.19504222282758,0.23141638667460473,16.39344262295082,0.21948712827618347,92.09752941176473,91.6470588235294,0.13651752066556755,0,0.6470588235294201
slp59,190,1,90.12699713232281,0.22869176989965057,16.47834274952919,0.18880053925178814,91.43625098039216,66.88235294117646,0.5131059348035666,7,25.235294117647072
slp59,191,0,78.16785518376302,0.16406619838200537,16.696813691387227,0.16111903992469706,91.66169411764707,90.94117647058823,0.19275665399303993,0,1.0
slp59,192,1,73.21041214750542,0.1034720693511175,16.260162601626018,0.17743238399577727,91.26370196078432,90.23529411764706,0.3549633673232827,0,1.529411764705884
slp59,193,0,79.99453028852729,0.16088695644696185,16.032982134677052,0.14537121410709308,91.33085490196079,90.76470588235294,0.22409081808091452,0,1.0
slp59,194,1,74.08423652078476,0.10614240376279034,16.156331743345127,0.15343294512197658,91.37505882352941,90.76470588235294,0.1785132499064331,0,0.8823529411764639
slp59,195,0,75.04056246619795,0.1054361701465126,18.703241895261844,0.14956100262737304,91.24706666666667,90.3529411764706,0.23688735088400717,0,1.235294117647058
slp59,196,1,74.50331125827815,0.025051058970741225,16.48869346733668,0.15286082227575903,91.32254117647058,90.58823529411765,0.2509763019274546,0,1.1176470588235219
slp59,197,0,73.27001356852104,0.03375218328557738,16.741071428571427,0.14053417549816297,91.44585098039217,90.88235294117646,0.17942833464680286,0,0.8235294117647101
slp59,198,0,74.41673370876912,0.0507887243544133,20.09825815096025,0.1203746468441704,91.5699843137255,90.82352941176471,0.17922685355862303,0,1.0
slp59,199,0,74.95948136142624,0.061016852142949995,17.398508699254347,0.15364098979332846,91.08282352941177,90.29411764705883,0.22288195188305843,0,1.17647058823529
slp59,200,0,75.37688442211055,0.04620050309776383,18.716206848745323,0.11251055826707113,91.48025098039216,90.58823529411765,0.2826433338936902,0,1.3529411764705799
slp59,201,0,72.70461154964684,0.03524635167109425,19.515368352577653,0.13430439339490532,91.16407058823528,90.6470588235294,0.1411073772101027,0,0.7058823529411882
slp59,202,0,73.93209200438115,0.03157745718814507,16.42935377875137,0.12997590842705745,91.00447843137255,90.17647058823529,0.2506918020969186,0,1.117647058823536
slp59,203,0,74.53416149068322,0.02990912161123349,16.10182487348566,0.14043015316248705,91.15984313725491,90.29411764705883,0.22215339803123496,0,1.17647058823529
slp59,204,0,73.45939327982587,0.030226102692054363,16.163793103448274,0.12285037843325719,91.25636862745098,90.6470588235294,0.16238183526156563,0,0.8235294117647101
slp59,205,0,74.22680412371136,0.024410835481172857,19.074868860276585,0.12427201702082805,91.39482352941175,90.58823529411765,0.2683951364132517,0,1.17647058823529
slp59,206,0,72.15503023639361,0.0547599138354445,19.903798308177144,0.12237649890406692,91.2364,90.58823529411765,0.22778239803267877,0,1.0588235294117538
slp59,207,0,75.11165245635404,0.03130135808972997,16.246325235958533,0.1309121094481407,91.19629019607842,90.6470588235294,0.13547569991406172,0,0.764705882352942
slp59,208,0,73.52941176470588,0.041128524840499135,20.448348985156013,0.12466036707401815,91.44013333333334,90.6470588235294,0.19026920946984477,0,1.058823529411768
slp59,209,0,75.26444263628966,0.10101266654259398,16.97381183317168,0.14256261104384335,91.50123137254903,89.58823529411765,0.22599641061001774,0,2.235294117647058
slp59,210,0,73.34963325183374,0.02837056377460426,15.530247004880934,0.12581501500002082,91.18359215686274,90.6470588235294,0.23798274822052906,0,1.058823529411768
slp59,211,0,74.56670697299475,0.06167754693136835,18.69288285793409,0.1039391178073756,90.88919215686275,-21.941176470588236,3.111475105354666,9,113.58823529411764
slp59,212,0,77.00621453661172,0.11017367302194662,17.292490118577078,0.1350209917073394,88.09933333333333,27.11764705882353,4.017060505322488,2740,63.88235294117647
slp59,213,0,74.96960691611508,0.048869409020950653,21.50229357798165,0.0931661864617389,80.55221960784314,-21.88235294117647,17.947582790295673,4335,112.70588235294119
slp59,214,0,73.0282375851996,0.0430940499704674,17.356089094590686,0.13028219641543654,88.65314509803922,-8.882352941176471,7.853826981248074,964,100.35294117647058
slp59,215,0,76.16303005351996,0.08157872508002917,19.376715646697885,0.16338441523497257,81.42899607843135,-22.0,32.624416167957705,693,114.41176470588235
slp59,216,0,75.77826324412891,0.06453121395783724,18.891687657430726,0.18167500925798785,91.88093333333333,90.76470588235294,0.461799614949548,0,1.647058823529406
slp59,217,1,82.48390557939915,0.12640333733047077,14.732362088721558,0.13921160580171205,93.34185098039217,90.70588235294117,1.172050011306783,986,3.705882352941174
slp59,218,1,86.51911468812877,0.03142534312260048,15.954617975536252,0.32490633531689067,91.1740156862745,88.17647058823529,2.1492813570522573,4071,5.882352941176478
slp59,219,1,79.98359310910581,0.07977324866868478,13.64256480218281,0.3198538218697747,94.29826666666666,88.88235294117646,1.2645688366908774,602,6.058823529411768
slp59,220,1,66.3716814159292,0.04340506882842141,18.76759461995621,0.4851601735924738,96.65230588235293,94.88235294117646,0.6681342526481546,0,2.529411764705884
slp59,221,0,64.84733855714673,0.04358253664026452,16.417365924844948,0.17012109983112716,96.98378823529411,95.52941176470588,0.5403554448954357,0,2.058823529411768
slp59,222,0,75.99616595919485,0.19734092076042956,15.174506828528072,0.3479893869478321,95.1180705882353,94.0,0.5153431846994264,0,1.705882352941174
slp59,223,0,88.06663025669035,0.2677961334006881,14.760147601476017,0.24624167301202915,94.23044705882351,91.88235294117646,1.1443999504129625,967,3.64705882352942
slp59,224,0,99.86413043478261,0.1892006464878056,17.23807699674392,0.19151998031303,93.86659607843137,92.6470588235294,0.6266407228672223,0,2.411764705882362
slp59,225,0,95.9967320261438,0.1722155365716699,20.34587995930824,0.4641707778605333,92.36825882352942,90.76470588235294,0.7429516366456591,0,2.588235294117652
slp59,226,0,86.78686759956943,0.14376189677297735,21.267545725223307,0.3004165054320464,91.2592705882353,89.76470588235294,0.8637919584849421,0,2.882352941176464
slp59,227,0,77.6778413736713,0.10843495056555855,9.243568017254661,0.3510129695048121,93.88132549019608,89.76470588235294,1.99337619530129,2316,6.470588235294116
slp59,228,0,71.545380212592,0.07724361673646964,17.19338464057639,0.18255919911123314,91.44061176470588,89.6470588235294,0.8945350699511719,0,3.0
slp59,229,0,75.63368765331153,0.04180835611865225,20.36659877800407,0.2026817420458743,89.40628235294118,88.0,1.1537755790569257,18,3.117647058823536
slp59,230,0,75.7679180887372,0.030113105509856856,19.01743264659271,0.218400672770235,89.4066117647059,88.47058823529412,0.4373789220759911,0,1.705882352941174
slp59,231,0,77.08953205301596,0.05518681443546661,19.777322004101965,0.1849101038975089,90.37183529411766,89.23529411764706,0.5682297037032678,0,2.0
slp59,232,0,73.94221552786526,0.06374360292280509,23.49088838268793,0.1903608742869269,90.53471372549018,89.58823529411765,0.36328697409076044,0,1.411764705882348
slp59,233,0,73.25013564839935,0.029198342587834363,21.30345589395613,0.1889045615874641,91.61004705882354,90.52941176470588,0.6940371522618387,0,2.117647058823522
slp59,234,0,73.7704918032787,0.048424052792892996,20.451446750492345,0.20059667211743704,91.24636862745098,90.76470588235294,0.25062244769366926,0,0.941176470588232
slp59,235,0,73.4094616639478,0.04510727953076605,17.25838264299803,0.18900858392313996,91.03225098039216,89.47058823529412,0.8190960577199686,0,2.470588235294116
slp59,236,0,79.279035099607,0.15507068227844076,18.007202881152462,0.21909415500807441,91.44625882352942,90.11764705882354,0.6507272172934006,0,2.588235294117638
slp59,237,0,69.47282386595832,0.17423545299273846,20.565552699228792,0.18201597135825892,91.92592941176468,88.47058823529412,1.6583234005069625,2321,5.82352941176471
slp59,238,0,71.69192953707498,0.16814982629081915,16.088666428316056,0.21743640223000113,92.09439215686275,89.58823529411765,1.4570870178099191,2541,4.823529411764696
slp59,239,1,77.56157300312968,0.20828025547311152,20.49880423641954,0.20212695625560276,91.76530980392157,89.88235294117646,0.8920270216570774,0,2.82352941176471
slp59,240,1,85.11213185625506,0.20999375868060283,20.328263815690406,0.21216395584459896,91.7072,90.6470588235294,0.4907345607708389,0,1.6470588235294201
slp59,241,1,98.14612868047982,0.18328181094211785,21.05427323767935,0.23296842297978224,92.8984,91.29411764705883,0.9254634055278292,0,2.82352941176471
slp59,242,1,99.25725860904794,0.16294760926526194,18.744142455482663,0.6527517144036723,92.91467450980392,91.3529411764706,0.6132871884250908,0,2.235294117647058
slp59,243,1,78.34471675371634,0.10750635961189446,10.640813431071175,0.2910544952212139,95.70098039215685,93.70588235294117,0.7630772753165789,1,3.058823529411768
slp59,244,0,71.00351636461997,0.04459691578976268,25.372904813163153,0.18512508339123912,93.4768156862745,91.70588235294117,0.9603973470904362,636,3.529411764705884
slp59,245,0,84.57511075312122,0.11807607371382854,24.879060124395295,0.19985091198782198,92.70971764705882,91.0,1.0015367931127035,202,3.235294117647058
slp59,246,0,69.10569105691057,0.16851445370432303,21.269891287222308,0.242704913599048,94.09346666666667,93.0,0.4090361593853728,0,1.647058823529406
slp59,247,0,74.0030149376456,0.047016020384965655,18.633540372670808,0.2099864216177831,94.24206274509804,93.3529411764706,0.5370506399164592,0,1.705882352941174
slp59,248,0,67.06408345752608,0.08687806385847914,12.419274714356682,0.35485486110244263,95.04983529411764,94.0,0.5665577849937494,0,1.764705882352942
slp59,249,0,74.81801024534916,0.21299942214690631,11.691348402182383,0.3029823897120523,94.79510588235293,93.76470588235294,0.647295102386261,0,1.941176470588232
slp59,250,0,86.70520231213874,0.2888914773998806,10.768126346015793,0.44496594308729975,96.21925490196078,94.17647058823529,0.5711856168031125,0,2.470588235294116
slp59,251,0,105.32001080205238,0.2462073499544594,12.520868113522537,0.2976703157702022,96.20505098039216,95.70588235294117,0.2441221373238497,0,0.941176470588232
slp59,252,0,117.44060475161987,0.20084757384430582,13.181019332161686,0.2346050410610833,94.37838431372549,92.41176470588235,1.163174049475537,1303,3.411764705882362
slp59,253,0,108.82956878850102,0.22288500915290552,10.94291446288528,0.3805553128367723,94.86179607843137,92.41176470588235,1.194760388763795,1263,4.117647058823536
slp59,254,0,90.49470438396568,0.2718602981834513,13.450502152080341,0.14105428717654253,95.97102745098039,94.3529411764706,0.5515705088527327,0,2.294117647058812
slp59,255,0,85.95988538681951,0.2265471673793761,8.289582757667864,0.21650515465347386,92.1785568627451,90.3529411764706,1.0607256478721658,1508,3.941176470588232
slp59,256,0,95.48963835839089,0.23681551097450693,16.46542261251372,0.18823881863913822,91.25141176470588,87.70588235294117,1.7483999513412427,2194,5.470588235294116
slp59,257,0,104.40835266821348,0.2455459436796225,17.452006980802793,0.2782805524002114,91.3808,86.05882352941177,2.9920159635419665,3528,8.882352941176464
slp59,258,0,99.23045767517212,0.24497742928273178,17.9265013444876,0.349764701476701,90.78455686274509,83.70588235294117,4.095086141469007,3914,11.82352941176471
slp59,259,1,105.06798516687267,0.25260442699959235,16.528925619834713,0.2245495486124114,95.6517725490196,91.94117647058823,1.074853996655051,538,4.470588235294116
slp59,260,1,107.9576317218903,0.24619110857980275,18.51090086384204,0.18162299809014992,92.75406274509804,91.52941176470588,0.6260693637264552,0,2.235294117647058
slp59,261,1,101.26756682281619,0.23978035207834586,21.306818181818183,0.30249695214556466,91.8976,86.76470588235294,2.788168950579948,3350,8.352941176470594
slp59,262,1,108.04820612273168,0.2277295577637869,18.656716417910445,0.2651182595260188,90.39383529411764,84.23529411764706,4.098952364378496,4336,11.411764705882348
slp59,263,1,113.49817592217266,0.2073007157119673,5.512679162072767,0.3119283105801811,93.63966274509804,86.17647058823529,2.8154630230025495,2107,10.0
slp59,264,1,118.91744122471296,0.20500018270923676,20.775623268698062,0.3351599655478024,92.39004705882351,86.05882352941177,3.026124825249791,2834,9.235294117647058
slp59,265,1,110.2340772999456,0.2037774411995551,19.108280254777068,0.24016676860855563,89.18482352941176,85.52941176470588,2.5758648916476705,4574,7.235294117647058
slp59,266,1,92.22571389534092,0.23491828261370556,15.856236786469344,0.19146053897835796,88.7482980392157,86.82352941176471,1.3566123204472365,3812,4.941176470588232
slp59,267,1,87.43391622610818,0.20754386896417518,15.113350125944583,0.20917405671059974,88.17940392156862,87.0,0.5402999508119222,0,1.941176470588232
slp59,268,1,93.042071197411,0.2551601891306759,14.360938247965532,0.16881339046834423,89.54835294117646,87.3529411764706,1.3502188075060366,2136,3.882352941176464
slp59,269,0,86.43160927424887,0.2236480268397132,14.722378014582164,0.14323875622573679,88.63943529411766,87.47058823529412,0.45610255468716393,0,1.82352941176471
slp59,270,1,83.93612665483828,0.23805265890483082,15.544041450777202,0.17761070799979314,89.66392156862746,88.47058823529412,0.466214808427487,0,1.8823529411764781
slp59,271,1,94.45337620578778,0.2487793359385798,14.21576370241668,0.17725405999176141,89.22835294117647,88.58823529411765,0.3140482922627129,0,1.235294117647058
slp59,272,0,95.43568464730293,0.23944763152298246,15.080428954423592,0.1679812117829369,89.52453333333334,88.47058823529412,0.4104013370154486,0,1.588235294117652
slp59,273,0,86.5771812080537,0.24424173008513736,14.211274277593558,0.14777115799447316,90.03941176470587,89.47058823529412,0.20421199153228617,0,0.8823529411764781
slp59,274,0,82.8505994880776,0.22618438620198894,14.565126924677488,0.1419904881976258,89.6315843137255,88.88235294117646,0.24957631407543768,0,1.1764705882353041
slp59,275,0,89.15304606240714,0.25161604949533006,13.307310149041877,0.2173373333388812,90.79915294117647,87.94117647058823,1.8062955450913454,3005,5.176470588235304
slp59,276,1,95.55435077256709,0.2554775111714344,15.772870662460567,0.3484054762905358,91.9616705882353,88.23529411764706,2.3616523676845587,3964,6.82352941176471
slp59,277,1,100.90138571236378,0.22651108228958688,14.885874958650346,0.16108601696099045,91.00504313725489,88.3529411764706,1.5157257748144142,3632,5.764705882352942
slp59,278,0,98.81688625974725,0.23132199251960528,15.957446808510637,0.17038858583715094,89.61626666666666,88.23529411764706,0.304622495870525,0,1.82352941176471
slp59,279,1,89.26156342980795,0.22405349125186327,14.708285667592744,0.1625720503277892,89.40610980392158,88.70588235294117,0.30255481767918396,0,1.235294117647058
slp59,280,1,78.62903225806453,0.1917294280229817,14.749262536873154,0.16821897712162467,89.42485490196077,88.17647058823529,0.3068127568380334,0,1.9411764705882462
slp59,281,1,88.21115973741796,0.23428855750418795,15.928398058252425,0.15520132482846719,90.04637647058824,89.47058823529412,0.3066921338404863,0,1.235294117647058
slp59,282,1,81.81074447777475,0.2452517889843008,16.233766233766232,0.14943551536528782,90.33517647058824,89.76470588235294,0.24452196142550656,0,1.058823529411768
slp59,283,0,88.5951342989734,0.2079514377288956,18.135106543750943,0.12454940991596383,87.35969411764707,83.47058823529412,2.187059578436516,3205,7.0
slp59,284,0,81.10300081103,0.11992981280732494,19.15097350781998,0.13097567865327597,85.9969568627451,83.3529411764706,1.821351251615366,3949,5.52941176470587
slp59,285,0,79.02201810076996,0.047206012610275336,17.587939698492463,0.14474708009303758,88.07478431372549,87.41176470588235,0.22172318399100313,0,0.9411764705882462
slp59,286,0,82.70575578267888,0.04909130247390241,14.908066920655951,0.1943731643772837,88.92315294117648,87.70588235294117,0.8214971823865099,0,2.764705882352942
slp59,287,1,78.48135229407029,0.06247660969283924,14.696276943174393,0.15858948090476846,90.71210980392158,90.05882352941177,0.2181773527719855,0,1.0
slp59,288,1,73.62967002999727,0.05961812633465027,17.6522506619594,0.15381436035278828,89.09463529411765,87.0,1.0991291969359624,783,3.470588235294116
slp59,289,1,76.9230769230769,0.026769975325864025,13.208876364917225,0.22642195065457793,90.69793725490196,89.3529411764706,0.8064303782732408,0,2.35294117647058
slp59,290,1,73.32971211298207,0.07168104937503478,15.982951518380395,0.17386590391546017,91.20697254901961,88.88235294117646,1.005094846842603,54,3.176470588235304
slp59,291,0,74.75083056478404,0.022410315085295465,16.40625,0.16492741321416535,90.99225882352941,89.52941176470588,0.548122983867726,0,2.411764705882348
slp59,292,1,75.05070993914806,0.04241531760196288,17.151257758902318,0.19686227026667166,90.85447843137254,90.05882352941177,0.5120363839917369,0,1.882352941176464
slp59,293,1,72.17321571772253,0.06354351090219816,19.16932907348243,0.18451250741448091,91.0853882352941,89.82352941176471,0.6546574972167143,0,2.058823529411754
slp59,294,1,72.90400972053463,0.04464551738105654,17.59383378016086,0.15572143650684675,91.45116862745098,90.0,0.5574007025390978,0,2.17647058823529
slp59,295,1,74.52387524151256,0.042942971082961856,18.083182640144667,0.15728177154198553,89.05750588235293,88.3529411764706,0.4675668875908525,0,1.705882352941174
slp59,296,1,72.94340132378765,0.045559755903919086,21.008403361344538,0.1356035167871245,88.73650196078431,88.11764705882354,0.3038285787152634,0,1.2941176470588118
slp59,297,1,75.01013650493307,0.027657933502160524,17.793594306049823,0.17105895200039573,88.80270588235294,87.70588235294117,0.49242151934140443,0,1.764705882352942
slp59,298,0,73.54944156905475,0.05198242818016654,19.62066710268149,0.16860864809336304,89.82614117647059,88.88235294117646,0.38580236784622635,0,1.588235294117652
slp59,299,0,72.43460764587525,0.034037560951918316,20.43287422430755,0.15420271040597838,89.55917647058823,87.76470588235294,0.6904411541272532,0,2.529411764705884
slp59,300,1,73.20048800325334,0.05837331962844364,18.105009052504524,0.18132248912041948,90.2004,87.70588235294117,1.211436440059692,1002,3.529411764705884
slp59,301,1,72.10548001648124,0.11003785619466769,18.738288569643974,0.1846512038620488,89.96406274509803,89.29411764705883,0.4306207549418593,0,1.470588235294116
slp59,302,1,76.13168724279835,0.10253220556245646,20.267227143071608,0.14717080051428644,89.76986666666667,87.3529411764706,0.954748291729984,80,3.17647058823529
slp59,303,1,76.10037021801728,0.03814945045159822,17.72451046590142,0.21163344193265177,89.3310431372549,87.47058823529412,0.9696893357296243,7,3.058823529411768
slp59,304,0,76.10037021801726,0.02307747297578609,17.727502954583823,0.2119455089396795,91.06756078431371,90.41176470588235,0.229785049616587,0,0.9411764705882462
slp59,305,1,74.87857528332434,0.04536033799439404,14.43232841565106,0.3429765010571642,92.59923137254901,90.58823529411765,1.7038670881156965,3662,4.647058823529406
slp59,306,0,67.87330316742081,0.0902306807996912,15.83949313621964,0.2000869626726251,94.29397647058823,92.23529411764706,0.9390465990822725,5,3.117647058823536
slp59,307,1,71.78996307944756,0.21802006273529517,19.311232700354036,0.10073985308347631,93.74654117647059,92.23529411764706,0.7048059830047947,0,2.352941176470594
slp59,308,0,96.04677060133633,0.2795329077279374,19.72710833470327,0.13707832234626308,91.9499843137255,90.23529411764706,1.395104449210193,3356,3.882352941176478
slp59,309,0,107.14285714285715,0.23613816034099777,17.98561151079136,0.19337752202152847,90.2979843137255,89.82352941176471,0.167704625089566,0,0.764705882352942
slp59,310,1,106.88357085237968,0.24574746159572122,18.610421836228287,0.1393436976565386,90.57977254901961,84.94117647058823,1.7498488012279185,1287,7.058823529411768
slp59,311,1,101.83299389002036,0.2516254359161649,22.614201718679325,0.23301003191405262,90.70959215686274,81.17647058823529,6.427928435871536,3195,15.235294117647058
slp59,312,1,102.16591744993872,0.23999691998023642,16.010978956999086,0.26796153670116046,93.11468235294117,90.29411764705883,1.6762005904082276,2897,5.17647058823529
slp59,313,0,87.10330857528697,0.20537984437605586,16.4576802507837,0.27207041896035916,93.29122352941175,91.6470588235294,0.7459432291604604,0,2.764705882352942
slp59,314,1,74.09440175631174,0.2160461770485281,16.46542261251372,0.17636987013851613,93.62939607843137,90.23529411764706,1.2449122849488057,798,4.588235294117652
slp59,315,0,86.7518493611298,0.27410106973615217,19.270916974466036,0.24128558661893662,92.60501960784315,87.23529411764706,2.8749066991864796,2714,7.941176470588232
slp59,316,1,100.68465565847765,0.24151056622847789,20.083682008368203,0.21724486904050258,92.63206274509804,86.76470588235294,1.7778260725927664,1449,7.944117647058775
slp59,317,0,103.42030552926862,0.24796958799528176,12.466755319148936,0.21144273431724592,93.49842352941178,85.88235294117646,3.2473385509802966,1886,9.941176470588246
slp59,318,1,98.34091517259833,0.24293592273944956,20.377358490566035,0.18699055061102715,93.59552156862743,91.82352941176471,1.0461621910785592,64,3.17647058823529
slp59,319,1,86.32502055357632,0.1890181337207715,17.75410563692854,0.29856721946447456,92.09512156862745,89.76470588235294,1.221922816898644,1438,4.0
slp59,320,1,79.21462423832094,0.2841689453135315,15.592515592515593,0.184015511810696,94.74483921568628,93.94117647058823,0.2632627515237758,0,1.1764705882353041
slp59,321,1,85.02024291497975,0.20713766824371221,18.665422305179654,0.2823859672482209,93.49523921568627,91.0,1.3364622813651448,1754,4.352941176470594
slp59,322,1,84.05084050840509,0.2623839637589055,18.75586120662707,0.25497030277896826,93.69938823529412,92.29411764705883,0.9267329448139097,0,2.941176470588232
slp59,323,1,97.34991887506762,0.2740764289188125,19.785655399835118,0.22034242303618543,93.7812156862745,92.47058823529412,0.739312376263424,0,2.294117647058826
slp59,324,1,102.47301543926767,0.25302760639898564,19.913707268503153,0.22908029923296244,93.16507450980392,90.05882352941177,1.4292255999914416,1702,4.705882352941174
slp59,325,1,116.59620891858721,0.20776841524556477,20.29769959404601,0.2543692848395074,91.2420862745098,84.41176470588235,3.670456383118696,3511,10.705882352941188
slp59,326,0,117.97985373257902,0.20384299234424205,14.303877940241577,0.17154769186325405,95.73953725490196,94.47058823529412,0.45199441457117256,0,1.8823529411764781
slp59,327,1,114.59754433833561,0.21471400057009865,18.098455598455597,0.24514597107624284,93.76220392156864,91.05882352941177,1.253912250381603,1105,4.0
slp59,328,1,108.73942811115587,0.23156206004939797,22.404779686333082,0.309511029636855,93.70036078431373,90.58823529411765,1.448838681883088,1524,4.588235294117638
slp59,329,1,115.97938144329898,0.21705697637752178,19.835439318248607,0.25344001864080257,93.88105882352941,90.94117647058823,0.9124951836626931,384,3.941176470588232
slp59,330,0,113.89830508474576,0.22672818167873826,15.357612988152699,0.336928345254293,94.09178039215685,90.88235294117646,1.1865454416522485,941,4.294117647058826
slp59,331,1,111.97068403908797,0.2263846620392194,14.39539347408829,0.3934124735263156,96.35013333333333,94.88235294117646,0.5179913790087749,0,2.176470588235304
slp59,332,1,117.75237570582563,0.20155013917793996,12.185215272136473,0.5724349132245676,94.72502745098039,91.82352941176471,1.3668445945785372,1521,4.529411764705884
slp59,333,1,118.71702304915303,0.2008466168409626,7.6765609007164795,0.22385606637457195,96.65937254901961,95.29411764705883,0.3530766711594414,0,1.82352941176471
slp59,334,1,113.559551169393,0.21251591777116943,20.170327207530256,0.22760087045890495,91.20163137254902,86.94117647058823,2.859126896795595,4533,8.411764705882362
slp59,335,0,117.80636425186191,0.2004496847088593,20.695364238410598,0.17149815741769406,90.08085490196078,85.52941176470588,2.7814751287725024,3355,7.647058823529406
slp59,336,1,96.49603065973174,0.24309607033331168,15.89403973509934,0.15237191729808225,90.49898823529412,88.0,1.471713574322223,2832,4.411764705882348
slp59,337,0,90.45832216563925,0.22849348371182368,17.535070140280563,0.16643573708146614,88.11000784313725,87.17647058823529,0.3693927245415808,0,1.4117647058823621
slp59,338,1,82.59468170829977,0.22407817111396616,17.323873948193366,0.1476076943241253,87.74530196078432,86.94117647058823,0.29463320294100986,0,1.235294117647058
slp59,339,1,83.44640434192674,0.21113912738389604,16.900048285852247,0.1664877482493041,88.26349019607842,87.3529411764706,0.4011516274676135,0,1.411764705882348
slp59,340,1,82.33841086867024,0.21252366927003685,16.178736517719567,0.15098842023359255,88.99039215686275,88.47058823529412,0.22251049161186884,0,0.941176470588232
slp59,341,0,72.89641766176061,0.15259158775326123,16.63234595279582,0.12997590842705747,89.29594509803921,88.41176470588235,0.5008255060676076,0,1.6470588235294201
slp59,342,0,79.26829268292684,0.20230966168486705,16.32716529311149,0.13798562827410302,89.48357647058825,89.0,0.1958559779687945,0,0.8235294117647101
slp59,343,0,76.28865979381443,0.17190909313899438,16.4576802507837,0.14979216337331952,89.6385725490196,89.05882352941177,0.2783092000394617,0,1.0
slp59,344,0,73.59956385443641,0.1518268588284971,17.477424992717737,0.12736957101651092,89.63397647058824,89.11764705882354,0.2780530736887724,0,1.0
slp59,345,0,82.40653892536514,0.21985625069499598,17.187052420509882,0.11613515876351192,89.85940392156861,89.17647058823529,0.22329654523222955,0,1.0
slp59,346,0,82.59468170829976,0.22845718484294877,16.396002498438477,0.14521518060357919,89.55920784313726,89.05882352941177,0.20752251985651327,0,1.0
slp59,347,0,91.2655489453759,0.24160817580803004,17.543859649122805,0.13720546075653367,89.85174901960784,89.47058823529412,0.1353195533918911,0,0.5882352941176521
slp59,348,0,86.81022880215343,0.23643327690792876,17.706576728499154,0.1352810475465292,90.40841568627451,89.58823529411765,0.3925645074220339,0,1.411764705882348
slp59,349,0,89.213300892133,0.23839248143893205,16.577202399747392,0.12045786471271111,90.09827450980391,89.3529411764706,0.30472673610724965,0,1.17647058823529
slp59,350,0,85.9833492561758,0.24992372532579943,17.3697270471464,0.14178244352627398,90.41285490196078,89.70588235294117,0.3021784984428638,0,1.117647058823536
slp59,351,0,88.36524300441826,0.2381124638790365,17.825311942959004,0.1713363448955315,90.41309803921568,89.52941176470588,0.34088841569777545,0,1.235294117647058
slp59,352,0,87.6120619396903,0.27864463742247947,6.844106463878328,0.3348478985407747,91.62185882352941,88.41176470588235,1.9053575349548515,3744,5.764705882352942
slp59,353,0,104.82323924362841,0.24796869492735446,16.95736434108527,0.16638372591362816,91.8020705882353,88.47058823529412,1.4664616466540366,1223,5.117647058823536
slp59,354,0,104.56533624931656,0.23727381548336313,18.544274455261938,0.1742952024436465,90.70383529411765,89.82352941176471,0.3472933187195229,0,1.294117647058826
slp59,355,0,108.6510865108651,0.23033156097566845,17.196200458565347,0.20882483886940204,90.01874509803922,89.58823529411765,0.12329274558933272,0,0.6470588235294059
slp59,356,0,102.880658436214,0.23137294569590458,18.190086402910413,0.15154898504251277,90.45070588235293,89.52941176470588,0.44342702828285585,0,1.529411764705884
slp59,357,1,97.06120248045296,0.23599005393354092,17.86777843954735,0.17420273814526788,90.00052549019608,89.58823529411765,0.16041814085513276,0,0.705882352941174
slp59,358,1,88.66200967221924,0.24196810116928857,17.27364329926587,0.16454021896470497,90.63501176470588,90.17647058823529,0.1575876786031196,0,0.705882352941174
slp59,359,0,91.01941747572815,0.24116988940486653,17.43425831759407,0.15228869942954149,90.53564705882351,89.70588235294117,0.2717356151139151,0,1.235294117647058
slp59,360,0,80.3320390949257,0.2162313344545605,17.467975378472797,0.1775661269987892,90.41178039215686,89.3529411764706,0.49707611036962157,0,1.705882352941174
slp59,361,0,96.15384615384617,0.23439119873099587,17.40139211136891,0.14641721648250092,90.87219607843137,90.29411764705883,0.2342618500291609,0,0.8823529411764639
slp59,362,0,79.16102841677943,0.21713636843780074,17.35357917570499,0.15099419925224122,90.62701176470588,90.05882352941177,0.1950446258935765,0,0.8823529411764639
slp59,363,0,87.79093507554104,0.23049000405360684,17.9265013444876,0.14678707367601526,91.03100392156863,90.52941176470588,0.10414590392384118,0,0.6470588235294059
slp59,364,1,83.93612665483828,0.21905917481401302,17.59383378016086,0.1731971889004007,91.04058823529411,90.29411764705883,0.38760867434703483,0,1.235294117647058
slp59,365,0,91.16022099447514,0.24411689382596946,17.075947308505445,0.16705987109552164,91.12847843137254,90.6470588235294,0.19649138303321462,0,0.8235294117647101
slp59,366,0,86.63532572196104,0.23440546290220954,18.29268292682927,0.15099419925224125,91.12596862745099,90.76470588235294,0.1597155832343043,0,0.6470588235294059
slp59,367,0,87.87465940054496,0.22857867793495087,17.6159718144451,0.1477117166598012,91.01287058823529,90.52941176470588,0.14529602157996835,0,0.705882352941174
slp59,368,0,77.36156351791531,0.19015514878492845,17.582417582417584,0.14600112713979724,91.2408156862745,90.76470588235294,0.17448281509742225,0,0.764705882352942
slp59,369,0,87.75510204081633,0.23343484979070517,17.884517118037813,0.155409369499819,91.21685490196077,90.6470588235294,0.18886663714965593,0,0.8823529411764781
slp59,370,0,80.53691275167786,0.21597360949893854,17.101325352714838,0.15261232447386658,90.92845490196079,90.11764705882354,0.33323773632642073,0,1.2941176470588118
slp59,371,0,88.99676375404532,0.23092297739203715,18.04782674086329,0.15108666355061984,91.70224313725491,91.05882352941177,0.3512937327570132,0,1.235294117647058
slp59,372,0,82.59468170829976,0.22262448408951194,17.783046828689983,0.14521518060357919,91.54208627450981,91.0,0.17621132048080754,0,0.764705882352942
slp59,373,0,78.88349514563109,0.1849552427334669,17.584994138335286,0.15409175324792407,91.54340392156863,91.0,0.1631716298625552,0,0.764705882352942
slp59,374,0,74.50664518727346,0.15837568487701315,17.17931937172775,0.16591562540308658,91.23765490196078,90.41176470588235,0.3667047814100029,0,1.294117647058826
slp59,375,0,77.54047068426064,0.19136011214664259,17.033356990773598,0.14336589463600735,91.41873725490194,90.94117647058823,0.14364447953661702,0,0.705882352941174
slp59,376,0,80.87343307723413,0.2120056367175175,16.69051025274201,0.16508344671767922,91.27323921568627,90.88235294117646,0.1380355962092316,0,0.6470588235294201
slp59,377,0,85.74928542262148,0.22646331414394966,19.078575466365177,0.12253831142622947,91.4424156862745,90.88235294117646,0.21597734883439632,0,0.9411764705882462
slp59,378,0,77.6566757493188,0.18545994333471974,17.18494271685761,0.16243087715794335,91.18970196078432,90.11764705882354,0.3897164482277127,0,1.5294117647058698
slp59,379,0,90.43408360128618,0.22704063268254185,18.099547511312213,0.14285734099492509,91.42253333333333,90.23529411764706,0.4379472138888635,0,1.647058823529406
slp59,380,0,86.76490841481892,0.22411596042857113,16.47898928865696,0.14479909126087553,91.45491764705882,90.88235294117646,0.2658231174688411,0,1.0
slp59,381,0,85.10063487775228,0.22383677645626301,16.595542911332387,0.16581160306741063,91.61025098039217,90.82352941176471,0.22129787392613778,0,1.0588235294117538
slp59,382,0,84.60586050350805,0.23418190786786958,17.59530791788856,0.13938992980572787,91.21189019607843,90.0,0.34474855244610814,0,1.705882352941174
slp59,383,0,87.18516468308886,0.2322772602378088,16.5693545841881,0.16279495533280908,91.00751372549018,89.88235294117646,0.4957701738378428,0,1.7058823529411882
slp59,384,0,94.59829997258021,0.24425596292686655,17.306028266512836,0.14734185946628683,91.20003921568626,90.70588235294117,0.19497847947573557,0,0.764705882352942
slp59,385,0,80.76457127473417,0.2134010074952787,17.426662794074936,0.14170153726519272,91.55988235294117,91.05882352941177,0.1344244341220838,0,0.705882352941174
slp59,386,0,88.16457387122628,0.24085241185738754,17.148456638902495,0.17101271985120645,91.20623529411766,90.76470588235294,0.17665706487367192,0,0.705882352941174
slp59,387,1,92.087312414734,0.23601765993770282,17.145306472353194,0.1358762864673414,91.45372549019608,91.11764705882354,0.12044451821678491,0,0.5294117647058698
slp59,388,0,90.43573581803234,0.228658683168669,16.49387370405278,0.15759383854901327,91.48069019607843,90.76470588235294,0.27030232761148637,0,1.17647058823529
slp59,389,0,84.05084050840509,0.21611396733404117,17.1990171990172,0.16992048532660933,91.33601568627452,90.52941176470588,0.32461427484878336,0,1.294117647058826
slp59,390,0,92.79626065438549,0.2417347020451129,17.059301380991062,0.16081853095496668,91.40860392156864,91.0,0.1432709750890259,0,0.6470588235294059
slp59,391,0,86.18331053351574,0.22485373426754326,16.561514195583598,0.15436914614305985,91.29665882352941,90.76470588235294,0.18777394836950692,0,0.8235294117647101
slp59,392,0,83.97050791916988,0.22345885173250257,17.059994313335228,0.14156284081762482,91.58416470588234,91.0,0.2882609714052955,0,1.117647058823536
slp59,393,0,86.21869440262763,0.22692224486686954,17.151257758902318,0.15332892278630067,91.29287843137254,90.82352941176471,0.1870115508977067,0,0.764705882352942
slp59,394,0,82.85004142502072,0.229235163096764,9.46820261953606,0.1909850083009824,91.39640784313725,90.17647058823529,0.617491607502813,0,2.411764705882362
slp59,395,0,87.06803455723544,0.2521311221532314,9.811937857726901,0.20371734218771453,91.71366274509803,89.70588235294117,1.3955058516507706,2534,3.941176470588232
slp59,396,0,84.40514469453376,0.2308679865440082,23.752969121140143,0.49423092126341367,92.50049411764707,88.0,2.5218722536194313,3414,7.352941176470594
slp59,397,0,85.80768183056388,0.20412365644427746,19.029495718363464,0.3547855128786586,94.06158431372549,91.23529411764706,1.4554755192261088,1822,4.705882352941174
slp59,398,0,74.28807263722659,0.2542533731885927,18.170805572380374,0.3479893869478321,96.02025882352942,94.82352941176471,0.35022709047411044,0,1.647058823529406
slp59,399,1,86.18331053351574,0.26267191541425267,19.040365575019038,0.32593665178453785,92.48591372549018,88.52941176470588,2.282891882787429,3219,6.82352941176471
slp59,400,1,91.97438343098514,0.2650374527458802,18.413945494721332,0.31068004255207016,92.07487843137254,88.47058823529412,2.5467884931457667,3891,7.0
slp59,401,1,114.62662555302317,0.21289442384264864,7.138324873096447,0.3308950497850899,91.69332549019607,88.3529411764706,1.4460237394562814,1489,5.0
slp59,402,0,115.99511599511601,0.22515760767023194,8.937881722031879,0.25181727020425826,91.75249411764707,87.88235294117646,2.0719854651621326,2664,6.117647058823536
slp59,403,1,114.06844106463878,0.21871050663899463,17.16247139588101,0.1621823793560509,90.25583529411766,89.11764705882354,0.7426615825254254,0,2.235294117647058
slp59,404,1,117.5834572239492,0.2110677120559483,17.201834862385322,0.18822841640557061,89.58532549019608,88.6470588235294,0.35295990006980393,0,1.4117647058823621
slp59,405,1,125.27382256297922,0.17981105075811657,16.95736434108527,0.18817640523773266,89.26784313725491,88.29411764705883,0.5012619215869732,0,1.764705882352942
slp59,406,1,117.44505494505495,0.20574043178071158,17.25554642563681,0.19379361136423212,89.7399137254902,89.23529411764706,0.1391301762242049,0,0.764705882352942
slp59,407,1,113.82113821138209,0.21612260314885332,16.58505765281946,0.16929635131255383,90.06002352941177,89.29411764705883,0.35798479847616854,0,1.294117647058826
slp59,408,1,115.79089924160346,0.21146914028168343,17.759360663016132,0.13841905467275267,90.09429803921567,89.29411764705883,0.3781380532255295,0,1.3529411764705799
slp59,409,1,121.27745586848134,0.19215201158342204,17.20430107526882,0.15312087811494884,89.84469019607843,89.05882352941177,0.33802427481653446,0,1.235294117647058
slp59,410,0,112.12285947268283,0.22247361882789646,16.73840267814443,0.175329646781757,90.39785098039216,89.82352941176471,0.18752118203048762,0,0.8823529411764639
slp59,411,0,109.08342480790341,0.23467632967148855,16.43706950532248,0.14963612986980565,90.62991372549018,89.82352941176471,0.30775659120640786,0,1.235294117647058
slp59,412,0,108.78323932312655,0.2369455842098418,18.878478534470705,0.12719851206451052,90.12276078431374,89.11764705882354,0.4234571395126415,0,1.5882352941176379
slp59,413,0,111.11111111111113,0.2163317068933896,17.26689689195856,0.1739253452501321,90.58319215686275,89.94117647058823,0.2875436868401025,0,1.058823529411768
slp59,414,0,102.45901639344264,0.24485750958465619,17.913121361397224,0.1389276083138349,90.84783529411764,90.29411764705883,0.2296142828587403,0,0.941176470588232
slp59,415,0,117.45646010530581,0.20452671505218012,17.28608470181504,0.14073066213221747,90.64303529411765,89.58823529411765,0.47888659352491897,0,1.647058823529406
slp59,416,0,117.77446866116149,0.20591755735745756,16.411378555798688,0.14422696841465799,90.80803921568626,89.94117647058823,0.28321511883566713,0,1.117647058823536
slp59,417,0,107.49053542455383,0.2297622279254675,16.896648831315122,0.15080927065548405,90.53221960784313,89.6470588235294,0.4868555564606342,0,1.588235294117652
slp59,418,0,105.12573862855574,0.23149843036246381,16.15508885298869,0.1652469103880271,91.09384313725491,90.6470588235294,0.131738156755762,0,0.6470588235294201
slp59,419,0,108.17798339910193,0.2331020583300834,16.365336658354117,0.15483724665360146,91.02787450980392,90.11764705882354,0.5089301159434992,0,1.5911764705881808
slp59,420,0,103.71475054229936,0.24189962045127594,15.813253012048193,0.13533305871436715,91.81130980392157,91.3529411764706,0.1822306376279058,0,0.764705882352942
slp59,421,0,111.30599028602269,0.22505590563492667,16.136468418626098,0.13694540491734386,91.85206274509802,91.11764705882354,0.3288996912510504,0,1.17647058823529
slp59,422,1,105.74837310195228,0.24453206128048494,17.162471395881006,0.1693483624803918,91.53247058823531,90.70588235294117,0.4154644543192206,0,1.470588235294116
slp59,423,0,100.87424344317418,0.25690869973591784,16.460260228876,0.12217423325136374,91.79209411764707,90.70588235294117,0.4323526076029125,0,1.588235294117652
slp59,424,0,116.40571817562969,0.20537949619589413,17.793594306049823,0.2695796619227859,92.18174117647058,91.17647058823529,0.638602059179632,0,2.058823529411768
slp59,425,0,121.19967132292525,0.19176870105069713,9.167303284950345,0.1388906225944835,94.3048705882353,91.17647058823529,1.146027365547447,732,4.294117647058826
slp59,426,0,107.51961049499594,0.2203950109239241,16.794625719769673,0.8317625960646271,92.77510588235295,89.3529411764706,2.0873118713009364,3050,6.058823529411754
slp59,427,0,78.90365448504981,0.23111954432135984,12.647554806070827,0.3774623820560084,95.77985098039215,94.58823529411765,0.5026122450875595,0,1.8235294117646959
slp59,428,1,73.38950801848328,0.30818937580329514,17.381228273464657,0.42753179962801613,94.23067450980392,88.41176470588235,2.321492057282588,2157,7.941176470588246
slp59,429,1,93.31890722207196,0.25002043016710696,16.853932584269664,0.390430499903606,94.02343529411763,88.11764705882354,2.8420974093680873,2067,8.117647058823522
slp59,430,0,98.01195606839985,0.2588063696763685,9.812472743131268,0.7278442827243866,95.61274509803923,95.0,0.19665356826945765,0,0.941176470588232
slp59,431,1,88.0786562884064,0.20637925780708105,12.794268167860798,0.4370325062864165,95.91250196078433,95.23529411764706,0.2398152132399983,0,1.0
slp59,432,0,77.38256855824056,0.2785972778282236,18.159806295399516,0.3401530376602464,92.48674509803921,85.23529411764706,3.0743712093611704,2945,10.470588235294116
slp59,433,0,89.97955010224949,0.2781622542140135,17.76549545992894,0.47278151564703974,91.45273725490196,84.94117647058823,3.7803000137171794,2589,9.82352941176471
slp59,434,0,97.7464023893565,0.229550224472893,15.502273666804465,0.6488913299463661,90.15968627450981,85.52941176470588,2.985271139613426,5165,9.705882352941174
slp59,435,1,98.02586793737235,0.29055061473385707,13.015184381778742,0.24224721532207397,96.14054901960785,93.82352941176471,0.35460597342121203,0,2.764705882352942
slp59,436,1,104.96568429551878,0.2332489717881661,19.24721984602224,0.453849450554023,89.51779607843137,84.11764705882354,3.881678880989161,5064,11.17647058823529
slp59,437,1,94.28915340377158,0.278446547572668,16.987542468856173,0.3318312508061731,92.32760784313726,86.05882352941177,2.432653579037034,2192,8.588235294117638
slp59,438,0,98.67068658352747,0.2450367177701243,16.348773841961854,0.47517402936758574,91.7292,85.3529411764706,3.5150235152428917,2606,9.705882352941174
slp59,439,1,90.28727770177836,0.26710105804098117,17.681728880157173,0.3873791780571124,90.85454901960784,85.17647058823529,3.7536753474933184,3904,10.058823529411768
slp59,440,0,112.76653909240025,0.2362722508652373,5.0899219545300305,0.2500696949649029,91.0564,86.23529411764706,2.12576790051837,2373,7.0
slp59,441,1,119.8677321576192,0.19797380290068275,17.123287671232873,0.19925478398721774,88.87532549019608,86.23529411764706,1.3912670381109815,2033,4.411764705882348
slp59,442,0,118.2386518075564,0.2013765706001632,7.612925054982237,0.29459125463419505,90.58322352941175,86.29411764705883,2.4516262575414443,3163,7.058823529411768
slp59,443,1,109.54828239112797,0.230571402103045,15.483071841453343,0.2755204930936104,89.50363921568628,87.0,1.2661903360797908,1317,4.17647058823529
slp59,444,1,118.54476086660307,0.2014091262764513,14.910536779324056,0.236200050208114,91.81770196078432,87.76470588235294,2.4551075582765525,3159,6.764705882352942
slp59,445,1,114.20802175390891,0.2211325094478283,14.726507713884995,0.16643573708146614,90.45040784313726,88.58823529411765,1.206048250561968,1615,3.529411764705884
slp59,446,1,126.47898816809465,0.1756704534650137,15.535991714137754,0.22213226766908534,88.54129411764706,87.23529411764706,0.6778468421458879,0,2.294117647058826
slp59,447,1,123.69879680951738,0.18274540439419262,15.544041450777204,0.19972288449775935,88.87276078431374,88.17647058823529,0.20541411119503802,0,0.9411764705882462
slp59,448,1,120.4409363091998,0.2007380578833827,19.12655403251514,0.195608223219912,89.17972549019608,88.17647058823529,0.4684736986270075,0,1.6470588235294201
slp59,449,0,113.91375101708704,0.2242882165465512,15.347885402455663,0.2303946131884867,89.45666666666666,88.58823529411765,0.31173208609717934,0,1.235294117647058
slp59,450,0,98.80609304240429,0.25974687197346574,15.2372659991293,0.17387333408229416,89.35429019607842,88.11764705882354,0.5220278335863252,0,1.882352941176464
slp59,451,0,99.51259138911453,0.25545065485899304,10.886921178690665,0.323370767504532,91.82574901960784,88.11764705882354,2.2507337080242875,2971,6.17647058823529
slp59,452,0,99.11003236245955,0.2683276109326768,7.809788267962513,0.3961170542538894,91.90833725490197,87.94117647058823,2.489296629668828,3300,6.705882352941174
slp59,453,0,111.69780666125104,0.22877211874275588,19.986675549633578,0.4518730261761806,93.16593725490196,89.3529411764706,2.357390549376879,2777,6.117647058823522
slp59,454,0,114.87964989059081,0.22559110562869164,19.011406844106464,0.2656730453162903,91.40916862745098,88.17647058823529,1.9086946561368177,3007,5.529411764705884
slp59,455,0,122.1498371335505,0.18827186017388084,18.936405239072116,0.35779060257596285,91.24715294117647,88.58823529411765,1.7231072468046706,3390,5.294117647058812
slp59,456,1,101.04481715699752,0.23314994558480476,12.414649286157665,0.4291545480645603,95.51985098039216,94.05882352941177,0.685692595371966,0,2.529411764705884
slp59,457,1,92.11244541484717,0.2814072011152277,16.405395552314985,0.2699379610790029,92.3250274509804,87.41176470588235,3.5264124599612696,3972,9.117647058823536
slp60,0,0,78.50158380388376,0.019344665065128296,21.983390327308257,0.3868,96.40150268963505,96.19088968929057,0.07827227848755366,0,0.36690739868770095
slp60,1,1,80.06021623101137,0.023785143900099826,17.590149516270888,0.3885555555555556,96.36762490648957,96.12973845617596,0.06903852300264486,0,0.36690739868770095
slp60,2,0,79.85257985257986,0.02303243575149931,17.292490118577074,0.35624999999999996,96.39484128197444,96.12973845617596,0.07329754311203197,0,0.4280586318023154
slp60,3,0,81.09203946479252,0.016504241878983732,15.943312666076174,0.3672857142857143,96.37431892814116,96.12973845617596,0.06508130432344089,0,0.36690739868770095
slp60,4,1,80.5693567879683,0.05569120217772284,17.761989342806395,0.3816666666666667,96.37825706755376,96.19088968929057,0.0659499534982961,0,0.3057561655730865
slp60,5,1,80.31301482701811,0.07628535653257298,15.279394644935973,0.384125,96.40143746165306,96.12973845617596,0.0790364471940218,0,0.4280586318023154
slp60,6,1,74.2370085235084,0.06765234294666254,17.661900756938604,0.349,96.39923601726093,96.12973845617596,0.08197679705717567,0,0.4280586318023154
slp60,7,1,75.44861337683524,0.029800603481469144,15.118427683520915,0.34485714285714286,96.39395255071983,96.19088968929057,0.07799854100054188,0,0.36690739868770095
slp60,8,1,75.34618517512897,0.045181946917393516,15.48520302821748,0.21271428571428577,96.37538703634624,96.12973845617596,0.06798453504492519,0,0.36690739868770095
slp60,9,1,79.52691680261012,0.056128902081861436,19.30005146680391,0.4271666666666667,96.36835872128692,96.12973845617596,0.06339376956154578,0,0.36690739868770095
slp60,10,1,75.34618517512897,0.04535389613708763,19.34235976789168,0.19077777777777777,96.39814344856262,96.12973845617596,0.07193674423808454,0,0.4280586318023154
slp60,11,1,77.29861676159479,0.07790924473714571,19.164081036685527,0.24837499999999998,96.36426566541712,96.12973845617596,0.06370032189838899,0,0.36690739868770095
slp60,12,1,73.13109425785483,0.08719723633631607,17.08914839077186,0.5416000000000001,96.3393893437861,96.06858722306134,0.07064154453084427,0,0.36690739868770095
slp60,13,1,74.88867899068953,0.048776289010264554,22.71580010095911,0.3172857142857142,96.33346990442062,96.06858722306134,0.06540728118534982,0,0.36690739868770095
slp60,14,1,78.2967032967033,0.04400604340264731,16.366612111292962,0.5581428571428572,96.36986711837042,95.94628475683211,0.08499453337387149,0,0.5503610980315443
slp60,15,1,75.79896203223163,0.03361831912171932,16.449945166849446,0.5278750000000001,96.36745368303684,96.12973845617596,0.07272557782803868,0,0.36690739868770095
slp60,16,1,76.37264345672217,0.0822413558593641,13.835511145272866,0.46871428571428575,89.63652930061335,85.55057512734743,4.406665878947662,5483,10.823768261286986
slp60,17,1,74.25742574257426,0.04445222154178572,17.337699865151222,0.209,90.27017022464925,86.46784362406667,1.3672906145876207,1161,5.197854814742328
slp60,18,0,74.14526980639845,0.06272918473313636,14.997500416597234,0.1812857142857143,89.17800104772445,85.55057512734743,1.8222327497856823,1857,5.136703581627728
slp60,19,1,79.07542579075427,0.06997232476302055,20.66748315982854,0.39990000000000003,88.94855346758067,85.85633129292052,2.1209330037867984,3908,6.053972078346959
slp60,20,1,73.45739471106758,0.039305979188922376,23.16403568977351,0.29150000000000004,91.34583672213083,90.01461514471438,0.47204894033603056,0,2.0179906927823197
slp60,21,1,76.5511684125705,0.042032041596568016,23.235800344234075,0.4027,89.33266474651793,87.3851121207859,1.0701868858812138,453,3.3021665881892517
slp60,22,1,81.28979813033465,0.056213788344142035,13.837638376383763,0.5978571428571428,88.9394541640932,87.62971705324436,0.9330250320341852,21,3.057561655730794
slp60,23,0,73.4094616639478,0.0362092683040007,25.641025641025642,0.2957272727272727,91.57106079044084,90.4426737765167,0.5912444141936722,0,1.8956882265530766
slp60,24,1,74.86847430190207,0.05792234291376196,14.04932875429285,0.5385714285714285,90.82614908262957,88.79159048242207,0.7174605923143068,17,3.1187128888454083
slp60,25,1,76.69537136706134,0.05101604766260882,18.001800180018,0.4683333333333333,90.27058605303442,88.36353185061976,0.9619612872268268,8,3.118712888845394
slp60,26,1,76.73164661965988,0.05247287378793586,16.143497757847534,0.531,89.69939276825515,86.71244855652513,1.4507999616560079,1724,4.525191250481569
slp60,27,1,76.03781339909577,0.03636034250305368,22.7806157669474,0.29341666666666666,90.11673770401579,88.24122938439052,1.085503173564774,172,3.1798641219600228
slp60,28,1,75.7472362494882,0.059783295047120114,24.143985952589993,0.2611666666666666,90.67196644020326,89.40310281356822,0.5022963671766494,0,1.9568394596677052
slp60,29,1,72.49378624689312,0.08884462934395815,20.88167053364269,0.2311,89.2209781343574,85.85633129292052,1.8271523821433986,2347,5.503610980315415
slp60,30,1,75.80931566725857,0.0715188860313643,16.396002498438477,0.378625,87.83683220305471,82.7376184040751,2.873552868123893,3827,8.622323869160823
slp60,31,1,78.89273356401385,0.06749765564821893,18.61042183622829,0.29088888888888886,88.98125714705036,83.65488690079435,2.4286466179621304,2228,7.582752906212349
slp60,32,1,70.54555227089492,0.0681784932275238,22.576760987357016,0.2626363636363636,89.76844474068818,84.57215539751358,1.2059261084604205,586,6.359728243920031
slp60,33,1,76.51006711409397,0.06550819872140427,16.12903225806452,0.408125,87.46930513853809,82.98222333653358,2.443421994325984,3171,7.3992992068685055
slp60,34,1,75.96496030659732,0.0664373362604124,25.06075334143378,0.22941666666666669,89.77333683933736,88.42468308373438,0.6978402693290814,0,2.1402931590115486
slp60,35,1,77.309100773091,0.0650860925696372,21.885030639042895,0.3529090909090909,87.18114422110655,82.43186223850203,2.7040830940794085,4170,8.50002140293158
slp60,36,1,77.7308059457248,0.035794581678828534,21.82453077258839,0.2492727272727273,89.22815321237618,86.40669239095206,1.5310256238959215,2091,4.647493716710798
slp60,37,1,74.96876301541025,0.05450688029964658,20.448348985156013,0.32039999999999996,89.16217510859438,86.65129732341052,1.34095156897088,1506,4.097132618679254
slp60,38,1,74.77768795472917,0.07326492149517849,20.405078597339784,0.3041999999999999,89.79795224904042,87.7520195194736,1.0514643710179603,504,3.3021665881892517
slp60,39,1,73.67990176013099,0.09206941825480261,17.07132018209408,0.6677142857142856,88.58220866023761,83.77718936702358,2.3512253573273005,3504,7.94966030490005
slp60,40,1,83.55978260869564,0.0456337226714439,16.611295681063126,0.47925,85.5608159205197,77.2951586568743,5.056316555088582,4436,14.370539781934696
slp60,41,0,72.83573806881243,0.08490636379120765,23.531089560752992,0.15733333333333335,90.13858092448433,83.22682826899204,1.5295458342655663,837,8.316567703587737
slp60,42,1,74.97973520670091,0.08497476100175042,22.45882548660789,0.4335000000000001,88.36080858237172,82.98222333653358,3.1702201483422114,3468,8.744626335390052
slp60,43,1,79.48369565217392,0.03997895567393471,17.485064840448786,0.4295555555555556,85.17154347750756,77.72321728867662,4.634374792267932,4863,13.636724984559308
slp60,44,0,77.82632441288911,0.04870261387582754,25.769506084466713,0.11238461538461537,89.48785026916732,83.8383406001382,2.0354907027539886,2040,7.521601673097734
slp60,45,1,76.77801724137932,0.0666138664409751,18.552875695732837,0.527888888888889,84.86043046391364,76.25558769392585,5.764270243852431,4320,15.410110744883156
slp60,46,1,78.5024154589372,0.08021706252609591,15.901862789641072,0.44162499999999993,87.43975686269712,82.67646717096049,2.856699482034341,4099,8.683475102275438
slp60,47,0,73.56948228882834,0.07745265379731617,23.605150214592275,0.16583333333333333,90.07674479755883,84.44985293128435,1.6630332526069371,1204,7.1546942744100335
slp60,48,1,76.04823239243629,0.05411823217108625,22.434938677834282,0.2580909090909091,88.09012876411319,82.37071100538742,2.824603163563137,2406,8.377718936702351
slp60,49,1,76.52006066455259,0.049851554658066094,19.2967409948542,0.19580000000000003,89.08633127253677,86.40669239095206,1.4932704814551427,2024,4.525191250481555
slp60,50,1,72.46376811594203,0.11417725011772026,15.69037656903766,0.4895714285714286,86.30499381353357,80.53617401194894,3.6278066888438305,4672,10.640314561943143
slp60,51,0,79.66771074492715,0.06227119327717312,22.33989740195267,0.3211,86.15662461500202,77.11170495753046,4.794583124604287,3844,14.064783616361623
slp60,52,1,75.91300779647108,0.06567049251040784,19.418872266973533,0.1517,88.7005077590723,76.68364632572815,4.556348254655049,1678,14.92090087996624
slp60,53,1,76.75286958926843,0.07946056259576231,16.504243948443886,0.369375,84.05212531110689,73.99299206868506,5.863695409448197,5162,17.489252670780104
slp60,54,0,77.28813559322035,0.06795281074050304,15.918738629472406,0.42525,87.14662231163891,79.55775428211508,4.140758086189419,3809,12.107944156693918
slp60,55,1,74.53416149068323,0.06664916436918854,23.091133004926107,0.23736363636363633,88.79211230627799,79.80235921457356,3.031826865888573,1803,11.312978126203916
slp60,56,1,74.90889458766365,0.0633780960058252,20.949720670391063,0.5984444444444444,86.80589579422201,80.23041784637586,3.8381383021132116,3866,10.701465795057757
slp60,57,1,79.1117279666898,0.04878774197801145,21.562050790608534,0.4263,83.11067354006525,75.7052265958943,4.808053684546269,5513,14.553993481278539
slp60,58,0,79.20389926888707,0.04271422398881279,21.95121951219512,0.20329999999999998,87.76058884560739,79.43545181588586,3.775152954305048,3184,11.924490457350075
slp60,59,1,72.56392536281963,0.06555658095204821,22.078304386223138,0.18827272727272726,88.67735182546622,79.37430058277124,3.7336107658179127,1716,12.046792923579304
slp60,60,1,73.04206681996483,0.07446492255658382,19.30812550281577,0.3442222222222222,85.6578262367327,78.64048578539585,4.568839926272693,5036,12.90291018718392
slp60,61,0,78.7292817679558,0.048841197813711705,19.4300518134715,0.29444444444444445,87.37565406339752,79.61890551522971,4.41771522360206,3329,12.04679292357929
slp60,62,1,71.26374372200354,0.057952661892342466,22.21235006663705,0.10172727272727272,89.40079537370535,81.69804744112665,2.3248810250787906,2048,9.723046065223897
slp60,63,1,73.46938775510202,0.11558354361913097,17.97945205479452,0.420125,83.26479910800734,72.83111863950735,6.387970688153445,4820,18.223067468155506
slp60,64,1,77.22530822381792,0.062045377014442155,15.7260178228202,0.348,85.72622592934584,77.47861235621815,4.941163777247159,4093,13.697876217673937
slp60,65,0,73.58953393295178,0.08960406736799892,17.69128704113224,0.16644444444444445,89.71198992227676,84.2663992319405,1.8386550976899312,1771,7.093543041295433
slp60,66,1,71.24440222553943,0.093179239169704,23.470839260312946,0.3389166666666667,83.70300884450668,75.03256303163353,6.284404199336276,4912,16.633135407175473
slp60,67,0,77.9220779220779,0.05330942446549303,21.040819189227097,0.2918181818181818,85.59411480532505,74.97141179851891,5.71495550476949,4142,16.694286640290088
slp60,68,1,73.16081831730118,0.04501344106534413,25.82866982350409,0.09553846153846156,88.81017230379116,76.07213399458199,3.909452391995939,1263,15.28780827865394
slp60,69,1,75.08116883116884,0.08978116402771201,15.295717199184228,0.49342857142857144,82.62471692075003,73.62608466999737,6.0768272420857405,5519,17.611555137009333
slp60,70,0,78.3612867748144,0.049788027129314565,17.485064840448786,0.30211111111111116,87.81341535752068,81.5757449748974,3.321037980733772,3735,9.906499764567755
slp60,71,1,75.26444263628966,0.0667119008945496,23.988485526947066,0.113,89.60260259648135,84.87791156308666,1.4330383380990683,1331,6.237425777690817
slp60,72,1,67.63219018991666,0.12005961176220835,18.782282047268744,0.328,86.32232814974714,79.61890551522971,4.474953719291046,4835,12.719456487840063
slp60,73,0,64.85355648535565,0.06120673417208671,20.775623268698062,0.1698888888888889,93.77757665816664,92.3995132361844,0.5452997042426627,0,2.0179906927823197
slp60,74,0,69.068255687974,0.07523122373204794,23.411893241766816,0.2135454545454545,94.43047614388479,93.86714283093518,0.14794301345782607,0,0.7338147973753877
slp60,75,0,68.89099013913278,0.040389967578210055,18.248175182481752,0.3317777777777778,93.03864961770286,92.33836200306978,0.36732267099996135,0,1.5899320609800185
slp60,76,0,71.58440141805289,0.043842240371773054,18.89168765743073,0.34950000000000003,92.04150945703819,91.48224473946516,0.2524185869925404,0,0.9784197298338597
slp60,77,0,73.49853002939942,0.034120745978399245,24.180548092423425,0.33230000000000004,91.5668128181138,90.870732408319,0.34770357804622526,0,1.3453271285215465
slp60,78,1,73.48938486663037,0.03542475942398074,25.045537340619305,0.34475000000000006,91.23134530674476,90.4426737765167,0.5053684986394072,0,1.5899320609800043
slp60,79,0,74.40066133921191,0.03975790937693644,23.437499999999996,0.36730000000000007,91.32109085646377,89.77001021225593,0.4549770300323133,0,1.9568394596677052
slp60,80,1,75.86112629852379,0.033693674423080675,16.248839368616526,0.5275000000000001,91.25157413465908,89.21964911422438,0.9423200854909388,65,3.118712888845394
slp60,81,1,74.56503728251865,0.04435713646703938,24.578076355890552,0.3880909090909091,91.3353024030396,90.13691761094361,0.6393484826788565,0,1.9568394596677052
slp60,82,1,75.22363784223367,0.045440398356261666,19.908568057808584,0.38610000000000005,91.02506996720254,89.40310281356822,0.8171363060506895,0,2.568351790813864
slp60,83,1,74.25742574257426,0.04728166193732571,14.893264934635113,0.3191428571428571,91.38361187720017,88.54698554996361,0.9810257214437639,338,3.852527686220796
slp60,84,1,75.23383489223261,0.05637980356313229,17.8359096313912,0.579125,89.84126362908107,86.5901460902959,1.7051587328167301,2135,5.075552348513099
slp60,85,1,72.13520197856555,0.09146399313837289,14.016071762287424,0.967333333333333,89.12474240043048,83.65488690079435,3.050147719171209,3977,9.111533734077739
slp60,86,0,75.03041773692037,0.06185862436497637,13.011421136330778,0.17857142857142855,90.28313428606953,82.55416470473126,2.947686162419545,2392,10.334558396370056
slp60,87,1,70.38365995031741,0.09562556737059444,16.916384726921216,0.18262499999999998,89.43711105267771,81.33114004243895,3.5878960338386907,2094,10.701465795057757
slp60,88,1,71.82925160760705,0.05678217599039405,19.841269841269842,0.18425000000000002,91.38729725818254,89.77001021225593,0.8714134961699351,0,2.6295030239284785
slp60,89,1,72.42489270386267,0.1220374360697124,16.077170418006432,0.2665714285714285,85.91314486523287,79.92466168080279,4.0063328739571995,4675,11.37412935931853
slp60,90,0,63.110749185667764,0.0655173917065154,25.888105853588378,0.11153846153846153,93.02211432426867,91.54339597257977,0.4044788589764899,0,2.0179906927823197
slp60,91,1,68.06930693069306,0.059311755137752095,27.464788732394368,0.10235714285714285,93.54229932713258,92.64411816864286,0.38658949712396606,0,1.3453271285215465
slp60,92,1,71.27882599580711,0.06806357703670254,19.10523801942366,0.1732222222222222,92.72746322262921,91.42109350635054,0.7184497333164027,0,2.3848980914700206
slp60,93,1,68.0599477519593,0.06281431524886388,22.354694485842025,0.17939999999999998,94.01793361829806,93.37793296601825,0.16988492277723033,0,0.8561172636046166
slp60,94,1,68.89099013913278,0.04995347316222225,28.429800262428927,0.1272142857142857,94.1295386954811,93.43908419913286,0.19322910236150279,0,0.9784197298338597
slp60,95,1,66.53225806451613,0.07809918113312016,16.064871481028153,0.23725000000000002,93.81933887363505,93.13332803355979,0.3334304822542994,0,1.1007221960630744
slp60,96,1,70.98431584640346,0.05921213334016835,23.393636930754834,0.13554545454545458,94.10118898380917,93.80599159782057,0.08759622374975738,0,0.4280586318023012
slp60,97,0,71.06118029236599,0.05836140743291769,21.126760563380284,0.15845454545454543,94.06612078999237,93.80599159782057,0.09488401017150666,0,0.4280586318023012
slp60,98,0,72.97297297297297,0.06753727822926597,23.40757554263016,0.12933333333333333,94.07252943922279,93.37793296601825,0.24799891113224276,0,0.9784197298338455
slp60,99,1,69.56758968762787,0.05573056785796845,23.396880415944537,0.1405,93.88155006145698,93.25563049978902,0.2657340137284615,0,0.9784197298338455
slp60,100,0,70.160957490714,0.06613910055963393,15.695849319846529,0.29700000000000004,93.70311076322852,93.13332803355979,0.22799650640933933,0,0.8561172636046166
slp60,101,1,70.51712558764271,0.05939559524656586,24.560881214647218,0.05375000000000002,93.94502504142994,93.13332803355979,0.23330038049408583,0,1.03957096294846
slp60,102,1,69.7865353037767,0.11058322892297523,20.785219399538107,0.2672,92.83758436322199,91.42109350635054,0.7465183766364993,0,2.568351790813864
slp60,103,0,73.80073800738006,0.05061730051189129,21.468441391155004,0.052545454545454555,93.27838691200539,90.93188364143361,0.7752408439261183,41,3.1798641219600228
slp60,104,1,72.90400972053463,0.05653219338473334,18.936405239072116,0.37211111111111106,91.11684573786097,89.03619541488054,1.2653761792241667,1897,4.035981385564639
slp60,105,0,69.24643584521385,0.06658750779066315,20.764119601328904,0.13281818181818184,93.74236170139037,93.13332803355979,0.20925004584782333,0,0.8561172636046166
slp60,106,1,71.47719537100068,0.07301596135260356,24.052478134110792,0.14683333333333332,92.26716566072888,90.80958117520439,0.7751241829768216,0,2.5072005576992495
slp60,107,0,66.61115736885928,0.06660658751204719,23.109243697478988,0.14883333333333335,93.43559450209645,92.70526940175748,0.26620537290436086,0,1.1007221960630886
slp60,108,1,69.03086085544125,0.06474223577716177,15.03508185766789,0.21028571428571427,93.37915599068056,92.64411816864286,0.26269799176058456,0,1.1007221960630886
slp60,109,0,72.22147920288886,0.07445099473669878,22.703193582563944,0.17763636363636362,92.8130994094829,91.91030337126747,0.400576778454504,0,1.406478361636161
slp60,110,0,74.93923845530651,0.08081484216646138,21.149929500235,0.2305,90.74684001002878,88.18007815127591,1.4084819735429783,2201,4.708644949825413
slp60,111,1,70.40364757945554,0.08371894672543562,23.109243697478988,0.04633333333333332,93.02155173292402,91.665698438809,0.33690187767196283,0,1.7733857603238619
slp60,112,0,94.78354396343101,0.12719017246956774,20.230780758279632,0.27630000000000005,90.86383454922367,87.81317075258822,1.8282857331697249,3035,5.687064679659258
slp60,113,1,76.3306285242745,0.06268667083025595,19.66890673660056,0.2636666666666667,93.86375912936951,93.43908419913286,0.11644675652668746,0,0.6115123311461588
slp60,114,0,68.83604505632039,0.06161749957149776,23.98604448320977,0.19374999999999998,94.11696600195275,93.68368913159132,0.08205327867024503,0,0.5503610980315443
slp60,115,0,67.88261108063631,0.05707610951456522,20.782019704433495,0.19970000000000002,93.96598768414164,93.62253789847671,0.1423784618044532,0,0.6726635642607732
slp60,116,0,67.35610287113894,0.06108104778514169,28.04214819850442,0.19058333333333335,93.91197076155706,92.88872310110132,0.37016628312495314,0,1.528780827865404
slp60,117,0,73.64975450081832,0.027856776554368218,17.092625752889468,0.272625,94.18512108963343,93.37793296601825,0.2317337522107482,0,1.161873429177703
slp60,118,0,72.82563462338743,0.03605057671706033,22.097819681791393,0.2535454545454545,94.2844388457093,93.62253789847671,0.25564402519613066,0,1.0395709629484742
slp60,119,0,72.65877287405813,0.0354832598332659,22.38805970149254,0.18845454545454546,94.15795363513504,93.62253789847671,0.2090823942440429,0,0.8561172636046308
slp60,120,0,75.16251354279524,0.048094866079137766,19.653515795603436,0.23169999999999996,91.95086702256684,88.79159048242207,1.6865864723075505,2330,5.1978548147423425
slp60,121,0,72.89641766176062,0.040680898591403815,24.995834027662053,0.15781818181818183,93.2078917704709,92.27721076995516,0.2525757620151831,0,1.284175895406932
slp60,122,0,70.85976515049265,0.06011624114147184,18.575851393188856,0.21177777777777776,93.54326143986691,93.01102556733055,0.17574727199962278,0,0.8561172636046308
slp60,123,0,67.74325988777885,0.10311996098939152,21.100343857455453,0.23600000000000004,92.53522005271235,89.77001021225593,1.4488793548763002,1872,4.402888784252326
slp60,124,0,68.88394099638185,0.07463871968131386,23.786869647954326,0.13836363636363636,94.18072635434692,92.88872310110132,0.3417933613606667,0,1.7733857603238619
slp60,125,0,76.50951199338296,0.02813013689798179,22.812111157196185,0.2301666666666667,93.64403867203981,92.64411816864286,0.5288842051813892,0,1.8956882265530908
slp60,126,0,79.89620322316306,0.10136187701383875,20.30075187969925,0.263,91.84331423376486,90.19806884405823,1.0494738557904821,299,3.1798641219600228
slp60,127,0,72.2443924590615,0.03794836448843267,23.696682464454977,0.1865,93.48022674877237,93.01102556733055,0.1434141810892081,0,0.6726635642607732
slp60,128,0,72.15503023639363,0.033762483707844244,20.92374457532548,0.18730000000000002,92.88568184644107,92.52181570241363,0.1357914492998772,0,0.6115123311461588
slp60,129,0,75.12181916621549,0.039674939237586845,22.48262706090748,0.15691666666666668,92.54947236677693,91.665698438809,0.38792696610518906,0,1.4676295947507896
slp60,130,0,73.93209200438115,0.04072430644961886,24.745050989802042,0.17883333333333332,93.22437814291858,92.8275718679867,0.1549273162292796,0,0.6115123311461588
slp60,131,0,71.88826509653568,0.03198489439388153,28.33478639930253,0.15442857142857142,93.2080466869281,92.88872310110132,0.10183914657313903,0,0.48920986491692986
slp60,132,0,73.62967002999727,0.043426680085056873,19.364208487978054,0.18144444444444444,93.31779276662448,92.88872310110132,0.136208474746786,0,0.6115123311461588
slp60,133,0,72.98283551831328,0.03409119940018551,23.490516791369412,0.15749999999999997,93.45837537480608,92.76642063487209,0.27966878136209883,0,1.1007221960630886
slp60,134,0,75.40760869565217,0.0654985265169745,28.287330704611687,0.14091666666666666,93.43666261030152,92.76642063487209,0.22304612393798817,0,0.9784197298338597
slp60,135,0,71.58440141805289,0.02481184707155113,21.76120702161613,0.13754545454545455,93.79844145890534,93.13332803355979,0.16312549610924912,0,0.917268496719231
slp60,136,0,84.68741393555494,0.08383582153966299,17.942583732057418,0.2375555555555556,92.00807196277111,89.70885897914131,1.2180870860056239,1246,3.852527686220782
slp60,137,0,73.46938775510205,0.021468322917472794,23.988485526947066,0.21545454545454545,92.9690024399342,91.17648857389209,0.7145235439204303,0,2.568351790813864
slp60,138,0,77.26718178121187,0.051619425577517905,27.35146634250114,0.1906923076923077,91.48156799915202,90.13691761094361,0.8605349856551158,0,2.446049324584635
slp60,139,0,73.21041214750542,0.04580905080660882,24.521824423737126,0.45872727272727276,89.62182039067483,86.83475102275436,1.8525020856681194,3839,5.809367145888501
slp60,140,0,73.5795067447881,0.03342856766004892,23.013978861234232,0.5318,88.48714702998653,80.65847647817817,3.967982437206497,3082,11.557583058662374
slp60,141,0,75.27465075274651,0.07718086108453431,17.972143178073985,0.4881111111111111,89.01458049234894,81.1476863430951,4.8005897557137756,3499,13.208666352756993
slp60,142,0,75.5718954248366,0.06443515321663426,13.210039630118894,0.2914285714285714,93.20167065168867,90.19806884405823,1.1337485404774177,931,4.097132618679254
slp60,143,0,75.73689956331877,0.04731900660076224,14.967925873129008,0.270625,91.18919987688217,89.95346391159977,0.850665873812928,0,2.6295030239284785
slp60,144,0,75.0710131205194,0.04098081647809256,13.354700854700852,0.3363333333333333,90.62589917792359,89.34195158045361,0.8704481971542241,33,3.1187128888454083
slp60,145,0,72.11538461538461,0.029112589323913744,17.20676799541153,0.1178888888888889,92.95927531712009,92.09375707061132,0.39270567457073835,0,1.406478361636161
slp60,146,0,74.30851795789184,0.04250127085972086,23.062730627306273,0.3858181818181819,91.82755352261678,89.58655651291207,1.0089702365670523,15,3.057561655730794
slp60,147,0,69.44444444444446,0.03531372004659679,11.874604179860672,0.3701666666666666,92.18222252118379,90.075766377829,1.1242631987582874,613,3.485620287533095
slp60,148,0,75.14216084484161,0.06238746479326514,12.185215272136473,0.20166666666666666,91.4714984294325,89.46425404668284,0.7577768374373042,0,2.690654257043093
slp60,149,0,68.25703254274683,0.03953708259227244,16.574585635359114,0.1227142857142857,92.77969452920684,91.84915213815286,0.30819785943232325,0,1.284175895406932
slp60,150,0,71.8096019696348,0.03274520061421681,11.950286806883366,0.15816666666666668,92.49126454634957,92.15490830372593,0.14041722003299154,0,0.6115123311461588
slp60,151,0,75.58218711698217,0.031089681536287203,20.041567695961994,0.1136,91.7279014731332,90.075766377829,0.8316294260754062,0,2.446049324584635
slp60,152,0,75.54103715802368,0.05089929041540578,15.538674033149173,0.3171428571428571,91.68859346048714,90.075766377829,0.5982873162403747,0,2.2625956252407775
slp60,153,0,74.17582417582418,0.04085868449626629,15.968772178850248,0.32285714285714284,91.70870813943297,90.93188364143361,0.40791794208749943,0,1.3453271285215465
slp60,154,0,73.50939286686632,0.045917263221237334,16.175413371675052,0.2267142857142857,91.32374074323208,89.21964911422438,1.0611507590044182,183,3.118712888845394
slp60,155,0,75.39736448852057,0.034067607770380544,16.826923076923077,0.19137500000000002,91.91638588058795,90.93188364143361,0.5534722845208678,0,1.7122345272092474
slp60,156,0,75.0,0.05894935985256352,16.900048285852247,0.208625,91.47893441937923,90.19806884405823,0.5797171396141728,0,1.9568394596677052
slp60,157,0,75.34618517512897,0.029207601800247826,13.036676516600034,0.30333333333333334,91.19358645867092,90.01461514471438,0.5537779856136638,0,2.079141925896934
slp60,158,0,74.20640373780402,0.033000374109364634,12.785543811796796,0.30816666666666664,90.12893533664771,88.60813678307822,0.7101597806614408,0,2.201444392126163
slp60,159,0,73.87140902872775,0.05052563216994756,11.089753068165013,0.22083333333333333,91.14371966644042,89.58655651291207,0.7580804206127219,0,2.568351790813864
slp60,160,1,69.28406466512702,0.0777764519027979,13.26259946949602,0.29,90.6399068870557,88.18007815127591,1.274280029942919,1636,4.097132618679254
slp60,161,1,73.00792657488527,0.05220043005530877,11.731581417175036,0.22633333333333336,92.61817373880676,90.93188364143361,0.522918008674754,0,2.2014443921261773
slp60,162,0,72.37386269644334,0.05373665187841574,16.489556614144377,0.24428571428571427,91.60227237982252,89.83116144537054,0.9148144413442573,0,2.812956723272322
slp60,163,1,71.57464212678936,0.045166720636561866,14.102162331557507,0.242,91.26254874262872,89.46425404668284,0.9510211769013807,0,2.9964104226161794
slp60,164,1,73.0025686088955,0.04209498371921513,21.416333523700747,0.15781818181818183,90.60845884623927,89.52540527979745,0.53684183390126,0,1.8345369934384763
slp60,165,1,72.88432986907814,0.071191881212799,13.354700854700855,0.35216666666666674,88.87261178955008,85.18366772865974,2.0450843790004005,3192,6.48203071014926
slp60,166,1,71.82925160760705,0.03159002684263447,14.691478942213514,0.22285714285714286,92.89284061746436,91.91030337126747,0.2444958517066877,0,1.2230246622923175
slp60,167,0,75.04056246619795,0.0664906173183899,14.14871875491275,0.24557142857142858,92.60728881931237,92.0326058374967,0.22170906325514367,0,0.8561172636046166
slp60,168,0,73.06889352818372,0.037833577571209594,10.190217391304346,0.3075,91.92196287304799,89.77001021225593,0.5545340678155243,0,2.6295030239284785
slp60,169,1,72.72727272727272,0.036495052937198055,17.011624610150268,0.22166666666666668,91.54014272697809,89.52540527979745,0.8969882698151594,0,2.9964104226161794
slp60,170,1,74.85837604531966,0.0612684044590074,14.324367340442466,0.2225714285714286,91.47261545862405,90.62612747586054,0.4510441509816527,0,1.5287808278653898
slp60,171,1,74.14526980639846,0.02984135005055074,13.491635186184563,0.3176666666666667,90.3898961855899,88.97504418176591,0.5834901722847302,0,1.9568394596677052
slp60,172,1,72.34394377842084,0.053160181507959356,14.343086632243258,0.2265,91.31649228373357,89.95346391159977,0.7968011362465468,0,2.446049324584635
slp60,173,1,71.1767895878525,0.057485146262459194,13.658714259697689,0.275,91.04077360386637,88.36353185061976,1.3214520091185533,1662,4.341737551137712
slp60,174,1,72.77628032345014,0.05006464956236555,18.475434514848775,0.11489999999999997,92.14175671185743,90.19806884405823,0.7061630786322829,0,2.935259189501565
slp60,175,1,71.46746528723115,0.05972716197469138,10.077258985555927,0.3116,90.6228334627701,87.32396088767129,2.08192139853538,3142,5.809367145888501
slp60,176,1,73.48938486663037,0.05946261404559845,19.29570670525808,0.2581111111111112,92.00391367891933,90.93188364143361,0.539038961687524,0,1.9568394596677052
slp60,177,1,69.82475355969332,0.046267463737404514,17.502917152858814,0.22228571428571428,92.42421018086495,91.48224473946516,0.4992326587840294,0,1.651083294094633
slp60,178,0,75.12520868113522,0.03005180711889237,10.682238997293833,0.29183333333333333,91.32847792542402,89.77001021225593,0.7280567014144262,0,2.446049324584621
slp60,179,1,72.65877287405814,0.05085442792428377,17.438480914551445,0.21028571428571427,91.22744793482094,88.11892691816129,1.569059083440582,1920,4.8309474160546415
slp60,180,1,70.6975491516294,0.04666217276710269,15.160265665607856,0.188125,92.70487803386555,89.77001021225593,0.8878697714499447,266,3.852527686220782
slp60,181,0,71.96710075394105,0.05763558991187472,17.670817906428812,0.183,91.67272675386832,88.79159048242207,0.991698536982719,400,4.097132618679254
slp60,182,1,71.27341840890578,0.05572457047929613,14.634146341463415,0.23666666666666666,91.86851669530581,88.42468308373438,1.530522876491089,1446,4.769796182940027
slp60,183,1,74.89878542510121,0.057249750797700664,13.36104513064133,0.2624285714285714,91.5311249584681,90.19806884405823,0.5900537362827492,0,2.0179906927823197
slp60,184,1,73.50939286686632,0.044720807431037624,16.223733003708283,0.21437500000000004,91.18901234643396,88.97504418176591,1.2209885529736832,1346,3.730225219991567
slp60,185,1,73.03218826075195,0.04998024301019377,14.29479034307497,0.2407142857142857,91.80100573394729,89.77001021225593,1.0064187129218412,103,3.1798641219600086
slp60,186,1,73.42942616263258,0.07860229632558022,14.895729890764645,0.22028571428571425,90.44548673323996,84.51100416439897,2.9124405061232967,2896,8.805777568504666
slp60,187,1,66.24344465912228,0.05818880906153692,14.616321559074299,0.3314,92.41326003338855,85.36712142800359,2.203066905029915,966,8.255416470473122
slp60,188,0,72.23445239405613,0.04934258416666984,9.719222462203025,0.37449999999999994,93.7334580818489,93.37793296601825,0.12300198833106722,0,0.5503610980315443
slp60,189,0,80.19191226867717,0.03305875072265344,21.694214876033058,0.429,91.01410351273066,87.56856582012975,2.298248915704556,3451,6.3597282439200455
slp60,190,1,72.55139056831923,0.05530019087770956,10.102710894089913,0.542,92.32460705236787,87.7520195194736,2.3928603359526273,2145,6.543181943263875
slp60,191,0,71.07080005414919,0.04542566028408279,14.161631419939578,0.35566666666666663,94.12305666477097,93.13332803355979,0.25051065955607826,0,1.2230246622923033
slp60,192,0,71.54538021259198,0.04462355925759763,20.036734012355982,0.3141111111111111,93.7933536763102,93.07217680044518,0.2822703355823571,0,1.03957096294846
slp60,193,0,72.91385363219011,0.03308723971712909,11.467889908256879,0.3993333333333333,93.01979873090806,91.665698438809,0.5086790897268528,0,1.8345369934384763
slp60,194,0,74.9063670411985,0.03478665133511862,12.280989028983134,0.4589999999999999,92.45832441544518,91.29879104012132,0.586859867003515,0,1.8956882265530908
slp60,195,0,73.35959788072272,0.02989590995602516,9.955201592832255,0.5636,92.58395350875583,91.17648857389209,0.5936240735244306,0,2.201444392126163
slp60,196,1,70.73565076798707,0.03446164386617654,9.58926002876778,0.4870000000000001,93.10033898166888,91.665698438809,0.6074298301434765,0,2.0179906927823197
slp60,197,0,75.19306327055955,0.04835563409189782,11.829652996845425,0.46049999999999996,92.48566309339628,91.17648857389209,0.5720150626540346,0,2.2625956252407775
slp60,198,1,73.55946056395588,0.03588097607987335,14.485755673587638,0.3841428571428572,92.1324780314195,90.93188364143361,0.6050202725560581,0,2.0179906927823197
slp60,199,1,72.82535401213755,0.049625137994645956,12.64115961570875,0.3961666666666667,92.2094959711529,90.93188364143361,0.6347433572817277,0,2.2014443921261773
slp60,200,1,73.12119160460394,0.0701626857320599,13.091289928434282,0.35800000000000004,91.02670882025002,88.11892691816129,1.54717562503901,2075,4.586342483596184
slp60,201,1,70.40309221424629,0.035881388608064016,15.303519809556194,0.2857142857142857,93.26760798798172,90.38152254340208,0.7365984459577121,31,3.485620287533095
slp60,202,0,71.61369526667576,0.04764001062389573,13.204225352112678,0.466,92.90114087817247,92.09375707061132,0.3955243160741842,0,1.3453271285215465
slp60,203,1,70.67627494456762,0.04571068942848797,13.686131386861316,0.4682857142857143,92.49221850558615,91.54339597257977,0.5225808877517326,0,1.7733857603238619
slp60,204,1,70.95553453169347,0.03042104534693046,12.562814070351758,0.5173333333333333,92.63548361452706,92.15490830372593,0.19959856063766507,0,0.7980235921456824
slp60,205,0,72.80543613923172,0.05228043689213636,13.25088339222615,0.4392857142857142,91.30370759926373,89.89231267848515,0.692565552016783,0,2.323746858355392
slp60,206,0,70.65948855989232,0.04409414788326248,10.247651579846286,0.5074,92.7055955416674,89.95346391159977,1.05753846781916,788,3.7913764531061815
slp60,207,1,71.78014766201804,0.06766968995625375,11.240164855751216,0.5917999999999999,91.84477370986185,91.05418610766286,0.5824528106189204,0,1.8956882265530766
slp60,208,1,73.07171853856563,0.04970679462708056,10.920209668025624,0.503,92.95453813492814,92.15490830372593,0.31477494571832354,0,1.2230246622923175
slp60,209,0,71.13821138211382,0.043557702756088446,13.814274750575596,0.41671428571428576,92.39393624372434,91.48224473946516,0.24317759453764567,0,1.2230246622923175
slp60,210,0,74.95948136142624,0.04578477295590547,14.073494917904615,0.4625714285714286,91.99593955812118,91.35994227323593,0.32735856753189563,0,1.1007221960630886
slp60,211,0,75.06086015688396,0.05407912931902267,12.987012987012987,0.5175,92.2829019113837,91.91030337126747,0.12998061432004926,0,0.6115123311461588
slp60,212,0,73.97260273972603,0.03747723588895721,13.276294438707776,0.4337142857142857,92.40559574550487,92.15490830372593,0.09732028164904902,0,0.4280586318023154
slp60,213,0,73.56948228882834,0.03842195874210795,12.906926717338306,0.47457142857142864,92.48681273657881,92.09375707061132,0.23874127135662035,0,0.7949660304900021
slp60,214,0,75.20325203252034,0.04846258713772728,12.966804979253112,0.5731666666666667,92.60664469299022,92.33836200306978,0.10452287514483569,0,0.48920986491692986
slp60,215,0,71.60392798690671,0.0531208556606767,12.822704735852282,0.6141666666666667,92.68910916921972,92.27721076995516,0.1261993619432294,0,0.6115123311461588
slp60,216,0,72.26428079834824,0.03543410095097773,13.820638820638822,0.585,92.77932762180815,92.21605953684055,0.2204306238153959,0,0.9172684967192453
slp60,217,0,72.32401157184187,0.03282089926512416,14.060303077644118,0.6032857142857143,92.66070238306355,92.27721076995516,0.15069261893200983,0,0.6115123311461588
slp60,218,0,73.52941176470588,0.05075431016179807,13.321492007104794,0.5042857142857143,92.6882856659471,92.15490830372593,0.19129617687465003,0,0.7949660304900021
slp60,219,0,72.51242110917148,0.04258484631652988,15.182186234817813,0.6207142857142857,92.64893688581229,92.09375707061132,0.16423848965482757,0,0.7949660304900021
slp60,220,0,73.7503414367659,0.0576755505895043,14.263074484944534,0.5901428571428572,92.74020713961028,92.3995132361844,0.10478316086759587,0,0.48920986491691565
slp60,221,0,75.62338193214333,0.03519479342594733,14.404609475032013,0.6062857142857144,92.63423612937154,91.665698438809,0.14032689715079483,0,1.2230246622923175
slp60,222,0,69.02151847340642,0.07055224572728093,15.709547914121138,0.616,92.3892153685279,91.91030337126747,0.17667283151669833,0,0.7338147973753877
slp60,223,0,73.68995633187772,0.038820892936601306,13.50621285791464,0.5938333333333333,92.53936202956865,92.0326058374967,0.16599305875786002,0,0.7338147973753877
slp60,224,0,72.75666936135812,0.0494368283772331,14.565463667260074,0.6874285714285714,92.26893496974033,91.60454720569439,0.3827029217923481,0,1.284175895406932
slp60,225,0,70.37394784048573,0.033915220986053915,14.497422680412372,0.6338571428571428,92.94723260094538,92.21605953684055,0.22108912758627797,0,0.9784197298338597
slp60,226,0,74.05375754251233,0.048317877477706085,14.914772727272727,0.53425,92.67988756326604,92.27721076995516,0.1064591216831649,0,0.6115123311461588
slp60,227,0,71.2734184089058,0.08106910128818172,18.601767167880947,0.43777777777777777,92.5211389621005,91.72684967192363,0.3188758449896254,0,1.1618734291776889
slp60,228,0,71.061180292366,0.03885647058241973,17.657445556209534,0.501,92.42052479988259,91.54339597257977,0.47086584126075026,0,1.528780827865404
slp60,229,0,71.03233662562576,0.04222915135886342,12.964563526361276,0.5136666666666666,92.95356786869606,92.3995132361844,0.2141604757418479,0,0.917268496719231
slp60,230,1,69.65310024583448,0.06494799623185363,16.449945166849446,0.538875,92.40926481949175,91.91030337126747,0.1841580025397378,0,0.8561172636046166
slp60,231,0,75.04056246619795,0.06736288999246787,17.931858936043035,0.5347777777777778,92.37719711284643,91.48224473946516,0.33771885420140463,0,1.3453271285215465
slp60,232,0,67.02038536721587,0.04200520801043606,19.31745009658725,0.5664444444444444,92.45587836612057,91.91030337126747,0.21315166476892847,0,0.7949660304900021
slp60,233,0,70.03570447679209,0.04189028345273957,13.771996939556237,0.679,92.68570100716079,92.15490830372593,0.24677433451432684,0,0.9172684967192453
slp60,234,0,73.92197125256673,0.060599779977598384,15.239477503628446,0.5426249999999999,93.08360800428875,92.70526940175748,0.1395926429796727,0,0.6115123311461588
slp60,235,0,71.46746528723115,0.04285546663388654,17.224409448818896,0.582875,92.95801152496907,92.33836200306978,0.22129334863623712,0,0.8561172636046308
slp60,236,0,71.33152173913044,0.08979250457332737,16.28001628001628,0.4707777777777778,92.6853830207486,92.15490830372593,0.28399274993688317,0,0.9784197298338597
slp60,237,0,65.59169171904892,0.05827038269996174,16.519823788546255,0.5225,92.28429615949872,91.665698438809,0.2465522996312645,0,0.9784197298338597
slp60,238,0,72.33397630201158,0.06363528734843873,14.950875694147802,0.5963750000000001,92.59715402161083,91.91030337126747,0.3683290063300325,0,1.2230246622923175
slp60,239,0,72.75666936135812,0.06461166045433801,12.827090815802975,0.6638333333333334,92.87267701753204,92.52181570241363,0.1128978228180768,0,0.5503610980315443
slp60,240,0,68.98417421885569,0.07185731729227654,15.436636283446047,0.562125,92.6347824137207,91.97145460438209,0.3092343926173075,0,1.161873429177703
slp60,241,0,71.5161422149571,0.051787194067527485,14.55839534131349,0.7388571428571428,92.54484933355347,91.91030337126747,0.3206245064986381,0,1.1007221960630744
slp60,242,0,67.53069577080491,0.06729947598162474,14.005602240896359,0.5168571428571428,93.20457329688718,92.64411816864286,0.20011769140040775,0,0.8561172636046166
slp60,243,0,75.55132044650149,0.03945131348720338,14.955134596211368,0.5291250000000001,92.97292427235126,92.64411816864286,0.12174555669854871,0,0.5503610980315443
slp60,244,0,70.45171985080812,0.03721312414990899,12.581781580271764,0.6181666666666666,92.89622431903005,92.46066446929902,0.17456172160953135,0,0.6726635642607732
slp60,245,0,73.33967132962108,0.0342343052262053,13.111888111888113,0.6124999999999999,92.59992621084535,91.78800090503825,0.44567861482565563,0,1.406478361636161
slp60,246,0,70.26729126481125,0.055104053820067035,14.686684073107049,0.5894285714285715,92.73225747930539,92.15490830372593,0.24217451702977721,0,0.9784197298338597
slp60,247,0,68.92230576441102,0.049185542904943064,14.774166314900802,0.510875,93.16386288262835,92.76642063487209,0.16738169249875529,0,0.6115123311461588
slp60,248,0,75.46913244492794,0.0660378623937799,14.720314033366046,0.5389999999999999,93.19933059783482,92.70526940175748,0.1841424595631357,0,0.7949660304900021
slp60,249,0,75.87149692412851,0.05879411527724929,12.201073694485114,0.8136666666666666,91.99787193708761,89.64770774602668,1.2251399539512904,1534,3.9136789193354105
slp60,250,0,73.78057111627272,0.057238832540656204,11.87460417986067,0.7014999999999999,93.40468459213146,92.88872310110132,0.15063518993811845,0,0.7338147973753877
slp60,251,0,72.22451506397029,0.06508910062681895,14.947683109118087,0.5897142857142857,93.3037605969991,92.09375707061132,0.19178615929628526,0,1.4676295947507754
slp60,252,0,91.64969450101833,0.07855132787617988,14.805066622799801,0.8187142857142856,91.48288071228954,87.81317075258822,1.8971131313805967,2169,5.564762213430029
slp60,253,0,77.75201200381937,0.05367647003020082,12.274959083469723,1.0398333333333334,93.11565125044078,91.91030337126747,0.4572865625475728,0,1.8345369934384763
slp60,254,0,71.58440141805289,0.05935533949469595,11.131725417439704,0.807,93.83889911473396,93.31678173290364,0.17066357704476717,0,0.7949660304900021
slp60,255,0,69.69117245148946,0.04429907791927807,13.930163447251115,0.593,93.63963578325556,93.13332803355979,0.16550598101509717,0,0.7338147973753877
slp60,256,0,73.66984993178718,0.03082967946318074,9.000900090009,0.7358,93.62433982147915,93.13332803355979,0.1442935669175468,0,0.7338147973753877
slp60,257,0,81.20178643930167,0.05370279322344416,23.852116875372687,0.605888888888889,92.82198672202891,90.74842994208977,0.8252497112820338,0,2.9352591895015507
slp60,258,0,78.36570663094439,0.047602783359415514,16.27906976744186,1.071125,93.67639175110634,92.21605953684055,0.43835849418960854,0,2.1402931590115486
slp60,259,0,82.11304228821677,0.0590957697301592,9.827473247433936,1.815,92.74770020404128,92.09375707061132,0.31972924260590463,0,1.161873429177703
slp60,260,0,74.23700852350838,0.02823621700258876,13.26259946949602,0.7282857142857143,93.57303801364486,92.3995132361844,0.34776703431150313,0,1.7122345272092332
slp60,261,0,82.47284430736221,0.03036294432139885,23.73759171342252,0.9132500000000001,90.41509049363313,88.60813678307822,1.1696535056346395,1586,3.7913764531061815
slp60,262,0,83.07442928542483,0.09547028154322003,21.875455738661223,0.900090909090909,93.8087964010461,92.46066446929902,0.44047468340382484,0,1.834536993438462
slp60,263,0,82.50825082508251,0.07466833331473254,17.99177518848526,1.712,91.7272981142998,89.21964911422438,1.094067988489134,799,3.6690739868769384
slp60,264,0,78.28594973217963,0.044679343854996584,15.584415584415584,1.5652857142857142,93.29334858037411,92.27721076995516,0.5435472951517416,0,1.8345369934384763
slp60,265,0,77.01661937576003,0.049370216553591056,15.933232169954477,0.827,93.80077335926144,92.21605953684055,0.5809574784587097,0,2.1402931590115486
slp60,266,0,78.01806734191076,0.06252702462826987,18.154311649016645,1.0873333333333335,93.5042795671308,92.3995132361844,0.41608921402576216,0,1.6510832940946187
slp60,267,0,79.3220338983051,0.031881767113716084,17.81472684085511,1.5071111111111113,86.45187092197713,81.45344250866818,4.272020144813381,4504,11.068373193745458
slp60,268,0,86.08909538125171,0.09005737652052516,23.68171771392485,0.8622727272727274,82.50850511733903,81.9426523735851,0.14026741596039619,0,0.7949660304900021
slp60,269,0,91.8867410835829,0.12805319882140806,20.00889284126278,0.8277000000000001,82.43031307392981,82.06495483981433,0.10543386901341155,0,0.5503610980315443
slp60,270,0,103.16925151719488,0.012847911101993844,16.074709124311084,1.3756249999999999,82.46073377402988,82.12610607292895,0.09998722386141756,0,0.48920986491692986
slp60,271,0,104.50819672131148,0.01829351868384582,21.48381552563735,1.2489999999999999,82.42075717456842,82.12610607292895,0.09448386191087584,0,0.4280586318023154
slp60,272,0,98.93659981154933,0.02067934118921567,19.14180890094114,0.9187777777777778,82.41686795614233,82.12610607292895,0.095061035118737,0,0.4280586318023154
slp60,273,0,99.83700081499593,0.013750680570791167,21.698249674526252,0.9927272727272729,82.42047180214723,82.12610607292895,0.09658226472254632,0,0.4280586318023154
slp60,274,0,102.09637898175879,0.05887391272881394,19.627798778714737,1.0625000000000002,82.41113604722506,82.06495483981433,0.09325093601643875,0,0.48920986491692986
slp60,275,0,96.74818597151304,0.0290282429521473,17.067620286085827,0.9239999999999999,82.38633310707377,82.12610607292895,0.09389592362981086,0,0.4280586318023154
slp60,276,0,100.20040080160321,0.023078994778802674,19.559547957113878,1.0373999999999999,82.42543728227612,82.06495483981433,0.10421626421956598,0,0.5503610980315443
slp60,277,0,91.78678270329071,0.050452099272355895,20.535442652874963,1.5756000000000001,82.43222099240297,82.06495483981433,0.09939346652580486,0,0.5503610980315443
slp60,278,0,89.62520369364475,0.0219601442136498,19.994075829383885,0.9567,82.39869380966067,82.06495483981433,0.09389855456890162,0,0.48920986491692986
slp60,279,0,84.05084050840509,0.04103155298393721,19.970414201183434,2.0642000000000005,82.39063815388502,82.06495483981433,0.09580684739977981,0,0.48920986491692986
slp60,280,0,77.04053303720156,0.057755232751270244,17.693895606015925,1.499888888888889,84.67352783502211,81.33114004243895,3.9840294723878524,5563,10.762617028172372
slp60,281,0,77.20438845997563,0.04189116620594589,19.090041361756285,1.8837777777777778,93.50467093502274,90.74842994208977,0.8909040140661977,251,3.730225219991567
slp60,282,0,77.03743749155291,0.03645222274342524,25.380710659898472,1.6360833333333333,92.81042506222137,91.2376398070067,0.6938791803490804,0,2.5072005576992495
slp60,283,0,74.89878542510121,0.05343669069417358,19.023462270133166,2.0585555555555555,92.72042675407215,91.60454720569439,0.5413097649024007,0,2.0179906927823197
slp60,284,0,76.67864050842775,0.043245135093751816,15.737410071942445,2.085625,92.96381681536607,90.99303487454823,0.8193663195042699,0,2.935259189501565
slp60,285,0,71.78014766201804,0.0370264549659691,11.72241325414192,0.29949999999999993,93.07942525994369,92.09375707061132,0.45424548849933083,0,1.651083294094633
slp60,286,0,76.28865979381443,0.04598802524607466,18.315018315018317,0.060666666666666674,92.73750017835776,91.17648857389209,0.9864646079498751,0,2.8741079563869363
slp60,287,0,77.02702702702702,0.1023993594162789,28.744809964867457,0.04176923076923077,92.58120578001456,91.54339597257977,0.5489895012632017,0,1.7733857603238619
slp60,288,0,74.17582417582419,0.07098739237740184,39.0625,0.3215,93.3956015956395,91.91030337126747,0.614292421181749,0,2.0179906927823197
slp60,289,0,71.86858316221765,0.039523694778949896,32.2104415514696,0.5175882352941176,92.86785014686487,91.42109350635054,0.6895900628562671,0,2.2625956252407775
slp60,290,0,73.3695652173913,0.047827880706126896,27.548209366391184,0.5808,93.44048660074563,92.58296693552825,0.22673621137403194,0,1.1007221960630744
slp60,291,0,73.28308207705192,0.044406140410110505,33.78854005349852,0.03535294117647058,93.23204243080228,92.70526940175748,0.16478197789574142,0,0.7949660304900021
slp60,292,0,72.93354943273906,0.02904402788105594,31.31524008350731,0.32039999999999996,92.9029101871839,92.21605953684055,0.2550901486561489,0,1.1007221960630886
slp60,293,0,70.56870070568701,0.034109735390983414,32.62642740619902,0.407764705882353,93.3150124238922,92.94987433421593,0.12837433273828094,0,0.6115123311461588
slp60,294,0,72.94340132378765,0.03187688508102909,32.06412825651303,0.4102352941176471,93.08499409890601,92.64411816864286,0.13606299849590361,0,0.6726635642607732
slp60,295,0,74.63690155997848,0.05291491578597626,34.33476394849786,0.4216470588235295,93.00540780738176,92.52181570241363,0.14981212423493775,0,0.7338147973753877
slp60,296,0,72.70461154964686,0.02556374984470096,32.74662300450266,0.41252941176470587,92.78084417238941,92.21605953684055,0.21032913291400313,0,0.9172684967192453
slp60,297,0,73.97260273972601,0.03403411505613624,29.38706968933669,0.6094666666666667,92.91730111071021,92.27721076995516,0.264361051891646,0,1.0395709629484742
slp60,298,0,73.80073800738008,0.045717733004941426,31.7976257772753,0.444125,92.71728765743893,92.15490830372593,0.24620827091337316,0,0.9784197298338597
slp60,299,0,72.72475412106941,0.031370127477573034,32.948929159802304,0.38107692307692315,93.17985189171338,92.27721076995516,0.2664087938430972,0,1.284175895406932
slp60,300,0,72.5026852846402,0.028359247408565803,18.703241895261844,0.10755555555555553,92.59524610313765,91.91030337126747,0.3122280762648135,0,1.1007221960630744
slp60,301,0,75.9233926128591,0.03850773783150507,22.858884486437066,0.044454545454545434,92.6368289416556,92.15490830372593,0.17252804395742777,0,0.7338147973753877
slp60,302,0,76.2991476491614,0.026880467490456313,33.10344827586207,0.485235294117647,92.67170145152643,92.15490830372593,0.14115746621343989,0,0.7338147973753877
slp60,303,0,74.05375754251234,0.03193666571957613,32.555615843733044,0.4507058823529412,92.68287174344202,92.0326058374967,0.23512084845085762,0,1.0395709629484742
slp60,304,0,72.9631130928253,0.04352649257125543,34.22359414843645,0.4359444444444444,92.72623204446916,92.33836200306978,0.15479785546066324,0,0.7338147973754019
slp60,305,0,74.92715415568198,0.030923841136205627,26.996073298429323,0.38841666666666663,93.23770911173756,92.33836200306978,0.30127629802645417,0,1.284175895406932
slp60,306,0,77.1103896103896,0.0242397992367101,16.741071428571427,0.33375,92.84994506580891,91.97145460438209,0.2827189883742966,0,1.2230246622923175
slp60,307,0,72.7247541210694,0.061362382946038914,15.466195315952275,0.3205,93.29776777615386,91.78800090503825,0.7108859661931048,0,2.56835179081385
slp60,308,0,73.53942530300966,0.030265287943797698,16.087023134671362,0.30962500000000004,93.23108847156568,92.21605953684055,0.48087943827933116,0,1.8956882265530908
slp60,309,0,73.21041214750542,0.0362678649039526,13.621503814021068,0.341,92.97389453858335,91.78800090503825,0.5296562019702195,0,1.8956882265530766
slp60,310,0,75.5718954248366,0.030698134414612523,14.929617517417888,0.299125,92.85227696616501,91.91030337126747,0.397466005430358,0,1.4676295947507754
slp60,311,0,73.76041524381915,0.034229977476251575,14.146494812951902,0.3752857142857143,92.22500392387077,91.54339597257977,0.3838288046990288,0,1.3453271285215465
slp60,312,1,71.88826509653568,0.038933706083389426,12.879221522610187,0.31285714285714283,92.36830980030045,90.93188364143361,0.6996970338255983,0,2.446049324584635
slp60,313,0,77.19393282773565,0.04586575618070305,14.819693726329655,0.3758571428571429,93.21696661346508,92.3995132361844,0.40842663464619583,0,1.3453271285215465
slp60,314,1,76.46900992755566,0.03152978629522748,16.613595458950574,0.27944444444444444,93.27091830806768,91.78800090503825,0.7027055446218581,0,2.1402931590115486
slp60,315,0,72.30851633636851,0.056627001368169026,20.700362256339485,0.2791111111111111,92.85959065364553,91.665698438809,0.3226597923841063,0,1.7122345272092474
slp60,316,0,73.61963190184049,0.04636449791237543,16.245487364620942,0.34242857142857147,93.00168165891066,92.3995132361844,0.22657434534512327,0,0.9784197298338455
slp60,317,0,75.09132728994724,0.050838635279749377,14.819693726329655,0.3905714285714285,92.94591988780786,92.0326058374967,0.53287192333392,0,1.8345369934384763
slp60,318,0,72.18286325357572,0.03776911665421241,11.612154054577125,0.38960000000000006,93.40249945473482,92.64411816864286,0.4018652452412354,0,1.406478361636161
slp60,319,0,72.5319006044325,0.038653094680698726,12.337217272104182,0.38357142857142856,92.86702664359227,91.91030337126747,0.5145126214645829,0,1.6510832940946187
slp60,320,0,76.58202337767028,0.058867709333862026,19.27470017133067,0.29269999999999996,92.59774922694648,91.97145460438209,0.20349397868191557,0,0.917268496719231
slp60,321,0,71.81942544459643,0.04438937177445309,16.304347826086957,0.24100000000000002,92.52698501998624,91.665698438809,0.3963961141732524,0,1.528780827865404
slp60,322,0,68.77022653721683,0.053187921723837246,13.539942831352489,0.2791428571428572,92.52060898474684,90.32037131028746,1.0553899925175765,644,3.5467715206477237
slp60,323,0,72.80543613923172,0.03348668940559723,13.125656282814143,0.351,93.20559248410575,91.97145460438209,0.5593495404083352,0,1.8956882265530908
slp60,324,1,73.29985068548933,0.04993464865003525,19.083969465648853,0.3114444444444444,92.28389663810904,91.29879104012132,0.4502106154407523,0,1.5899320609800043
slp60,325,1,73.43941248470011,0.035868587309170044,12.05787781350482,0.4283333333333334,92.29104725563458,91.48224473946516,0.28457607510016925,0,1.2230246622923175
slp60,326,0,72.77628032345015,0.06012415138899603,11.399908800729593,0.4048333333333333,92.14082721311406,91.17648857389209,0.4431060319782509,0,1.5287808278653898
slp60,327,1,72.40547063555913,0.038291281282065,9.510223490252022,0.3832,92.49021274514,90.93188364143361,0.7346014882683215,0,2.5072005576992495
slp60,328,1,71.98683669271905,0.06871945926469922,13.580805794477138,0.2785714285714285,92.6239138012218,90.56497624274593,1.01560330975275,252,3.1798641219600228
slp60,329,1,71.24440222553942,0.048259705590414335,13.521634615384617,0.31371428571428567,92.53101284787407,90.56497624274593,0.7642747392697845,0,2.9352591895015507
slp60,330,1,70.40309221424629,0.05221621273103133,9.305210918114145,0.34559999999999996,92.36875824267662,90.01461514471438,1.1360762339464419,706,3.607922753762324
slp60,331,1,69.54861584617483,0.05321406791649604,10.995455211845771,0.32699999999999996,92.57439760939445,90.4426737765167,1.0095503036350595,248,3.4244690544184806
slp60,332,1,71.49666348903719,0.05339919742575056,17.39274474076528,0.256,92.95348633371859,91.665698438809,0.6700801834164247,0,2.2014443921261773
slp60,333,1,71.26374372200354,0.0518932656556529,21.09704641350211,0.2541428571428571,92.90310587112988,92.15490830372593,0.45528567104604567,0,1.5287808278653898
slp60,334,1,70.18026696023118,0.055292240268504544,15.845070422535212,0.2818571428571429,91.4183376241115,88.73043924930745,1.523276565107007,2338,4.769796182940027
slp60,335,1,75.11165245635404,0.03213303245911068,15.450264861683344,0.25212500000000004,93.41531675319564,92.0326058374967,0.6369536381374955,0,2.0179906927823197
slp60,336,1,73.59956385443643,0.05091884125804247,16.89902830587241,0.2985555555555556,92.92537307348137,92.21605953684055,0.30576187025045193,0,1.2230246622923175
slp60,337,1,73.01243915630072,0.04787432106342554,14.890800794176041,0.3618571428571428,92.48704918801353,90.56497624274593,0.7444935222212317,0,2.568351790813864
slp60,338,0,71.13821138211381,0.0470587995198018,11.842728564661298,0.38916666666666666,92.66855420139547,90.62612747586054,0.6495751750229766,0,2.7518054901577074
slp60,339,1,70.17061089708311,0.06427191371612927,22.71580010095911,0.34875,91.84324900578285,88.485834316849,1.8327429051645614,2304,5.075552348513099
slp60,340,1,82.45155970867116,0.06469242614093244,22.278330610426263,0.2998181818181819,91.76976153057458,88.97504418176591,1.515283593102967,2930,5.014401115398499
slp60,341,1,91.46341463414635,0.06467972376770534,20.542317173377157,0.25390909090909086,89.9432557324185,86.46784362406667,1.772142478333495,2481,5.320157280971571
slp60,342,0,81.14687584527995,0.11018729509339995,29.648454044896233,0.031599999999999975,93.5231630679166,88.485834316849,1.3556240763634622,679,6.176274544576188
slp60,343,0,75.09132728994724,0.0726362602049888,26.712328767123292,0.0314285714285714,94.36663425651311,93.31678173290364,0.41352281741594993,0,1.5899320609800043
slp60,344,0,76.41470466749279,0.06092522569814258,29.43237561317449,0.03019999999999997,93.45730726660102,92.3995132361844,0.4130607567120688,0,1.5899320609800043
slp60,345,0,69.67213114754097,0.037617635560868425,28.097404335028095,0.031466666666666636,93.69536494036734,93.07217680044518,0.2052381920777074,0,0.917268496719231
slp60,346,0,70.3448275862069,0.03559324223407534,28.668941979522177,0.030333333333333306,92.98195834785672,92.58296693552825,0.191514931929378,0,0.7949660304900021
slp60,347,0,70.61197041022193,0.04526781980838134,28.704209950792787,0.030133333333333304,92.0346686724271,91.17648857389209,0.3988838674701886,0,1.4676295947507754
slp60,348,0,70.65948855989232,0.057407387706333635,28.02989855846236,0.03019999999999997,93.47074423089074,91.91030337126747,0.7005425201157903,0,2.446049324584621
slp60,349,0,70.87889833940868,0.0483046116867125,30.974669603524227,0.03062499999999997,92.60430463913639,90.870732408319,0.7850916065916617,0,2.568351790813864
slp60,350,0,70.95553453169347,0.04286003799744999,29.58163121566418,0.03046666666666664,92.73418985827182,91.35994227323593,0.37880182593797224,0,1.7733857603238619
slp60,351,0,71.40914036996736,0.04288928318641963,28.73170064304282,0.03086666666666664,92.03333965229407,90.13691761094361,1.0787061158944329,1140,3.485620287533095
slp60,352,0,77.08953205301594,0.07538047536651647,30.315278900565882,0.030937499999999972,92.77826766710082,90.68727870897516,0.8894939634687095,1,3.1187128888454083
slp60,353,1,70.04532344458178,0.06578490692581966,30.71672354948805,0.03006249999999997,93.85933993358975,92.94987433421593,0.3677088864415618,0,1.406478361636161
slp60,354,1,71.97696737044146,0.042139360629768856,27.643889991494188,0.0309285714285714,93.029077411346,92.15490830372593,0.3622166211306542,0,1.3453271285215465
slp60,355,0,73.09149972929075,0.05077279333668649,31.574515857423517,0.02987499999999997,92.68965545356889,92.15490830372593,0.212177492161753,0,0.8561172636046166
slp60,356,1,71.88826509653566,0.05962122618870647,30.463038180341186,0.030937499999999972,92.23358955700006,90.50382500963131,0.8561381324218897,0,2.812956723272322
slp60,357,1,70.96512570965125,0.05006131750367824,30.35208417644678,0.030937499999999972,92.62834930399704,91.60454720569439,0.5272211814044243,0,1.651083294094633
slp60,358,1,69.81519507186859,0.07114612868102928,31.574515857423517,0.03006249999999997,92.73613854423374,91.48224473946516,0.46974593982926627,0,1.8956882265530908
slp60,359,1,69.89173632999862,0.07200663175917228,29.05368013281682,0.030733333333333303,91.1036370715082,87.81317075258822,1.7258939981108763,2257,5.075552348513099
slp60,360,1,73.02231237322515,0.06659579566308972,31.81561085972851,0.03006249999999997,93.45313267575374,91.42109350635054,0.7187935484352215,0,2.9352591895015507
slp60,361,1,70.58349018553375,0.056861708359413725,32.53325621746674,0.03018749999999997,92.70063006153852,92.0326058374967,0.3210354955516352,0,1.2230246622923175
slp60,362,0,80.63404548587181,0.05056795117199303,30.463038180341186,0.030999999999999972,92.35866421246382,91.665698438809,0.27688237539308197,0,1.2230246622923175
slp60,363,1,74.49303352186507,0.03596483193068568,31.01309441764301,0.030687499999999972,93.64955859001563,92.27721076995516,0.2810275903961057,0,1.5899320609800185
slp60,364,0,73.17073170731707,0.04279148409568323,29.791459781529298,0.08479999999999999,92.65008652899485,91.05418610766286,0.5765747634196812,0,2.2625956252407775
slp60,365,0,71.6821409066084,0.03234588577440123,13.684050478941769,0.3574285714285715,93.32300285168581,92.88872310110132,0.16804521671916645,0,0.7338147973753877
slp60,366,0,71.62346521145975,0.07073999532637469,10.615711252653929,0.4073333333333333,93.33599137359937,92.76642063487209,0.26551928500549987,0,1.0395709629484742
slp60,367,0,74.10456978180322,0.053718401564702825,15.59900166389351,0.3755,92.84535464657644,91.97145460438209,0.5879983945324441,0,1.8956882265530908
slp60,368,0,67.96649732253192,0.07235927097131688,14.825064241945048,0.35733333333333334,93.03592634945483,91.72684967192363,0.6968895732551245,0,2.2625956252407775
slp60,369,0,71.28309572301427,0.04589962429262446,15.285326086956523,0.3598571428571428,92.834698025019,91.72684967192363,0.6198391267823578,0,2.0179906927823197
slp60,370,1,70.0164744645799,0.03989467101113263,12.558606831882114,0.5283333333333332,92.42275070476795,91.48224473946516,0.41723189544457406,0,1.4676295947507754
slp60,371,0,69.5012264922322,0.05767634310211786,11.082379017362392,0.3516,92.00090503825008,89.95346391159977,1.0155348689750008,31,3.1798641219600228
slp60,372,1,71.12857336404282,0.05868479620926061,9.279307145066502,0.505,91.88172536165857,88.79159048242207,1.665229557795532,2162,4.8309474160546415
slp60,373,1,72.7664735210888,0.06281650722737547,9.44386149003148,0.38475000000000004,93.37798188700474,91.42109350635054,0.5863464742760366,0,2.690654257043093
slp60,374,0,69.77698727596113,0.05312347697796497,11.042402826855124,0.43016666666666664,92.20448972353527,90.74842994208977,0.6993514552923851,0,2.3848980914700206
slp60,375,1,80.34279592929833,0.0624768757221422,19.852524106636416,0.33387500000000003,88.59977129438815,84.81676032997204,2.368892339773087,4051,7.276996740639277
slp60,376,1,72.90400972053463,0.057591473134291124,13.711151736745888,0.36133333333333334,93.8233585480251,92.88872310110132,0.25585983833074194,0,1.2230246622923175
slp60,377,1,72.85483000539665,0.06437237349310494,12.958963282937365,0.41340000000000005,93.13958176633297,92.46066446929902,0.264253114974549,0,1.03957096294846
slp60,378,0,73.97260273972604,0.07595385213615559,19.13962814436748,0.486,92.67723767649774,91.72684967192363,0.34081817169866513,0,1.4676295947507754
slp60,379,0,69.15254237288136,0.06575081406471718,9.188361408882082,0.4882000000000001,92.87180459327294,92.27721076995516,0.2858189853945544,0,1.1007221960630886
slp60,380,1,69.92048258842885,0.052622833729834284,15.706806282722514,0.4027142857142857,92.84067453886873,91.91030337126747,0.44627647256998604,0,1.5899320609800043
slp60,381,0,71.5356315574329,0.04647846988945856,10.743061772605193,0.4702,92.66264291552773,91.42109350635054,0.568273525798199,0,1.8956882265530908
slp60,382,0,70.32819825853986,0.056532742905400966,14.687882496940025,0.4356,92.26560018916115,90.93188364143361,0.6162643281542192,0,2.2014443921261773
slp60,383,0,71.996708721887,0.07120797937401828,19.925611052072263,0.36333333333333334,92.93318412432451,91.665698438809,0.5465767801132233,0,1.9568394596677052
slp60,384,1,73.38950801848328,0.07849856489999055,19.656019656019655,0.49166666666666664,92.45183423123726,90.4426737765167,0.8101497949341677,0,2.996410422616165
slp60,385,1,68.9607132906102,0.054295454016937895,9.807126511932003,0.5241999999999999,92.35292415004882,89.95346391159977,1.2365310982938242,1316,3.6690739868769384
slp60,386,1,69.76744186046511,0.05597478423887166,6.746626686656672,0.4075,92.26307260485906,88.485834316849,1.6593918061132695,1488,5.381308514086186
slp60,387,0,69.13379422529484,0.06973891002112274,6.694436179708421,0.5177499999999999,92.11179260763126,88.485834316849,1.573643485858472,1695,5.381308514086186
slp60,388,1,68.28528072837634,0.04403488057291298,4.948861761794788,0.6026666666666666,92.30414177301884,89.46425404668284,1.4362552961495876,1692,4.40288878425234
slp60,389,1,68.55955678670361,0.05643774860322908,15.015015015015015,0.31662500000000005,91.35786313131003,87.7520195194736,1.9740484819418422,2565,5.687064679659258
slp60,390,1,69.21824104234528,0.05531113630461734,12.842465753424658,0.5026666666666667,92.07652057637074,89.40310281356822,1.5425333012099276,2268,4.464040017366955
slp60,391,1,67.84539473684211,0.09142303210295571,10.34126163391934,0.6446666666666666,89.99076616379968,85.55057512734743,2.6224921220647146,3750,7.827357838670821
slp60,392,1,71.66257166257166,0.05480997972587675,21.495103893002145,0.406,91.66782650172141,88.30238061750514,1.902026301821106,2655,5.564762213430043
slp60,393,1,71.48864592094196,0.06236492670600184,9.196811771919068,0.725,91.77515099258642,87.20165842144206,2.2902863318268043,2218,6.665484409493118
slp60,394,0,67.1368506713685,0.08240053134886229,6.9252077562326875,0.32175000000000004,92.3185245430474,87.50741458701513,1.7384227219507247,1646,6.42087947703466
slp60,395,1,69.26524514464214,0.058040076835158834,13.043478260869566,0.3446666666666667,91.85800683670784,87.62971705324436,2.2539572238992847,2421,6.4820307101492745
slp60,396,1,82.9623634156212,0.0701953761923564,27.243007628042136,0.4350909090909092,87.71893262560971,84.81676032997204,2.5803204506451842,5494,7.827357838670821
slp60,397,1,92.15017064846415,0.06072679153286911,22.907758094074524,0.6403636363636364,90.22897060052547,86.65129732341052,1.972665961913779,3508,6.4820307101492745
slp60,398,1,75.53075666848123,0.0779990822369262,15.107913669064748,0.4195,93.80558392293314,92.3995132361844,0.3826078230065762,0,1.8956882265530766
slp60,399,0,65.47537852953212,0.06626733263833696,11.229225932025754,0.3386666666666667,93.72139090518094,93.1944792666744,0.17343270236858693,0,0.7949660304900021
slp60,400,0,70.40364757945554,0.06604547598404589,14.111006585136407,0.4161428571428572,93.09604208835536,92.3995132361844,0.3019118308821171,0,1.2230246622923033
slp60,401,0,66.74757281553399,0.05782542359831936,11.957908163265307,0.44399999999999995,93.06144679740801,92.27721076995516,0.35329616101474964,0,1.284175895406932
slp60,402,0,71.62346521145975,0.039066662023170766,16.052591346888853,0.312375,92.71931787837833,91.97145460438209,0.2900169202058165,0,1.161873429177703
slp60,403,0,71.5064015254699,0.03737789371775127,13.544018058690746,0.35342857142857137,92.83507308591543,91.97145460438209,0.4133190971850819,0,1.406478361636161
slp60,404,0,66.39004149377594,0.0683588874982617,12.91100017214667,0.338,92.8534673768363,92.21605953684055,0.3194093613275776,0,1.161873429177703
slp60,405,0,65.68144499178982,0.0712583328460609,11.27141568981064,0.38850000000000007,92.7400603766508,91.42109350635054,0.5396950509617019,0,2.2625956252407775
slp60,406,0,69.23703502579419,0.06416069790541046,9.185548071034905,0.4478000000000001,93.06261274758606,91.84915213815286,0.5338086053491643,0,1.834536993438462
slp60,407,1,66.09749380335995,0.0874639211332307,11.547344110854503,0.6480000000000001,91.66232289074108,88.36353185061976,1.8305906886891634,2667,5.4424597472008
slp60,408,1,67.83609702617514,0.08543795239719598,15.527950310559007,0.45219999999999994,90.59936769624957,86.46784362406667,2.4263761113871136,3357,7.276996740639277
slp60,409,1,70.26729126481123,0.07485349011702101,26.288117770767613,0.3413333333333333,90.85877122712179,85.4282726611182,3.112063902307792,3533,8.86692880161928
slp60,410,0,67.08226046889823,0.07264985778752282,13.66950182260024,0.195,93.0678228326474,88.97504418176591,1.268211899320879,567,5.381308514086186
slp60,411,1,68.64064602960968,0.09960503315474468,5.277044854881266,0.36000000000000004,91.6931023447421,85.97863375914974,1.7999326190394802,1338,7.154694274410048
slp60,412,1,71.39942880456957,0.07747661134899002,10.476689366160294,0.269,90.8233198189108,83.59373566767972,4.1603989329196125,2996,10.94607072751623
slp60,413,1,67.93851221520725,0.04960701392986328,12.697516930022573,0.3964285714285714,92.60361159182774,91.2376398070067,0.8760691065834671,0,2.8741079563869363
slp60,414,1,66.3441603317208,0.0881042528769185,17.723513194170934,0.47500000000000003,90.48494150884552,86.28438992472282,2.3498503032063858,2857,6.604333176378503
slp60,415,0,68.90960680989055,0.0576702234370587,8.775778850372971,0.3388,93.07560126949959,89.46425404668284,1.1312862390016831,797,4.769796182940027
slp60,416,1,69.35001359804188,0.0801676444151421,4.74158368895211,0.428,92.51611640748736,90.19806884405823,1.2009595388296788,1246,3.6690739868769526
slp60,417,1,67.53990994678674,0.04628620985931444,10.229597635826325,0.48275,91.13757192913793,86.5901460902959,2.7878157467999682,3699,7.766206605556192
slp60,418,1,68.0973999174577,0.06462027247176438,13.540961408259987,0.3378,93.08298833845984,92.15490830372593,0.671728064525782,0,2.079141925896934
slp60,419,1,66.85236768802228,0.06415411132577553,14.609203798392986,0.4424,90.86002686577508,87.50741458701513,1.822933628940278,2693,5.748215912773887
slp60,420,1,68.4931506849315,0.0736511021539043,4.730368968779565,0.463,92.23514687507007,86.28438992472282,2.28963569223744,1951,7.888509071785435
slp60,421,0,64.53347674105943,0.08045456792500971,9.58926002876778,0.27240000000000003,92.20128539892006,86.2232386916082,2.6506694719811272,2205,8.071962771129279
slp60,422,1,70.31877846236272,0.08615081223633118,21.17314930991217,0.24769999999999998,92.58725567534401,90.25922007717284,1.0753378091175947,656,3.607922753762338
slp60,423,1,64.5682001614205,0.09083191894923283,19.907100199071003,0.27022222222222225,92.44867067411082,91.29879104012132,0.42667991928526994,0,1.5899320609800043
slp60,424,1,68.22880771881461,0.10165715983189398,12.239902080783354,0.4623333333333333,90.84112705799379,84.08294553259665,2.95346799885401,2431,9.294987433421596
slp60,425,1,67.65992345544014,0.06107310948004093,8.72346612387322,0.21960000000000002,92.56639087460532,84.08294553259665,3.4805360865933537,1725,10.762617028172372
slp60,426,1,72.82535401213755,0.07869765554102817,9.474182851729038,0.409,93.52283692800664,91.91030337126747,0.5169482193493032,0,2.2045019537818433
slp60,427,1,70.2341137123746,0.05799141386130065,9.91571641051066,0.44259999999999994,91.85706918446677,87.56856582012975,1.3549949215207917,917,5.503610980315429
slp60,428,1,65.68144499178982,0.10374367450596687,30.434194508318672,0.05025000000000002,92.55501674524598,87.50741458701513,1.99010543678508,1570,6.726635642607732
slp60,429,1,66.81965442764579,0.07592737335029519,17.678255745433116,0.3992,91.54726073051263,87.62971705324436,2.1637710989970493,3215,6.543181943263889
slp60,430,1,71.87842278203725,0.07519131517370221,13.75641966250917,0.4098333333333333,92.28968562151056,89.46425404668284,1.5154754310448622,1998,4.647493716710798
slp60,431,1,69.05890318212593,0.07540185306984691,12.76595744680851,0.6305000000000001,92.34503971772588,85.73402882669129,2.2878821720849514,1912,8.438870169816965
slp60,432,0,64.62035541195476,0.11616690578645883,15.544041450777202,0.246,91.57384928667086,84.57215539751358,3.5237464420152653,2258,9.84534853145314
slp60,433,1,72.30409034568241,0.08914241758133386,13.847858197932052,0.46950000000000003,89.50423879964205,84.38870169816974,3.170771059409104,4126,9.233836200306968
slp60,434,1,77.70961145194273,0.08414267002934712,16.203703703703702,0.40349999999999997,94.36925968278815,93.62253789847671,0.25394272751396335,0,1.1007221960630886
slp60,435,0,69.64358869315855,0.07034713727781246,7.158765510658608,0.478,93.03391243551091,91.72684967192363,0.4411263258108103,0,2.079141925896934
slp60,436,1,73.24020073240202,0.08600681856403115,12.52261026854042,0.36228571428571427,92.2941048172903,88.97504418176591,1.9850100420702153,3034,5.687064679659272
slp60,437,0,69.39719689753709,0.051610599485364964,18.603827072997877,0.190875,94.08248485997386,93.07217680044518,0.4295350972801666,0,1.5899320609800043
slp60,438,1,70.93635995135793,0.0677632372790041,10.91901728844404,0.342,93.3149471959102,92.52181570241363,0.3374737421332003,0,1.3453271285215465
slp60,439,0,72.27948065854638,0.0534455994331192,16.01423487544484,0.406,91.90976524041606,88.485834316849,1.8834600208448466,2660,5.625913446544644
slp60,440,1,74.30851795789184,0.06280235507104122,14.5748987854251,0.19714285714285712,93.88950787525962,92.15490830372593,0.5919691181365818,0,2.4491068862403154
slp60,441,0,68.92823354507365,0.11510001668475314,20.026702269692922,0.41933333333333334,92.46262130875868,89.95346391159977,1.465946345465048,1952,4.219435084908483
slp60,442,1,70.76425394257986,0.07387084150386942,20.594965675057207,0.31325000000000003,92.74395774857467,87.87432198570284,1.963341137129491,1730,6.604333176378503
slp60,443,1,66.28918657643972,0.07020850642906457,31.663383056571906,0.04550000000000003,93.0189833811332,88.30238061750514,1.7451890539832622,1151,6.176274544576202
slp60,444,1,69.86301369863014,0.07715853450116056,10.615711252653927,0.4395,91.04819328681764,86.52899485718129,2.6190190026053575,3708,7.827357838670807
slp60,445,1,72.7852488562318,0.07121073067498539,11.476664116296863,0.4523333333333333,92.69835523566665,90.19806884405823,1.2530574803290488,1573,4.035981385564639
slp60,446,0,88.15088150881509,0.08324547161953945,16.44376233282175,0.5541666666666667,89.41319684378101,85.18366772865974,2.804183495448123,4870,8.50002140293158
slp60,447,1,95.78804347826087,0.038953629384064305,21.05427323767935,0.5138999999999999,87.26645426805032,85.30597019488897,1.7699425354772707,4673,5.564762213430029
slp60,448,1,75.2746507527465,0.05722708599784054,21.65543792107796,0.4219999999999999,94.02102379394479,91.48224473946516,0.8779514100712492,330,3.7913764531061815
slp60,449,0,73.3650083845724,0.06024971165990789,14.660368138133245,0.4887142857142856,94.31864276876476,93.07217680044518,0.35329039649233457,0,1.7122345272092332
slp60,450,0,68.71463217461601,0.0627190141861655,12.851267991775188,0.38850000000000007,94.70211807487763,93.80599159782057,0.1177125784384752,0,1.03957096294846
slp60,451,0,70.75471698113206,0.05893965009177758,16.849199663016005,0.2353333333333333,94.66927578594621,93.98944529716441,0.2707132985050957,0,1.1007221960630886
slp60,452,0,70.69754915162942,0.04523953481418749,12.550200803212853,0.41216666666666657,94.29322831628232,93.50023543224748,0.33617993822518244,0,1.3453271285215465
slp60,453,0,70.49818718947226,0.0680912712797301,15.557860423766483,0.291875,94.37366257157241,93.62253789847671,0.3109354695982196,0,1.2230246622923175
slp60,454,0,74.69717362045762,0.06583082552635484,31.24566032495487,0.099,93.13868488158062,92.15490830372593,0.6238454659451953,0,2.079141925896934
slp60,455,0,88.09068560502595,0.06666166197187369,32.19747786423397,0.030941176470588264,91.57422434756728,89.95346391159977,0.46414437020418603,0,2.201444392126163
slp60,456,0,79.8852929127407,0.039102353929657954,30.176749532978874,0.03033333333333336,93.06027269373219,89.77001021225593,1.6795190775155853,2273,5.075552348513099
slp60,457,0,73.56948228882834,0.038410389540999935,28.81053642474963,0.03053333333333336,95.11087737750897,94.29520146273748,0.2168904578301394,0,1.1007221960630886
slp60,458,0,76.26769273052082,0.03867037756220523,27.573529411764703,0.1312857142857143,93.81749618314387,92.88872310110132,0.4450563857675173,0,1.7122345272092474
slp60,459,0,81.56606851549753,0.08939709167528885,23.98464982411257,0.40672727272727266,90.8192104560455,88.97504418176591,1.0289005949153782,1151,3.9136789193354105
slp60,460,0,75.7782632441289,0.06821236122229474,22.813688212927758,0.3378888888888889,90.94471724688995,84.87791156308666,3.3214619126833673,2780,9.47844113276544
slp60,461,0,68.59448554135845,0.0867923585047076,11.184014315538324,0.3348333333333333,93.5992596624044,86.10093622537897,2.6272663263594462,1570,9.417289899650825
slp60,462,0,68.08803301237964,0.03618785798023186,14.390789894467542,0.25857142857142856,95.17348808672058,94.47865516208134,0.2899293159114939,0,1.1618734291776889
slp60,463,0,74.76761417216758,0.08940089534034447,22.796352583586625,0.22519999999999998,94.5303891052963,93.62253789847671,0.32738486353216667,0,1.406478361636161
slp60,464,0,66.90827989963759,0.04225443763677374,21.65543792107796,0.171,94.77473312582681,94.11174776339364,0.3301389932565513,0,1.1007221960630886
slp60,465,0,69.19945725915875,0.03563288399982985,16.74340728338217,0.18022222222222223,94.00484725441153,92.88872310110132,0.5539519720562934,0,1.9568394596677052
slp60,466,0,69.56758968762789,0.05888385142360773,18.034265103697024,0.19,93.5699559914959,92.88872310110132,0.27137345473102864,0,1.0395709629484742
slp60,467,0,70.37394784048571,0.03300099610533957,15.909090909090908,0.225,93.4699125741204,92.46066446929902,0.5528201674848684,0,1.7733857603238476
slp60,468,0,69.03086085544125,0.0424489108765122,12.966431349949575,0.2467142857142857,93.7866270406676,92.70526940175748,0.48031347112109024,0,1.6510832940946187
slp60,469,0,69.91089787525702,0.041605329709156404,15.756302521008406,0.22928571428571434,94.2589102442584,93.62253789847671,0.24258829043582453,0,0.9784197298338597
slp60,470,0,72.88432986907816,0.06744755621596807,19.795447047179152,0.19622222222222224,94.06366658717006,93.13332803355979,0.44457935395498416,0,1.5287808278653898
slp60,471,0,73.66984993178718,0.057047954703060726,12.807741568236803,0.2275714285714286,94.59662812100605,93.74484036470595,0.18201221221535843,0,1.1007221960630744
slp60,472,0,73.75034143676592,0.07309827648235871,20.588683849321335,0.17099999999999999,94.95000071343102,93.68368913159132,0.45212722157350044,0,1.7733857603238619
slp60,473,0,74.93923845530651,0.028520467961946957,11.32930513595166,0.29660000000000003,94.68818374722525,93.98944529716441,0.3182547159132782,0,1.161873429177703
slp60,474,0,75.88187038556194,0.03483464015685478,13.498920086393092,0.3093333333333333,94.5165526196169,93.86714283093518,0.17397567658484328,0,0.917268496719231
slp60,475,0,72.24439245906152,0.03836767346799826,15.053763440860216,0.23962499999999998,94.2524200600505,93.50023543224748,0.329544215621439,0,1.2230246622923175
slp60,476,0,70.07419620774938,0.04720858522590083,14.333492594362157,0.2362857142857143,94.20289571472541,92.88872310110132,0.6410836328107723,0,2.0179906927823197
slp60,477,0,73.48938486663037,0.03519820421906368,12.95336787564767,0.3202857142857143,94.40400173669502,93.98944529716441,0.1757986886553683,0,0.7338147973753877
slp60,478,0,76.04823239243628,0.05349134129804686,15.107913669064748,0.319125,93.97737812049645,93.13332803355979,0.2842139737938072,0,1.1618734291776889
slp60,479,0,73.97260273972601,0.030581201358730308,17.2885751332661,0.2653333333333333,94.35736372957291,93.13332803355979,0.4585456112014616,0,1.7122345272092332
slp60,480,0,76.95423248278657,0.03298971551317,13.048016701461378,0.36933333333333335,94.53902365941208,93.68368913159132,0.3399456917633923,0,1.2230246622923175
slp60,481,0,74.2370085235084,0.031211742013322035,13.14252336448598,0.30757142857142866,94.5962856741006,93.9282940640498,0.2740823670900102,0,1.03957096294846
slp60,482,0,75.88187038556194,0.02923240044776755,11.083197872026009,0.40666666666666673,94.49916936241685,93.62253789847671,0.3679698686311695,0,1.406478361636161
slp60,483,0,75.89224668398741,0.035170211181699995,12.873694750393362,0.30271428571428577,94.50648304989737,93.62253789847671,0.35554616229790936,0,1.2230246622923175
slp60,484,0,77.8688524590164,0.03399592610431066,12.90322580645161,0.3825714285714286,94.58849908375068,93.62253789847671,0.23509097795214107,0,1.2230246622923175
slp60,485,0,76.71601615074024,0.05649955261755069,17.576163374623366,0.35787500000000005,94.5433368597211,93.9282940640498,0.2813470714169834,0,1.03957096294846
slp60,486,0,72.15503023639361,0.04085678321520035,15.058081170228022,0.25987499999999997,94.77939692653901,93.86714283093518,0.38730867482824,0,1.406478361636161
slp60,487,0,74.36992149841619,0.05092756899706305,19.596458121643202,0.2766,94.85749112797525,93.98944529716441,0.2401176890096156,0,1.161873429177703
slp60,488,0,72.81553398058253,0.03742573598856425,13.636363636363638,0.40885714285714286,94.57056138870374,93.86714283093518,0.31100512424184307,0,1.2230246622923175
slp60,489,0,72.49295207410391,0.03696695220809466,9.48316737790422,0.4726,94.34909608285582,93.37793296601825,0.4020722713792461,0,1.4676295947507754
slp60,490,0,72.75666936135812,0.049364854794569056,10.1010101010101,0.41600000000000004,94.47136593509407,93.5613866653621,0.28682421662817736,0,1.284175895406932
slp60,491,0,72.3763570566948,0.0632411609985494,19.82815598149372,0.2104285714285714,94.23118019841536,92.88872310110132,0.602125518568823,0,2.0179906927823197
slp60,492,0,73.84110488171748,0.04335028158593951,10.638297872340425,0.4805999999999999,94.35237378895079,93.50023543224748,0.36972735275221874,0,1.3453271285215465
slp60,493,0,73.86130488305292,0.03549491356362046,12.538311507383673,0.30042857142857143,94.41668042569412,93.13332803355979,0.49861104048214183,0,1.834536993438462
slp60,494,1,71.54538021259198,0.04965658391926101,8.364312267657994,0.4415,93.71164747537132,92.15490830372593,0.6539707254191607,0,2.2625956252407917
slp60,495,1,70.68607068607069,0.046443178811656376,14.2122360584732,0.18562499999999998,94.57690480995215,92.46066446929902,0.6082945123517947,0,2.6295030239284785
slp60,496,0,73.68995633187774,0.05550931408887416,11.846469752013899,0.40383333333333327,94.12025186154544,92.88872310110132,0.5268497035981157,0,1.7733857603238619
slp60,497,1,70.07419620774938,0.061464030047007,10.477787091366304,0.3485,94.50093051793054,93.62253789847671,0.4107559621298528,0,1.528780827865404
slp60,498,0,71.51614221495709,0.04471975320292601,14.475969889982625,0.3001666666666667,94.44410879212043,93.13332803355979,0.5635642160975862,0,1.9568394596677052
slp60,499,1,70.30603804797353,0.06021047282709449,10.233668770254138,0.4864,94.342181916765,93.74484036470595,0.2867197343543212,0,1.1007221960630744
slp60,500,0,71.03233662562576,0.05273316735011761,10.49501486793773,0.31639999999999996,94.2998326494587,92.94987433421593,0.589527905316196,0,2.079141925896934
slp60,501,0,69.93006993006993,0.054026137465228476,9.705596894208993,0.46420000000000006,93.73310748144569,91.665698438809,1.0399811717455827,57,3.1798641219600228
slp60,502,1,69.73882127717764,0.03791467382623094,14.596172559195589,0.28657142857142853,94.39272544930868,93.50023543224748,0.3599417871126915,0,1.3453271285215465
slp60,503,1,70.18026696023118,0.04070333212004566,19.542155220547183,0.27449999999999997,93.94622360559899,92.52181570241363,0.7297807232526508,0,2.3848980914700064
slp60,504,1,68.77865777407253,0.08673114787098855,14.792899408284024,0.3216000000000001,92.86001463552844,89.95346391159977,1.5307882069501966,2114,4.769796182940027
slp60,505,1,73.70001364815066,0.061827617785158544,17.89976133651551,0.3234444444444444,95.26766913921486,94.47865516208134,0.2444692885915854,0,1.1618734291776889
slp60,506,1,71.13821138211382,0.040376998907996196,15.350503155381205,0.36671428571428566,94.32761976978598,93.31678173290364,0.35834287966987277,0,1.406478361636161
slp60,507,1,74.88867899068953,0.07086105087969707,11.169024571854058,0.3588333333333333,94.41378593399335,93.37793296601825,0.4377564317625596,0,1.5287808278653898
slp60,508,0,70.92677654687922,0.055733007843335576,13.406822583047818,0.3581428571428571,93.97906589453044,92.46066446929902,0.6009964136141062,0,2.3848980914700064
slp60,509,1,66.54651323998337,0.06639924227730312,9.666505558240695,0.352,93.99502228962447,92.15490830372593,0.8122761114329343,0,2.7518054901577074
slp60,510,0,68.7980574666127,0.05623886279594668,11.124295461287453,0.3950000000000001,94.07676110455432,92.0326058374967,0.9066042333106992,3,3.057561655730794
slp60,511,1,66.47864625302175,0.06877503551174563,20.21563342318059,0.3881666666666667,93.057035755126,90.38152254340208,1.3984945569037406,1741,4.219435084908483
slp60,512,1,68.9935064935065,0.07942805933041887,8.85478158205431,0.40180000000000005,93.99679975213365,92.27721076995516,0.8864444503068297,0,2.812956723272336
slp60,513,1,65.58272988113131,0.08231788611838863,11.687704534829361,0.31316666666666665,93.51560477550362,91.17648857389209,1.0758889948678738,873,3.607922753762324
slp60,514,1,67.49386419416416,0.09791538859725063,8.836524300441827,0.27199999999999996,93.81447938897688,90.32037131028746,1.1672475677346679,728,4.708644949825413
slp60,515,0,69.71022416621105,0.05509752285013776,8.243267997801794,0.36875,92.89841760992442,88.9138929486513,2.266811958563865,2586,6.176274544576202
slp60,516,1,66.61115736885928,0.07003882851675919,11.325883418906674,0.3875,93.75320585339604,91.48224473946516,1.0753847618955346,460,3.363317821303866
slp60,517,1,63.36876533115291,0.07214461139387875,11.27141568981064,0.3136666666666667,93.48640710006583,90.93188364143361,1.362248270623789,1609,4.097132618679254
slp60,518,1,64.47587354409318,0.09291021479087751,15.174506828528072,0.39380000000000004,93.72831322476951,91.665698438809,1.0805848367895488,351,3.363317821303866
slp60,519,1,66.47864625302175,0.08465154633862669,11.133102424542306,0.63175,90.38033213273079,85.36712142800359,3.1060591416969814,4155,9.111533734077753
slp60,520,1,68.78877798759106,0.056509790314458644,15.7260178228202,0.32057142857142856,94.10824991285946,92.21605953684055,0.9424748088227877,0,2.935259189501565
slp60,521,1,65.65449322938039,0.10178892068884512,7.087730351236415,0.57175,93.2742938561356,90.93188364143361,1.168599989557248,1232,3.607922753762338
slp60,522,1,68.34184730084219,0.1080701061443771,8.780916142250842,0.546,93.26178639058922,89.280800347339,1.612295217377102,1405,5.564762213430029
slp60,523,0,67.62295081967214,0.04404355470149749,10.700527892709374,0.33433333333333337,94.27282011141753,89.34195158045361,1.9190181057151057,1502,6.298577010805417
slp60,524,1,69.51069919585662,0.0615010619651187,11.453879047037264,0.2863333333333334,94.14013824255433,92.15490830372593,0.5491491610457584,0,2.690654257043093
slp60,525,1,68.48367459878251,0.06318791482830355,13.486782952706347,0.37283333333333335,92.34525170866735,88.54698554996361,2.265565933621008,3536,6.543181943263889
slp60,526,1,65.18196632265074,0.08488668918034206,19.75633849193283,0.38400000000000006,92.97042114854244,90.19806884405823,1.5221083289781883,2087,4.647493716710798
slp60,527,1,68.95110739657333,0.0875032309517611,11.992324912056285,0.4535,93.30655724672688,89.46425404668284,1.6604243832242747,1555,5.4424597472008
slp60,528,1,64.05841024934564,0.06990571917490786,13.321492007104798,0.3031428571428571,93.9547440107463,89.58655651291207,1.6134668145930477,1260,5.748215912773887
slp60,529,1,83.03349017437031,0.07587120665970722,18.287107589149652,0.6934444444444444,93.3660533197985,91.78800090503825,0.7771472344163856,0,2.812956723272322
slp60,530,0,62.30738308991023,0.059015298110152555,8.034279592929835,0.5647500000000001,95.1861667757197,94.47865516208134,0.20701824296660262,0,0.9784197298338455
slp60,531,1,61.703002879473466,0.06320632879704374,11.238059561715676,0.40939999999999993,95.21536445115748,94.47865516208134,0.2155812365785477,0,1.03957096294846
slp60,532,1,62.47480854494155,0.07356264717445408,7.72399588053553,0.4493333333333333,94.63615627809135,92.88872310110132,0.505768702033442,0,2.446049324584635
slp60,533,0,64.18219461697721,0.057878123770888544,12.35788433020267,0.36599999999999994,93.77623133103812,92.52181570241363,0.6572752200915198,0,2.079141925896934
slp60,534,0,70.6880301602262,0.0773255825344091,16.765128532652085,0.38412500000000005,93.11543110600158,92.15490830372593,0.47567987155546154,0,1.7122345272092474
slp60,535,0,68.12551610239473,0.11213176035557798,12.63051532502526,0.2851666666666666,94.58859692572366,92.70526940175748,0.7491388182450428,0,2.690654257043093
slp60,536,1,67.66917293233084,0.056368197925547855,11.540236959532237,0.5178333333333334,93.91192999406833,92.8275718679867,0.40291434981228463,0,1.7733857603238619
slp60,537,1,65.47537852953212,0.05978594630011304,19.505851755526656,0.2592,93.92081730661431,92.8275718679867,0.38757654858498874,0,1.651083294094633
slp60,538,1,65.01677852348995,0.06763235376470661,12.577561630051987,0.4703333333333333,93.40706541347404,92.21605953684055,0.5706887069454746,0,1.8956882265530908
slp60,539,0,67.72737045796603,0.13022248535337502,11.239322643488686,0.4669999999999999,49.93618664987044,-13.881329917017775,51.76089861349672,3100,108.23768261286988
slp60,540,1,151.12842557764642,0.08308991007069122,7.526342197691921,0.6739999999999999,-11.786427279972767,-12.046792923579302,0.07880937053462848,0,0.4280586318023101
slp60,541,1,151.1081262592344,0.08224667504255449,4.407875404055245,0.41500000000000004,-11.813757804426126,-12.046792923579302,0.06996059271376442,0,0.36690739868769384
slp60,542,1,150.6225733029857,0.08771369993082925,9.313877677739832,0.4742,-11.811189452635313,-12.046792923579302,0.06958530702829503,0,0.36690739868769384
slp60,543,1,148.31640833778727,0.08302477474422583,13.178124313639362,0.43679999999999997,-11.80103019444054,-12.046792923579302,0.06931903925436947,0,0.36690739868769384
slp60,544,1,147.4350343341861,0.08381330171282184,13.566475731082301,0.69975,-11.826240809479255,-12.046792923579302,0.0717032796055573,0,0.3057561655730776
slp60,545,1,147.5940153659523,0.07710517804850421,12.295081967213115,0.88825,-11.811246527119552,-12.046792923579302,0.10129328167314307,0,0.36690739868769384
slp60,546,1,69.04487917146145,0.11721348045340178,12.91100017214667,0.3466666666666667,14.732196328072284,-12.046792923579302,46.11013559741404,5633,107.07580918369217
slp60,547,1,147.55423797331898,0.08482754574087117,9.787928221859707,0.5948,-9.207288411637485,-11.985641690464687,0.6596085677907187,45,3.118712888845403
slp60,548,0,65.26315789473684,0.0755545299284955,14.847285067873305,0.414375,90.73715365470343,-9.233836200306978,21.97553733256958,715,106.03623822074371
slp60,549,1,65.77144423129624,0.09066387097405448,7.024664377146426,0.624,95.23625371238943,91.72684967192363,1.2071739728611839,699,4.892098649169256
slp60,550,1,66.30750103605472,0.07092767002376435,11.834319526627219,0.379,94.32761976978598,89.46425404668284,2.655521072358169,2582,7.3992992068685055
slp60,551,1,64.62905614649253,0.09961605982470899,12.34906695938529,0.71575,92.79649073456898,87.7520195194736,3.136680241713408,4050,9.172684967192353
slp60,552,1,69.59606986899563,0.07486606264282994,25.996533795493935,1.0,93.10872893085222,84.57215539751358,3.9098458768730042,3437,12.474851555381605
slp60,553,1,67.2645739910314,0.061622506710887155,29.635901778154107,0.09106666666666666,94.8960408653307,84.75560909685743,4.103737987983613,1536,12.841758954069306
slp60,554,1,65.54835071891739,0.12042546842063281,16.344320348678835,0.7422000000000001,93.3392690796943,88.18007815127591,3.1950394990533075,3847,9.111533734077753
slp60,555,0,63.17076484173345,0.08995963946443006,12.686777558500141,0.57025,95.65794446245006,92.8275718679867,1.652717965885305,2373,4.769796182940027
slp60,556,1,64.50270495214315,0.09090137134947635,12.78772378516624,0.9009999999999999,94.98123676330599,90.68727870897516,2.1497189744955945,2337,6.359728243920031
slp60,557,1,64.17333701352469,0.10049666464404958,29.366522164732206,0.03886666666666667,95.5959615725651,91.48224473946516,1.4601559550347118,1355,5.564762213430029
slp60,558,0,63.446582071223894,0.09914615705036882,17.7430801987225,0.6143333333333333,91.71098296530482,85.0002140293159,4.534044069974916,4851,12.53600278849622
slp60,559,1,71.49866816206365,0.06236725695815416,16.222062004325885,0.777,92.63248312735557,85.97863375914974,4.060651450801865,4111,11.37412935931853
slp60,560,1,65.19081895966319,0.08795089183743393,32.019353920592,0.036500000000000005,95.92537918860465,90.01461514471438,1.5512494113582964,1342,7.338147973753891
slp60,561,1,68.5785536159601,0.10065613941635083,16.906170752324602,0.9638,90.3504984844686,82.61531593784588,5.398748317221936,4910,14.92090087996624
slp60,562,0,71.82925160760705,0.05874485822050248,26.05674580196873,0.89225,93.73884754386073,84.08294553259665,4.091642669141273,3436,13.636724984559308
slp60,563,1,63.95268876358135,0.06256321672843357,23.076923076923077,0.3212499999999999,94.54847356330271,84.02179429948204,4.634243758592367,2023,13.636724984559308
slp60,564,1,67.55834584413812,0.09765485218926152,20.799630228795934,0.637857142857143,91.53049713914147,84.69445786374281,4.321636879829182,4596,12.413700322267005
slp60,566,1,62.46641590542719,0.07434005170997271,17.904034375746,0.3965,93.01817618485609,85.61172636046204,4.713738472454139,3373,11.86333922423546
slp60,567,0,66.12481057996969,0.09376091603114807,27.777777777777775,0.5608571428571428,92.36411890245766,86.2232386916082,3.7088300640742236,4400,10.884919494401615
slp60,568,1,66.74082313681869,0.05923681287847954,28.981507038365994,0.03606666666666668,96.15117400175706,91.91030337126747,1.5315474883682387,1348,5.748215912773873
slp60,569,1,66.47278770253428,0.09560130425365546,14.015416958654518,0.9046,89.86093801914848,82.06495483981433,5.366599501825743,5367,15.593564444227013
slp60,570,0,68.80733944954129,0.07724064763490028,8.571428571428571,0.8043333333333335,95.2308153293911,88.05777568504668,2.9114836978866467,2619,9.784197298338526
slp60,571,1,64.47280053727333,0.11202950225275483,7.792207792207793,0.29033333333333333,93.38465144816311,84.81676032997204,5.058403758109805,2731,12.780607720954691
slp60,572,0,69.2276367585177,0.10390366845467537,18.891687657430733,0.7078333333333332,89.77994117251374,82.12610607292895,4.798890397000575,5296,14.248237315705467
slp60,573,1,62.34413965087282,0.07479465221524868,30.33367037411527,0.027733333333333256,96.56305609402614,92.64411816864286,1.3146427682495843,956,5.136703581627728
slp60,574,1,63.53326957234594,0.08543689518769522,16.823687752355315,0.6258333333333334,92.17750164598733,85.36712142800359,4.357700500137435,4684,12.230246622923147
slp60,575,0,66.69445602334306,0.07377912560474,23.198267862666253,0.49550000000000005,93.64730007113926,87.56856582012975,3.3926092186085017,3572,9.906499764567755
slp60,576,1,63.19652079369394,0.09319309617014189,25.4416961130742,0.05061538461538454,96.25473157666224,89.95346391159977,1.4091723701314742,854,7.582752906212349
slp60,577,1,64.9532057549937,0.09874534459975758,17.15462031107045,0.4828333333333334,93.96233491715026,88.24122938439052,3.424838192626783,3893,9.661894832109297
slp60,578,0,68.52996506315507,0.08707948880328946,17.928286852589643,0.871,93.69580522924578,86.71244855652513,3.6830688379077845,3706,11.068373193745458
slp60,579,1,64.28867689755289,0.11629722586999758,16.61392405063291,0.15312499999999998,96.09023475958391,87.26280965455668,2.9683792979137458,1267,10.640314561943143
slp60,580,1,66.61283811061769,0.09495111109735678,16.544117647058822,0.901,91.40299274134861,85.06136526243051,4.283261976914111,4507,11.741036758006217
slp60,581,0,65.53795740032768,0.08727972273099863,29.089901648427766,0.02619999999999991,96.06978578723039,90.50382500963131,1.8070431324378073,1452,7.032391808180805
slp60,582,1,64.83857895447791,0.1130336647862043,13.917884481558803,0.7824,89.6906440651709,80.96423264375126,6.380403133123172,4614,16.81658910651933
slp60,583,0,68.64988558352402,0.06490717353629402,28.248587570621467,0.5780000000000001,94.42706798182584,83.65488690079435,3.8274954639305694,2907,14.125934849476238
slp60,584,1,66.22073578595318,0.11879443395642166,11.971268954509178,0.7266666666666667,94.45604551282442,83.53258443456511,5.452568105417025,2287,14.676295947507782
slp60,585,0,62.81237336215048,0.07894412465724111,13.91723881981815,0.30233333333333334,96.064804000106,94.23405022962287,0.9835362506823251,516,3.363317821303866
slp60,586,1,70.41281237056468,0.07470402962037917,19.828155981493722,0.7828,93.241100966801,88.73043924930745,2.6107863853661413,3581,7.7662066055562065
slp60,587,1,67.17329352693717,0.06948108858716905,31.128942999446593,0.026187499999999912,96.7398891531981,92.52181570241363,1.2946683749005363,873,5.259006047856957
slp60,588,0,64.98043599776412,0.0920650360543223,17.44693224774644,0.7628,91.645200545469,84.6333066306282,4.90352239096817,4808,13.330968818986236
slp60,589,1,68.81662393739037,0.09649131771544871,18.856065367693276,0.7813333333333333,93.69663688601612,84.32755046505513,4.2245046829066215,3355,13.453271285215465
slp60,590,1,63.394683026584865,0.11770571250140353,18.072289156626503,0.37350000000000005,93.94266052708286,83.65488690079435,5.57474076609542,2465,14.370539781934696
slp60,591,0,68.35128417564209,0.08226544417788749,23.540489642184557,0.7404999999999999,92.7704484627599,86.28438992472282,3.6599803642269797,4295,11.068373193745458
slp60,593,1,67.50306832128733,0.10239676877362913,12.92360712234348,0.9257500000000001,92.1230036670356,84.32755046505513,5.1204849101519825,3836,13.330968818986221
slp60,594,0,69.00284129346502,0.06944495716842633,17.942583732057418,1.1663333333333332,92.06705436548461,83.16567703587742,4.664226056477672,4103,14.125934849476238
slp60,595,1,63.9614855570839,0.08811061064728151,21.808665309683043,0.11072727272727265,94.68193001445206,83.53258443456511,4.658962642218614,2337,14.248237315705481
slp60,596,0,69.36887921653971,0.06602002422459352,20.0133422281521,0.8305999999999999,89.58404523560549,83.10452580276281,4.683747880906038,5450,13.636724984559308
slp60,597,1,64.02313093762908,0.07260813816210498,31.315240083507305,0.026437499999999933,96.95377170613978,90.075766377829,1.564219447224116,545,8.010811538014664
slp60,598,1,68.56905388557973,0.10542625883252865,27.347310847766636,0.7546,90.79911208409517,83.71603813390897,4.812784858116092,5033,13.575573751444693
slp60,599,0,66.90997566909977,0.06347859230040291,29.15451895043732,0.026933333333333247,95.3459182571083,88.73043924930745,2.775599241889519,2478,9.050382500963138
slp60,600,1,68.3921147914711,0.11908956822289503,19.64207769532955,1.1612500000000001,89.547281114257,80.23041784637586,6.764840478294188,4532,17.489252670780104
slp60,601,0,70.92677654687922,0.06073358348776488,18.337408312958434,0.7953333333333333,92.874397405557,84.02179429948204,4.809339354231285,3795,13.759027450788551
slp60,602,1,66.56497018444044,0.07718555159484192,32.7242977911099,0.033294117647058766,95.718794016148,84.81676032997204,3.3319455023070583,1205,12.964061420298549
slp60,603,0,67.06408345752607,0.09488578993354661,20.242914979757085,0.8206,90.56321508723221,83.77718936702358,4.802890038978874,5357,13.697876217673922
slp60,604,1,65.24484355268697,0.07522082648264755,30.11241970021413,0.026562499999999913,95.67259629790433,89.21964911422438,2.479195636373437,2120,8.561172636046209
slp60,605,1,65.52901023890786,0.0847429016201357,13.77410468319559,0.96,90.0843193969673,81.63689620801203,6.366972353455873,4392,16.143925542258557
slp60,606,0,70.81197734016726,0.06692245893722136,20.804438280166437,1.224,93.32061387684548,83.71603813390897,4.476197335630728,3676,14.125934849476238
slp60,607,1,62.14611241541224,0.10450892572194759,13.979496738117428,1.0885,92.46628222924781,80.90308141063663,6.617503634735987,2886,16.87774033963396
slp60,608,0,63.351498637602184,0.08003682815155731,15.08674880563239,0.3136,95.53830818998465,93.9282940640498,0.9312870780343385,503,3.363317821303866
slp60,609,1,69.17130069171301,0.07337980073364428,19.88862370723946,0.8346666666666667,90.96188851314851,84.75560909685743,3.8653174355877917,4514,11.312978126203916
slp60,610,1,65.59169171904892,0.09062801719115342,30.97466960352423,0.027749999999999934,96.80776702195533,92.52181570241363,1.1872515235204926,742,5.259006047856957
slp60,611,0,65.96124776693694,0.11655410492556666,14.82213438735178,1.0499999999999998,79.28510947089913,-9.172684967192362,27.916494521868948,6247,106.52544808566064
slp60,612,1,66.68462885625758,0.06867006330361906,29.515108924806746,0.02806666666666658,96.1226856806234,89.89231267848515,2.167118859509049,1905,8.010811538014664
slp60,613,1,69.06825568797399,0.0907094681522097,17.0261066969353,1.0138,83.93247273164596,76.92825125818662,6.027252469213568,6590,19.629545829791653
slp60,614,0,67.46310611384399,0.08518573457451664,28.0373831775701,0.022399999999999982,95.53713408630884,87.99662445193206,2.7878277745448847,2304,9.906499764567755
slp60,615,1,69.82475355969332,0.06711865236139421,20.3942895989123,0.7088571428571429,90.21634898601063,80.84193017752202,6.509109136947841,4568,17.061194038977803
slp60,616,0,66.17951192609955,0.077114261813234,33.08063404548587,0.02276470588235291,93.41833354736264,83.16567703587742,4.829485417004856,3546,14.798598413737011
slp60,617,1,66.31666206134291,0.14660981379157403,21.45155523775474,0.9374,85.26835810977461,76.19443646081122,7.999587066125401,5607,21.586385289459372
slp60,618,0,64.04076573474727,0.08691833573169915,21.306818181818183,0.5663333333333332,94.74784289025186,86.65129732341052,3.233482073117518,3043,11.251826893089302
slp60,619,1,65.76243321002877,0.06975929597551857,21.07481559536354,0.42700000000000005,92.62371811727583,83.10452580276281,5.869562784877206,3116,14.676295947507782
slp60,620,0,69.39719689753709,0.066290855392358,15.581717451523545,1.1764999999999999,90.70014492842247,82.92107210341895,5.097142471524479,4860,14.37053978193471
slp60,621,1,60.5933974091099,0.07743178502235322,30.41274438812455,0.0274,96.45801458253072,88.24122938439052,2.1286671750354067,668,9.539592365880068
slp60,623,1,70.8502024291498,0.14204569543578832,7.5936550793115085,0.797,87.1516856337408,73.93184083557044,10.299420247734671,4137,23.97128338092938
slp60,624,1,62.92826178156902,0.06541342030161361,9.621552277100704,0.4584,96.78889167466728,95.57937735814441,0.47619127279413953,0,1.8956882265530908
slp60,625,0,61.38316737143637,0.0787738253200615,10.901162790697676,0.44766666666666666,96.04711090999149,93.74484036470595,1.182384868534235,850,3.6690739868769384
slp60,626,1,62.12037548315847,0.06929537422432244,14.431402732345582,0.3203333333333333,95.42212900056462,92.58296693552825,1.547367511857094,2162,4.708644949825413
slp60,627,0,61.29120130754562,0.06570993498365035,17.25129384703853,0.32542857142857134,96.43964475210309,94.78441132765441,0.9319925289608005,0,2.812956723272322
slp60,628,1,66.47864625302175,0.07763671847197316,13.550135501355014,0.5466,95.10671909365718,91.29879104012132,2.0102034753228373,2480,5.870518379003116
slp60,629,1,63.62889983579639,0.06900560233028664,9.816753926701573,0.36,96.93980476449642,94.60095762831057,0.8661480689394199,87,3.1798641219600228
slp60,630,1,59.975182683027704,0.0705786512810131,10.83815028901734,0.2505,96.26609755252379,94.17289899650825,0.9198797994164639,2,3.1187128888454083
slp60,631,1,61.59321105940324,0.07652264733760558,12.668918918918918,0.6143333333333333,95.4520115698133,91.84915213815286,2.0122255423209428,3020,6.053972078346959
slp60,632,1,69.12442396313365,0.061049642288300204,20.332090816672313,0.7272000000000001,93.74925956048568,87.81317075258822,3.463267165497713,3850,9.96765099768237
slp60,633,1,63.20511077885007,0.08702917328759219,26.985884306670357,0.04285714285714282,96.78992716888135,90.075766377829,1.4902165947077868,972,7.94966030490005
slp60,634,0,65.31500884474077,0.09444368361621651,17.75147928994083,0.907,88.22846916041394,80.47502277883433,5.006775696594472,5639,15.348959511768555
slp60,635,1,60.90958310774228,0.07205133972075438,22.45508982035928,0.166,95.25378373254894,81.1476863430951,4.736271908981097,1523,16.81658910651933
slp60,636,1,68.04123711340208,0.08198797197278004,18.478595626732368,0.7104,90.2082117952575,83.34913073522127,4.489416722612363,4760,12.90291018718392
slp60,637,0,67.57679180887372,0.06033028164511786,31.43336127409891,0.024687499999999987,96.697890486295,92.3995132361844,1.2953521400242645,807,5.503610980315415
slp60,638,1,64.38631790744466,0.16474976289816018,17.657445556209534,0.8249999999999998,82.68692810857196,76.25558769392585,4.722028876880511,6088,14.676295947507768
slp60,639,0,63.01666892532863,0.08395687907625418,12.357884330202669,0.24650000000000002,95.44479572430576,77.35630988998892,5.038424803433329,1044,20.546814326510898
slp60,640,1,64.59230448673428,0.06363370725701585,9.350163627863488,0.4384,95.55471302745485,93.37793296601825,0.9646599863135943,2,3.057561655730794
slp60,641,0,63.786008230452666,0.10627825571525537,10.907504363001745,0.37749999999999995,94.18559399250286,90.93188364143361,1.4616251308199384,1355,4.830947416054656
slp60,642,1,63.67246337121732,0.09548666081364597,30.77373974208675,0.0691333333333333,95.9307686506165,91.05418610766286,1.7260944352452734,1312,6.420879477034646
slp60,643,1,61.99200991872159,0.10435571644886328,16.220600162206,0.5126000000000001,93.3202143554558,87.99662445193206,3.536660926471533,4397,9.784197298338526
slp60,644,0,65.96124776693694,0.08968756533098667,18.49568434032059,0.8039999999999999,94.99853848552856,86.28438992472282,3.2363760004253757,2627,11.618734291777002
slp60,645,1,63.698630136986296,0.061657710442603465,16.778523489932887,0.5145,93.50907382380699,84.57215539751358,5.350770278896287,2902,13.453271285215465
slp60,646,0,67.07317073170731,0.07858023921120601,18.45585973546601,0.6862,92.17174527657683,85.55057512734743,4.22576456759959,4457,11.98564169046469
slp60,647,1,60.898782024359505,0.05270193032675814,33.0169211721007,0.031117647058823517,96.84089468330795,87.99662445193206,1.5042250894481473,411,9.784197298338526
slp60,648,0,66.14303431169905,0.09104797842346639,16.5929203539823,0.683,90.8960571723262,84.69445786374281,4.410198764688076,5222,12.658305254725462
slp60,649,1,64.40443213296399,0.07243848443372593,37.974683544303794,0.29799999999999993,96.24160444528697,91.35994227323593,1.799551238189086,1715,6.543181943263889
slp60,650,1,64.13793103448276,0.09452491426747592,19.565217391304348,0.27575,94.0289734542497,86.65129732341052,4.38890656312961,3091,11.37412935931853
slp60,651,0,63.53326957234595,0.07421228374947922,28.88980602558811,0.021933333333333315,93.05811201682882,84.75560909685743,4.06207386206129,3946,13.025212653413163
slp60,652,1,68.17242804021485,0.09094512417195313,18.875838926174495,0.82875,89.06445543807723,79.49660304900047,7.735227082080176,4438,18.589974866843193
slp60,653,0,70.10309278350516,0.05747212352696706,16.330974414806754,0.4653333333333333,93.47428284891363,83.8383406001382,4.326497763801683,3642,14.064783616361623
slp60,654,1,63.85608349354573,0.06428448737742047,30.193236714975843,0.04374999999999998,94.76329376848551,83.77718936702358,4.812429368447372,1779,14.003632383247009
slp60,655,0,64.00550584996559,0.07422058413446495,28.425655976676385,0.023071428571428552,88.29030528733945,77.96782222113508,5.954740188365287,5233,18.34536993438472
slp60,656,1,70.73509015256587,0.1008385602084515,16.05308219178082,0.5996666666666667,79.05491176896247,70.6908254804958,9.337580199422144,6028,26.29503023928477
slp60,657,0,64.82982171799027,0.06617212404026336,28.24040550325851,0.07728571428571428,97.21955942574914,96.25204092240519,0.46756274826126326,0,1.5899320609800185
slp60,658,1,60.81364462463303,0.07252129950768255,20.42483660130719,0.2823333333333333,95.3483643064329,92.64411816864286,1.3861901444531934,1826,4.402888784252326
slp60,659,0,62.120375483158476,0.09386931814436968,12.644889357218126,0.20839999999999997,95.9059494034697,93.37793296601825,1.2931892031739043,1383,3.9136789193354105
slp60,660,1,63.76851343938563,0.09087224454311588,8.408071748878925,0.41325,96.25609321078626,91.35994227323593,1.5855513711182732,1281,6.359728243920031
slp60,661,1,61.00867678958785,0.07926148006580641,9.412256850031374,0.13724999999999998,95.5603389409014,90.50382500963131,2.6992399082254286,2475,7.3992992068685055
slp60,662,1,65.0258705076213,0.07676280750483905,19.35483870967742,0.592,90.48406908458642,83.16567703587742,4.679341916350606,4962,13.514422518330079
slp60,663,1,63.119315868060276,0.06410916807947076,28.87391722810394,0.0562307692307692,96.19875781461798,84.20524799882588,3.6055377470585026,1166,14.003632383247009
slp60,664,0,61.35805835833106,0.06370543322372296,30.258203335126417,0.02243749999999998,89.69883833040825,80.65847647817817,5.323568173701895,5099,16.205076775373172
slp60,665,1,69.28406466512702,0.0744943740473459,15.142337976983647,0.47383333333333333,83.64048782377029,73.32032850442428,8.895880159458056,5497,24.093585847158607
slp60,666,0,64.22651933701657,0.07132905093132663,27.053274139844618,0.11071428571428572,97.53012615499391,96.61894832109289,0.39584618507399494,0,1.4676295947507754
slp60,667,1,60.016556291390735,0.07347103419468214,12.188515709642468,0.35750000000000004,95.29261884232561,92.94987433421593,1.1436795967101623,1183,3.7913764531061815
slp60,668,0,65.59169171904892,0.0898578738898267,13.092813500145473,0.45375000000000004,95.1911648698396,90.93188364143361,2.085256048647258,2627,6.3597282439200455
slp60,669,1,59.80203464393731,0.07187781944012564,24.579174735587664,0.13083333333333333,96.99794735694176,94.05059653027902,0.7771792508004007,23,3.7913764531061815
slp60,670,1,62.99959355100935,0.09006581013951638,11.961722488038278,0.6876666666666665,95.4725746911353,92.33836200306978,1.5072797219663898,1491,4.586342483596184
slp60,671,1,60.00827700372464,0.07540955950464705,31.44214645053102,0.028062500000000018,96.80130129824066,92.94987433421593,1.1431551110699298,686,4.89209864916927
slp60,672,0,68.06930693069307,0.08414600979361604,16.37107776261937,0.7758,88.38222782095733,81.69804744112665,4.399854295034708,5176,13.147515119642378
slp60,673,1,61.08692599354022,0.08817904173165775,30.65812781032838,0.035562500000000025,97.66590635300159,93.98944529716441,0.6284786282907806,33,4.280586318023097
slp60,674,1,65.79849211788897,0.0778041411172953,22.761760242792107,0.944,88.27345200749305,79.61890551522971,5.4904545144563075,5462,16.694286640290088
slp60,675,0,64.08489525909592,0.06772952267228223,10.317787866281469,0.22399999999999998,91.46853870974975,77.2951586568743,8.214370348877507,2873,20.607965559625512
slp60,676,0,61.5090213231274,0.08833713199379349,31.293463143254524,0.05562500000000002,96.17879805212938,94.78441132765441,0.6920078315634316,0,2.812956723272322
slp60,677,1,61.6860863605209,0.09117943237862854,14.653207424291761,0.5964999999999999,93.30855485367528,87.62971705324436,3.2615389739709837,4031,9.600743598994683
slp60,678,0,66.3716814159292,0.08395236744726144,12.612107623318387,0.3424999999999999,94.34947114375227,89.77001021225593,2.474045685738542,3199,7.46045043998312
slp60,680,1,60.53437239075981,0.06499552714876632,14.720314033366046,0.546,94.04738405216607,88.24122938439052,3.53818824513392,3219,9.111533734077753
slp60,681,1,66.86478454680535,0.06569473327290386,20.20882452004042,0.5526,91.21628579640307,85.36712142800359,3.7777444450300313,4816,11.129524426860073
slp60,682,0,62.39935587761674,0.08317367709747282,32.71091726863841,0.02852941176470581,96.95865565129121,92.76642063487209,0.9646484164180107,403,5.014401115398499
slp60,683,1,64.06833956219968,0.07413332583932818,13.204225352112678,0.433,90.54900354065637,84.44985293128435,4.109526132769409,5093,12.107944156693918
slp60,684,1,63.56801093643198,0.07397634405476279,29.1060291060291,0.0568666666666666,96.77741154983723,93.98944529716441,0.8853714327695795,286,3.607922753762324
slp60,685,0,60.745705906996236,0.07092633213253087,9.787928221859707,0.225,94.54403806052748,90.4426737765167,2.2982542698589983,2991,6.543181943263875
slp60,686,1,66.74757281553399,0.08505982338165893,20.332090816672316,0.461,92.07212584108423,86.46784362406667,3.4103703375992596,4243,10.028802230796984
slp60,687,1,62.94842290510357,0.07047264249530133,29.309141660851367,0.0456666666666666,96.56846186303346,89.64770774602668,1.4481400274571663,474,7.94966030490005
slp60,688,0,61.332969878697014,0.09928106007133934,9.9304865938431,0.4463333333333333,93.49784645740714,88.97504418176591,2.6505793067878014,3594,7.888509071785435
slp60,689,1,67.6137139735009,0.07627142099265459,18.115942028985504,0.6926666666666668,93.1362306787583,84.32755046505513,3.7514689557699548,3227,12.474851555381605
slp60,690,0,64.85610052695581,0.07181388706232242,29.235382308845576,0.07899999999999999,94.37160789013976,84.32755046505513,4.490119379350631,1773,12.90291018718392
slp60,691,1,67.28285986135654,0.06797460769355529,16.01993592025632,0.60225,89.96291381549041,82.85992087030434,4.543469290234779,4762,13.147515119642392
slp60,692,1,62.40773050597235,0.06706798389768323,29.346003353828955,0.029733333333333258,96.3868019331943,93.74484036470595,0.7014593580818789,34,3.363317821303866
slp60,693,0,66.44295302013424,0.11185284836689213,16.84762261325346,0.68475,90.24051595333752,83.0433745696482,4.668404934556139,5167,13.514422518330079
slp60,694,1,64.882400648824,0.07393536028180292,15.739769150052467,0.7274999999999999,94.83565606100446,88.24122938439052,2.428164077413284,2130,8.744626335390052
slp60,695,0,64.05841024934563,0.07030328234758997,19.582245430809397,0.4383333333333333,93.30248049785256,85.48942389423281,4.716750058282821,2797,11.802187991120846
slp60,696,1,59.68715697036223,0.09132951147938448,12.224938875305625,0.28774999999999995,95.42172947917494,92.88872310110132,1.2458416567188058,1340,3.9136789193354105
slp60,697,1,62.91066685306864,0.06746996039390832,15.957446808510639,0.3366,94.4058118131952,90.56497624274593,2.140038267730592,2980,6.298577010805417
slp60,698,0,63.248095756256795,0.08321350246634208,20.728968733805495,0.11611111111111105,95.7116841661112,92.3995132361844,1.0797907045718984,534,4.402888784252326
slp60,699,1,62.275117630777736,0.08427088597031733,30.69577080491132,0.04499999999999992,95.20283252511786,91.91030337126747,1.4422400839896257,1327,4.708644949825413
slp60,700,1,66.82444661005151,0.11540790430035545,15.011258443832874,0.5692,90.22123293116206,83.8383406001382,4.2200568809132735,5375,12.597154021610848
slp60,701,0,57.589469354175236,0.06333116716667932,26.308097047646886,0.09699999999999995,96.90662002865955,95.70167982437364,0.3813157787381489,0,1.651083294094633
slp60,702,1,65.38618716796077,0.07994910490430772,15.38236155874597,0.18487499999999996,95.17732023066245,93.37793296601825,0.7913171311750797,0,2.690654257043093
slp60,703,1,65.04406210658833,0.08143029423979253,14.416146083613647,0.4586666666666666,94.66601438684678,91.72684967192363,1.4010853679827575,1493,4.402888784252326
slp60,704,0,63.74228923920493,0.0897272546606002,31.030202730657834,0.046624999999999917,95.71530431911157,92.27721076995516,1.1210324159776397,590,4.525191250481569
slp60,705,1,89.57654723127034,0.08697943140538059,15.030060120240483,0.6007142857142858,92.65864770163088,87.7520195194736,3.0663011786500776,3837,8.377718936702351
slp60,706,1,75.91300779647108,0.1438481465373649,14.96259351620948,0.3608571428571428,95.96898409456425,94.3563526958521,0.7719977933161776,0,2.5072005576992495
slp60,707,1,61.358058358331064,0.06993889396386599,31.20820329915292,0.09159999999999997,96.37922733378585,95.33477242568595,0.31793243762751244,0,1.406478361636161
slp60,708,1,60.27323868202517,0.05711960161703591,29.382957884427036,0.08486666666666662,95.41186374689912,94.90671379388364,0.19918837719843333,0,0.7949660304900021
slp60,709,1,60.909583107742286,0.06021236491692459,32.43243243243243,0.0814117647058823,95.09978862057086,94.29520146273748,0.41917960589406145,0,1.406478361636161
slp66,0,0,74.52387524151254,0.04049264527031611,19.653515795603436,0.25888754534461905,90.94817662337661,90.49350649350649,0.24936594960273595,0,0.9350649350649434
slp66,1,0,71.78996307944756,0.026549238045871035,18.861993083935868,0.32614537148999057,91.97399134199135,85.97402597402598,2.2137205862314495,2809,8.259740259740255
slp66,2,0,69.92048258842885,0.02825489515722933,16.916384726921216,0.22914147521160821,92.59445887445888,90.59740259740259,0.6330109520289361,0,2.857142857142861
slp66,3,1,74.19620774938168,0.048630123266231694,16.65873393622085,0.31741233373639655,87.96743896103895,86.44155844155844,1.3428348580230323,4998,4.15584415584415
slp66,4,1,68.76910252848013,0.03932469438677696,16.352593054041428,0.23307134220072553,90.15172294372296,87.8961038961039,0.9559833884414689,113,3.6363636363636402
slp66,5,1,71.38001359619307,0.08947410981133376,17.538731365097924,0.3440145102781137,89.72152380952382,84.62337662337663,3.3670463129569246,3625,8.36363636363636
slp66,6,0,82.13552361396304,0.03202108680229327,15.125324114088158,0.41528113663845223,90.26485194805194,84.67532467532467,8.098654501575016,6487,25.766233766233768
slp66,7,0,91.67458916202635,0.009514018247295761,20.97250271865776,1.0402660217654172,95.08121212121212,86.07792207792208,8.492266018297023,5775,24.15584415584415
slp66,8,0,95.68403908794788,0.021088874000508566,24.860629802621663,0.6491334139459896,88.9171670995671,85.40259740259741,2.5179518708604363,3109,6.285714285714278
slp66,9,0,94.48171984116117,0.04063140599485936,22.631261315630656,0.6437287017698142,95.17716363636364,81.87012987012987,8.285513765735509,7118,47.168831168831176
slp66,10,0,84.75716399838558,0.030028406807879434,21.22641509433962,0.5896614268440146,91.63130043290043,89.40259740259741,1.8925035617863046,6937,8.259740259740255
slp66,11,0,82.04567209079721,0.062037972242812704,21.90100744634253,0.544410245135759,87.48394112554112,85.35064935064935,2.3036962454974184,5154,5.818181818181827
slp66,12,0,76.52033830044302,0.027811195657111116,20.221689634511684,0.26553808948004837,93.7026632034632,91.63636363636364,0.6402497335513456,0,2.5454545454545467
slp66,13,0,82.15801725318363,0.048817107657049906,12.104583602324082,0.5716444981862153,92.62627878787877,88.15584415584415,3.04201911280573,3206,7.63636363636364
slp66,14,0,71.92766132346897,0.02263434269838103,23.43084351036637,0.24405481660620712,87.36436363636363,86.3896103896104,0.43269880533937927,0,1.6623376623376487
slp66,15,0,74.84828051247472,0.027247961839326068,22.946305644791188,0.28113663845223696,91.62067532467532,86.07792207792208,3.534892519818041,2656,8.883116883116884
slp66,16,0,79.1503179542687,0.057872516269659356,21.79282289699259,0.2736616466967132,95.08155151515152,88.46753246753246,0.8595047903156946,186,7.2727272727272805
slp66,17,0,75.83003142505807,0.024337053726282636,21.641898715914007,0.27855336924260743,85.77569523809524,84.67532467532467,0.5728119283247876,0,1.7142857142857224
slp66,18,1,72.70461154964687,0.045974118717347204,20.21563342318059,0.2714026602176542,87.66947186147186,83.68831168831169,3.813619186145847,4658,9.298701298701303
slp66,19,0,70.21891780256092,0.06308921567865698,20.27635926704716,0.20259975816203143,94.81128311688313,92.98701298701299,0.6951542223111261,0,2.9090909090909065
slp66,20,1,70.85976515049265,0.06653391953717736,12.220954863940035,0.46674727932285376,93.2801523809524,86.96103896103897,3.9044834920781044,2498,9.818181818181813
slp66,21,1,70.84317266286985,0.0551985406757603,17.584994138335286,0.36094316807738813,87.36198787878789,84.93506493506493,1.6617903533506138,6616,7.064935064935071
slp66,22,1,67.65992345544012,0.057262689516403044,11.492491572172847,0.18027005239822655,89.11954978354979,84.31168831168831,4.187856928327776,4012,10.181818181818173
slp66,23,1,63.20511077885007,0.06855099046289798,19.943493435266745,0.23592637377401587,96.07211774891775,94.49350649350649,1.243478146722594,3867,4.103896103896105
slp66,24,1,66.43598615916956,0.07426125756408922,14.611338398597312,0.2987706569931479,88.1624658008658,85.55844155844156,3.497864959382162,6319,11.06493506493507
slp66,25,1,64.18219461697721,0.10704810398170071,19.809825673534075,0.4046755340588472,88.76220952380952,85.71428571428571,2.7620822855588587,5523,8.103896103896105
slp66,26,1,61.83866978150336,0.13026612077674773,18.888289260658393,0.2620918984280532,92.25218354978355,89.87012987012987,1.5162579860973657,2526,4.415584415584419
slp66,27,1,63.10475389145981,0.11265593637265638,17.410048084894708,0.23647218863361547,92.40594285714286,89.87012987012987,1.5920544428515013,2843,4.571428571428569
slp66,28,1,63.742289239204936,0.11689040732969662,17.980221756068325,0.2920193470374849,91.51360692640692,89.03896103896103,1.460296653460015,2390,4.571428571428569
slp66,29,0,63.11074918566774,0.03999209078933475,17.38986419344154,0.24266928657799275,94.22699913419913,92.1038961038961,1.0559074614703556,700,3.5324675324675354
slp66,30,1,64.52955870108242,0.06432850136144126,16.38321110937744,0.27123639661426846,92.69665800865802,91.11688311688312,0.8749358051343045,0,2.857142857142861
slp66,31,1,64.24426637192595,0.06574139731964983,17.636684303350968,0.2724707779121322,92.76764675324675,90.7012987012987,1.039521009476844,627,3.6363636363636402
slp66,32,0,62.965470548408945,0.06898122925545887,16.877637130801688,0.20448743786107754,93.14285714285715,90.3896103896104,1.2263951144180056,1038,4.3116883116883
slp66,33,1,64.62821403752605,0.08682116488631354,16.674606955693186,0.3013905683192261,92.02165887445888,89.97402597402598,1.0576574472312568,887,3.480519480519476
slp66,34,1,65.79849211788897,0.10406480853295219,19.809244314013206,0.24141475211608224,92.28087965367966,90.33766233766234,1.0417210162490642,703,3.324675324675326
slp66,35,1,65.50218340611355,0.09318798205777395,16.532829475673122,0.29572249093107617,92.51127965367964,90.49350649350649,1.155037350342033,1578,3.6883116883116998
slp66,36,1,64.81739615277391,0.055404895030495914,15.794223826714799,0.28536880290205563,92.47547012987013,90.59740259740259,1.0704198138206125,575,3.324675324675326
slp66,37,1,66.92693809258226,0.1164720996633958,19.745502413339185,0.271825876662636,92.36310303030302,90.28571428571429,0.9921626805939665,243,3.220779220779221
slp66,38,1,64.36904921550222,0.10372311398622777,19.14486279514997,0.2920193470374849,92.47805367965367,89.87012987012987,1.6128012498719777,2511,4.7272727272727195
slp66,39,1,67.2834314550042,0.06198336470376548,19.11741277680421,0.21725110842402257,92.50958961038963,90.9090909090909,0.5286573367076304,0,2.701298701298697
slp66,40,1,65.87976942080704,0.07297559523566766,15.777610818933134,0.2600513905683192,91.62863376623376,89.66233766233766,1.1122361298124201,1223,3.6883116883116855
slp66,41,1,64.18828563787109,0.12697809850521466,19.630296090299357,0.3147252451968292,90.74111861471862,86.49350649350649,2.3863170379070433,3152,6.805194805194816
slp66,42,1,65.96680380195774,0.08645373131732874,16.82557487380819,0.24889157597742845,91.38747012987012,89.14285714285714,1.3539982484100888,2225,4.103896103896105
slp66,43,1,65.21739130434783,0.08153526844255805,16.114180478821364,0.276828899637243,91.14843982683982,89.6103896103896,0.8418731455543195,0,2.805194805194816
slp66,44,1,73.43941248470013,0.07928780206031415,17.403915881073242,0.3095525997581621,90.82120865800864,89.2987012987013,0.9421150836983524,2,3.0129870129870113
slp66,45,1,66.56497018444044,0.08637481910256022,18.38235294117647,0.2525191455058444,90.78199826839827,89.35064935064935,0.8866373547250733,0,2.9090909090909065
slp66,46,1,70.16095749071398,0.09371686727090628,19.48051948051948,0.3399838774687626,91.11575411255411,89.50649350649351,1.0037603030796205,177,3.2727272727272663
slp66,47,1,67.00961147962637,0.10680198028862616,16.106764841233318,0.24879081015719468,91.87145281385281,90.44155844155844,0.8668729921274806,0,2.7532467532467564
slp66,48,1,66.43598615916956,0.10044766983360043,19.72062448644207,0.30579067580276775,91.7216,90.07792207792208,0.9880143137119126,69,3.0649350649350566
slp66,49,1,66.58595641646488,0.05034930328810714,17.94565031618527,0.26239419588875457,92.44358787878788,90.9090909090909,0.9799184632646868,0,2.961038961038966
slp66,50,1,65.75342465753425,0.07610354788050294,18.03194229778465,0.27614873035066506,91.44134372294371,89.50649350649351,1.0166155674618464,117,3.116883116883116
slp66,51,1,72.28418009087154,0.07478653158238086,18.879798615481434,0.33588606744592236,90.67063549783549,89.14285714285714,0.9025882740385701,5,3.0129870129870113
slp66,52,1,68.74241811564902,0.08524444801249531,19.69149983590417,0.1921268305790676,92.60370562770562,91.53246753246754,0.40988059250294856,0,1.818181818181813
slp66,53,1,69.56155143338954,0.06946247773202577,17.162471395881006,0.23080411124546554,92.8144207792208,90.96103896103897,1.0013476160426358,245,3.376623376623371
slp66,54,1,63.882401428767686,0.08639844296589079,17.881090746535538,0.24123337363966138,92.6648658008658,90.9090909090909,1.0399126354950887,542,3.2727272727272805
slp66,55,1,72.95325587679005,0.0865603336293518,20.321761219305674,0.3170092704554615,92.28177316017316,88.41558441558442,1.3379405864505247,2726,5.974025974025977
slp66,56,0,70.39337474120083,0.06965033776065276,17.352503718393656,0.34424123337363965,93.20851255411256,91.63636363636364,0.954739962228903,0,2.8051948051948017
slp66,57,1,65.57377049180329,0.053693575034635205,17.106200997861723,0.2180572349858928,93.7482251082251,91.74025974025975,0.8459028830557784,0,2.701298701298697
slp66,58,1,64.18219461697723,0.11804075205928741,19.759591635106208,0.2376058041112455,92.19382164502166,90.07792207792208,1.202093421305139,1348,3.740259740259731
slp66,59,1,68.14427312775331,0.055728846353447284,17.263703064307293,0.20724170361413408,93.1658251082251,92.0,0.41204810841315387,0,1.6103896103896034
slp66,60,1,68.65464632454923,0.10429385623380477,18.179063778215422,0.2613193604729276,91.76281212121211,89.6103896103896,1.456971441560484,2737,4.20779220779221
slp66,61,1,62.66001886538202,0.12683615000862902,19.386106623586432,0.23807604460566972,91.54907012987013,89.0909090909091,1.3695241820031356,1746,4.051948051948045
slp66,62,1,68.62609177873284,0.11529789738903488,20.788420080073912,0.285006045949214,91.18543376623379,89.1948051948052,1.0903130787939634,963,3.5844155844155807
slp66,63,1,69.93006993006993,0.1212454971874638,18.28432119457565,0.24425634824667475,90.95056623376624,88.51948051948052,1.432672797284244,2477,4.51948051948051
slp66,64,1,65.9761634506243,0.12057303346761983,18.368284096127354,0.2326346903130458,91.09622857142858,89.03896103896103,1.1208392003012366,1132,3.5324675324675354
slp66,65,1,64.1644818545605,0.15048724194958912,16.722408026755854,0.255214631197098,91.10607792207792,88.93506493506493,1.315770701887264,2291,4.103896103896105
slp66,66,1,69.53913280610854,0.10553406770501544,21.536252692031585,0.2720005374177079,90.13383896103896,86.8051948051948,1.8586610545250115,2952,5.818181818181827
slp66,67,1,63.777259635166644,0.14416270147065569,18.575851393188856,0.23948676608894262,90.65182337662337,88.77922077922078,1.0203799942884713,532,3.2727272727272663
slp66,68,1,64.82643245503972,0.09480262644710595,16.766801732569512,0.235254601639124,91.82201212121213,89.87012987012987,1.1215221046776218,1148,3.4285714285714306
slp66,69,1,65.59169171904892,0.09726992083886983,19.696527575138607,0.2720072551390569,91.49471861471861,89.24675324675324,1.3536201316764125,1897,3.9480519480519547
slp66,70,1,67.94783802333563,0.04275404276364337,18.709073900841908,0.18587934972457343,92.27353766233766,90.3896103896104,1.0143943913797635,5,3.0649350649350566
slp66,71,1,65.54690700532568,0.07769240229906654,16.650808753568032,0.218409915356711,90.90558614718616,89.0909090909091,0.8677018497301437,0,2.7532467532467564
slp66,72,1,70.8136628714246,0.09062642434150946,21.364139895553095,0.26668681983071346,90.62372294372295,88.46753246753246,1.3868570259987218,2985,4.467532467532465
slp66,73,1,62.94842290510356,0.10376744991976627,17.03577512776831,0.16666666666666666,90.69540432900435,88.31168831168831,1.3545646135775844,2124,4.15584415584415
slp66,74,1,63.85608349354572,0.12537368078471162,19.16408103668553,0.3583736396614269,90.54922251082252,86.54545454545455,2.015156159427739,2500,6.181818181818187
slp66,75,1,61.536285188852744,0.12789933616031673,21.0637177461822,0.277509068923821,90.64014545454546,87.37662337662337,1.8068190146776606,3293,6.129870129870142
slp66,76,1,68.11614146140086,0.11414295162994176,17.936453706867102,0.3236850060459492,91.13728138528138,87.79220779220779,1.9285248237065176,3249,5.8701298701298725
slp66,77,0,67.2645739910314,0.10087616170334794,16.64816870144284,0.25597037484885127,90.10997748917748,88.31168831168831,1.25201806352952,2685,3.7922077922077904
slp66,78,1,67.10471130993989,0.086579353052561,17.023346303501942,0.29118802902055624,89.62327965367966,87.32467532467533,1.5893436353567598,3216,4.519480519480524
slp66,79,1,72.78608976951072,0.0619058424814115,14.619883040935672,0.2761271376749007,93.08594978354978,88.72727272727273,1.4009091196744086,1202,5.870129870129858
slp66,80,0,80.7787903893952,0.06819070601326672,23.305084745762713,0.2309048770656993,94.2429852813853,93.40259740259741,0.3084710095710897,0,1.2467532467532436
slp66,81,0,75.44861337683524,0.05640653853483099,17.673792290860128,0.2453143893591294,95.00998787878787,92.67532467532467,0.32878698756921915,0,2.7532467532467564
slp66,82,1,69.70069700697006,0.06743557735665652,18.844221105527637,0.23626225984146176,93.93583376623377,92.46753246753246,0.6029257523697554,0,2.181818181818187
slp66,83,1,70.24793388429752,0.09801913519844942,18.472906403940886,0.22504366518876795,92.90704761904762,91.32467532467533,1.035367186302554,93,3.116883116883116
slp66,84,1,71.31214343928282,0.09017541182583633,18.404907975460123,0.18742442563482464,92.91479826839827,91.27272727272727,0.9493095793920616,0,2.9090909090909207
slp66,85,1,74.65781833264207,0.0775993986230993,17.92420621372482,0.248412938331318,92.59058701298702,91.06493506493507,0.8533650762634828,0,2.6493506493506374
slp66,86,1,69.40664126292869,0.06274328428751073,18.776404318572993,0.18399838774687627,93.67519307359308,92.77922077922078,0.5087411827704187,0,1.7662337662337677
slp66,87,1,69.23703502579419,0.05836100513540892,17.17721156598912,0.20885395673787452,93.31641212121212,91.68831168831169,0.6517461568944941,0,2.5974025974026063
slp66,88,1,65.94312405550212,0.08818721208315866,17.469791818314167,0.2376058041112455,92.39540086580087,90.49350649350649,1.0913067613862681,508,3.324675324675326
slp66,89,1,65.69043383057343,0.10541636198901953,17.427385892116185,0.20027206771463119,92.07177142857142,90.75324675324676,0.5683961603927897,0,2.1298701298701275
slp66,90,1,68.68686868686869,0.09267788469434704,21.240441801189462,0.34275035726063535,92.19920346320346,89.50649350649351,1.7347078966619285,4003,5.194805194805184
slp66,91,0,64.61025427261359,0.1000082410756159,16.93548387096774,0.2309552599758162,91.88284675324674,89.66233766233766,1.5540488218204611,4315,5.0909090909090935
slp66,92,1,66.39922534237101,0.09671793719367676,18.96633475580844,0.2788526131936047,91.18807272727273,88.62337662337663,1.2366358649403844,1316,4.103896103896105
slp66,93,1,68.28528072837634,0.1019455192192815,17.587939698492463,0.2063935912938331,91.64607445887445,89.87012987012987,0.8234441737140574,0,2.8051948051948017
slp66,94,1,66.2251655629139,0.08330666239863412,16.866566716641678,0.20124373812402835,91.82122251082251,89.92207792207792,0.8473679661446742,2,3.0129870129870113
slp66,95,1,63.94389438943896,0.0815132631585782,21.014289717007564,0.13240628778718258,91.66134025974026,89.40259740259741,1.1257861181571684,1348,3.6883116883116855
slp66,96,1,81.65487207403375,0.038012629480213576,18.521376755672172,0.303708182184603,91.54294718614719,90.12987012987013,0.8282993275405928,0,2.5974025974026063
slp66,97,0,71.40914036996736,0.04022727270630902,17.040613462084636,0.1907161090957947,92.79355844155845,91.58441558441558,0.6407710765138876,0,2.0259740259740227
slp66,98,1,69.90131578947368,0.05785269445804027,17.485064840448786,0.23915088002149668,92.75485367965369,91.32467532467533,0.7434548071861136,0,2.4935064935064872
slp66,99,1,71.58440141805289,0.053830148596852145,20.19446522064323,0.23022974607013297,92.57664415584415,91.06493506493507,0.9857518301948808,0,2.961038961038952
slp66,100,1,65.21739130434781,0.11296359676262256,18.584481957565433,0.20448743786107754,91.89754458874458,90.28571428571429,1.2275004411247783,1933,3.4285714285714164
slp66,101,0,67.00054141851652,0.09769591698056788,19.37984496124031,0.3056563213757893,92.09627012987012,90.64935064935065,0.9338083665054604,0,2.961038961038952
slp66,102,1,66.28003314001657,0.08960712862267155,19.82815598149372,0.22504366518876795,90.65436536796537,88.41558441558442,1.5978597153843521,3391,4.7272727272727195
slp66,103,1,66.0883932259397,0.0772818502301802,18.165304268846505,0.1989117291414752,90.9836051948052,89.0909090909091,1.162469223702039,1387,3.376623376623371
slp66,104,1,66.09749380335995,0.08987734697909147,15.636634400595682,0.20971886336154777,91.39681385281384,89.03896103896103,1.141344616851773,914,3.9480519480519547
slp66,105,1,64.51165371809101,0.1410774062256126,18.031555221637866,0.2776434233507994,91.24597056277057,89.14285714285714,1.3283480599105835,2675,4.0519480519480595
slp66,106,0,65.54690700532569,0.08971125556472834,19.926199261992622,0.26614268440145106,90.66981818181819,88.67532467532467,1.251671213666325,2537,4.36363636363636
slp66,107,0,67.25514922236233,0.09923449186144907,17.531044558071585,0.2546688163374983,91.86831515151515,90.49350649350649,0.8267644882084245,0,2.5454545454545467
slp66,108,0,71.49666348903718,0.06758393722940807,18.32340815391663,0.2726051323391106,90.93687965367965,89.24675324675324,0.971971207096061,672,3.324675324675326
slp66,109,1,65.54690700532568,0.08356500089750495,16.525023607176585,0.25922007255139057,91.6893852813853,90.28571428571429,0.8215665677651395,0,2.701298701298697
slp66,110,1,63.56801093643198,0.08842994016970904,16.958733747880157,0.1669353755206234,92.56553419913419,90.7012987012987,0.8011120487859329,0,2.805194805194816
slp66,111,1,63.55932203389831,0.09522265927136082,12.042389210019268,0.19054816606207173,91.22159653679654,89.14285714285714,1.229585720215048,1879,3.84415584415585
slp66,112,1,68.2006062276109,0.09379766434484013,19.71666423251059,0.2515719467956469,90.26643116883118,88.41558441558442,1.2961555071073068,2656,3.636363636363626
slp66,113,1,65.41924592009003,0.10587975430897362,18.28989483310471,0.26004299341663306,90.24932294372294,88.57142857142857,1.3765465825665877,3103,3.896103896103895
slp66,114,1,65.7354149548069,0.1191697843415016,18.717828731867105,0.2772403600698643,89.63562251082251,87.16883116883118,1.3761991633850732,2330,4.571428571428569
slp66,115,0,64.58333333333331,0.11095813911938425,14.77832512315271,0.320953532561755,90.5839445887446,88.41558441558442,1.342594112378115,2042,4.0
slp66,116,1,67.78964667214463,0.0927650546914129,13.192612137203167,0.25824840214199346,90.41105454545455,88.31168831168831,1.3282327543450205,2079,3.8441558441558357
slp66,117,1,66.0883932259397,0.1230182278160436,9.394572025052192,0.41308948004836754,89.34490735930736,86.75324675324676,1.5389814592019604,3048,4.7272727272727195
slp66,118,1,71.95723684210526,0.043127376598222356,17.17089125102208,0.2021614268440145,92.26554458874459,87.58441558441558,1.7169073871627876,1446,6.285714285714292
slp66,119,1,71.55513152514652,0.06921658406916714,18.311824206487618,0.2584643288996372,91.82328658008657,90.49350649350649,0.9855655054800266,0,2.857142857142861
slp66,120,1,66.58343736995423,0.08566349499641024,18.706574024585784,0.25831318016928656,91.8919341991342,90.49350649350649,0.8980678255784571,0,2.701298701298711
slp66,121,1,72.24439245906153,0.07976013018637156,18.443702792903565,0.24493651753325274,91.89593073593073,90.9090909090909,0.5401148379328298,0,1.8181818181818272
slp66,122,0,75.49993198204326,0.10860512776328371,21.47629653197582,0.23724304715840386,92.35211082251082,90.96103896103897,0.4986619082086579,0,2.2857142857142776
slp66,123,1,67.37443854634544,0.09204909457823134,17.023691303731024,0.26320032245062475,91.89873593073592,90.9090909090909,0.579502735455724,0,1.8701298701298725
slp66,124,1,69.10512355158453,0.08429638559526784,16.80806787257884,0.217956469165659,91.45392207792207,89.14285714285714,1.166343776760673,1350,3.84415584415585
slp66,125,1,65.97938144329898,0.09264777048046002,14.977533699450824,0.21791328381413025,91.33424761904762,89.14285714285714,0.8427242939276134,27,3.2727272727272805
slp66,126,1,62.42448650825615,0.07133885371904969,16.51722510618216,0.21243954050785974,91.18163116883117,88.62337662337663,1.132537851234365,975,3.9480519480519405
slp66,127,1,66.4543818358023,0.11545230346337836,17.145656433703465,0.2332980652962515,90.24633766233765,87.63636363636364,1.669674692539221,3089,4.779220779220779
slp66,128,1,64.35178978415337,0.08481367445760149,19.53125,0.2564826011017063,90.75657142857142,89.14285714285714,1.096293663226605,1267,3.3766233766233853
slp66,129,0,66.60191480505064,0.07106851887439333,21.171489061397317,0.20907991645597448,89.7664,87.63636363636364,1.3688042480016187,2754,4.3116883116883145
slp66,130,1,66.28918657643972,0.0770729159627427,19.25854597977853,0.25312374042724706,90.56887965367964,88.88311688311688,1.31221957519968,2799,3.6363636363636402
slp66,131,1,69.25013989927253,0.09295128417879275,18.26404592102974,0.2671553808948005,89.41029956709957,86.54545454545455,1.6572481750752424,2993,5.402597402597408
slp66,132,1,70.2529104777198,0.10880492185746087,16.120365394948955,0.258507514251166,90.03574025974025,86.8051948051948,0.9585500791459033,549,4.103896103896105
slp66,133,1,64.7542125052221,0.10240740087719481,17.577266735022704,0.2638049173720274,90.1513696969697,88.46753246753246,1.1224660797069013,341,3.324675324675326
slp66,134,1,78.77726905467279,0.04283988506980633,20.629899601155277,0.2515114873035067,91.4474528138528,88.83116883116882,1.34568667904938,1578,4.0
slp66,135,1,80.10406682185403,0.03942892806276668,24.147519391189814,0.30179363160016126,91.40180779220779,89.66233766233766,1.3257901791572975,3493,4.103896103896105
slp66,136,1,77.93273174733388,0.027678406435802713,22.789425706472198,0.25090689238210395,94.2275393939394,93.45454545454545,0.3849446411421578,0,1.3506493506493484
slp66,137,0,78.66075030254135,0.027789004963189715,18.444512757454657,0.2745532715302969,94.6215341991342,93.97402597402598,0.24504622827436437,0,0.9870129870129887
slp66,138,0,75.79896203223163,0.04624525719468096,29.23026956804157,0.199795367872756,94.49187878787879,93.2987012987013,0.6381813809939308,0,1.9740259740259631
slp66,139,0,73.83100902378999,0.025586454749860633,19.29880990672242,0.26024452505710066,94.82532987012988,93.35064935064935,0.4570910032771247,0,1.9220779220779178
slp66,140,0,72.40380637153497,0.027770252767584047,21.058542748841777,0.1674727932285369,94.70963809523809,94.02597402597402,0.25960912212795784,0,1.0389610389610482
slp66,141,0,73.96247089439802,0.028609546882806532,22.127157397846293,0.2721226778058701,93.26422857142857,90.9090909090909,1.2635557891299354,1306,3.6883116883116855
slp66,142,0,75.61307901907357,0.050539586636466995,22.482014388489212,0.3252171045399582,90.69536277056278,90.28571428571429,0.20813398166912647,0,0.8311688311688243
slp66,143,0,72.23445239405613,0.045846380579549526,20.65799540933435,0.26547762998790814,91.43224935064936,90.59740259740259,0.36771853651082714,0,1.3506493506493626
slp66,144,0,72.48377744028717,0.031027255957382,22.556390977443613,0.2795976695613939,91.08411428571429,90.44155844155844,0.1669925164486113,0,0.8831168831168839
slp66,145,0,72.2443924590615,0.01966777121307332,18.89168765743073,0.2871154104527744,91.54972121212123,90.85714285714286,0.2977764901981491,0,1.0909090909090935
slp66,146,0,77.1625829159334,0.041766664861212104,17.500364590928978,0.32352546016391237,91.73328484848486,91.22077922077922,0.16465024290851707,0,0.779220779220779
slp66,147,0,80.98006644518273,0.037984736891103925,24.477080551846907,0.25392986698911724,92.4758787878788,91.48051948051948,0.5800236383763312,0,2.1298701298701275
slp66,148,0,77.36156351791531,0.030707989341835495,22.71163110805231,0.23906690850463522,93.84312380952382,93.40259740259741,0.21503903465485627,0,0.779220779220779
slp66,149,0,74.45195091686197,0.030644718393747685,20.830118808825798,0.16753325272067712,94.0779774891775,93.55844155844156,0.21680870037658953,0,0.8311688311688386
slp66,150,0,76.46900992755569,0.026762523927698026,24.379432624113477,0.28264812575574366,94.12208484848486,93.14285714285714,0.41125080328792335,0,1.5064935064935128
slp66,151,0,74.76117956527759,0.02561514791035052,21.037868162692845,0.40677146311970985,93.58026666666666,92.72727272727273,0.4374446144348739,0,1.558441558441558
slp66,152,0,77.09995942107399,0.023924396153339772,21.579283887468033,0.3101571946795647,92.48482770562771,91.32467532467533,0.46436857910881946,0,1.7142857142857082
slp66,153,0,75.58218711698215,0.043387327526821104,22.714757709251096,0.2274788391777509,93.23062857142858,92.67532467532467,0.1893052291916203,0,0.8831168831168839
slp66,154,0,75.36664856056491,0.03166700370176774,21.22641509433962,0.23754534461910523,94.1559341991342,93.03896103896103,0.40336716355405833,0,1.6103896103896176
slp66,155,0,77.22276332266594,0.03654725669927242,27.924960618645283,0.20495767835550177,93.8351168831169,92.98701298701299,0.4070844736752841,0,1.4545454545454533
slp66,156,0,74.4666577217228,0.0436055096002159,23.484201537147737,0.20656993147924227,94.24473766233767,93.03896103896103,0.30602147770724464,0,1.558441558441558
slp66,157,0,76.30963838856044,0.04973912954641508,23.5781651900543,0.2841092301491334,94.26183203463204,93.81818181818181,0.12727002660503092,0,0.6233766233766289
slp66,158,0,80.73196986006458,0.044606725950242086,23.01319423135931,0.22952621743431906,93.03999307359308,92.20779220779221,0.4145910378074672,0,1.7662337662337677
slp66,159,0,76.37264345672217,0.027594899010947607,21.263191053709246,0.27835550181378477,93.09753766233766,92.05194805194805,0.5045169154887474,0,1.662337662337663
slp66,160,0,74.66814159292036,0.028154775048376608,21.249803242562567,0.26372430471584035,92.4555012987013,91.63636363636364,0.3860606945862587,0,1.5064935064934986
slp66,161,0,79.70027247956402,0.02544664785225165,22.990107287167334,0.24188835147118096,91.9234354978355,89.87012987012987,1.3289972619567585,2283,4.15584415584415
slp66,162,0,72.11538461538461,0.03960952266455991,18.990346573824972,0.26575305656321374,93.57746147186145,92.62337662337663,0.3627450289870232,0,1.4025974025973937
slp66,163,0,72.1947194719472,0.018885173971090834,19.86462625073572,0.2673518742442563,93.26894545454545,92.41558441558442,0.31534321815152333,0,1.2467532467532436
slp66,164,0,72.5319006044325,0.033357583771336435,23.00260696212237,0.28465428163130696,91.11242943722944,90.49350649350649,0.5329441004358612,0,1.8701298701298725
slp66,165,0,79.34355079343551,0.05817708575577541,20.34971359662345,0.22025392986698913,90.86131255411256,90.07792207792208,0.39666169996791356,0,1.7662337662337677
slp66,166,0,75.0625521267723,0.019333333333333317,21.300094667087414,0.17091898428053204,91.9058354978355,90.96103896103897,0.3131140819698221,0,1.4025974025973937
slp66,167,0,75.61307901907355,0.02537249161786178,20.026702269692922,0.16505441354292621,91.37830649350649,90.28571428571429,0.2911755902378643,0,1.6103896103896034
slp66,168,0,73.30980179201737,0.01614593936643794,20.253848231163925,0.145927228756733,90.87759653679655,90.23376623376623,0.21342858288548022,0,0.9870129870129887
slp66,169,0,75.98576122672507,0.060922348161232674,20.926339285714285,0.1503242827305705,90.32029090909091,89.87012987012987,0.17265032278715464,0,0.7272727272727195
slp66,170,0,76.53061224489795,0.047264637372415604,19.172391755871544,0.21987101975010076,91.03504761904762,90.64935064935065,0.12434651687247228,0,0.6233766233766147
slp66,171,0,74.15545179895634,0.04017308232149826,19.03553299492386,0.16639795781270994,91.06757402597404,90.54545454545455,0.2250844970777854,0,0.8311688311688243
slp66,172,0,72.97297297297297,0.02183665510495686,17.355371900826448,0.16739721886336156,91.27179913419913,90.8051948051948,0.15329470919374155,0,0.7272727272727337
slp66,173,0,76.28865979381443,0.01332670884863566,16.61819692563357,0.15491065430605938,91.03889177489178,90.7012987012987,0.10327953267301043,0,0.5194805194805241
slp66,174,0,74.62686567164178,0.014966629547095748,16.794625719769673,0.18047158403869407,91.3039445887446,90.96103896103897,0.11552354985463356,0,0.5194805194805099
slp66,175,0,75.59248161263962,0.020930578495186647,17.20676799541153,0.1794303372296117,91.36080346320345,91.06493506493507,0.09125218299324446,0,0.4675324675324646
slp66,176,0,75.41785568691398,0.03564126104219472,17.378351539225424,0.25083131801692865,91.37717056277057,91.01298701298701,0.13127163138650288,0,0.5714285714285694
slp66,177,0,71.88826509653568,0.021528832115209996,18.597236981934113,0.23103083434099153,91.34559307359308,91.01298701298701,0.10349349988420035,0,0.4675324675324646
slp66,178,0,76.44628099173555,0.05510587458856748,14.411529223378704,0.24460183105890482,91.14450562770563,90.75324675324676,0.14537220609053725,0,0.6753246753246742
slp66,179,0,71.69192953707498,0.03359028042120978,17.561832284501683,0.16310627435173985,91.21597229437229,89.14285714285714,0.5246365017111208,0,2.701298701298711
slp66,180,0,75.48966267682263,0.03916827027888623,18.841262364578427,0.3296385865914282,91.17539047619049,90.7012987012987,0.18748322358734554,0,0.779220779220779
slp66,181,0,73.70489962094621,0.032048127074442136,18.982002249718786,0.26523579201934705,90.68333852813852,90.33766233766234,0.12687881576201054,0,0.5714285714285694
slp66,182,0,78.4708249496982,0.051532720690597625,24.560881214647214,0.21936719064893184,90.7841316017316,90.02597402597402,0.33389411244265643,0,1.1948051948051983
slp66,183,0,80.6007164508129,0.06176743725509791,18.207040055488125,0.23987303506650542,90.54741471861472,89.87012987012987,0.3295828978695531,0,1.1948051948051983
slp66,184,0,75.98576122672507,0.10230409131639381,18.773466833541928,0.13270858524788393,91.33669956709957,90.7012987012987,0.29731486189066725,0,1.142857142857153
slp66,185,0,70.48092868988392,0.020128308148658094,17.038193951441148,0.38196963589950284,90.60360865800865,89.76623376623377,0.3854778620346123,0,1.662337662337663
slp66,186,0,72.1947194719472,0.038140620587183816,18.97833306974537,0.4286577992744861,91.2160277056277,89.03896103896103,0.3309071901467925,0,2.5454545454545467
slp66,187,0,71.07080005414919,0.024451801820007012,19.25854597977853,0.43557705226387206,90.55376623376624,89.87012987012987,0.2947208529732229,0,1.1948051948051983
slp66,188,0,75.07298762685946,0.035059561313658394,16.124078624078624,0.4929715840386941,90.71098181818182,89.87012987012987,0.5170086341715663,0,1.6103896103896034
slp66,189,0,76.16303005351998,0.05044190403801464,18.773466833541928,0.431546419454521,90.65356190476192,90.12987012987013,0.2813959125584098,0,1.0909090909090935
slp66,190,0,73.26007326007327,0.015416441439796204,20.959478341872376,0.38839177750906895,90.5746354978355,90.07792207792208,0.17200837797303353,0,0.779220779220779
slp66,191,0,72.37386269644334,0.02510490642345857,17.112125162972625,0.3827085852478839,90.4451116883117,90.07792207792208,0.09188769178337043,0,0.5194805194805099
slp66,192,0,72.35391400220506,0.02061392436075721,15.938069216757741,0.36955864570737607,90.19735411255412,89.55844155844156,0.17756428115162512,0,0.8831168831168839
slp66,193,0,75.6852584208373,0.01701732885541279,19.20068269094012,0.32835550181378476,90.16446060606062,89.6103896103896,0.192695449576661,0,0.7792207792207932
slp66,194,0,73.13109425785483,0.031180874163182888,17.915031564579422,0.3658555018137848,90.2604536796537,89.45454545454545,0.41953000840494087,0,1.402597402597408
slp66,195,0,73.35959788072273,0.07559239298066446,19.42061822301343,0.33501276367056293,90.78814891774891,89.66233766233766,0.5399371210778761,0,2.0259740259740227
slp66,196,0,77.26718178121187,0.03749156876594865,19.75128017556693,0.3107013301088271,90.99382164502164,90.3896103896104,0.2637216326595481,0,0.9870129870129745
slp66,197,0,88.76933422999328,0.0637751084892054,20.917584716218098,0.39436077827855337,90.65881904761906,90.28571428571429,0.2412134325021936,0,0.8831168831168839
slp66,198,0,99.43377986465957,0.04140844988914972,21.3371266002845,0.5110640870616687,91.62095930735931,91.11688311688312,0.33679462795172344,0,1.1428571428571388
slp66,199,0,82.58359070766753,0.03914955537297007,20.14324082363473,0.3564087061668682,92.26487965367964,91.8961038961039,0.11140096565847767,0,0.5194805194805241
slp66,200,0,77.83695206882426,0.028401747829638828,20.00889284126278,0.3903264812575574,91.95855930735931,91.32467532467533,0.17558560563818612,0,0.8311688311688243
slp66,201,0,74.98986623429265,0.049424681318626325,20.96924510717614,0.28137847642079805,91.48072727272728,90.9090909090909,0.22434493035606212,0,0.9350649350649434
slp66,202,0,82.25939128050452,0.0478292797353253,19.36594462774351,0.2781136638452237,91.66931948051949,90.9090909090909,0.5106439866369085,0,1.662337662337663
slp66,203,0,74.1860145624399,0.02395958531350367,19.719544259421557,0.3080411124546553,90.92612987012987,90.44155844155844,0.2116976026431621,0,0.8831168831168839
slp66,204,0,75.7162346521146,0.019436021921610563,20.279405137449302,0.3201934703748488,90.45584069264069,90.02597402597402,0.11885564051159794,0,0.6233766233766289
slp66,205,0,73.93209200438115,0.028437499152082456,17.73049645390071,0.32171167539970447,90.22219913419913,89.87012987012987,0.11492328520031009,0,0.5194805194805241
slp66,206,0,74.79224376731302,0.03093282247343166,17.23006235641615,0.317941354292624,90.23262337662337,89.81818181818181,0.21012317692238713,0,0.779220779220779
slp66,207,0,77.45617611088463,0.04341502350486497,16.88374336710082,0.3558041112454655,90.41533506493506,89.40259740259741,0.628963943761824,0,1.7142857142857082
slp66,208,0,79.95079950799509,0.044676527511140006,17.275419545903258,0.40326481257557434,91.28422510822512,90.33766233766234,0.3446765769416726,0,1.3506493506493484
slp66,209,0,74.42116868798236,0.028557068701803145,17.26121979286536,0.3990326481257558,90.99308744588744,90.49350649350649,0.1716671035926108,0,0.779220779220779
slp66,210,0,76.0795065113091,0.051060227403510204,16.5693545841881,0.4127116082224909,91.39350995670996,90.7012987012987,0.4250377155480594,0,1.2987012987013031
slp66,211,0,75.3257328990228,0.05021176485085488,17.950635751682874,0.36920596533655786,91.06547532467532,90.12987012987013,0.40605312080530176,0,1.558441558441558
slp66,212,0,74.68879668049793,0.03301851332543943,19.536903039073806,0.3365175332527207,91.42676363636365,90.59740259740259,0.535547184752374,0,1.662337662337663
slp66,213,0,73.20048800325335,0.0164755711416765,18.066847335140018,0.29967754937525193,90.41745454545455,89.71428571428571,0.2596801869925778,0,1.0389610389610482
slp66,214,0,75.2193898871709,0.03697897300418771,18.54140914709518,0.2961843342738144,90.9684987012987,89.97402597402598,0.554244684289826,0,1.662337662337663
slp66,215,0,75.5513204465015,0.04226653747256391,19.00839537462379,0.35321778852613195,90.9348155844156,89.92207792207792,0.3854413958854346,0,1.4545454545454533
slp66,216,0,75.08116883116884,0.04387830970786793,14.5985401459854,0.2736223872862325,90.95952207792209,90.44155844155844,0.20628422966409038,0,0.8831168831168839
slp66,217,0,75.20891364902508,0.05480019825142115,14.797068771138669,0.12855199516324062,90.8648103896104,90.3896103896104,0.1521023901706743,0,0.7272727272727195
slp66,218,0,72.9828355183133,0.045200650055415105,10.200612036722202,0.254776299879081,92.06324502164503,90.8051948051948,0.6574443636961674,0,2.2337662337662323
slp66,219,0,69.28406466512702,0.04601022904170972,14.75755446240337,0.17790205562273276,91.18372987012987,90.18181818181819,0.38247225807060115,0,1.4025974025973937
slp66,220,0,71.38001359619307,0.04287009328143786,18.896976483762597,0.13288996372430473,90.57336103896104,90.07792207792208,0.1938162452549317,0,0.779220779220779
slp66,221,0,72.72475412106941,0.03045322944571673,16.5693545841881,0.18712212817412335,90.9033974025974,89.81818181818181,0.7613034798900622,0,2.285714285714292
slp66,222,0,73.99287476020828,0.10554666629236616,14.730639730639728,0.17268742442563484,91.66175584415583,90.23376623376623,0.644155302108416,0,2.1298701298701275
slp66,223,0,69.02151847340642,0.01980423218548874,16.239624684229522,0.2158403869407497,91.33709437229437,90.54545454545455,0.2784727988332719,0,1.0909090909090935
slp66,224,0,67.90123456790124,0.03607888510490901,16.18871415356152,0.20405078597339782,90.40040173160173,89.1948051948052,0.5587705790729145,0,1.7662337662337677
slp66,225,0,70.69586914333242,0.023812415708376,18.06140878988561,0.2128174123337364,91.21227359307359,89.55844155844156,0.470057992818447,0,2.181818181818187
slp66,226,0,70.18992568125516,0.02618539173822744,15.693112467306014,0.19303852133356367,90.42778874458874,89.66233766233766,0.2831653622049384,0,1.1428571428571388
slp66,227,0,70.73565076798707,0.030221171116842395,17.123287671232877,0.1946795646916566,89.88848484848485,89.24675324675324,0.2530232187692155,0,1.0389610389610482
slp66,228,0,69.51069919585662,0.06693125120258289,15.303891560996938,0.1986850060459492,89.8095445887446,88.0,0.8932933734489295,0,2.8051948051948017
slp66,229,0,74.65781833264205,0.046584451387894556,18.593120545398204,0.23155985489721884,91.55769350649351,89.87012987012987,0.4302233182886052,0,2.077922077922082
slp66,230,0,74.17582417582418,0.016736151452233516,17.301038062283737,0.16875755743651752,90.9243012987013,90.49350649350649,0.12221675620270452,0,0.6233766233766289
slp66,231,1,74.8482805124747,0.05179969286737254,16.20120351797562,0.15084643288996372,90.91024761904762,90.28571428571429,0.2937384251411079,0,1.0909090909090793
slp66,232,1,80.67852709971038,0.05001238505387561,24.139040875442547,0.1578542376607673,91.26477575757575,90.3896103896104,0.36038735529006055,0,1.3506493506493484
slp66,233,0,79.92895204262877,0.047513201044596796,14.684287812041118,0.3228536880290206,91.93435844155844,90.59740259740259,0.630458435568142,0,2.2337662337662323
slp66,234,0,73.27995657484055,0.03279321670297676,16.785564414603442,0.22128174123337363,91.46485887445887,90.18181818181819,0.49891315264412545,0,1.818181818181813
slp66,235,0,79.24370916168498,0.035230464027143735,19.53125,0.21167539970442026,91.04080346320347,90.07792207792208,0.631034511812977,0,1.8701298701298725
slp66,236,0,75.36664856056491,0.017185449193672892,16.87017994858612,0.24115779927448613,90.64468917748917,90.07792207792208,0.19474040778185503,0,0.8311688311688243
slp66,237,0,71.81942544459645,0.04146067721470599,16.68752607425949,0.20871960231089615,90.47089870129871,89.71428571428571,0.31725562220141357,0,1.1948051948051983
slp66,238,0,71.59416337106232,0.025929511986089022,16.987542468856173,0.2160671100362757,90.69157402597402,89.55844155844156,0.5740881582583993,0,1.9740259740259773
slp66,239,0,71.83908045977012,0.03359999999999999,16.5380374862183,0.21221281741233372,90.37494718614718,89.87012987012987,0.15532315969280658,0,0.779220779220779
slp66,240,0,71.75071750717507,0.031335133831609824,18.064127653168747,0.24983205696627708,90.05313939393939,88.57142857142857,0.9456784959950842,24,3.064935064935071
slp66,241,1,78.96924355777223,0.041740525489553267,18.844221105527637,0.20126293161359668,90.96556883116882,90.12987012987013,0.4608245959590809,0,1.558441558441558
slp66,242,1,70.08382575237047,0.03350132982951605,15.690376569037655,0.20590775608913453,90.3447064935065,89.66233766233766,0.2931239708138847,0,1.038961038961034
slp66,243,1,70.73509015256587,0.03513926814960673,15.416238437821171,0.21065814475729833,90.3885367965368,89.66233766233766,0.2823565287852403,0,1.0909090909090935
slp66,244,1,71.70172084130019,0.037678944480211446,15.055921995985088,0.20246372430471582,90.12978701298702,89.50649350649351,0.27295886653287654,0,1.0909090909090793
slp66,245,0,68.53917484209111,0.03829461461681681,16.47058823529412,0.20253929866989118,90.31862857142858,89.45454545454545,0.43726360823480853,0,1.4545454545454533
slp66,246,1,74.94795281054823,0.07241333687950509,17.84651992861392,0.2392852344484751,89.8890805194805,89.1948051948052,0.30612871809686226,0,1.1948051948051983
slp66,247,1,76.63628831814415,0.04331804341516074,16.334785314250155,0.23753022974607013,90.88901125541126,89.92207792207792,0.27882021153155606,0,1.402597402597408
slp66,248,1,84.38529088913282,0.09457800698426672,18.78391540281063,0.2285973397823458,91.19371774891775,88.83116883116882,0.2407549554389898,0,2.857142857142861
slp66,249,1,72.03622392974754,0.055706050673447076,16.08455882352941,0.19679564691656587,91.30349437229438,90.28571428571429,0.4652222485679125,0,1.6103896103896034
slp66,250,1,70.65669160432253,0.032242163287000546,16.126142268410682,0.21083088616341336,91.0220606060606,90.33766233766234,0.2833318611373264,0,1.0909090909090935
slp66,251,0,67.55834584413812,0.05727115598293501,16.91638472692122,0.21311970979443773,90.12116363636363,88.36363636363636,0.8291634523916445,0,2.5454545454545467
slp66,252,0,69.1437351585417,0.04412587387959813,16.67725540025413,0.26715538089480045,90.08610216450217,88.0,1.158861420136324,1070,3.5844155844155807
slp66,253,1,67.3836101279608,0.07111877828271573,15.550947867298577,0.25967351874244254,90.898070995671,88.41558441558442,0.9132109968162119,275,3.4285714285714306
slp66,254,1,70.77379347533028,0.06179000645702494,16.600790513833996,0.15976420798065297,90.64636536796537,88.20779220779221,1.1618595327020502,1125,3.480519480519476
slp66,255,1,67.37443854634544,0.10908242391243224,16.231570404436628,0.19313448878140535,90.08698181818183,88.25974025974025,0.9705990642811869,4,3.064935064935071
slp66,256,1,70.85976515049265,0.07609781031471194,14.672318226279753,0.22542753498013474,90.75896796536796,87.79220779220779,1.3823239031435988,1438,4.259740259740255
slp66,257,1,63.917525773195884,0.11945850772397033,14.8326034750671,0.19120314389359128,90.39930043290043,88.62337662337663,1.0295071243319516,12,3.0129870129870113
slp66,258,1,67.1915297950319,0.10326091837449702,16.362786348761105,0.2892986698911729,89.97731601731601,85.92207792207792,2.30314978696008,3181,6.493506493506501
slp66,259,1,68.11807132362762,0.09014904997321194,21.20307837286006,0.2707376058041112,89.67815064935066,85.66233766233766,2.1146906282168016,2813,6.493506493506487
slp66,260,1,65.75342465753424,0.09426425621623503,15.002500416736124,0.2972015892209363,90.43247792207792,87.79220779220779,1.4908517523342206,2165,4.467532467532465
slp66,261,1,66.88031210812318,0.08589664938168426,17.61855821465277,0.32614537148999057,89.44416277056277,85.97402597402598,1.830428553186366,2332,5.402597402597394
slp66,262,0,68.31882116543872,0.07440551008356737,16.213712168004943,0.3258766626360339,90.46325887445889,85.97402597402598,2.049662049892954,2057,6.337662337662337
slp66,263,1,62.634698275862064,0.11058026875382922,17.61855821465277,0.24277844954991268,90.93739220779221,86.33766233766234,1.5964769158596952,1334,6.077922077922082
slp66,264,1,67.00961147962637,0.08611829052686225,16.540317022742933,0.2640736262259842,90.28588744588744,87.22077922077922,1.5612362724137112,2003,4.727272727272734
slp66,265,1,67.53990994678674,0.11294992673929996,18.168054504163514,0.26561870213623545,90.24234805194804,86.49350649350649,2.233526238366909,3083,5.974025974025977
slp66,266,1,64.6102542726136,0.0788896936672305,15.627713144643165,0.2891691138365866,91.00630303030303,89.92207792207792,0.5694892985875588,0,1.8701298701298725
slp66,267,1,67.32861806311207,0.10827913456688136,17.326732673267326,0.3173367593712213,89.74490043290044,85.97402597402598,2.241413519800284,3148,6.337662337662337
slp66,268,0,68.60706860706861,0.08894161888704262,17.790579464588273,0.218863361547763,89.41579220779221,84.31168831168831,2.034500705423522,2883,7.63636363636364
slp66,269,0,72.61410788381744,0.12819729692460566,21.459227467811157,0.38536880290205555,89.53406753246753,85.24675324675324,2.448035464081285,3486,7.064935064935071
slp66,270,1,81.00249238438109,0.0628934584336158,16.586804275709547,0.33408187942649853,91.40760519480519,90.28571428571429,0.41180677129479326,0,1.662337662337663
slp66,271,1,68.91891891891893,0.08186578601842913,16.241299303944317,0.22029927448609432,91.04257662337663,89.14285714285714,0.6990642405452181,0,2.5974025974026063
slp66,272,1,67.42950551695954,0.06382621032120692,15.687641624542444,0.23639661426844016,90.79280346320347,89.2987012987013,0.7859180619707964,0,2.597402597402592
slp66,273,1,67.21890277023357,0.09662484133632022,16.830294530154276,0.22645438667204085,90.35035151515152,88.05194805194805,1.1261868815765672,887,3.5324675324675354
slp66,274,0,74.63718037318591,0.10155889855912781,19.18859649122807,0.27456166868198306,90.25259913419913,87.32467532467533,1.6192490581207801,2291,4.779220779220779
slp66,275,1,91.93680196131842,0.06987458253149435,18.326206475259617,0.3717395059595785,90.82792034632034,89.97402597402598,0.5605448110390561,0,1.7142857142857082
slp66,276,1,79.03269386652255,0.03504932187417582,18.521376755672176,0.3945317748219804,91.65279307359306,90.3896103896104,0.4828586808846516,0,1.7142857142857082
slp66,277,1,79.68941561095218,0.04996377385891555,18.714909544603866,0.3115007389493484,92.00195324675325,91.53246753246754,0.12255542138358083,0,0.6233766233766147
slp66,278,1,78.68580894533407,0.0363540606883448,17.57469244288225,0.22914147521160821,91.53291082251081,91.11688311688312,0.1566793824806296,0,0.6753246753246742
slp66,279,0,78.13570938999314,0.05835994907905331,18.870561923399496,0.19250302297460703,91.76148917748917,91.32467532467533,0.19342582278872902,0,0.8311688311688243
slp66,280,0,71.56488549618321,0.03361904222312111,18.58160421183029,0.10372161762730084,91.43950822510823,91.06493506493507,0.11239773544461924,0,0.5714285714285694
slp66,281,0,70.18992568125516,0.03487833525121568,15.025041736227044,0.14881672136811194,90.79761731601731,90.12987012987013,0.3156746080963916,0,1.1948051948051983
slp66,282,0,69.19945725915876,0.04539042473297036,14.464802314368372,0.1823285541544308,90.37540432900433,89.71428571428571,0.2949027783596559,0,1.142857142857153
slp66,283,0,81.26128628976247,0.06498421393297392,20.709650697224905,0.18830383642959214,90.50225454545456,88.25974025974025,0.9124401504302432,1,3.584415584415595
slp66,284,0,72.33757535164098,0.04382949567766009,14.605647517039923,0.29711521851787875,90.68567965367966,90.12987012987013,0.3178354841562684,0,1.2987012987013031
slp66,285,1,67.8082191780822,0.06869701648151753,14.290250873293108,0.23181896700639143,90.7983445887446,90.18181818181819,0.14103436423644877,0,0.779220779220779
slp66,286,1,69.56758968762789,0.04781350737907933,15.341905318527177,0.221357315598549,90.35339913419914,89.87012987012987,0.22959529477064788,0,1.038961038961034
slp66,287,1,68.63560732113145,0.07794382380549139,16.95736434108527,0.2346584038694075,90.2174683982684,89.24675324675324,0.6981866587820927,0,2.077922077922082
slp66,288,0,67.28285986135653,0.07773109447749017,17.014036580178647,0.1868870079269112,90.33257142857143,88.0,0.8402360343779232,146,3.376623376623371
slp66,289,1,63.27391481834263,0.06253100791681365,14.204545454545457,0.177405424080152,90.48152380952382,87.79220779220779,1.1883929491924685,1051,3.6883116883116855
slp66,290,1,67.78036423387648,0.07713339785849856,16.05136436597111,0.2592848505786837,90.2084225108225,88.41558441558442,1.1009738793814108,668,3.324675324675326
slp66,291,1,66.26173384870238,0.08057139690982154,16.775842786387603,0.2597490931076179,89.75713246753247,87.42857142857143,1.3495606384292858,2134,4.20779220779221
slp66,292,1,70.62733693394267,0.10051170119008318,17.62928139691068,0.3013149939540508,90.24642077922077,88.36363636363636,1.065819409864662,842,3.2727272727272805
slp66,293,0,70.11273027220236,0.08858065743700665,17.30436454527975,0.27526343064432546,90.2371948051948,87.22077922077922,1.7277282039827844,2713,5.0909090909090935
slp66,294,1,67.9945054945055,0.11438982533240268,12.531328320802004,0.302801289802499,90.4216103896104,88.1038961038961,1.2065092220282252,1339,3.740259740259745
slp66,295,1,67.02038536721587,0.09320642413482023,16.877637130801688,0.21624345022168484,90.8821541125541,87.16883116883118,1.4116016156914684,1141,4.88311688311687
slp66,296,1,64.6551724137931,0.12267844146385298,15.17706576728499,0.18958369321126275,90.31436883116884,87.11688311688312,1.6634064779126574,2147,5.038961038961034
slp66,297,1,67.66917293233084,0.09834838097500154,15.55478741790529,0.25557091034721025,89.93545974025974,87.06493506493507,1.579739527103441,2295,4.831168831168824
slp66,298,1,69.76744186046511,0.08331937137940268,16.68752607425949,0.24425634824667475,89.68792380952382,86.28571428571429,1.452479990764209,1874,5.194805194805184
slp66,299,0,63.821026626406805,0.09379447054872207,14.30615164520744,0.2267230955259976,90.89194112554112,86.9090909090909,1.5673461725403073,1435,5.610389610389618
slp66,300,1,67.55834584413812,0.06451673852610587,14.970059880239521,0.21788089480048367,89.713129004329,87.94805194805195,1.0142131828938585,32,3.0649350649350566
slp66,301,1,70.9812108559499,0.08544262932854066,18.28432119457565,0.3057906758027677,90.37358268398269,88.1038961038961,1.3993412971583445,2227,3.7922077922077904
slp66,302,1,68.2194046306505,0.06803747684386946,14.469453376205788,0.25323890136465715,89.95813679653679,88.98701298701299,0.6562485482483107,0,2.337662337662337
slp66,303,1,71.55513152514652,0.10330796440838472,18.436011676140726,0.22914147521160821,89.90638961038961,87.58441558441558,1.36653975405801,2065,4.155844155844164
slp66,304,1,65.76243321002877,0.1075934913226632,17.012313674659758,0.23685006045949214,89.35806060606062,85.81818181818181,2.005028218786576,2933,5.922077922077932
slp66,305,1,66.90997566909977,0.12469776132890589,20.395830185828675,0.27696493349455864,89.3715948051948,85.6103896103896,2.087387335922942,3004,6.337662337662351
slp66,306,1,70.62733693394266,0.09786432243435976,18.56052794390596,0.26973570564864396,89.7281800865801,86.75324675324676,1.627041013272702,2355,5.0909090909090935
slp66,307,1,77.55102040816325,0.08151528925466356,18.590651558073656,0.3658555018137848,90.47373852813853,88.0,1.1935701439614106,1206,3.84415584415585
slp66,308,1,69.44444444444444,0.08647718213669449,15.166835187057636,0.2972879599239938,90.39051082251083,88.41558441558442,1.1065108624806594,680,3.376623376623371
slp66,309,1,70.09345794392523,0.10533085129863007,16.679904686258936,0.2766777509068924,89.8288554112554,86.96103896103897,1.690803928169727,2675,4.987012987012989
slp66,310,1,70.0164744645799,0.11111015762758904,18.590240123934933,0.20085986833266156,90.3347116883117,87.58441558441558,1.4509037656753123,2103,4.467532467532465
slp66,311,1,64.07606448945846,0.09111979970359294,15.158077089649197,0.21311970979443773,90.69614545454546,87.16883116883118,1.3368830506334533,1304,4.9870129870129745
slp66,312,1,65.63653767263776,0.12680293519867747,14.9402390438247,0.22029927448609432,89.82831515151517,86.07792207792208,2.1523842359411174,2542,5.974025974025963
slp66,313,1,68.52159468438538,0.11128500625457094,16.953941791466516,0.28966814456536344,88.68350476190476,85.1948051948052,2.1053809121604647,3474,6.441558441558442
slp66,314,0,69.21824104234527,0.06069037649667332,14.40230436869899,0.21739505959578512,89.00574891774892,86.28571428571429,1.6113301425128201,3026,5.246753246753244
slp66,315,1,66.38086018531324,0.044659650412872696,15.21041068108839,0.2674036966660909,88.23950822510822,86.9090909090909,0.7593905864322668,0,2.5454545454545467
slp66,316,1,74.91675915649279,0.07220410029053359,15.940488841657809,0.2465883572292278,88.48570735930736,87.74025974025975,0.24225246841967701,0,1.038961038961034
slp66,317,1,68.35128417564209,0.07641095215226303,15.223274695534508,0.23570564864397997,89.60349783549783,86.96103896103897,1.2424000475493828,1139,4.051948051948045
slp66,318,1,67.8082191780822,0.0587940015555706,16.6060414360272,0.1596130592503023,88.23654372294372,87.27272727272727,0.5589699092833775,0,1.8181818181818272
slp66,319,0,73.49938750510412,0.0734627645666686,17.26121979286536,0.2769800483675937,88.63285887445886,86.75324675324676,1.1858888250542619,1688,3.740259740259731
slp66,320,0,66.07929515418503,0.053805204209258425,16.460905349794242,0.12011285771866184,88.62940259740259,86.49350649350649,0.9096614817991644,203,3.7922077922078046
slp66,321,1,69.10512355158453,0.10872679976924936,16.375545851528383,0.26088270858524787,88.32168311688314,84.57142857142857,1.9713160133544765,4376,6.545454545454547
slp66,322,1,64.22651933701658,0.08010212004557712,14.439274827530884,0.1154776299879081,88.13992727272728,86.12987012987013,1.1961021220549848,2222,4.259740259740269
slp66,323,1,67.45707277187245,0.07222737284734751,19.593613933236572,0.18337363966142683,87.72570043290044,85.2987012987013,1.19206022034611,1300,3.9480519480519405
slp66,324,0,66.006600660066,0.07063993204979745,18.064127653168747,0.15605266693537553,87.43219393939394,85.14285714285714,1.017192651318503,330,3.6883116883116855
slp66,325,1,67.65992345544014,0.11806309498963156,16.934801016088063,0.26635765148461643,88.51387012987013,84.98701298701299,1.7291712660816785,2015,5.298701298701303
slp66,326,1,64.84733855714673,0.07158517653816328,17.95063575168287,0.16626360338573154,86.93437229437231,85.40259740259741,0.7101402360192255,0,2.4935064935064872
slp66,327,1,67.78964667214463,0.08924883961094858,15.77287066246057,0.16739721886336156,87.17241904761904,85.1948051948052,1.131101797462748,559,3.5844155844155807
slp66,328,1,67.7618069815195,0.08747955290414178,13.462574044157245,0.16374445787988715,87.18294718614719,85.2987012987013,0.7051456986954884,0,2.8051948051948017
slp66,329,1,67.06408345752608,0.0649151738654361,16.632016632016633,0.1368399838774688,87.65135238095239,85.03896103896103,1.5001798270938418,2325,4.571428571428569
slp66,330,1,64.440133037694,0.09634191625820951,16.411378555798688,0.1913111072724132,87.11190995670995,84.72727272727273,1.3946138365874001,2632,4.623376623376615
slp66,331,1,67.22689075630251,0.057260370239808976,19.026478515934674,0.10654306059384656,87.53461471861472,85.6103896103896,1.3238610432246876,2262,3.8961038961039094
slp66,332,1,64.1025641025641,0.04908452223033901,14.069094888228857,0.15037139402314734,86.49843116883117,85.0909090909091,0.7663809317211397,0,2.4935064935064872
slp66,333,1,64.74237928243863,0.054584223911309765,16.030534351145036,0.158857315598549,84.8796051948052,83.84415584415585,0.8198933740762323,0,2.701298701298697
slp66,334,1,63.9878904637402,0.06888437581955685,17.996400719856027,0.09787720005374176,85.79050389610389,84.0,1.0552156923588425,369,3.1688311688311757
slp66,335,1,68.43633347158854,0.11482774259001854,18.711991267737407,0.25070536074163646,84.46494199134199,83.06493506493507,1.2477945651136644,3399,3.7922077922077904
slp66,336,1,66.33499170812604,0.06951079052924086,21.710811984368213,0.07997141914917005,87.61298701298702,85.92207792207792,1.1606219846447818,830,3.3766233766233853
slp66,337,0,65.97031335898846,0.0747780047875042,19.404915912031047,0.1605199516324063,84.8484225108225,83.63636363636364,0.6446538099996771,0,2.6493506493506516
slp66,338,1,69.48228882833787,0.0681366426831009,16.106764841233318,0.1802448609431681,86.63400865800867,84.72727272727273,0.7079498198026174,0,2.9090909090909065
slp66,339,0,65.22653948660401,0.07945935943794971,16.954626190860647,0.1816807738814994,86.5262683982684,84.88311688311688,0.8715879899685495,0,2.9090909090909065
slp66,340,1,66.22516556291392,0.15337535656030277,15.454813070356193,0.2216596130592503,87.76581818181818,84.05194805194805,2.4351425341517285,3465,6.493506493506501
slp66,341,0,67.5491266375546,0.09207079960322706,19.03553299492386,0.21523579201934703,87.50702683982685,84.93506493506493,1.429013794960326,2072,4.519480519480524
slp66,342,1,65.52901023890786,0.06436116356157649,17.08914839077186,0.1444981862152358,86.52941298701299,84.25974025974025,1.6078537575529621,3969,4.779220779220779
slp66,343,1,67.67235302410828,0.054887242370153744,17.201834862385322,0.17110036275695284,85.89834112554112,84.31168831168831,0.7217454999783546,0,2.6493506493506516
slp66,344,1,65.91595715462785,0.08249204507102487,18.990346573824976,0.1919924761520892,85.13384588744589,82.96103896103897,1.358118716389403,2128,3.9480519480519405
slp66,345,1,70.68803016022619,0.09966710304093035,22.488755622188904,0.13839727382653622,86.77401212121211,82.54545454545455,2.915734504149736,3334,7.428571428571431
slp66,346,1,67.41573033707866,0.13299248099046804,16.821531560397307,0.2695737605804111,87.59204848484849,84.20779220779221,1.9270597965912504,2668,5.558441558441558
slp66,347,1,71.21540965816604,0.11055428438517598,15.789473684210526,0.34424123337363965,87.88407272727274,84.83116883116882,1.7979342817253565,2923,5.4545454545454675
slp66,348,1,68.76910252848013,0.061320875486506124,21.6,0.1973397823458283,87.95557402597403,85.50649350649351,1.7860741263900015,3475,4.831168831168824
slp66,349,1,65.19967400162999,0.06705175240066437,16.823216038132625,0.12790541448340723,86.9365818181818,84.83116883116882,1.1825367653476042,1059,3.584415584415595
slp66,350,1,72.33397630201158,0.09272058530216205,13.607499244027819,0.2464156158231128,87.83532467532469,84.20779220779221,2.1382223943242695,2511,5.8701298701298725
slp66,351,1,62.89733531719194,0.055331222874303705,17.495261699956263,0.18943974203950018,85.00313766233766,83.84415584415585,0.6138912953727524,0,2.4935064935064872
slp66,352,0,72.86606523247745,0.05998203812775274,15.44799176107106,0.19974304715840385,85.92756363636364,83.63636363636364,1.6323942086926266,3445,4.467532467532465
slp66,353,1,61.87267977450845,0.07975083419974713,14.94874715261959,0.1717049576783555,84.67231861471862,81.97402597402598,1.6028237168839818,3643,5.402597402597394
slp66,354,1,68.1442731277533,0.1219866165565569,16.851565791321445,0.18655112185946524,86.78419393939394,81.87012987012987,2.848385177859114,2530,7.532467532467535
slp66,355,0,70.3254274682846,0.09079274089544803,18.11867733655443,0.121993819696359,86.7047064935065,84.25974025974025,1.1681470590258116,1072,3.7922077922077904
slp66,356,1,74.58674909286385,0.0934424351024044,19.613540607293334,0.22357920193470374,88.16236190476191,85.03896103896103,1.635821080767683,2206,4.779220779220779
slp66,357,0,70.04532344458178,0.10579061385226364,21.816418875242405,0.14709794437726725,85.15501991341992,82.18181818181819,2.0805897042689105,4497,6.285714285714278
slp66,358,1,67.82534972445951,0.08492413894176379,18.453021682300477,0.18614805857853017,88.22735238095238,85.71428571428571,1.2895718832863206,1320,3.9480519480519547
slp66,359,1,70.65948855989232,0.055306492957566074,16.98994761432819,0.1587397554749429,86.75889177489178,85.14285714285714,0.7050385927396451,0,2.441558441558442
slp66,360,1,67.54912663755458,0.07120054064445326,15.751575157515747,0.13422007255139057,86.74021125541124,84.88311688311688,1.1351554333588956,866,3.324675324675326
slp66,361,0,76.76767676767676,0.07683496722434162,17.43606775157755,0.4898730350665055,85.97210735930737,82.8051948051948,2.417045205148233,4727,6.753246753246756
slp66,362,1,73.83100902379,0.04385329076718315,16.491283178891155,0.30524486094316805,89.7376484848485,88.25974025974025,0.6301370932707121,0,2.2337662337662323
slp66,363,0,80.41237113402063,0.05181304580871823,15.546342907906425,0.41853083434099153,89.29454545454544,87.42857142857143,1.0871455178405058,28,3.116883116883116
slp66,364,1,75.94417077175697,0.06887903456410785,18.57092324018394,0.3223246674727932,89.4875774891775,87.37662337662337,1.0905426804763045,982,3.5324675324675354
slp66,365,0,70.69754915162942,0.07593973980487853,15.482158655263934,0.1526602176541717,89.48531948051948,87.79220779220779,0.90503405839225,0,2.961038961038966
slp66,366,1,77.50883872722329,0.06162526373326047,19.07587961000424,0.2782345828295042,88.36223722943723,86.33766233766234,1.4615448855763844,3012,4.259740259740255
slp66,367,1,72.14511474508726,0.09019785960626239,19.138755980861244,0.2572887276635765,88.39574025974025,85.76623376623377,1.5892319465764322,2580,4.7272727272727195
slp66,368,1,72.04610951008645,0.09678630363552775,17.859800565560352,0.31472524519682926,89.75526233766234,85.92207792207792,1.381536339346061,1094,4.987012987012989
slp66,369,0,71.5356315574329,0.0871898889475946,17.333525928065868,0.28671234717183935,88.12988398268399,86.75324675324676,1.0047379969379857,91,3.0649350649350566
slp66,370,1,82.3158183564275,0.02042522949687471,18.467220683287167,0.47212145640198844,89.82148571428573,87.53246753246754,0.7656432474639469,0,2.9090909090909065
slp66,371,0,83.5030549898167,0.04462750850282302,16.574585635359117,0.5089933494558646,90.23354458874459,88.0,0.17464423453769895,0,2.5454545454545467
slp66,372,1,72.32401157184185,0.05414224650993766,21.18976612776644,0.3002418379685611,90.93626320346321,90.44155844155844,0.16320510418411038,0,0.779220779220779
slp66,373,1,73.40946166394778,0.056819402007100034,16.1937075879087,0.314087061668682,90.22239307359308,89.35064935064935,0.3860466212534776,0,1.4545454545454533
slp66,374,1,71.77033492822967,0.0711698170374412,18.135106543750943,0.3143221819158941,89.44221645021645,87.58441558441558,0.9973465977545356,278,3.2727272727272805
slp66,375,0,74.83370288248337,0.03880944265905106,15.84188292094146,0.4265417170495768,90.6658354978355,88.62337662337663,0.5268255614925117,0,2.4935064935064872
slp66,376,0,73.93209200438116,0.05898985056037863,17.120495679112995,0.3720525997581621,89.66658354978355,88.72727272727273,0.4705246807795842,0,1.6103896103896034
slp66,377,0,70.13201320132013,0.09956500545582612,14.650822073905257,0.33658662981516674,90.36492467532469,88.93506493506493,0.5976782009705929,0,2.181818181818187
slp66,378,1,72.11538461538461,0.07335237847930651,18.045112781954888,0.34791078866048636,89.0498354978355,85.1948051948052,1.341444671897512,2260,5.922077922077918
slp66,379,1,67.37443854634544,0.05176935498634765,17.657445556209534,0.19058175466881633,89.98415930735932,88.31168831168831,0.813595085093752,0,2.7038961038960565
slp66,380,0,72.08567897844294,0.04341292951390854,17.615971814445093,0.3262125487034798,89.43896796536797,87.48051948051948,1.4186662794445535,2256,3.6883116883116998
slp66,381,1,67.60447965036876,0.07518708835485036,17.891754882958104,0.18648394464597612,89.6011012987013,88.57142857142857,0.7545616775897173,0,2.337662337662337
slp66,382,0,66.65740869323706,0.05494073511521301,18.96633475580844,0.13993013569797128,89.55823376623377,88.83116883116882,0.26761122196448445,0,1.0389610389610482
slp66,383,1,68.12551610239471,0.04754791696503118,16.31986944104447,0.0864570737605804,88.51298354978356,87.53246753246754,0.4118746488450091,0,1.558441558441558
slp66,384,1,76.95423248278655,0.04314364334660249,20.73613271124935,0.47608491199785025,90.06122943722944,87.58441558441558,1.5918623198620072,2496,4.155844155844164
slp66,385,0,71.78043631245602,0.05677186788101093,14.239605088285552,0.3972188633615478,90.84747359307359,90.12987012987013,0.32972797584203445,0,1.2987012987013031
slp66,386,0,69.08696830127337,0.04344857358663002,14.242759930368731,0.332008982553118,90.35756190476191,89.71428571428571,0.23130708407611186,0,0.9870129870129887
slp66,387,0,68.62609177873284,0.06767501882257179,15.765765765765762,0.2998790810157195,89.53195497835497,88.77922077922078,0.31698941932349173,0,1.2467532467532436
slp66,388,1,74.83818770226537,0.046008605921565075,18.094089264173704,0.44369709794437723,89.66735238095238,88.41558441558442,1.01463400085141,0,2.9090909090909065
slp66,389,0,70.21891780256092,0.05253135494726132,15.002143163309043,0.29806529625151146,90.5956432900433,89.92207792207792,0.42508084920449213,0,1.4545454545454533
slp66,390,0,72.06588881262869,0.04257046978786096,14.390789894467542,0.3309725341164277,90.11362077922078,89.71428571428571,0.11429857652926284,0,0.5714285714285836
slp66,391,0,69.4249649368864,0.05375535508378356,14.636526264433241,0.31948523060977724,90.05920692640692,89.50649350649351,0.1268987305982207,0,0.7272727272727195
slp66,392,0,68.23821339950372,0.044796694092900345,15.103205235777816,0.3127483157712904,89.20621991341991,88.57142857142857,0.30024229159844723,0,1.1428571428571388
slp66,393,1,67.96649732253194,0.03892475848060186,15.929203539823007,0.3434962860597685,88.33383203463204,87.8961038961039,0.18349576151843622,0,0.8831168831168839
slp66,394,0,75.24403470715835,0.04938730521832041,17.70359129994942,0.3580713422007255,88.72211948051947,87.68831168831169,0.9365863899557479,0,2.857142857142861
slp66,395,0,69.87577639751552,0.05367165420076471,16.5929203539823,0.2877116082224909,90.24982164502165,89.2987012987013,0.4823061049260851,0,1.6103896103896034
slp66,396,0,69.00878293601002,0.05471972161738671,15.765765765765765,0.29730955259975816,89.17106147186148,88.51948051948052,0.2759930956474036,0,1.0909090909090793
slp66,397,0,67.2006516426826,0.04461561162569241,16.783887468030688,0.22717654171704957,88.13730909090908,87.42857142857143,0.37783019817647356,0,1.4025974025973937
slp66,398,0,69.94925250308599,0.04413019429418939,18.735362997658083,0.09458551659277174,88.2193108225108,87.63636363636364,0.2176172927316164,0,0.9350649350649292
slp66,399,1,68.54057047909167,0.044597825326747886,24.393849793021882,0.03874445787988714,88.78075151515151,87.79220779220779,0.4002236909208533,0,1.4545454545454533
slp66,400,0,68.32298136645964,0.04839324680250495,24.361435109995572,0.04524385328496574,87.99408484848485,86.96103896103897,0.527662239124829,0,1.662337662337663
slp66,401,0,69.09547738693468,0.06113562577002064,19.687910164795102,0.05399032648125755,87.81432380952381,87.06493506493507,0.24022225683816648,0,1.038961038961034
slp66,402,0,66.82444661005151,0.061505970238668696,18.11320754716981,0.0354695687222894,88.10619567099567,87.74025974025975,0.12985392586933717,0,0.5714285714285694
slp66,403,0,67.32861806311207,0.03623167976945642,20.525451559934314,0.04138727052874574,86.94994978354978,86.12987012987013,0.5311185496341512,0,1.8701298701298725
slp66,404,0,66.80584551148225,0.05493618456900698,15.470752909974955,0.08547460701330109,86.54070995670996,85.76623376623377,0.5343676157726688,0,1.662337662337663
slp66,405,0,75.26132404181185,0.08103672388049725,21.333333333333332,0.28812306865511217,87.02873073593074,84.62337662337663,1.8757777274779905,4924,5.454545454545453
slp66,406,0,80.5044948342949,0.04670235540098595,19.41607939019129,0.3596130592503023,90.263529004329,89.87012987012987,0.13043424560407355,0,0.6233766233766147
slp66,407,0,78.54485324514263,0.05805613865438404,18.713241846373194,0.31952841596130593,89.91007445887445,88.46753246753246,0.6755778576930005,0,2.285714285714292
slp66,408,0,77.2012797329253,0.06549513612551197,16.172506738544477,0.36128865088961826,90.23008831168832,88.98701298701299,0.5890928652173634,0,1.9220779220779178
slp66,409,1,84.76912474155755,0.03562351889069718,16.208706390861376,0.3554262394195889,91.13691428571428,90.3896103896104,0.2941653531637736,0,1.0909090909090793
slp66,410,1,79.3435507934355,0.0561167187881443,20.467337540508275,0.33434099153567115,91.00606753246754,90.54545454545455,0.13666706552137428,0,0.6753246753246742
slp66,411,0,79.87438558164935,0.017754554193468518,16.791939868862944,0.4076481257557436,91.414116017316,91.01298701298701,0.10504003573412268,0,0.5194805194805241
slp66,412,1,76.72634271099746,0.05198177818387801,16.765128532652085,0.29353083434099153,91.39833766233765,90.96103896103897,0.1291053777810621,0,0.6233766233766147
slp66,413,1,76.20486063435398,0.07277370189404302,16.692168590902767,0.301155448072014,90.40618528138528,89.50649350649351,0.41991915671004265,0,1.558441558441558
slp66,414,0,74.67707212055974,0.04990076346412358,18.102277869965306,0.25695284159613063,91.16780606060607,89.24675324675324,0.6156867920690684,0,2.4935064935065014
slp66,415,1,75.98576122672507,0.05769975940338211,19.407705577918346,0.3258162031438936,90.7420883116883,88.83116883116882,1.0556370708481453,0,2.9090909090909207
slp66,416,0,72.69454444752145,0.06759166715940475,17.098192476795308,0.3620012091898428,90.25834805194805,88.83116883116882,0.7591015602361927,0,2.6493506493506516
slp66,417,0,71.00351636461997,0.06375913860069034,14.923251847640705,0.35323458282950426,91.25612467532468,89.66233766233766,0.468627450332631,0,2.077922077922082
slp66,418,1,70.28665931642779,0.06562723715086109,16.984794564865737,0.3675181378476421,90.72231341991342,89.45454545454545,0.7516346734089461,0,2.285714285714292
slp66,419,0,71.76052487698196,0.0798082600195427,16.246325235958537,0.3168077388149939,90.24712727272728,88.83116883116882,0.7673613799722225,0,2.5974025974026063
slp66,420,1,85.23908523908524,0.03000471904189184,20.309914247028736,0.47944377267230953,91.88793766233766,89.92207792207792,0.6658488475530389,0,2.7532467532467564
slp66,421,1,84.35993572576326,0.04513883847895318,17.759360663016132,0.4469300013435442,93.06682597402597,91.8961038961039,0.5297299068512441,0,1.7142857142857082
slp66,422,0,91.17281392457522,0.04561888473678526,16.246325235958533,0.32572551390568316,92.57962251082252,91.48051948051948,0.7211149083513977,0,2.025974025974037
slp66,423,1,73.13109425785481,0.045399733506587193,17.0261066969353,0.2549123337363966,91.20192554112555,90.7012987012987,0.16148865626247438,0,0.7272727272727337
slp66,424,1,80.91286307053942,0.0825372786494921,15.235055136390017,0.30509371221281745,91.14712380952382,90.64935064935065,0.27819877369463886,0,1.038961038961034
slp66,425,0,88.82907133243607,0.06528589383537839,17.783046828689983,0.2821442966545748,90.99486753246754,90.02597402597402,0.5045335510850203,0,1.6103896103896176
slp66,426,0,98.61662785919737,0.06199591160355298,19.826699955940665,0.2514510278113664,91.62715844155845,91.22077922077922,0.11012578804817358,0,0.5714285714285694
slp66,427,0,91.31493506493506,0.040752041530319534,18.75293014533521,0.2482198038425366,91.39842770562771,91.01298701298701,0.11191669707510199,0,0.6233766233766289
slp66,428,0,89.90600735594606,0.028206294356443083,22.38805970149254,0.16060239639441576,91.64367099567099,91.27272727272727,0.10301373652689592,0,0.5194805194805241
slp66,429,0,80.16993284911607,0.0713117812932499,16.984794564865737,0.1663391777509069,91.69829264069263,91.16883116883118,0.169356105260074,0,0.779220779220779
slp66,430,0,78.40772014475272,0.03271200010226119,16.248839368616526,0.24501209189842804,92.00708571428571,91.53246753246754,0.26143823375971587,0,0.9870129870129887
slp66,431,0,90.60402684563758,0.05431467527857719,18.68992524029904,0.27871825876662637,91.49234978354978,90.54545454545455,0.41396699606182535,0,1.558441558441558
slp66,432,0,80.8011049723757,0.05562871185969498,15.098137896326119,0.19139747797547071,90.42382683982684,89.92207792207792,0.18262695730881995,0,0.779220779220779
slp66,433,0,82.92880258899676,0.0476015586705348,18.198362147406733,0.2475480317076448,89.91070476190475,85.97402597402598,1.2544542121594562,929,4.7272727272727195
slp66,434,0,79.98359310910583,0.06120061105004924,20.170327207530256,0.21535671100362758,84.60851255411256,84.20779220779221,0.46833829846790287,0,1.9220779220779178
slp66,435,0,85.4353132628153,0.08655586847433823,19.476303830339756,0.23354638106754186,84.46461645021647,84.05194805194805,0.05424321248170577,0,0.5194805194805241
slp66,436,0,82.09057326583665,0.023374986631012232,16.697588126159552,0.03688029020556227,84.45847272727272,84.20779220779221,0.05503514607127461,0,0.36363636363635976
slp66,437,0,80.63432334363661,0.03754983355489078,28.191412462050014,0.0046640179651062375,84.45496103896103,84.20779220779221,0.056212081039213366,0,0.31168831168831446
slp66,438,0,76.98709945900957,0.06053822389389951,27.376105573494318,0.0050095007773363264,84.45435151515152,83.63636363636364,0.056443243294911245,0,0.8831168831168839
slp67x,0,1,71.76052487698196,0.06933800088946132,22.271714922048993,0.10366795131614676,94.96781714285714,93.54285714285714,0.6106123767092144,0,2.2285714285714278
slp67x,1,0,63.81226842321942,0.07196368606723072,23.497579037311308,0.04765857011321342,95.9699123809524,95.6,0.13658891279460875,0,0.6285714285714334
slp67x,2,1,79.79811758286726,0.09290077278025714,15.413975337639458,0.13697786308049437,95.31696,94.4,0.36752680206582733,0,1.4285714285714164
slp67x,3,0,72.20464860404346,0.06814668452863205,17.424132423406416,0.08760819540085793,95.54975238095238,93.94285714285714,0.44533991440817267,0,2.114285714285728
slp67x,4,1,70.49067035245335,0.09048252044008451,17.276130146847105,0.060855034853556464,94.91800380952381,93.71428571428571,0.5236282619570696,0,1.8285714285714363
slp67x,5,0,70.04532344458178,0.0987742874517032,19.887305270135894,0.1396255614201173,94.12835809523811,91.6,1.3002862094930228,1428,4.0
slp67x,6,1,77.27765726681129,0.05332553036178498,20.82248828735034,0.15523557430678336,92.95341714285715,89.02857142857142,2.234816048831377,2975,6.4571428571428555
slp67x,7,1,69.66261439694033,0.09350040245643636,21.416333523700747,0.03466077826415521,94.27306666666667,90.97142857142858,0.9907331359028849,406,4.171428571428564
slp67x,8,0,70.67627494456762,0.11475624836928223,25.423728813559322,0.2010569659802584,92.5190780952381,88.74285714285715,2.18353420044509,3201,6.628571428571419
slp67x,9,1,74.98986623429265,0.06978878705869196,18.368284096127354,0.08083585134848897,93.60881523809525,87.54285714285714,2.283671898324357,1989,8.05714285714285
slp67x,10,0,67.47546346782988,0.1255001527406429,16.840417000801924,0.1382746949203097,92.40412190476191,86.68571428571428,2.964181784128112,2748,8.400000000000006
slp67x,11,1,78.49077389148995,0.065023328436779,20.761245674740486,0.19966407252267895,91.16254476190477,84.62857142857143,2.8479117716110385,3730,10.114285714285714
slp67x,12,0,66.35388739946382,0.06836578548094124,28.450539830755762,0.0510395959813034,95.65371428571427,94.62857142857143,0.9397096092197119,0,1.2571428571428527
slp67x,13,1,74.11474059840792,0.1121597185674777,18.109692997585373,0.13141229310128688,94.5220038095238,92.68571428571428,0.938245153688982,15,3.085714285714289
slp67x,14,1,75.94417077175697,0.05831227488688437,20.5726041488085,0.09250733790682697,94.86912761904762,92.28571428571429,0.8687952316845048,157,3.3142857142857025
slp67x,15,0,67.43869209809264,0.07945285808253803,25.298664792691497,0.05373539110619425,94.61957333333334,92.05714285714286,1.0927967553794253,833,3.4857142857142804
slp67x,16,1,69.32173440260976,0.10440200451482146,20.702346265910133,0.09635460569827911,94.33350857142855,92.22857142857143,1.01435471535651,293,3.3142857142857167
slp67x,17,1,72.81553398058253,0.0729774916375884,17.945266935845673,0.1444766731172043,94.33572571428572,91.6,1.3525177428660027,1554,4.0
slp67x,18,0,65.01422186103211,0.081198733826335,26.62721893491124,0.05250506346329252,94.93618285714285,92.28571428571429,0.7792002690915738,131,3.3142857142857025
slp67x,19,1,68.1348933241569,0.10318619222696106,22.27998514667657,0.16522598255424958,94.32166095238095,92.57142857142857,0.9128522246751287,0,2.857142857142861
slp67x,20,0,72.24439245906152,0.08215990382125801,22.75792312879299,0.2523634760280634,95.47166476190476,95.08571428571429,0.15875792978141454,0,0.6857142857142833
slp67x,21,0,66.1521499448732,0.04712748667179271,15.566625155666253,0.31916472502121757,95.23817142857142,94.74285714285715,0.19848824019724293,0,0.914285714285711
slp67x,22,0,72.30409034568241,0.07703857501807992,22.428229665071772,0.19735422725916948,94.82672761904763,94.0,0.421679281792418,0,1.4285714285714306
slp67x,23,0,70.77379347533027,0.05575409566725542,12.733446519524618,0.33311287192056477,95.11268571428573,94.62857142857143,0.17817471514119518,0,0.7999999999999972
slp67x,24,0,71.52588555858311,0.033542419077207605,15.870216892964203,0.26023092252294316,94.55144380952382,94.17142857142858,0.13670031689264142,0,0.6285714285714192
slp67x,25,0,77.20438845997562,0.05891587504578009,13.937929752834044,0.3635451924282312,94.41059809523809,93.82857142857142,0.2935793767371118,0,1.085714285714289
slp67x,26,0,78.16785518376301,0.03688719045881104,18.146624727800628,0.3765855570397076,94.53533714285714,93.94285714285714,0.25812983985942023,0,0.9714285714285751
slp67x,27,0,86.65749656121048,0.056728657568896876,14.534883720930235,0.3631129151482927,94.76802285714287,93.82857142857142,0.3770449274299807,0,1.4857142857142946
slp67x,28,0,83.05199189736665,0.06220581448020552,17.315303430079155,0.37440615908668456,94.05268571428573,91.77142857142857,1.293586291834359,1268,3.5999999999999943
slp67x,29,0,75.46913244492794,0.06916587445018481,13.661202185792348,0.484150553531057,94.01894857142857,91.88571428571429,1.0069642256012954,15,3.085714285714289
slp67x,30,0,77.34056987788331,0.05046267922395554,10.262725779967159,0.6200297118583745,94.6286780952381,93.65714285714286,0.2590884902211589,0,1.3142857142857167
slp67x,31,0,73.52941176470588,0.045538750287834835,17.017828200972446,0.512626819347002,94.66002285714286,93.6,0.3696313729359336,0,1.5428571428571445
slp67x,32,0,74.57672668637461,0.07103961384215819,15.943312666076173,0.7240644438968934,94.71027047619047,93.37142857142857,0.6154452734937202,0,2.171428571428578
slp67x,33,0,67.65067650676507,0.06436466357680565,22.804054054054053,0.2340781470866673,75.79542095238095,-1.3714285714285714,37.94556979884283,1919,96.8
slp67x,34,0,65.53795740032768,0.062431962967697874,13.283740701381507,0.3729112001602308,22.4182780952381,-1.3714285714285714,38.9023396062037,5499,88.45714285714286
slp67x,35,0,71.60392798690671,0.06009798801345438,8.935219657483247,0.776629361137408,72.98286476190476,-1.3714285714285714,35.02387215336003,1693,91.82857142857142
slp67x,36,0,80.3461063040791,0.05592048454471739,12.682308180088777,0.36665758884378796,89.84004571428572,88.45714285714286,0.8423173981764532,0,2.5714285714285694
slp67x,37,0,70.7165948275862,0.06631368867829968,14.053716427232981,0.14969144665296966,87.03118476190477,83.65714285714286,1.0999870502078395,678,4.971428571428575
slp67x,38,0,70.8136628714246,0.044047787827049247,13.319126265316994,0.1804037181609772,88.10808380952382,87.08571428571429,0.46657584524975404,0,1.7714285714285722
slp67x,39,0,69.53913280610853,0.06035603707229845,12.991512212021481,0.16145556405700875,88.92470095238096,88.0,0.262802347470161,0,1.3142857142857167
slp67x,40,0,72.53384912959382,0.030564965939080355,13.961280714817573,0.189985864532946,89.17254857142856,88.45714285714286,0.31353199234822854,0,1.2571428571428527
slp67x,41,0,69.66261439694031,0.03587849545321208,13.793103448275863,0.23221935478293196,89.0481676190476,85.48571428571428,0.5120254991382749,84,4.342857142857142
slp67x,42,1,67.24629805732918,0.07572159145385723,16.913659793814432,0.10082867554564201,89.34173714285713,86.34285714285714,1.187854384222666,778,3.94285714285715
slp67x,43,0,69.77698727596113,0.07777182489439761,14.135385581906707,0.058913217865896476,88.42750476190476,85.48571428571428,1.3166630898427247,1551,4.342857142857142
slp67x,44,1,69.90131578947368,0.09730059015386626,17.966761491241204,0.15076870908075277,75.81710476190476,-1.3714285714285714,31.375835242565525,2326,91.6
slp67x,45,1,69.81519507186859,0.07355274923764049,10.550378055213645,0.06708943384644647,83.66013714285714,-1.2571428571428571,15.879879441024228,4213,90.62857142857142
slp67x,46,0,65.64551422319475,0.13038404810405296,19.3050193050193,0.03299716570196787,94.21719619047619,89.71428571428571,1.9697652382337831,1956,6.285714285714292
slp67x,47,0,67.66917293233082,0.026599916457680027,13.264945171559956,0.05014416447285947,94.7173180952381,93.82857142857142,0.5771326277138386,0,1.8857142857142861
slp67x,48,0,75.04168982768205,0.09914648098323017,13.873901649452753,0.07978603509720991,93.6927238095238,92.74285714285715,0.5094460736428488,0,1.7142857142857082
slp67x,49,0,76.11080636313768,0.020802876690436733,14.895729890764649,0.09720063408901579,93.9178819047619,92.34285714285714,0.6867589805354083,0,2.3428571428571416
slp67x,50,0,66.92806922660898,0.08483999957571514,19.613540607293334,0.09306929837074693,94.93339428571429,92.34285714285714,1.138890893782251,874,3.6571428571428584
slp67x,51,1,68.78821567537521,0.05775550888222058,16.181229773462785,0.03912109383442916,94.54631619047619,90.51428571428572,1.5197922547422729,1293,5.3142857142857025
slp67x,52,0,65.04946469711344,0.04579147710000191,21.51308712800287,0.04610957652676733,94.0504380952381,90.45714285714286,1.4149794156976536,1169,4.685714285714283
slp67x,53,1,71.64301310043668,0.12371057731162485,17.209729233593393,0.12046126867617966,92.27785904761905,88.74285714285715,1.9226142374690829,2788,5.942857142857136
slp67x,54,1,68.64988558352402,0.05980556731904598,20.04342742608986,0.0590298641160386,93.24198857142856,91.14285714285714,1.259006673297169,1527,3.885714285714286
slp67x,55,1,74.91900647948164,0.12529622460655954,9.108850766661607,0.12475522299023487,90.9541180952381,86.8,2.3356678298421714,2611,6.4571428571428555
slp67x,56,0,66.64871415107042,0.1763136032330805,19.535489472541787,0.07756289480038361,94.01709714285712,88.05714285714286,1.8702442601082958,1401,7.371428571428567
slp67x,57,1,71.25890736342043,0.13626013184131217,18.948964123294594,0.05929403356488986,90.66797714285714,86.22857142857143,2.71134448271837,4687,8.457142857142856
slp67x,58,0,67.56756756756758,0.1718152637238172,30.35120682179506,0.030345865051678755,94.30752761904762,92.05714285714286,0.6885301224414937,4,3.0857142857142748
slp67x,59,1,68.34184730084219,0.10068430692138051,15.49586776859504,0.14950618496156745,91.29036190476191,87.25714285714285,2.3099859303200625,3503,7.085714285714289
slp67x,60,1,70.04532344458178,0.07173895391382927,12.169398020444588,0.14337196451291717,91.34576000000001,87.54285714285714,2.21878129399075,3342,6.685714285714283
slp67x,61,1,75.52447552447552,0.20213368024987333,23.706896551724135,0.037139822968044627,92.86334476190477,86.68571428571428,1.756243319589235,1526,7.771428571428572
slp67x,62,0,64.0055058499656,0.14648588486301298,19.324916258696213,0.10453905553178033,91.33118476190475,85.31428571428572,3.4922865792258913,3000,9.314285714285717
slp67x,63,1,68.5576018282027,0.09057608780280202,19.56628077612914,0.1994239184782687,89.74002285714286,84.97142857142858,3.0274539932276765,4535,9.200000000000003
slp67x,64,0,76.71601615074024,0.26007567618045374,27.397260273972602,0.04625366895341349,94.26709333333335,91.82857142857142,0.7129595557671123,7,3.142857142857153
slp67x,65,1,76.93373995009705,0.21962028456797436,15.976871576384662,0.21316673366964506,92.12417523809523,89.02857142857142,1.665598311338537,2293,5.200000000000003
slp67x,66,1,82.06811653672548,0.2478362160782802,28.782894736842106,0.04466865226030584,93.62118095238095,90.17142857142858,1.1392253812556377,743,4.628571428571419
slp67x,67,1,78.16785518376304,0.21472290976474617,16.260162601626018,0.25578464192929057,91.69833142857144,87.31428571428572,2.708348904276914,3358,7.5428571428571445
slp67x,68,1,76.32013201320132,0.1960090336464132,19.664967225054628,0.11675809331137366,92.86282666666666,90.91428571428571,1.4850987439706873,3377,4.057142857142864
slp67x,69,1,73.97260273972604,0.10661294943699065,16.821531560397307,0.22564874012786762,90.69294476190477,87.31428571428572,1.8027680509106347,2287,5.257142857142853
slp67x,70,0,66.55014788921753,0.20744433796008704,15.853842669485129,0.16761551529613156,93.46659047619049,88.05714285714286,1.6182892099325539,1218,6.742857142857133
slp67x,71,1,73.81082558775287,0.21373942829968587,29.350104821802937,0.02890494078521727,93.87044571428572,91.02857142857142,1.0097871062645993,512,3.8285714285714363
slp67x,72,1,81.78844056706652,0.22637985776124164,17.056530214424953,0.2610414424228277,91.49801142857144,87.77142857142857,2.4470401984149146,4049,7.085714285714289
slp67x,73,1,81.1373092926491,0.227034716852175,25.20655370396303,0.05170701310032924,93.95305142857143,91.02857142857142,1.4446325033502656,1447,4.285714285714292
slp67x,74,0,73.21041214750542,0.18297729738419655,26.745302427650525,0.045543499136371755,92.48555428571427,90.45714285714286,0.6995558369121244,0,2.971428571428575
slp67x,75,1,72.95325587679005,0.19400865450977017,14.901649115835484,0.2888332692122035,91.3315580952381,87.42857142857143,2.530771903345104,3744,7.142857142857139
slp67x,76,0,72.41379310344827,0.11495347772388763,13.241525423728813,0.2271617106076522,91.55879619047619,86.97142857142858,2.730726067976359,3432,7.714285714285708
slp67x,77,1,78.95802402483466,0.2464292476472496,25.842973172532613,0.10509741368503413,93.45005714285715,89.08571428571429,1.122209614333883,583,5.257142857142853
slp67x,78,1,76.07950651130912,0.17184660290679676,19.313304721030047,0.36478027037091243,91.58890666666667,88.22857142857143,1.8944868777039048,2972,5.885714285714286
slp67x,79,0,72.03622392974754,0.16577598851265202,21.520803443328553,0.1360808877246221,93.29988571428572,89.25714285714285,1.629252284745043,1429,5.5428571428571445
slp67x,80,1,72.82563462338744,0.15356632283871385,16.812373907195695,0.22536055527457535,92.53488,89.14285714285714,1.7000899009506194,2034,5.028571428571439
slp67x,81,1,72.27422907488987,0.11842911941972131,18.782282047268744,0.22430387747917024,92.22306285714286,89.82857142857142,1.3317035976400093,2027,4.285714285714292
slp67x,82,0,72.16494845360825,0.1381713813068571,14.696276943174393,0.2567109503863015,92.35279238095238,90.0,1.3267574348930515,2025,4.228571428571428
slp67x,83,1,70.6689998653924,0.18013669186232448,28.107432854465962,0.06647094481514992,93.18770285714285,89.77142857142857,1.2964001510745526,1087,4.628571428571433
slp67x,84,1,75.96496030659732,0.2028949286744534,24.243314722303847,0.08620329424105798,93.08742857142857,89.71428571428571,1.3561061905322902,1260,4.628571428571433
slp67x,85,1,76.06907894736842,0.17268584276710144,19.07049018222913,0.1713547137675991,92.42938666666666,90.17142857142858,1.3094532231241067,1710,4.0
slp67x,86,1,73.79065318393003,0.11299011209879722,17.584994138335286,0.18429421368042317,92.45493333333333,90.17142857142858,1.3656562309504494,1970,4.114285714285714
slp67x,87,1,72.98762685944669,0.15919618496095456,26.288885643347452,0.07362014598336265,93.32653714285715,90.11428571428571,1.110764888350292,722,4.228571428571428
slp67x,88,1,72.2443924590615,0.18899816649580362,29.65682813161983,0.10919324091245092,93.00158476190475,90.11428571428571,1.3555453625852232,1375,4.228571428571428
slp67x,89,1,75.7162346521146,0.18275201637376773,16.574585635359117,0.31383330523531017,92.55642666666667,90.8,1.0252721842013715,118,3.200000000000003
slp67x,90,0,78.27519912112058,0.18467478339846155,17.55926251097454,0.45380468847937816,92.83823238095238,90.91428571428571,1.1756578008240965,925,3.3714285714285808
slp67x,91,1,79.7872340425532,0.24237965557343596,25.27379949452401,0.11691437817412063,93.50250666666668,91.2,0.7612287432929873,8,3.142857142857139
slp67x,92,1,84.2809364548495,0.2349702929068967,12.104095218882389,0.43556258726597596,93.09993142857142,90.97142857142858,1.1547585526965594,830,3.3142857142857167
slp67x,93,1,77.12082262210795,0.14677085613474602,13.576708402473978,0.4224584102941277,92.80575238095238,91.42857142857143,0.8086377214396728,0,2.5142857142857054
slp67x,94,1,73.33426456208969,0.11405198957725643,12.02886928628709,0.40187377791610657,93.14469333333332,92.0,0.7283360982005146,0,2.171428571428578
slp67x,95,0,69.48228882833787,0.03692618654282021,14.544950824213883,0.12784600554179476,93.74441904761906,92.85714285714286,0.4054837153902894,0,1.4857142857142804
slp67x,96,1,71.2057507120575,0.024433098995637295,13.595166163141995,0.15413772724662222,93.6041980952381,92.62857142857143,0.4768196315488552,0,1.5999999999999943
slp67x,97,0,74.04360345536816,0.11284748803387497,13.837638376383763,0.1777894698489685,93.5182780952381,92.97142857142858,0.264872103027778,0,0.9714285714285609
slp67x,98,0,70.89804186360566,0.028928059960205147,13.803680981595091,0.15808997666320226,93.57660952380951,93.02857142857142,0.22931625944985293,0,0.914285714285711
slp67x,99,0,71.13821138211381,0.05037135564373621,13.293943870014774,0.137402421123291,93.69106285714285,93.25714285714285,0.138854858378229,0,0.6857142857142833
slp67x,100,0,71.00097452317974,0.025322555832894014,14.33349259436216,0.16753832292471396,93.48209523809523,92.97142857142858,0.21768845407726256,0,0.857142857142847
slp67x,101,1,77.09995942107399,0.16177358412539306,14.328928514567744,0.17433125160946092,93.4405257142857,92.8,0.2597252469372166,0,1.085714285714289
slp67x,102,0,74.83370288248337,0.07563329334181076,16.332244517032198,0.24169703414558236,93.62493714285714,93.08571428571429,0.1954660646852478,0,0.857142857142847
slp67x,103,0,61.55950752393981,0.04029667755810921,20.871017114234032,0.050969421098196487,94.61000380952382,93.42857142857143,0.39265037673843484,0,1.6571428571428584
slp67x,104,1,69.52017448200654,0.1633763142845503,13.407222023596711,0.17658526885485426,92.79897142857142,90.8,1.0739485935074355,1085,3.5428571428571445
slp67x,105,1,74.35968052877995,0.14053741648436108,14.761358044940135,0.17278740418110936,92.9314438095238,91.37142857142857,0.8894086515363255,0,2.857142857142861
slp67x,106,0,70.59298104074223,0.1926046940322725,20.905923344947738,0.04896522643666372,94.03494095238096,93.48571428571428,0.2530439999311092,0,0.9142857142857252
slp67x,107,0,71.48692810457516,0.12656512077155524,8.878366380585971,0.07046119662996633,92.28726095238095,88.22857142857143,1.8009000930748997,1795,5.714285714285708
slp67x,108,1,73.1809311402286,0.24247200385417944,16.16877117339082,0.06705701305045109,93.30268952380953,88.22857142857143,2.005479854482161,1389,6.51428571428572
slp67x,109,1,76.33587786259541,0.1910034444440039,24.7191011235955,0.06271622869773588,92.53557333333335,89.82857142857142,1.480697925803694,2122,4.571428571428584
slp67x,110,0,72.5611394786348,0.06847942828883308,25.679435052428847,0.09481281673316531,91.63584761904761,88.17142857142858,2.2045116283742274,3464,6.228571428571428
slp67x,111,1,75.5924816126396,0.22636500644571855,28.06967036130704,0.023126834476706742,93.56409904761904,90.51428571428572,1.0964453353080685,696,4.171428571428564
slp67x,112,1,71.09967497291441,0.1553568742198006,23.73417721518987,0.046469807593382685,92.56458666666667,89.31428571428572,1.855163602235749,2524,5.085714285714289
slp67x,113,1,75.92339261285909,0.1789858289194455,20.325203252032523,0.059693562566045105,92.36806857142858,90.28571428571429,1.2398441103150797,1779,3.828571428571422
slp67x,114,0,77.31958762886597,0.18564935822815634,26.15518744551002,0.0622811804095927,92.22593523809525,89.88571428571429,1.5266874781506363,2709,4.400000000000006
slp67x,115,1,84.1313269493844,0.22832282477689078,26.99335548172757,0.02297244973387158,93.71900190476191,91.02857142857142,0.8781233947019657,205,3.6000000000000085
slp67x,116,1,72.47377139701823,0.18812879652417025,24.718483932985443,0.04585464377193186,93.09386666666667,90.57142857142857,1.3470498836438634,1613,3.885714285714286
slp67x,117,1,81.77729317159601,0.2259626296536664,29.914529914529915,0.04873205869172721,92.90908190476189,91.37142857142857,0.8882489818174706,0,2.8000000000000114
slp67x,118,0,84.00491736101625,0.21333321931387,23.3446519524618,0.08443816201464267,93.46697142857143,91.42857142857143,1.14407841793933,369,3.2571428571428527
slp67x,119,1,74.48275862068967,0.17578086807228743,30.176415970287835,0.050730826495633076,93.6149257142857,92.34285714285714,0.5659837008109637,0,2.0
slp67x,120,1,70.2059374164215,0.12268218771962568,14.995715509854325,0.13697786308049437,93.26842666666666,92.11428571428571,0.5437504637231044,0,1.828571428571422
slp67x,121,0,76.91269734178923,0.1665058540892283,11.471397981033956,0.2027380442911301,93.10137142857143,92.17142857142858,0.5135613650249184,0,1.828571428571422
slp67x,122,1,76.7470041739599,0.14108660235075793,13.428827215756488,0.3011891947971107,93.32285714285715,91.88571428571429,0.8062580400906925,0,2.4000000000000057
slp67x,123,1,71.64301310043669,0.12371796761264744,28.630157098810745,0.06891734920161474,93.99678476190475,92.8,0.42203588484195614,0,1.7142857142857224
slp67x,124,1,73.11129163281885,0.14659543724898882,14.761358044940135,0.20341733715960478,93.52614857142856,92.51428571428572,0.5938217114600658,0,1.8857142857142861
slp67x,125,0,79.17174177831913,0.10937152361339213,20.342430920494998,0.2972146453621211,93.50837333333332,92.97142857142858,0.2784780482251897,0,1.1428571428571388
slp67x,126,1,73.15090761311298,0.2021637278037437,26.06223345443058,0.0727666754563047,94.26696380952383,92.57142857142857,0.5181364677712507,0,2.285714285714292
slp67x,127,1,65.38618716796077,0.1290924450732885,11.869436201780417,0.28703211387912664,93.10047238095238,91.02857142857142,1.2146915153801439,1547,3.7142857142857224
slp67x,128,1,71.44801306477954,0.12429253183272017,13.658092419758704,0.26196003164269693,93.50838857142857,92.34285714285714,0.756958359753032,0,2.4571428571428555
slp67x,129,0,75.99616595919485,0.2219644020182761,24.393549261417537,0.05293734074323095,93.85418666666666,92.34285714285714,0.5431185044881659,0,2.114285714285714
slp67x,130,1,77.06192724243265,0.16647757083884668,14.328928514567743,0.2496092522158842,93.3616,92.11428571428571,0.5956563388511898,0,1.8857142857142861
slp67x,131,0,85.50488599348535,0.24890486667211073,23.57378595002357,0.06908576892107127,93.88554666666668,92.11428571428571,0.6451412325987964,0,2.4000000000000057
slp67x,132,1,71.38971988033722,0.15634619879469736,12.417218543046358,0.17044075609001497,93.41936000000001,91.82857142857142,0.8468687382279236,0,2.5714285714285836
slp67x,133,0,76.16303005351996,0.16963922531083828,19.96007984031936,0.3257518073821844,93.50134095238094,92.4,0.6189321925619721,0,2.05714285714285
slp67x,134,1,96.76091133681034,0.25099697631367135,23.42751668323158,0.048955401953028756,94.04403047619049,91.88571428571429,0.8615642380078573,0,2.971428571428575
slp67x,135,1,86.64557832485215,0.25439107858114446,14.701078079059132,0.18297679720822982,93.5691961904762,91.82857142857142,0.9149177704468124,0,2.6857142857142975
slp67x,136,0,83.48038550291842,0.26526149310888186,14.839241549876341,0.2465833112563151,93.86158476190475,92.8,0.44852917312249807,0,1.7142857142857224
slp67x,137,1,90.65934065934064,0.23580339198031375,20.64851636586112,0.02632568634825122,94.31423238095239,93.88571428571429,0.14701158226078928,0,0.6857142857142833
slp67x,138,0,72.30409034568241,0.1869584347563132,27.49964744041743,0.003272956548105358,94.16416,93.25714285714285,0.3119146237277749,0,1.3142857142857167
slp67x,139,0,73.97260273972603,0.18005705542931813,26.82255845942228,0.0062062666619733696,93.4095238095238,92.85714285714286,0.18670786717328983,0,0.857142857142847
slp67x,140,0,84.79138627187078,0.16636347933436543,32.37875953374587,0.008942736228726553,92.8774780952381,91.77142857142857,0.3473503620409466,0,1.4857142857142804
slp67x,141,0,75.35641547861508,0.13647911138757624,20.727775218793184,0.02891935002788188,93.59584000000001,91.88571428571429,0.694647916871278,0,2.4000000000000057
slp67x,142,0,76.84851841595125,0.13166981747053733,16.728624535315987,0.033408858349528295,93.01152761904761,91.65714285714286,0.7381759545321374,0,2.4000000000000057
slp67x,143,0,75.79896203223163,0.04075804715141276,20.570488206253426,0.014265150237968644,93.9807085714286,92.85714285714286,0.32967760581645833,0,1.5428571428571445
slp67x,144,0,65.70841889117044,0.030417665508713842,18.147600483936014,0.01193085292630105,93.71256380952381,93.02857142857142,0.39499628992890307,0,1.2571428571428669
slp67x,145,0,75.99616595919484,0.03534358126030625,21.986970684039086,0.019322794413248433,91.81148952380953,89.6,1.4494276108194895,2681,4.400000000000006
slp67x,146,0,73.03839732888147,0.049204745083939926,25.799054034685394,0.00801375572808961,73.64388571428572,-1.3714285714285714,37.352175243279014,3425,95.42857142857143
slp67x,147,0,71.0996749729144,0.05044701402947251,21.327014218009477,0.008559090142781186,90.93634285714285,89.6,0.5379695887012074,0,2.057142857142864
slp67x,148,0,73.4194425560843,0.025868375277666198,23.083379966424175,0.008753614918753485,91.86914285714286,91.25714285714285,0.18150961819308384,0,0.8571428571428612
slp67x,149,0,72.00658345905912,0.05358696155763631,24.017467248908297,0.006772344052368952,91.93385142857143,91.14285714285714,0.27589347588403546,0,1.142857142857153
slp67x,150,0,68.4655658477648,0.040355685037908755,32.03416978109984,0.004755050079322881,91.93098666666667,91.2,0.35539264951941146,0,1.2000000000000028
slp67x,151,0,73.70001364815067,0.059572447853096296,21.50537634408602,0.016033557292262274,91.68149333333332,90.05714285714286,0.7855123765830035,0,2.5142857142857054
slp67x,152,0,79.80900409276944,0.0767918196388463,30.872667398463225,0.002647698339622968,89.37549714285714,88.0,0.7329787083282747,0,2.7428571428571473
slp67x,153,0,83.90177353342429,0.027294415690760992,31.437753248567837,0.0020262997497114575,86.48790095238095,83.88571428571429,1.1535541326076708,1099,4.228571428571428
